viagem_id,companhia_aerea,rota,tarifa_base,taxa_remarcacao,taxa_cancelamento,valor_aereo_realizado,antecedencia_dias,remarcada,cancelada
T000001,Azul,Salvador - São Paulo,1311.31,0.0,0.0,1311.31,2,False,False
T000002,LATAM,Salvador - Brasília,610.61,0.0,0.0,610.61,23,False,False
T000003,LATAM,Salvador - Brasília,1165.69,0.0,0.0,1165.69,4,False,False
T000004,LATAM,Salvador - Brasília,1396.27,0.0,0.0,1396.27,1,False,False
T000005,LATAM,Salvador - Rio de Janeiro,733.87,0.0,0.0,733.87,20,False,False
T000006,GOL,Salvador - Brasília,763.74,0.0,0.0,763.74,34,False,False
T000007,GOL,Salvador - Campinas,828.52,0.0,0.0,828.52,12,False,False
T000008,GOL,Salvador - Fortaleza,796.33,0.0,0.0,796.33,2,False,False
T000009,GOL,Salvador - Rio de Janeiro,1482.04,420.74,0.0,1902.77,2,True,False
T000010,GOL,Salvador - Fortaleza,1523.86,0.0,0.0,1523.86,0,False,False
T000011,LATAM,Salvador - Recife,647.83,0.0,0.0,647.83,7,False,False
T000012,GOL,Salvador - Curitiba,1145.91,0.0,0.0,1145.91,17,False,False
T000013,LATAM,Salvador - São Paulo,1637.84,507.95,0.0,2145.78,1,True,False
T000015,LATAM,Salvador - Porto Alegre,2385.41,0.0,0.0,2385.41,1,False,False
T000017,GOL,Salvador - Brasília,1167.19,0.0,0.0,1167.19,5,False,False
T000018,LATAM,Salvador - Manaus,1049.44,0.0,0.0,1049.44,27,False,False
T000019,GOL,Salvador - Rio de Janeiro,704.15,0.0,0.0,704.15,16,False,False
T000020,LATAM,Salvador - São Paulo,834.04,0.0,0.0,834.04,37,False,False
T000021,LATAM,Salvador - São Paulo,1156.78,0.0,0.0,1156.78,2,False,False
T000022,LATAM,Salvador - São Paulo,1716.16,0.0,0.0,1716.16,0,False,False
T000023,GOL,Salvador - Campinas,961.09,0.0,0.0,961.09,11,False,False
T000024,GOL,Salvador - Porto Alegre,1658.84,0.0,0.0,1658.84,3,False,False
T000025,LATAM,Salvador - Rio de Janeiro,1763.78,0.0,0.0,1763.78,0,False,False
T000027,Azul,Salvador - Curitiba,1007.04,205.09,0.0,1212.13,24,True,False
T000028,LATAM,Salvador - São Paulo,1251.7,0.0,0.0,1251.7,0,False,False
T000029,LATAM,Salvador - Belo Horizonte,969.76,0.0,0.0,969.76,5,False,False
T000030,Azul,Salvador - Campinas,860.94,0.0,0.0,860.94,35,False,False
T000031,LATAM,Salvador - Brasília,1444.83,302.66,0.0,1747.49,1,True,False
T000032,LATAM,Salvador - Brasília,1039.15,0.0,0.0,1039.15,34,False,False
T000033,Azul,Salvador - São Paulo,1277.1,0.0,0.0,1277.1,4,False,False
T000034,LATAM,Salvador - Rio de Janeiro,854.79,0.0,0.0,854.79,13,False,False
T000035,GOL,Salvador - Belo Horizonte,1320.39,206.98,0.0,1527.37,6,True,False
T000037,GOL,Salvador - Brasília,1079.13,0.0,0.0,1079.13,19,False,False
T000038,LATAM,Salvador - São Paulo,1070.9,0.0,241.17,241.17,11,False,True
T000039,LATAM,Salvador - São Paulo,1283.29,0.0,0.0,1283.29,0,False,False
T000040,LATAM,Salvador - Brasília,1215.47,0.0,0.0,1215.47,3,False,False
T000041,GOL,Salvador - São Paulo,1043.62,0.0,0.0,1043.62,18,False,False
T000042,Gol Linhas Aéreas,Salvador - São Paulo,1257.25,0.0,0.0,1257.25,3,False,False
T000043,GOL,Salvador - Belo Horizonte,691.94,0.0,0.0,691.94,17,False,False
T000044,LATAM,Salvador - Belo Horizonte,1168.5,0.0,0.0,1168.5,4,False,False
T000045,Azul,Salvador - Rio de Janeiro,535.99,0.0,0.0,535.99,15,False,False
T000046,LATAM,Salvador - Porto Alegre,1885.41,284.39,0.0,2169.81,0,True,False
T000047,GOL,Salvador - Belo Horizonte,771.64,0.0,0.0,771.64,14,False,False
T000048,GOL,Salvador - Campinas,893.54,0.0,0.0,893.54,19,False,False
T000049,GOL,Salvador - Fortaleza,571.45,0.0,0.0,571.45,28,False,False
T000050,GOL,Salvador - São Paulo,1288.29,0.0,0.0,1288.29,8,False,False
T000051,GOL,Salvador - São Paulo,2026.46,0.0,0.0,2026.46,1,False,False
T000052,GOL,Salvador - Curitiba,900.72,0.0,0.0,900.72,31,False,False
T000053,GOL,Salvador - Brasília,715.42,157.57,0.0,872.99,24,True,False
T000054,GOL,Salvador - Vitória da Conquista,798.21,0.0,0.0,798.21,2,False,False
T000055,Azul,Salvador - Porto Alegre,869.9,0.0,0.0,869.9,24,False,False
T000056,Azul,Salvador - Manaus,2321.53,0.0,0.0,2321.53,6,False,False
T000057,GOL,Salvador - Rio de Janeiro,1091.0,164.33,0.0,1255.33,20,True,False
T000058,Azul,Salvador - Campinas,1261.21,0.0,0.0,1261.21,15,False,False
T000060,Azul,Salvador - São Paulo,1609.36,0.0,0.0,1609.36,2,False,False
T000061,LATAM,Salvador - Campinas,1731.52,0.0,0.0,1731.52,9,False,False
T000062,Azul,Salvador - Recife,830.67,0.0,0.0,830.67,7,False,False
T000063,GOL,Salvador - Recife,563.13,0.0,0.0,563.13,8,False,False
T000064,GOL,Salvador - Campinas,741.9,0.0,0.0,741.9,22,False,False
T000065,Azul,Salvador - Curitiba,910.52,0.0,0.0,910.52,9,False,False
T000067,LATAM,Salvador - São Paulo,663.62,0.0,0.0,663.62,21,False,False
T000068,LATAM,Salvador - Vitória da Conquista,654.59,0.0,0.0,654.59,8,False,False
T000069,GOL,Salvador - Rio de Janeiro,588.01,0.0,0.0,588.01,36,False,False
T000070,GOL,Salvador - Brasília,1504.96,0.0,0.0,1504.96,0,False,False
T000071,GOL,Salvador - Fortaleza,562.77,0.0,0.0,562.77,8,False,False
T000072,GOL,Salvador - São Paulo,1005.72,195.0,0.0,1200.72,4,True,False
T000073,LATAM,Salvador - São Paulo,1068.45,0.0,0.0,1068.45,39,False,False
T000074,GOL,Salvador - São Paulo,800.1,0.0,0.0,800.1,20,False,False
T000075,LATAM,Salvador - Brasília,1070.98,0.0,0.0,1070.98,4,False,False
T000076,Azul,Salvador - Rio de Janeiro,1046.07,0.0,0.0,1046.07,34,False,False
T000077,LATAM,Salvador - Vitória da Conquista,458.09,0.0,0.0,458.09,11,False,False
T000078,LATAM,Salvador - São Paulo,1361.99,0.0,349.04,349.04,3,False,True
T000079,Azul,Salvador - Campinas,1503.55,0.0,0.0,1503.55,1,False,False
T000080,LATAM,Salvador - Curitiba,1298.75,0.0,0.0,1298.75,15,False,False
T000081,LATAM,Salvador - Recife,1123.27,0.0,0.0,1123.27,0,False,False
T000083,GOL,Salvador - Porto Alegre,1811.99,0.0,0.0,1811.99,2,False,False
T000084,LATAM Airlines,Salvador - Recife,876.87,0.0,0.0,876.87,3,False,False
T000085,GOL,Salvador - Fortaleza,498.52,0.0,0.0,498.52,31,False,False
T000086,Azul,Salvador - São Paulo,2028.22,0.0,409.95,409.95,3,False,True
T000087,Azul,Salvador - São Paulo,1758.3,0.0,0.0,1758.3,1,False,False
T000088,Azul,Salvador - São Paulo,1512.34,0.0,0.0,1512.34,0,False,False
T000089,GOL,Salvador - São Paulo,771.51,0.0,134.32,134.32,10,False,True
T000090,LATAM,Salvador - Belo Horizonte,1202.3,0.0,0.0,1202.3,4,False,False
T000091,GOL,Salvador - São Paulo,1030.79,0.0,0.0,1030.79,1,False,False
T000092,LATAM,Salvador - Rio de Janeiro,600.19,0.0,0.0,600.19,26,False,False
T000093,GOL,Salvador - Curitiba,1371.66,0.0,0.0,1371.66,12,False,False
T000094,GOL,Salvador - Ilhéus,539.88,0.0,0.0,539.88,0,False,False
T000095,GOL,Salvador - Fortaleza,826.24,0.0,0.0,826.24,8,False,False
T000097,GOL,Salvador - Recife,429.58,0.0,0.0,429.58,27,False,False
T000098,LATAM,Salvador - São Paulo,1277.0,234.06,0.0,1511.06,2,True,False
T000099,LATAM,Salvador - São Paulo,1535.99,0.0,0.0,1535.99,0,False,False
T000100,LATAM,Salvador - Curitiba,1095.33,0.0,170.38,170.38,10,False,True
T000101,GOL,Salvador - Ilhéus,629.4,0.0,0.0,629.4,0,False,False
T000102,LATAM,Salvador - Belo Horizonte,827.02,0.0,0.0,827.02,5,False,False
T000103,LATAM,Salvador - São Paulo,2056.0,0.0,0.0,2056.0,3,False,False
T000104,GOL,Salvador - Campinas,1169.48,0.0,0.0,1169.48,0,False,False
T000105,Azul,Salvador - São Paulo,1788.49,0.0,0.0,1788.49,0,False,False
T000106,Azul,Salvador - Brasília,957.86,0.0,0.0,957.86,10,False,False
T000107,GOL,Salvador - Belo Horizonte,795.16,0.0,0.0,795.16,5,False,False
T000108,LATAM,Salvador - São Paulo,1782.48,421.44,0.0,2203.92,2,True,False
T000109,LATAM,Salvador - São Paulo,1618.22,0.0,0.0,1618.22,3,False,False
T000110,Azul,Salvador - Rio de Janeiro,1302.86,0.0,0.0,1302.86,3,False,False
T000111,Azul,Salvador - São Paulo,1765.35,0.0,0.0,1765.35,3,False,False
T000112,GOL,Salvador - São Paulo,1073.36,0.0,0.0,1073.36,16,False,False
T000113,GOL,Salvador - Curitiba,1690.65,0.0,0.0,1690.65,8,False,False
T000114,GOL,Salvador - Brasília,893.19,0.0,0.0,893.19,8,False,False
T000115,Azul,Salvador - São Paulo,1572.49,0.0,0.0,1572.49,6,False,False
T000116,GOL,Salvador - São Paulo,1557.78,0.0,0.0,1557.78,2,False,False
T000117,GOL,Salvador - Porto Alegre,1407.67,0.0,0.0,1407.67,0,False,False
T000118,LATAM,Salvador - São Paulo,1708.83,0.0,0.0,1708.83,2,False,False
T000119,GOL,Salvador - Brasília,756.06,0.0,0.0,756.06,27,False,False
T000120,Azul,Salvador - Recife,449.83,0.0,0.0,449.83,24,False,False
T000121,Azul,Salvador - Rio de Janeiro,1218.65,0.0,0.0,1218.65,1,False,False
T000122,Azul,Salvador - Porto Alegre,2199.01,0.0,0.0,2199.01,2,False,False
T000124,Azul,Salvador - Belo Horizonte,880.45,0.0,0.0,880.45,28,False,False
T000125,GOL,Salvador - Manaus,817.79,0.0,0.0,817.79,28,False,False
T000126,LATAM,Salvador - São Paulo,1263.0,0.0,0.0,1263.0,20,False,False
T000127,LATAM,Salvador - Campinas,1088.26,0.0,0.0,1088.26,19,False,False
T000128,LATAM,Salvador - São Paulo,850.44,209.65,0.0,1060.09,4,True,False
T000129,LATAM,Salvador - São Paulo,2040.44,0.0,0.0,2040.44,10,False,False
T000130,LATAM,Salvador - Manaus,1344.47,0.0,0.0,1344.47,14,False,False
T000131,GOL,Salvador - Rio de Janeiro,841.55,0.0,0.0,841.55,23,False,False
T000133,GOL,Salvador - Brasília,538.55,0.0,0.0,538.55,40,False,False
T000135,GOL,Salvador - Belo Horizonte,1085.59,0.0,0.0,1085.59,6,False,False
T000136,Azul,Salvador - São Paulo,1032.55,0.0,0.0,1032.55,4,False,False
T000138,GOL,Salvador - São Paulo,780.68,0.0,0.0,780.68,28,False,False
T000140,GOL,Salvador - Rio de Janeiro,1078.19,218.5,0.0,1296.7,13,True,False
T000141,Azul,Salvador - Porto Alegre,1750.42,0.0,0.0,1750.42,0,False,False
T000142,LATAM,Salvador - Recife,684.04,0.0,0.0,684.04,22,False,False
T000144,GOL,Salvador - Aracaju,333.53,87.75,0.0,421.29,14,True,False
T000145,GOL,Salvador - São Paulo,1529.78,421.35,0.0,1951.13,0,True,False
T000146,LATAM,Salvador - Belo Horizonte,1140.07,0.0,0.0,1140.07,3,False,False
T000147,Azul,Salvador - São Paulo,1627.77,0.0,0.0,1627.77,3,False,False
T000148,GOL,Salvador - Belo Horizonte,1246.61,0.0,0.0,1246.61,0,False,False
T000149,Azul,Salvador - Fortaleza,671.38,0.0,0.0,671.38,33,False,False
T000151,Azul,Salvador - São Paulo,934.19,0.0,0.0,934.19,15,False,False
T000152,LATAM,Salvador - São Paulo,1594.06,0.0,0.0,1594.06,1,False,False
T000153,LATAM,Salvador - Recife,743.74,0.0,0.0,743.74,5,False,False
T000154,LATAM,Salvador - Aracaju,464.91,0.0,0.0,464.91,3,False,False
T000155,Azul,Salvador - Rio de Janeiro,915.45,0.0,0.0,915.45,11,False,False
T000156,latam,Salvador - Vitória da Conquista,625.63,0.0,0.0,625.63,14,False,False
T000157,Azul,Salvador - Belo Horizonte,807.98,0.0,0.0,807.98,5,False,False
T000158,gol,Salvador - São Paulo,1346.32,0.0,0.0,1346.32,2,False,False
T000159,Azul,Salvador - São Paulo,1295.89,0.0,0.0,1295.89,4,False,False
T000160,LATAM,Salvador - Belo Horizonte,1681.37,460.61,0.0,2141.98,1,True,False
T000161,latam,Salvador - Manaus,2109.74,0.0,0.0,2109.74,12,False,False
T000162,GOL,Salvador - São Paulo,613.71,0.0,0.0,613.71,17,False,False
T000163,Azul,Salvador - Manaus,1238.33,0.0,0.0,1238.33,15,False,False
T000164,GOL,Salvador - Rio de Janeiro,1402.55,0.0,0.0,1402.55,4,False,False
T000165,LATAM,Salvador - São Paulo,1981.32,0.0,0.0,1981.32,3,False,False
T000166,Azul,Salvador - Fortaleza,957.7,0.0,0.0,957.7,1,False,False
T000167,GOL,Salvador - Fortaleza,1003.28,0.0,0.0,1003.28,0,False,False
T000168,GOL,Salvador - Belo Horizonte,954.88,0.0,0.0,954.88,6,False,False
T000169,LATAM,Salvador - Brasília,1307.24,0.0,0.0,1307.24,6,False,False
T000170,LATAM,Salvador - Rio de Janeiro,1187.23,0.0,0.0,1187.23,5,False,False
T000171,LATAM,Salvador - Rio de Janeiro,811.41,0.0,0.0,811.41,27,False,False
T000172,GOL,Salvador - Fortaleza,813.28,0.0,0.0,813.28,14,False,False
T000173,LATAM,Salvador - Rio de Janeiro,1119.23,0.0,0.0,1119.23,3,False,False
T000174,Azul,Salvador - Brasília,914.43,0.0,0.0,914.43,15,False,False
T000175,GOL,Salvador - Rio de Janeiro,991.56,0.0,0.0,991.56,0,False,False
T000176,GOL,Salvador - Belo Horizonte,628.36,0.0,0.0,628.36,31,False,False
T000177,LATAM,Salvador - Recife,399.41,0.0,0.0,399.41,22,False,False
T000178,gol,Salvador - Belo Horizonte,1007.91,0.0,0.0,1007.91,0,False,False
T000179,GOL,Salvador - Recife,858.08,149.47,0.0,1007.55,20,True,False
T000181,LATAM,Salvador - Brasília,1563.51,0.0,0.0,1563.51,1,False,False
T000182,Azul,Salvador - Rio de Janeiro,911.29,0.0,0.0,911.29,9,False,False
T000183,LATAM,Salvador - Rio de Janeiro,982.33,0.0,0.0,982.33,5,False,False
T000184,GOL,Salvador - Brasília,763.65,0.0,0.0,763.65,12,False,False
T000185,AZUL,Salvador - Campinas,1844.83,0.0,0.0,1844.83,0,False,False
T000186,Azul,Salvador - Belo Horizonte,955.92,0.0,0.0,955.92,20,False,False
T000187,GOL,Salvador - Belo Horizonte,738.29,0.0,0.0,738.29,18,False,False
T000188,LATAM,Salvador - Recife,866.56,0.0,0.0,866.56,6,False,False
T000189,GOL,Salvador - Recife,928.73,0.0,0.0,928.73,3,False,False
T000190,Azul,Salvador - Brasília,1452.34,0.0,171.49,171.49,5,False,True
T000191,LATAM,Salvador - Fortaleza,762.1,0.0,0.0,762.1,3,False,False
T000192,GOL,Salvador - Recife,411.69,107.68,0.0,519.37,20,True,False
T000193,Azul,Salvador - Campinas,1663.81,0.0,0.0,1663.81,10,False,False
T000194,Azul,Salvador - São Paulo,880.87,0.0,0.0,880.87,16,False,False
T000196,LATAM,Salvador - Porto Alegre,787.73,0.0,0.0,787.73,21,False,False
T000197,GOL,Salvador - São Paulo,953.93,0.0,0.0,953.93,4,False,False
T000198,LATAM,Salvador - São Paulo,1404.18,0.0,0.0,1404.18,2,False,False
T000199,GOL,Salvador - Brasília,1903.83,0.0,0.0,1903.83,2,False,False
T000200,LATAM,Salvador - Campinas,1044.03,0.0,0.0,1044.03,20,False,False
T000201,Azul,Salvador - São Paulo,1657.38,0.0,0.0,1657.38,2,False,False
T000202,LATAM,Salvador - Aracaju,421.27,0.0,0.0,421.27,9,False,False
T000203,Azul,Salvador - Rio de Janeiro,1181.27,0.0,0.0,1181.27,0,False,False
T000204,GOL,Salvador - São Paulo,844.36,0.0,0.0,844.36,26,False,False
T000205,LATAM Airlines,Salvador - Porto Alegre,1119.25,0.0,0.0,1119.25,13,False,False
T000206,,Salvador - Brasília,675.72,180.72,0.0,856.44,26,True,False
T000207,GOL,Salvador - São Paulo,1167.04,0.0,0.0,1167.04,0,False,False
T000208,GOL,Salvador - Rio de Janeiro,603.87,0.0,0.0,603.87,19,False,False
T000209,LATAM,Salvador - Recife,796.15,0.0,0.0,796.15,2,False,False
T000210,GOL,Salvador - Fortaleza,424.19,0.0,0.0,424.19,16,False,False
T000211,LATAM,Salvador - São Paulo,1003.38,0.0,0.0,1003.38,5,False,False
T000212,GOL,Salvador - Fortaleza,980.91,0.0,0.0,980.91,0,False,False
T000213,Azul,Salvador - Rio de Janeiro,916.21,0.0,0.0,916.21,13,False,False
T000214,LATAM,Salvador - Vitória da Conquista,938.38,0.0,0.0,938.38,0,False,False
T000215,LATAM,Salvador - Manaus,1537.94,0.0,0.0,1537.94,22,False,False
T000216,Azul,Salvador - São Paulo,1480.22,0.0,0.0,1480.22,3,False,False
T000217,LATAM,Salvador - Fortaleza,643.09,0.0,0.0,643.09,12,False,False
T000218,Azul,Salvador - Rio de Janeiro,706.06,0.0,0.0,706.06,17,False,False
T000219,GOL,Salvador - Recife,993.24,0.0,0.0,993.24,0,False,False
T000220,LATAM,Salvador - Recife,510.38,0.0,0.0,510.38,25,False,False
T000221,gol,Salvador - São Paulo,1510.26,0.0,0.0,1510.26,1,False,False
T000222,Azul,Salvador - Curitiba,1330.72,0.0,0.0,1330.72,7,False,False
T000223,GOL,Salvador - Fortaleza,883.75,0.0,0.0,883.75,2,False,False
T000224,LATAM,Salvador - São Paulo,779.89,0.0,0.0,779.89,30,False,False
T000225,LATAM,Salvador - Brasília,972.9,0.0,0.0,972.9,5,False,False
T000226,LATAM,Salvador - Recife,1035.45,0.0,0.0,1035.45,0,False,False
T000227,GOL,Salvador - São Paulo,1485.26,0.0,0.0,1485.26,1,False,False
T000228,GOL,Salvador - Manaus,2945.68,0.0,0.0,2945.68,2,False,False
T000229,Azul,Salvador - Vitória da Conquista,641.51,0.0,0.0,641.51,6,False,False
T000231,LATAM,Salvador - Recife,512.57,0.0,0.0,512.57,16,False,False
T000232,GOL,Salvador - Ilhéus,493.71,0.0,0.0,493.71,8,False,False
T000233,Azul,Salvador - Fortaleza,993.57,0.0,0.0,993.57,5,False,False
T000234,LATAM,Salvador - Belo Horizonte,1024.39,0.0,0.0,1024.39,7,False,False
T000235,Azul,Salvador - Manaus,1443.05,0.0,0.0,1443.05,10,False,False
T000236,LATAM,Salvador - São Paulo,1429.97,0.0,0.0,1429.97,2,False,False
T000237,Gol Linhas Aéreas,Salvador - Recife,589.85,0.0,0.0,589.85,8,False,False
T000238,LATAM,Salvador - Aracaju,729.0,0.0,0.0,729.0,0,False,False
T000239,LATAM,Salvador - São Paulo,1434.06,0.0,0.0,1434.06,0,False,False
T000240,LATAM,Salvador - Curitiba,1015.13,0.0,0.0,1015.13,15,False,False
T000241,Azul,Salvador - Recife,844.6,0.0,0.0,844.6,0,False,False
T000242,GOL,Salvador - Belo Horizonte,1167.25,0.0,180.98,180.98,0,False,True
T000243,LATAM,Salvador - São Paulo,799.05,0.0,0.0,799.05,16,False,False
T000244,Azul,Salvador - São Paulo,770.02,0.0,0.0,770.02,17,False,False
T000245,LATAM,Salvador - Rio de Janeiro,677.6,0.0,0.0,677.6,18,False,False
T000246,GOL,Salvador - Porto Alegre,1210.05,0.0,0.0,1210.05,23,False,False
T000247,Azul,Salvador - Brasília,2674.96,0.0,0.0,2674.96,1,False,False
T000248,Azul,Salvador - São Paulo,1427.82,0.0,0.0,1427.82,2,False,False
T000249,GOL,Salvador - Brasília,831.38,0.0,0.0,831.38,12,False,False
T000250,LATAM,Salvador - Recife,599.39,0.0,0.0,599.39,6,False,False
T000251,LATAM,Salvador - Fortaleza,730.9,0.0,0.0,730.9,6,False,False
T000252,LATAM,Salvador - Campinas,1534.47,0.0,0.0,1534.47,5,False,False
T000253,GOL,Salvador - Recife,1016.37,0.0,0.0,1016.37,1,False,False
T000254,LATAM,Salvador - São Paulo,1005.72,0.0,0.0,1005.72,6,False,False
T000255,GOL,Salvador - Rio de Janeiro,892.34,0.0,175.5,175.5,9,False,True
T000256,LATAM,Salvador - São Paulo,1247.56,0.0,0.0,1247.56,13,False,False
T000257,Azul,Salvador - Brasília,1100.9,0.0,0.0,1100.9,12,False,False
T000258,LATAM,Salvador - Rio de Janeiro,902.56,0.0,0.0,902.56,16,False,False
T000259,Azul,Salvador - São Paulo,1282.15,0.0,0.0,1282.15,1,False,False
T000260,GOL,Salvador - Porto Alegre,925.36,0.0,0.0,925.36,17,False,False
T000261,GOL,Salvador - São Paulo,1096.87,229.98,0.0,1326.85,5,True,False
T000262,LATAM,Salvador - Fortaleza,607.6,0.0,0.0,607.6,15,False,False
T000263,gol,Salvador - Recife,576.51,0.0,0.0,576.51,13,False,False
T000264,Azul,Salvador - Porto Alegre,2168.5,0.0,0.0,2168.5,2,False,False
T000265,GOL,Salvador - São Paulo,1880.7,0.0,0.0,1880.7,2,False,False
T000266,LATAM,Salvador - Brasília,756.0,0.0,0.0,756.0,25,False,False
T000267,LATAM,Salvador - Brasília,1076.18,0.0,0.0,1076.18,7,False,False
T000268,GOL,Salvador - São Paulo,1270.21,0.0,0.0,1270.21,0,False,False
T000269,Azul,Salvador - Fortaleza,1181.96,0.0,0.0,1181.96,0,False,False
T000270,Azul,Salvador - Belo Horizonte,584.95,0.0,0.0,584.95,23,False,False
T000271,GOL,Salvador - Fortaleza,500.8,0.0,0.0,500.8,31,False,False
T000273,LATAM,Salvador - São Paulo,1884.22,0.0,0.0,1884.22,0,False,False
T000274,LATAM,Salvador - Brasília,974.05,0.0,0.0,974.05,2,False,False
T000275,latam,Salvador - São Paulo,1510.88,0.0,0.0,1510.88,5,False,False
T000276,GOL,Salvador - Fortaleza,457.87,0.0,0.0,457.87,29,False,False
T000277,LATAM,Salvador - São Paulo,1780.54,0.0,0.0,1780.54,1,False,False
T000278,GOL,Salvador - São Paulo,794.11,191.88,0.0,985.99,19,True,False
T000279,LATAM,Salvador - Belo Horizonte,851.17,0.0,229.97,229.97,0,False,True
T000280,Azul,Salvador - São Paulo,1259.83,0.0,0.0,1259.83,6,False,False
T000281,GOL,Salvador - São Paulo,958.5,0.0,0.0,958.5,40,False,False
T000282,Azul Linhas Aéreas,Salvador - Curitiba,998.52,0.0,0.0,998.52,16,False,False
T000283,GOL,Salvador - São Paulo,1438.92,0.0,0.0,1438.92,1,False,False
T000284,LATAM,Salvador - Rio de Janeiro,1001.69,0.0,0.0,1001.69,0,False,False
T000285,GOL,Salvador - Campinas,911.17,0.0,0.0,911.17,5,False,False
T000287,GOL,Salvador - Campinas,956.94,0.0,0.0,956.94,5,False,False
T000289,GOL,Salvador - São Paulo,600.63,0.0,0.0,600.63,14,False,False
T000290,LATAM,Salvador - São Paulo,1294.64,0.0,0.0,1294.64,6,False,False
T000292,GOL,Salvador - São Paulo,877.71,0.0,0.0,877.71,6,False,False
T000293,GOL,Salvador - Aracaju,278.87,0.0,0.0,278.87,27,False,False
T000294,LATAM,Salvador - Recife,404.75,0.0,0.0,404.75,8,False,False
T000296,Azul,Salvador - São Paulo,889.49,0.0,0.0,889.49,10,False,False
T000298,LATAM,Salvador - Manaus,1210.26,0.0,0.0,1210.26,36,False,False
T000299,GOL,Salvador - São Paulo,998.45,163.8,0.0,1162.25,5,True,False
T000300,LATAM,Salvador - Campinas,1019.01,0.0,0.0,1019.01,27,False,False
T000301,Azul,Salvador - São Paulo,1410.66,0.0,0.0,1410.66,4,False,False
T000302,GOL,Salvador - São Paulo,985.09,0.0,0.0,985.09,8,False,False
T000303,LATAM,Salvador - Recife,1023.95,0.0,176.79,176.79,3,False,True
T000304,LATAM,Salvador - Curitiba,1539.39,0.0,0.0,1539.39,3,False,False
T000305,Azul,Salvador - Belo Horizonte,926.94,0.0,0.0,926.94,13,False,False
T000306,GOL,Salvador - Fortaleza,567.96,0.0,0.0,567.96,5,False,False
T000307,GOL,Salvador - Campinas,1005.43,0.0,0.0,1005.43,31,False,False
T000308,GOL,Salvador - Belo Horizonte,919.54,0.0,0.0,919.54,30,False,False
T000309,LATAM,Salvador - Rio de Janeiro,899.43,0.0,0.0,899.43,14,False,False
T000310,LATAM,Salvador - Fortaleza,739.77,0.0,0.0,739.77,0,False,False
T000311,GOL,Salvador - Ilhéus,631.67,0.0,0.0,631.67,4,False,False
T000312,LATAM,Salvador - São Paulo,743.69,0.0,0.0,743.69,15,False,False
T000313,Azul,Salvador - Recife,1016.31,0.0,0.0,1016.31,12,False,False
T000314,LATAM,Salvador - Manaus,2172.74,0.0,0.0,2172.74,1,False,False
T000315,Azul,Salvador - São Paulo,1168.29,0.0,0.0,1168.29,3,False,False
T000316,LATAM,Salvador - Recife,991.89,0.0,0.0,991.89,6,False,False
T000317,LATAM,Salvador - Rio de Janeiro,923.98,0.0,0.0,923.98,4,False,False
T000318,LATAM,Salvador - Fortaleza,695.73,0.0,0.0,695.73,5,False,False
T000319,LATAM,Salvador - Ilhéus,353.47,0.0,0.0,353.47,13,False,False
T000320,LATAM,Salvador - Porto Alegre,1340.23,0.0,0.0,1340.23,11,False,False
T000322,GOL,Salvador - Fortaleza,702.73,0.0,0.0,702.73,31,False,False
T000323,GOL,Salvador - Brasília,912.51,0.0,0.0,912.51,4,False,False
T000324,LATAM,Salvador - Aracaju,430.24,0.0,0.0,430.24,2,False,False
T000326,LATAM,Salvador - Fortaleza,456.02,0.0,0.0,456.02,9,False,False
T000327,LATAM,Salvador - São Paulo,1060.02,0.0,0.0,1060.02,6,False,False
T000328,GOL,Salvador - Brasília,1092.5,0.0,0.0,1092.5,3,False,False
T000330,Azul,Salvador - Rio de Janeiro,852.0,0.0,0.0,852.0,18,False,False
T000331,LATAM,Salvador - São Paulo,713.92,0.0,0.0,713.92,25,False,False
T000332,GOL,Salvador - Rio de Janeiro,673.67,0.0,0.0,673.67,25,False,False
T000333,Azul,Salvador - Ilhéus,535.53,0.0,0.0,535.53,3,False,False
T000334,Azul,Salvador - Rio de Janeiro,741.89,0.0,0.0,741.89,21,False,False
T000335,Azul,Salvador - São Paulo,1246.9,0.0,0.0,1246.9,10,False,False
T000336,GOL,Salvador - São Paulo,707.14,0.0,0.0,707.14,24,False,False
T000337,LATAM,Salvador - Ilhéus,435.54,0.0,0.0,435.54,8,False,False
T000338,GOL,Salvador - Rio de Janeiro,849.1,0.0,0.0,849.1,5,False,False
T000339,LATAM,Salvador - Vitória da Conquista,514.5,0.0,0.0,514.5,20,False,False
T000340,Azul,Salvador - Rio de Janeiro,840.6,0.0,0.0,840.6,13,False,False
T000341,LATAM,Salvador - Recife,534.59,0.0,0.0,534.59,19,False,False
T000342,LATAM,Salvador - Manaus,1241.9,0.0,0.0,1241.9,13,False,False
T000343,GOL,Salvador - São Paulo,1408.45,0.0,0.0,1408.45,2,False,False
T000344,GOL,Salvador - Rio de Janeiro,1198.94,0.0,0.0,1198.94,3,False,False
T000345,gol,Salvador - São Paulo,785.93,0.0,0.0,785.93,26,False,False
T000346,Azul,Salvador - São Paulo,990.38,0.0,0.0,990.38,21,False,False
T000347,Azul,Salvador - Ilhéus,598.21,143.09,0.0,741.3,6,True,False
T000348,LATAM,Salvador - Curitiba,1392.25,0.0,0.0,1392.25,25,False,False
T000349,Azul,Salvador - Brasília,1202.68,0.0,0.0,1202.68,17,False,False
T000351,GOL,Salvador - Rio de Janeiro,675.5,0.0,0.0,675.5,23,False,False
T000352,Azul,Salvador - Rio de Janeiro,778.53,0.0,0.0,778.53,14,False,False
T000355,GOL,Salvador - Fortaleza,479.71,0.0,0.0,479.71,25,False,False
T000356,LATAM,Salvador - Fortaleza,414.91,0.0,0.0,414.91,17,False,False
T000358,Azul,Salvador - Manaus,1436.19,0.0,0.0,1436.19,7,False,False
T000359,LATAM,Salvador - Belo Horizonte,1442.53,365.88,0.0,1808.41,5,True,False
T000360,GOL,Salvador - São Paulo,1677.88,222.07,0.0,1899.94,4,True,False
T000361,LATAM,Salvador - Fortaleza,1197.16,0.0,0.0,1197.16,6,False,False
T000362,LATAM,Salvador - Rio de Janeiro,1359.57,424.56,0.0,1784.13,5,True,False
T000363,LATAM,Salvador - Porto Alegre,904.48,0.0,0.0,904.48,14,False,False
T000364,LATAM,Salvador - São Paulo,1312.09,0.0,0.0,1312.09,10,False,False
T000365,Azul,Salvador - Ilhéus,467.18,142.33,0.0,609.51,8,True,False
T000367,Gol Linhas Aéreas,Salvador - Curitiba,1393.59,0.0,0.0,1393.59,2,False,False
T000368,LATAM,Salvador - Manaus,1446.33,0.0,0.0,1446.33,10,False,False
T000369,LATAM,Salvador - São Paulo,1101.87,0.0,0.0,1101.87,8,False,False
T000370,LATAM,Salvador - Curitiba,1703.52,0.0,0.0,1703.52,0,False,False
T000371,latam,Salvador - São Paulo,1565.63,0.0,0.0,1565.63,1,False,False
T000372,GOL,Salvador - Rio de Janeiro,628.56,0.0,0.0,628.56,30,False,False
T000373,Azul,Salvador - Recife,1480.41,0.0,0.0,1480.41,2,False,False
T000375,LATAM,Salvador - São Paulo,962.08,0.0,0.0,962.08,21,False,False
T000376,GOL,Salvador - Brasília,971.76,0.0,0.0,971.76,4,False,False
T000377,GOL,Salvador - Belo Horizonte,702.96,0.0,0.0,702.96,20,False,False
T000379,Azul,Salvador - Brasília,927.35,0.0,0.0,927.35,2,False,False
T000380,GOL,Salvador - Manaus,1291.59,0.0,0.0,1291.59,14,False,False
T000381,GOL,Salvador - Belo Horizonte,861.72,0.0,0.0,861.72,28,False,False
T000382,GOL,Salvador - Recife,1118.63,0.0,0.0,1118.63,3,False,False
T000383,GOL,Salvador - Fortaleza,969.3,0.0,0.0,969.3,6,False,False
T000384,Azul,Salvador - São Paulo,1251.13,0.0,0.0,1251.13,6,False,False
T000385,LATAM,Salvador - Belo Horizonte,558.77,0.0,0.0,558.77,25,False,False
T000386,LATAM,Salvador - Recife,1012.83,0.0,0.0,1012.83,2,False,False
T000387,Azul,Salvador - Manaus,711.15,0.0,0.0,711.15,26,False,False
T000388,GOL,Salvador - Manaus,1464.21,0.0,0.0,1464.21,26,False,False
T000389,LATAM,Salvador - Aracaju,548.98,0.0,0.0,548.98,3,False,False
T000390,Azul,Salvador - Rio de Janeiro,1199.66,0.0,0.0,1199.66,0,False,False
T000391,Azul,Salvador - São Paulo,1632.86,267.09,0.0,1899.94,9,True,False
T000392,Azul,Salvador - Rio de Janeiro,791.56,0.0,0.0,791.56,5,False,False
T000393,GOL,Salvador - Recife,450.71,0.0,0.0,450.71,25,False,False
T000394,LATAM,Salvador - Brasília,803.0,0.0,0.0,803.0,22,False,False
T000395,LATAM,Salvador - Curitiba,976.26,0.0,0.0,976.26,23,False,False
T000396,LATAM,Salvador - Brasília,969.04,0.0,0.0,969.04,29,False,False
T000397,Azul Linhas Aéreas,Salvador - Aracaju,306.46,0.0,0.0,306.46,22,False,False
T000398,LATAM,Salvador - Recife,1294.58,294.35,0.0,1588.93,3,True,False
T000399,GOL,Salvador - São Paulo,1361.62,0.0,0.0,1361.62,6,False,False
T000400,GOL,Salvador - São Paulo,926.11,0.0,0.0,926.11,6,False,False
T000401,LATAM,Salvador - Recife,470.43,125.66,0.0,596.08,21,True,False
T000402,GOL,Salvador - São Paulo,1217.77,0.0,0.0,1217.77,0,False,False
T000403,GOL,Salvador - Brasília,495.48,0.0,0.0,495.48,32,False,False
T000404,Azul,Salvador - São Paulo,1167.56,0.0,0.0,1167.56,6,False,False
T000406,LATAM,Salvador - Curitiba,1350.78,0.0,0.0,1350.78,3,False,False
T000407,GOL,Salvador - Rio de Janeiro,593.86,0.0,0.0,593.86,26,False,False
T000408,GOL,Salvador - São Paulo,879.61,0.0,0.0,879.61,5,False,False
T000409,LATAM,Salvador - Brasília,545.57,0.0,0.0,545.57,28,False,False
T000410,GOL,Salvador - Porto Alegre,980.26,0.0,0.0,980.26,32,False,False
T000411,LATAM,Salvador - Brasília,1671.52,0.0,0.0,1671.52,0,False,False
T000412,Azul,Salvador - Brasília,1263.08,0.0,0.0,1263.08,12,False,False
T000413,GOL,Salvador - Rio de Janeiro,1283.26,0.0,0.0,1283.26,0,False,False
T000414,GOL,Salvador - Belo Horizonte,958.3,0.0,0.0,958.3,13,False,False
T000415,Azul,Salvador - Campinas,1379.21,0.0,0.0,1379.21,5,False,False
T000416,Azul,Salvador - São Paulo,1624.02,0.0,0.0,1624.02,13,False,False
T000418,GOL,Salvador - São Paulo,1578.68,0.0,0.0,1578.68,1,False,False
T000419,GOL,Salvador - Manaus,1114.61,0.0,0.0,1114.61,37,False,False
T000420,Azul,Salvador - São Paulo,1144.14,0.0,0.0,1144.14,25,False,False
T000421,GOL,Salvador - São Paulo,721.4,0.0,0.0,721.4,10,False,False
T000422,LATAM,Salvador - Fortaleza,682.26,0.0,0.0,682.26,28,False,False
T000423,LATAM,Salvador - Belo Horizonte,2208.62,0.0,0.0,2208.62,1,False,False
T000424,Azul,Salvador - São Paulo,1919.27,0.0,0.0,1919.27,0,False,False
T000425,LATAM,Salvador - Curitiba,1244.78,311.28,0.0,1556.05,12,True,False
T000426,GOL,Salvador - Brasília,1704.55,0.0,0.0,1704.55,0,False,False
T000430,LATAM,Salvador - Recife,574.45,0.0,0.0,574.45,10,False,False
T000431,GOL,Salvador - Recife,673.0,0.0,0.0,673.0,5,False,False
T000432,LATAM,Salvador - Vitória da Conquista,849.67,0.0,0.0,849.67,0,False,False
T000433,Azul,Salvador - Ilhéus,697.85,0.0,0.0,697.85,12,False,False
T000434,LATAM,Salvador - Vitória da Conquista,612.2,0.0,0.0,612.2,3,False,False
T000435,Azul,Salvador - São Paulo,936.57,0.0,0.0,936.57,6,False,False
T000436,GOL,Salvador - São Paulo,1285.99,0.0,0.0,1285.99,5,False,False
T000437,LATAM,Salvador - São Paulo,2050.41,0.0,0.0,2050.41,0,False,False
T000438,LATAM,Salvador - São Paulo,1228.11,248.76,0.0,1476.87,4,True,False
T000439,GOL,Salvador - Rio de Janeiro,859.07,0.0,0.0,859.07,6,False,False
T000440,LATAM,Salvador - Fortaleza,1117.43,0.0,0.0,1117.43,1,False,False
T000441,GOL,Salvador - Belo Horizonte,815.73,0.0,0.0,815.73,9,False,False
T000442,Azul,Salvador - Porto Alegre,1301.05,0.0,0.0,1301.05,19,False,False
T000443,GOL,Salvador - Rio de Janeiro,1074.01,0.0,0.0,1074.01,0,False,False
T000444,LATAM,Salvador - Porto Alegre,1698.61,0.0,0.0,1698.61,3,False,False
T000445,LATAM,Salvador - Porto Alegre,1213.61,0.0,0.0,1213.61,17,False,False
T000446,GOL,Salvador - São Paulo,1371.3,385.03,0.0,1756.34,0,True,False
T000447,Azul,Salvador - Porto Alegre,941.4,0.0,0.0,941.4,25,False,False
T000448,GOL,Salvador - Manaus,1514.96,0.0,0.0,1514.96,11,False,False
T000449,LATAM,Salvador - Brasília,936.76,0.0,0.0,936.76,9,False,False
T000450,LATAM,Salvador - Manaus,1513.75,0.0,0.0,1513.75,4,False,False
T000451,GOL,Salvador - Campinas,824.77,0.0,0.0,824.77,38,False,False
T000452,GOL,Salvador - Rio de Janeiro,1176.87,0.0,0.0,1176.87,5,False,False
T000453,Azul,Salvador - Brasília,2012.16,0.0,0.0,2012.16,4,False,False
T000454,GOL,Salvador - Recife,667.01,0.0,0.0,667.01,0,False,False
T000455,Latam Airlines,Salvador - São Paulo,882.24,0.0,0.0,882.24,13,False,False
T000456,Azul,Salvador - Curitiba,1648.49,298.11,0.0,1946.6,1,True,False
T000457,LATAM,Salvador - Brasília,608.12,0.0,0.0,608.12,16,False,False
T000458,GOL,Salvador - Belo Horizonte,695.52,0.0,0.0,695.52,8,False,False
T000459,GOL,Salvador - Vitória da Conquista,598.52,0.0,0.0,598.52,27,False,False
T000460,GOL,Salvador - Rio de Janeiro,1192.95,0.0,0.0,1192.95,1,False,False
T000461,Azul,Salvador - Recife,777.36,0.0,0.0,777.36,1,False,False
T000462,GOL,Salvador - Recife,991.81,0.0,0.0,991.81,2,False,False
T000463,GOL,Salvador - São Paulo,1598.99,0.0,0.0,1598.99,5,False,False
T000465,Azul,Salvador - Curitiba,1872.23,0.0,0.0,1872.23,2,False,False
T000466,Azul,Salvador - Fortaleza,536.85,124.81,0.0,661.66,19,True,False
T000467,Azul,Salvador - Manaus,834.96,0.0,0.0,834.96,23,False,False
T000469,Azul,Salvador - São Paulo,741.18,0.0,0.0,741.18,18,False,False
T000470,GOL,Salvador - Rio de Janeiro,902.17,0.0,0.0,902.17,25,False,False
T000471,GOL,Salvador - Manaus,960.18,0.0,0.0,960.18,14,False,False
T000472,LATAM,Salvador - Manaus,1103.16,0.0,0.0,1103.16,17,False,False
T000473,GOL,Salvador - Fortaleza,821.26,0.0,0.0,821.26,17,False,False
T000474,Azul,Salvador - Belo Horizonte,763.87,0.0,0.0,763.87,25,False,False
T000475,AZUL,Salvador - São Paulo,1984.14,0.0,0.0,1984.14,3,False,False
T000476,GOL,Salvador - Campinas,1192.1,0.0,0.0,1192.1,19,False,False
T000477,LATAM,Salvador - Campinas,1590.95,0.0,0.0,1590.95,2,False,False
T000479,GOL,Salvador - Ilhéus,669.41,0.0,0.0,669.41,12,False,False
T000480,LATAM,Salvador - Belo Horizonte,739.95,0.0,0.0,739.95,11,False,False
T000481,GOL,Salvador - Belo Horizonte,822.83,0.0,0.0,822.83,9,False,False
T000482,LATAM,Salvador - Belo Horizonte,856.6,0.0,0.0,856.6,5,False,False
T000483,LATAM,Salvador - Brasília,1112.18,0.0,0.0,1112.18,5,False,False
T000485,GOL,Salvador - Brasília,762.85,0.0,0.0,762.85,27,False,False
T000486,LATAM,Salvador - Rio de Janeiro,742.64,0.0,0.0,742.64,15,False,False
T000487,Azul,Salvador - Brasília,1367.76,0.0,0.0,1367.76,0,False,False
T000488,LATAM,Salvador - Recife,804.32,0.0,0.0,804.32,0,False,False
T000491,LATAM,Salvador - Recife,400.72,0.0,0.0,400.72,32,False,False
T000493,GOL,Salvador - Belo Horizonte,1701.85,0.0,0.0,1701.85,6,False,False
T000494,GOL,Salvador - Fortaleza,592.42,0.0,0.0,592.42,12,False,False
T000495,Azul,Salvador - Brasília,1051.24,0.0,0.0,1051.24,4,False,False
T000496,LATAM,Salvador - Fortaleza,683.37,0.0,0.0,683.37,11,False,False
T000497,GOL,Salvador - Porto Alegre,1548.39,0.0,0.0,1548.39,4,False,False
T000498,Azul,Salvador - Vitória da Conquista,445.8,0.0,0.0,445.8,27,False,False
T000499,GOL,Salvador - Belo Horizonte,723.24,0.0,0.0,723.24,4,False,False
T000500,LATAM,Salvador - Fortaleza,564.78,0.0,0.0,564.78,15,False,False
T000501,GOL,Salvador - Recife,881.67,0.0,0.0,881.67,3,False,False
T000502,GOL,Salvador - Vitória da Conquista,476.13,0.0,0.0,476.13,13,False,False
T000505,GOL,Salvador - Curitiba,946.17,0.0,0.0,946.17,4,False,False
T000506,Azul,Salvador - Recife,709.92,0.0,0.0,709.92,25,False,False
T000507,LATAM,Salvador - São Paulo,1018.14,0.0,0.0,1018.14,23,False,False
T000508,LATAM,Salvador - Campinas,1329.24,0.0,0.0,1329.24,4,False,False
T000509,GOL,Salvador - Brasília,791.81,0.0,0.0,791.81,27,False,False
T000510,Azul,Salvador - Belo Horizonte,553.63,0.0,0.0,553.63,19,False,False
T000511,GOL,Salvador - São Paulo,1076.02,0.0,0.0,1076.02,5,False,False
T000512,LATAM,Salvador - Vitória da Conquista,614.98,0.0,0.0,614.98,6,False,False
T000513,LATAM Airlines,Salvador - São Paulo,917.96,0.0,0.0,917.96,6,False,False
T000514,LATAM,Salvador - Fortaleza,1292.5,0.0,0.0,1292.5,0,False,False
T000515,GOL,Salvador - Curitiba,715.57,0.0,0.0,715.57,36,False,False
T000516,LATAM,Salvador - São Paulo,856.78,0.0,0.0,856.78,15,False,False
T000517,GOL,Salvador - São Paulo,1209.32,0.0,0.0,1209.32,13,False,False
T000518,LATAM,Salvador - Belo Horizonte,588.75,109.05,0.0,697.8,20,True,False
T000519,GOL,Salvador - Fortaleza,663.9,0.0,0.0,663.9,14,False,False
T000520,GOL,Salvador - Campinas,659.95,0.0,0.0,659.95,24,False,False
T000521,LATAM,Salvador - São Paulo,1205.07,0.0,0.0,1205.07,5,False,False
T000522,GOL,Salvador - Manaus,1740.28,0.0,0.0,1740.28,9,False,False
T000523,GOL,Salvador - Campinas,739.91,0.0,0.0,739.91,12,False,False
T000524,Azul,Salvador - São Paulo,673.29,212.64,0.0,885.93,22,True,False
T000525,Azul,Salvador - Curitiba,1529.59,0.0,0.0,1529.59,0,False,False
T000526,Azul,Salvador - Manaus,2292.97,700.03,0.0,2993.0,4,True,False
T000527,LATAM,Salvador - São Paulo,1437.43,0.0,0.0,1437.43,6,False,False
T000528,AZUL,Salvador - Vitória da Conquista,422.56,0.0,0.0,422.56,22,False,False
T000530,gol,Salvador - São Paulo,1260.37,0.0,0.0,1260.37,1,False,False
T000532,GOL,Salvador - Campinas,1050.69,0.0,0.0,1050.69,30,False,False
T000533,GOL,Salvador - Brasília,955.18,0.0,0.0,955.18,19,False,False
T000535,LATAM,Salvador - Fortaleza,1088.32,0.0,0.0,1088.32,3,False,False
T000536,GOL,Salvador - Recife,575.93,0.0,0.0,575.93,19,False,False
T000537,Azul,Salvador - Curitiba,1414.88,0.0,0.0,1414.88,7,False,False
T000540,LATAM,Salvador - São Paulo,982.36,0.0,0.0,982.36,1,False,False
T000541,GOL,Salvador - Recife,595.45,0.0,0.0,595.45,15,False,False
T000542,LATAM,Salvador - Fortaleza,653.84,0.0,0.0,653.84,27,False,False
T000543,LATAM,Salvador - São Paulo,968.11,0.0,0.0,968.11,20,False,False
T000544,LATAM,Salvador - São Paulo,822.63,0.0,0.0,822.63,23,False,False
T000545,LATAM,Salvador - Rio de Janeiro,1508.36,0.0,0.0,1508.36,5,False,False
T000546,LATAM,Salvador - Curitiba,2793.57,0.0,0.0,2793.57,1,False,False
T000547,LATAM,Salvador - Belo Horizonte,1034.17,0.0,0.0,1034.17,2,False,False
T000548,Azul,Salvador - Porto Alegre,1609.95,0.0,0.0,1609.95,3,False,False
T000549,LATAM,Salvador - São Paulo,908.24,0.0,0.0,908.24,9,False,False
T000550,GOL,Salvador - Brasília,679.88,0.0,0.0,679.88,37,False,False
T000551,GOL,Salvador - Belo Horizonte,745.28,0.0,0.0,745.28,13,False,False
T000552,GOL,Salvador - Manaus,1626.62,0.0,0.0,1626.62,2,False,False
T000553,GOL,Salvador - São Paulo,1407.78,0.0,0.0,1407.78,1,False,False
T000554,GOL,Salvador - Rio de Janeiro,804.26,174.58,0.0,978.84,6,True,False
T000555,LATAM,Salvador - São Paulo,1471.92,0.0,0.0,1471.92,12,False,False
T000556,Azul Linhas Aéreas,Salvador - Recife,478.1,0.0,0.0,478.1,16,False,False
T000557,LATAM Airlines,Salvador - Rio de Janeiro,1092.24,0.0,0.0,1092.24,6,False,False
T000558,Azul,Salvador - São Paulo,1575.3,404.13,0.0,1979.43,0,True,False
T000559,LATAM,Salvador - Recife,756.01,0.0,0.0,756.01,1,False,False
T000560,GOL,Salvador - Brasília,1093.55,0.0,0.0,1093.55,9,False,False
T000561,Azul,Salvador - Brasília,814.33,0.0,0.0,814.33,9,False,False
T000562,LATAM,Salvador - Vitória da Conquista,940.73,0.0,0.0,940.73,6,False,False
T000563,LATAM,Salvador - Fortaleza,742.97,0.0,0.0,742.97,16,False,False
T000564,GOL,Salvador - Ilhéus,347.92,0.0,0.0,347.92,20,False,False
T000565,LATAM,Salvador - Vitória da Conquista,501.73,0.0,0.0,501.73,12,False,False
T000566,gol,Salvador - São Paulo,944.27,0.0,0.0,944.27,21,False,False
T000567,GOL,Salvador - Rio de Janeiro,755.71,0.0,0.0,755.71,26,False,False
T000568,GOL,Salvador - Fortaleza,1006.36,0.0,0.0,1006.36,0,False,False
T000570,LATAM,Salvador - Rio de Janeiro,1030.66,0.0,0.0,1030.66,5,False,False
T000571,Azul,Salvador - Recife,1069.35,0.0,0.0,1069.35,10,False,False
T000572,LATAM,Salvador - São Paulo,1392.06,0.0,0.0,1392.06,0,False,False
T000573,LATAM,Salvador - Recife,891.12,0.0,0.0,891.12,0,False,False
T000574,Azul,Salvador - Rio de Janeiro,1209.56,0.0,0.0,1209.56,0,False,False
T000575,LATAM,Salvador - São Paulo,1363.77,0.0,0.0,1363.77,3,False,False
T000576,GOL,Salvador - Vitória da Conquista,399.44,0.0,0.0,399.44,27,False,False
T000577,gol,Salvador - São Paulo,810.16,0.0,0.0,810.16,14,False,False
T000578,Azul,Salvador - Porto Alegre,1865.9,0.0,0.0,1865.9,4,False,False
T000579,Azul,Salvador - Curitiba,1409.25,0.0,0.0,1409.25,3,False,False
T000580,GOL,Salvador - Brasília,1089.04,0.0,0.0,1089.04,14,False,False
T000581,Azul,Salvador - Brasília,736.08,0.0,0.0,736.08,23,False,False
T000582,LATAM,Salvador - Recife,538.04,80.55,0.0,618.58,27,True,False
T000583,GOL,Salvador - Curitiba,1400.85,0.0,0.0,1400.85,3,False,False
T000584,LATAM,Salvador - Vitória da Conquista,715.88,0.0,0.0,715.88,3,False,False
T000585,LATAM,Salvador - Manaus,1709.32,0.0,0.0,1709.32,3,False,False
T000586,Azul,Salvador - Porto Alegre,1884.42,0.0,0.0,1884.42,4,False,False
T000587,Azul,Salvador - Brasília,1357.41,0.0,0.0,1357.41,0,False,False
T000588,GOL,Salvador - Brasília,932.06,0.0,214.54,214.54,24,False,True
T000589,LATAM,Salvador - São Paulo,1004.34,0.0,0.0,1004.34,19,False,False
T000590,GOL,Salvador - Campinas,1389.67,0.0,0.0,1389.67,1,False,False
T000591,GOL,Salvador - Ilhéus,617.19,0.0,0.0,617.19,2,False,False
T000592,Azul,Salvador - São Paulo,2031.1,0.0,0.0,2031.1,4,False,False
T000594,LATAM,Salvador - Belo Horizonte,695.14,0.0,0.0,695.14,9,False,False
T000595,LATAM,Salvador - Belo Horizonte,1273.64,0.0,0.0,1273.64,0,False,False
T000596,GOL,Salvador - Rio de Janeiro,829.9,0.0,200.32,200.32,5,False,True
T000597,LATAM,Salvador - São Paulo,1399.17,0.0,0.0,1399.17,1,False,False
T000598,LATAM,Salvador - Fortaleza,631.8,0.0,0.0,631.8,29,False,False
T000599,GOL,Salvador - Rio de Janeiro,576.27,0.0,0.0,576.27,13,False,False
T000600,Azul,Salvador - São Paulo,1687.0,0.0,0.0,1687.0,0,False,False
T000601,LATAM,Salvador - São Paulo,1152.16,0.0,0.0,1152.16,3,False,False
T000602,GOL,Salvador - Belo Horizonte,908.09,0.0,0.0,908.09,23,False,False
T000604,Azul,Salvador - Aracaju,462.51,0.0,0.0,462.51,5,False,False
T000605,LATAM,Salvador - São Paulo,982.18,123.14,0.0,1105.32,0,True,False
T000606,GOL,Salvador - Curitiba,1215.18,0.0,0.0,1215.18,19,False,False
T000607,GOL,Salvador - São Paulo,1296.93,0.0,0.0,1296.93,11,False,False
T000608,LATAM,Salvador - São Paulo,1265.44,0.0,0.0,1265.44,14,False,False
T000609,LATAM,Salvador - São Paulo,1629.63,0.0,0.0,1629.63,2,False,False
T000610,GOL,Salvador - Brasília,986.77,0.0,0.0,986.77,6,False,False
T000611,Azul,Salvador - Porto Alegre,1385.95,0.0,0.0,1385.95,7,False,False
T000612,Azul,Salvador - São Paulo,1113.29,0.0,0.0,1113.29,9,False,False
T000613,LATAM,Salvador - Fortaleza,884.94,0.0,0.0,884.94,10,False,False
T000614,GOL,Salvador - Curitiba,1132.46,0.0,0.0,1132.46,5,False,False
T000615,LATAM,Salvador - Curitiba,650.44,0.0,0.0,650.44,12,False,False
T000616,LATAM,Salvador - São Paulo,811.27,0.0,0.0,811.27,12,False,False
T000617,Azul,Salvador - São Paulo,1311.3,0.0,0.0,1311.3,14,False,False
T000618,GOL,Salvador - São Paulo,1066.16,0.0,0.0,1066.16,6,False,False
T000619,GOL,Salvador - Recife,561.1,0.0,0.0,561.1,5,False,False
T000620,Azul,Salvador - Campinas,771.43,0.0,0.0,771.43,18,False,False
T000621,Azul,Salvador - São Paulo,875.34,0.0,0.0,875.34,15,False,False
T000622,LATAM,Salvador - Ilhéus,340.6,0.0,0.0,340.6,16,False,False
T000623,LATAM,Salvador - Rio de Janeiro,1162.67,0.0,0.0,1162.67,1,False,False
T000625,LATAM,Salvador - Brasília,865.67,0.0,0.0,865.67,27,False,False
T000626,LATAM,Salvador - Belo Horizonte,1302.84,0.0,0.0,1302.84,0,False,False
T000627,GOL,Salvador - Campinas,972.88,0.0,0.0,972.88,4,False,False
T000628,LATAM,Salvador - São Paulo,1589.65,0.0,0.0,1589.65,7,False,False
T000629,LATAM,Salvador - Curitiba,843.2,0.0,0.0,843.2,9,False,False
T000630,LATAM,Salvador - São Paulo,1080.41,296.73,0.0,1377.14,4,True,False
T000631,Azul Linhas Aéreas,Salvador - São Paulo,1013.67,0.0,0.0,1013.67,13,False,False
T000632,LATAM,Salvador - Recife,1419.07,0.0,0.0,1419.07,2,False,False
T000633,Azul,Salvador - São Paulo,821.08,0.0,0.0,821.08,23,False,False
T000634,Azul,Salvador - São Paulo,849.55,0.0,0.0,849.55,22,False,False
T000635,GOL,Salvador - Brasília,714.97,0.0,0.0,714.97,31,False,False
T000636,GOL,Salvador - Recife,614.2,0.0,0.0,614.2,12,False,False
T000637,Azul,Salvador - São Paulo,1374.99,0.0,0.0,1374.99,3,False,False
T000638,LATAM,Salvador - Rio de Janeiro,2021.03,0.0,0.0,2021.03,3,False,False
T000639,LATAM,Salvador - Aracaju,353.23,0.0,0.0,353.23,22,False,False
T000640,LATAM,Salvador - Brasília,1409.06,256.23,0.0,1665.29,5,True,False
T000641,LATAM,Salvador - São Paulo,880.28,0.0,0.0,880.28,11,False,False
T000642,LATAM,Salvador - Brasília,1093.71,0.0,0.0,1093.71,4,False,False
T000643,LATAM,Salvador - Campinas,710.22,0.0,0.0,710.22,17,False,False
T000644,LATAM,Salvador - Brasília,932.81,0.0,0.0,932.81,37,False,False
T000645,GOL,Salvador - Fortaleza,881.32,0.0,0.0,881.32,9,False,False
T000646,AZUL,Salvador - Rio de Janeiro,664.95,0.0,0.0,664.95,24,False,False
T000647,gol,Salvador - São Paulo,1173.26,0.0,0.0,1173.26,2,False,False
T000648,LATAM,Salvador - São Paulo,2577.76,0.0,0.0,2577.76,2,False,False
T000650,Azul,Salvador - São Paulo,1779.69,0.0,0.0,1779.69,6,False,False
T000652,GOL,Salvador - Fortaleza,990.86,0.0,0.0,990.86,0,False,False
T000654,Azul,Salvador - Brasília,884.26,0.0,0.0,884.26,26,False,False
T000655,GOL,Salvador - Recife,615.71,0.0,0.0,615.71,13,False,False
T000656,LATAM,Salvador - Rio de Janeiro,1076.36,327.69,0.0,1404.06,0,True,False
T000658,GOL,Salvador - Belo Horizonte,433.55,0.0,0.0,433.55,21,False,False
T000659,GOL,Salvador - Recife,1032.15,0.0,0.0,1032.15,2,False,False
T000661,GOL,Salvador - Recife,521.45,0.0,0.0,521.45,15,False,False
T000662,GOL,Salvador - Vitória da Conquista,408.98,123.67,0.0,532.65,17,True,False
T000663,Azul,Salvador - Brasília,1692.14,0.0,0.0,1692.14,3,False,False
T000664,GOL,Salvador - Recife,1014.61,0.0,0.0,1014.61,2,False,False
T000665,GOL,Salvador - Belo Horizonte,586.51,0.0,0.0,586.51,8,False,False
T000666,GOL,Salvador - Recife,572.99,0.0,0.0,572.99,6,False,False
T000667,Azul,Salvador - Brasília,1600.56,0.0,0.0,1600.56,0,False,False
T000668,LATAM Airlines,Salvador - Brasília,1052.15,0.0,0.0,1052.15,8,False,False
T000670,GOL,Salvador - São Paulo,680.93,0.0,0.0,680.93,4,False,False
T000671,LATAM,Salvador - Fortaleza,468.88,0.0,0.0,468.88,23,False,False
T000672,GOL,Salvador - São Paulo,1108.12,0.0,211.81,211.81,1,False,True
T000673,Azul,Salvador - Fortaleza,773.07,0.0,0.0,773.07,5,False,False
T000674,GOL,Salvador - São Paulo,983.36,312.11,0.0,1295.47,17,True,False
T000675,LATAM,Salvador - São Paulo,965.22,0.0,173.89,173.89,4,False,True
T000676,LATAM,Salvador - Recife,604.64,0.0,0.0,604.64,15,False,False
T000677,GOL,Salvador - São Paulo,785.52,0.0,0.0,785.52,23,False,False
T000678,LATAM,Salvador - Fortaleza,1196.6,0.0,0.0,1196.6,1,False,False
T000679,GOL,Salvador - Rio de Janeiro,690.72,0.0,0.0,690.72,24,False,False
T000680,LATAM Airlines,Salvador - Manaus,913.63,0.0,0.0,913.63,26,False,False
T000681,Azul,Salvador - Vitória da Conquista,630.85,0.0,0.0,630.85,6,False,False
T000682,GOL,Salvador - Aracaju,291.24,0.0,0.0,291.24,26,False,False
T000683,LATAM,Salvador - Campinas,755.05,0.0,0.0,755.05,19,False,False
T000684,GOL,Salvador - Recife,727.64,0.0,132.95,132.95,2,False,True
T000685,GOL,Salvador - Vitória da Conquista,546.96,0.0,0.0,546.96,5,False,False
T000686,LATAM,Salvador - São Paulo,920.34,0.0,0.0,920.34,26,False,False
T000687,LATAM,Salvador - Curitiba,1079.02,0.0,0.0,1079.02,38,False,False
T000688,Azul,Salvador - Curitiba,1651.49,0.0,0.0,1651.49,1,False,False
T000689,GOL,Salvador - São Paulo,1405.86,0.0,0.0,1405.86,0,False,False
T000690,Azul,Salvador - Manaus,2047.74,0.0,0.0,2047.74,8,False,False
T000691,LATAM,Salvador - Curitiba,1514.48,427.52,0.0,1942.0,3,True,False
T000693,Azul,Salvador - Aracaju,325.76,0.0,0.0,325.76,32,False,False
T000694,LATAM,Salvador - Brasília,1173.45,0.0,0.0,1173.45,19,False,False
T000695,GOL,Salvador - Curitiba,1301.39,199.93,0.0,1501.32,1,True,False
T000696,GOL,Salvador - São Paulo,1128.2,351.25,0.0,1479.45,8,True,False
T000697,LATAM,Salvador - São Paulo,1046.29,0.0,0.0,1046.29,14,False,False
T000699,GOL,Salvador - Ilhéus,341.31,0.0,0.0,341.31,23,False,False
T000700,LATAM,Salvador - Brasília,556.66,0.0,0.0,556.66,25,False,False
T000701,LATAM,Salvador - Brasília,1256.05,0.0,0.0,1256.05,5,False,False
T000702,latam,Salvador - São Paulo,1502.45,0.0,0.0,1502.45,4,False,False
T000703,GOL,Salvador - Vitória da Conquista,419.24,0.0,0.0,419.24,39,False,False
T000704,LATAM,Salvador - Brasília,701.17,202.93,0.0,904.09,20,True,False
T000705,GOL,Salvador - Porto Alegre,2322.67,0.0,0.0,2322.67,1,False,False
T000706,LATAM,Salvador - São Paulo,2041.94,0.0,0.0,2041.94,0,False,False
T000707,Azul,Salvador - Brasília,1339.24,0.0,0.0,1339.24,10,False,False
T000708,GOL,Salvador - Manaus,2342.04,0.0,0.0,2342.04,0,False,False
T000709,LATAM,Salvador - Belo Horizonte,1031.7,0.0,0.0,1031.7,0,False,False
T000710,Azul,Salvador - São Paulo,1676.15,0.0,0.0,1676.15,0,False,False
T000713,Azul,Salvador - Belo Horizonte,575.54,0.0,0.0,575.54,26,False,False
T000714,LATAM,Salvador - São Paulo,1134.4,0.0,0.0,1134.4,17,False,False
T000715,LATAM,Salvador - Recife,630.39,0.0,0.0,630.39,5,False,False
T000716,LATAM,Salvador - São Paulo,1122.39,279.89,0.0,1402.28,20,True,False
T000717,LATAM,Salvador - Rio de Janeiro,1065.68,0.0,0.0,1065.68,20,False,False
T000718,Azul,Salvador - Recife,411.95,0.0,0.0,411.95,36,False,False
T000719,GOL,Salvador - Recife,893.73,0.0,0.0,893.73,9,False,False
T000720,Azul,Salvador - Belo Horizonte,678.9,0.0,0.0,678.9,23,False,False
T000721,LATAM,Salvador - Brasília,1347.97,0.0,0.0,1347.97,6,False,False
T000722,Azul,Salvador - Belo Horizonte,774.31,0.0,0.0,774.31,17,False,False
T000723,LATAM,Salvador - Aracaju,342.73,0.0,0.0,342.73,17,False,False
T000727,Azul,Salvador - São Paulo,955.55,0.0,0.0,955.55,11,False,False
T000728,LATAM,Salvador - São Paulo,1125.89,0.0,0.0,1125.89,11,False,False
T000729,Azul,Salvador - Brasília,1211.52,0.0,0.0,1211.52,4,False,False
T000730,gol,Salvador - São Paulo,1640.47,0.0,0.0,1640.47,3,False,False
T000731,GOL,Salvador - Porto Alegre,1448.56,0.0,252.31,252.31,14,False,True
T000732,GOL,Salvador - Rio de Janeiro,1364.51,0.0,0.0,1364.51,0,False,False
T000733,GOL,Salvador - Porto Alegre,1105.4,0.0,0.0,1105.4,27,False,False
T000734,GOL,Salvador - São Paulo,1522.14,0.0,0.0,1522.14,13,False,False
T000735,GOL,Salvador - São Paulo,1450.31,0.0,0.0,1450.31,4,False,False
T000736,GOL,Salvador - São Paulo,1179.18,0.0,0.0,1179.18,3,False,False
T000737,LATAM,Salvador - São Paulo,930.68,0.0,0.0,930.68,27,False,False
T000738,GOL,Salvador - Belo Horizonte,847.25,0.0,0.0,847.25,14,False,False
T000739,LATAM,Salvador - São Paulo,663.9,0.0,0.0,663.9,30,False,False
T000740,GOL,Salvador - Curitiba,1268.42,0.0,0.0,1268.42,0,False,False
T000741,LATAM,Salvador - São Paulo,1218.14,0.0,0.0,1218.14,9,False,False
T000742,Azul,Salvador - Ilhéus,312.56,0.0,0.0,312.56,17,False,False
T000743,LATAM,Salvador - Brasília,1684.64,0.0,0.0,1684.64,3,False,False
T000744,Azul,Salvador - Curitiba,944.5,0.0,0.0,944.5,20,False,False
T000745,LATAM,Salvador - Brasília,824.94,0.0,0.0,824.94,28,False,False
T000746,LATAM,Salvador - Fortaleza,591.28,0.0,0.0,591.28,8,False,False
T000747,LATAM,Salvador - Fortaleza,659.6,0.0,0.0,659.6,18,False,False
T000748,LATAM,Salvador - Rio de Janeiro,960.28,0.0,0.0,960.28,2,False,False
T000749,LATAM,Salvador - Brasília,836.4,0.0,0.0,836.4,27,False,False
T000750,LATAM,Salvador - São Paulo,1042.77,0.0,0.0,1042.77,5,False,False
T000751,Azul,Salvador - Rio de Janeiro,1060.39,0.0,0.0,1060.39,8,False,False
T000752,gol,Salvador - Fortaleza,536.22,0.0,0.0,536.22,29,False,False
T000753,Azul,Salvador - Ilhéus,531.94,0.0,0.0,531.94,14,False,False
T000754,LATAM,Salvador - Fortaleza,521.22,0.0,0.0,521.22,24,False,False
T000755,Azul,Salvador - Rio de Janeiro,894.52,0.0,0.0,894.52,29,False,False
T000756,Azul,Salvador - Campinas,991.88,0.0,0.0,991.88,5,False,False
T000758,GOL,Salvador - Belo Horizonte,1553.0,0.0,0.0,1553.0,1,False,False
T000759,GOL,Salvador - Brasília,881.65,0.0,0.0,881.65,8,False,False
T000760,LATAM,Salvador - Rio de Janeiro,1503.63,0.0,0.0,1503.63,3,False,False
T000761,Azul,Salvador - São Paulo,1249.18,0.0,0.0,1249.18,5,False,False
T000762,GOL,Salvador - Curitiba,1247.03,0.0,0.0,1247.03,1,False,False
T000763,GOL,Salvador - Brasília,1156.04,0.0,0.0,1156.04,3,False,False
T000764,GOL,Salvador - Brasília,1530.68,0.0,0.0,1530.68,2,False,False
T000765,LATAM,Salvador - Recife,630.74,0.0,0.0,630.74,18,False,False
T000766,Azul,Salvador - Campinas,1170.47,0.0,0.0,1170.47,17,False,False
T000767,Azul,Salvador - Aracaju,315.75,0.0,0.0,315.75,24,False,False
T000768,GOL,Salvador - Fortaleza,954.76,0.0,0.0,954.76,1,False,False
T000769,LATAM,Salvador - São Paulo,945.76,0.0,0.0,945.76,6,False,False
T000770,Azul,Salvador - Curitiba,2003.25,0.0,0.0,2003.25,18,False,False
T000771,GOL,Salvador - Fortaleza,1022.07,0.0,0.0,1022.07,0,False,False
T000772,Azul,Salvador - São Paulo,1390.99,0.0,0.0,1390.99,0,False,False
T000773,LATAM,Salvador - São Paulo,585.12,0.0,0.0,585.12,27,False,False
T000775,GOL,Salvador - Campinas,1332.51,0.0,0.0,1332.51,1,False,False
T000776,GOL,Salvador - São Paulo,838.52,0.0,0.0,838.52,35,False,False
T000777,GOL,Salvador - Brasília,1074.94,0.0,0.0,1074.94,4,False,False
T000778,Azul,Salvador - Brasília,1682.76,0.0,0.0,1682.76,2,False,False
T000779,Azul,Salvador - Belo Horizonte,1434.88,0.0,0.0,1434.88,10,False,False
T000780,LATAM,Salvador - Recife,975.28,0.0,0.0,975.28,0,False,False
T000781,GOL,Salvador - Fortaleza,1044.98,0.0,0.0,1044.98,0,False,False
T000782,Azul,Salvador - São Paulo,827.82,0.0,0.0,827.82,21,False,False
T000784,GOL,Salvador - Rio de Janeiro,646.47,0.0,0.0,646.47,17,False,False
T000785,Azul,Salvador - Brasília,1434.12,0.0,0.0,1434.12,2,False,False
T000786,LATAM,Salvador - Fortaleza,1253.9,0.0,0.0,1253.9,0,False,False
T000787,GOL,Salvador - Curitiba,1569.99,0.0,0.0,1569.99,6,False,False
T000788,LATAM,Salvador - Manaus,1291.93,0.0,0.0,1291.93,39,False,False
T000789,LATAM,Salvador - São Paulo,943.65,0.0,0.0,943.65,10,False,False
T000790,GOL,Salvador - Brasília,1228.03,279.34,0.0,1507.38,4,True,False
T000791,GOL,Salvador - Rio de Janeiro,1237.43,0.0,0.0,1237.43,1,False,False
T000792,LATAM,Salvador - São Paulo,1319.69,0.0,0.0,1319.69,5,False,False
T000793,GOL,Salvador - Rio de Janeiro,1836.55,0.0,475.15,475.15,6,False,True
T000794,Azul,Salvador - Rio de Janeiro,827.33,0.0,137.55,137.55,27,False,True
T000795,LATAM,Salvador - Curitiba,867.48,0.0,0.0,867.48,28,False,False
T000796,Azul,Salvador - Ilhéus,420.73,0.0,0.0,420.73,8,False,False
T000797,LATAM,Salvador - Curitiba,1673.08,0.0,0.0,1673.08,0,False,False
T000798,GOL,Salvador - São Paulo,1726.11,316.95,0.0,2043.06,5,True,False
T000799,LATAM,Salvador - São Paulo,954.84,0.0,0.0,954.84,11,False,False
T000800,LATAM,Salvador - Campinas,829.94,0.0,0.0,829.94,21,False,False
T000801,GOL,Salvador - São Paulo,1281.95,0.0,0.0,1281.95,1,False,False
T000802,Azul,Salvador - São Paulo,1043.23,0.0,0.0,1043.23,5,False,False
T000803,LATAM,Salvador - Curitiba,1414.89,242.15,0.0,1657.03,2,True,False
T000804,LATAM,Salvador - Fortaleza,624.83,0.0,0.0,624.83,17,False,False
T000805,LATAM,Salvador - Rio de Janeiro,921.0,0.0,0.0,921.0,10,False,False
T000806,LATAM,Salvador - Belo Horizonte,831.47,0.0,0.0,831.47,32,False,False
T000807,LATAM,Salvador - Rio de Janeiro,821.47,0.0,0.0,821.47,8,False,False
T000808,GOL,Salvador - Campinas,726.12,0.0,0.0,726.12,20,False,False
T000809,GOL,Salvador - São Paulo,827.76,0.0,0.0,827.76,23,False,False
T000810,GOL,Salvador - São Paulo,687.16,0.0,0.0,687.16,32,False,False
T000812,GOL,Salvador - Manaus,1128.9,0.0,0.0,1128.9,17,False,False
T000813,GOL,Salvador - Porto Alegre,1051.38,0.0,0.0,1051.38,22,False,False
T000814,GOL,Salvador - Porto Alegre,1475.09,0.0,0.0,1475.09,5,False,False
T000815,GOL,Salvador - São Paulo,1042.34,0.0,0.0,1042.34,6,False,False
T000816,Azul,Salvador - São Paulo,1209.36,0.0,0.0,1209.36,5,False,False
T000817,LATAM,Salvador - São Paulo,1122.15,0.0,0.0,1122.15,4,False,False
T000818,LATAM,Salvador - Curitiba,741.41,118.53,0.0,859.94,18,True,False
T000821,LATAM,Salvador - Belo Horizonte,769.57,0.0,0.0,769.57,18,False,False
T000822,GOL,Salvador - São Paulo,647.3,0.0,0.0,647.3,19,False,False
T000823,LATAM,Salvador - Ilhéus,449.87,0.0,0.0,449.87,5,False,False
T000824,LATAM,Salvador - Vitória da Conquista,927.05,0.0,0.0,927.05,0,False,False
T000825,LATAM,Salvador - Rio de Janeiro,1301.67,0.0,0.0,1301.67,10,False,False
T000826,LATAM,Salvador - Recife,457.67,0.0,0.0,457.67,17,False,False
T000827,GOL,Salvador - Recife,1040.05,0.0,0.0,1040.05,3,False,False
T000829,LATAM,Salvador - São Paulo,974.62,0.0,0.0,974.62,6,False,False
T000830,GOL,Salvador - São Paulo,1301.12,0.0,0.0,1301.12,3,False,False
T000831,LATAM,Salvador - Brasília,715.81,0.0,0.0,715.81,27,False,False
T000832,Azul,Salvador - Curitiba,1444.36,0.0,0.0,1444.36,0,False,False
T000834,LATAM Airlines,Salvador - Belo Horizonte,883.46,0.0,0.0,883.46,0,False,False
T000835,GOL,Salvador - Porto Alegre,1323.55,0.0,0.0,1323.55,10,False,False
T000837,LATAM,Salvador - Brasília,1218.47,0.0,0.0,1218.47,13,False,False
T000838,Azul,Salvador - São Paulo,793.78,0.0,0.0,793.78,28,False,False
T000839,LATAM,Salvador - São Paulo,1321.04,0.0,0.0,1321.04,19,False,False
T000840,GOL,Salvador - Brasília,1150.57,0.0,0.0,1150.57,2,False,False
T000841,LATAM,Salvador - Rio de Janeiro,1091.33,0.0,0.0,1091.33,7,False,False
T000845,Azul,Salvador - Campinas,1659.44,0.0,0.0,1659.44,2,False,False
T000846,GOL,Salvador - São Paulo,2111.27,0.0,0.0,2111.27,0,False,False
T000847,LATAM,Salvador - Manaus,1555.03,0.0,0.0,1555.03,6,False,False
T000848,Azul,Salvador - São Paulo,1341.58,0.0,300.84,300.84,4,False,True
T000849,Azul,Salvador - Porto Alegre,1498.68,0.0,0.0,1498.68,9,False,False
T000850,LATAM,Salvador - Manaus,1977.05,0.0,0.0,1977.05,3,False,False
T000851,LATAM,Salvador - Rio de Janeiro,710.26,0.0,0.0,710.26,23,False,False
T000852,LATAM,Salvador - São Paulo,1073.46,0.0,0.0,1073.46,6,False,False
T000853,GOL,Salvador - São Paulo,729.75,0.0,0.0,729.75,22,False,False
T000854,LATAM,Salvador - São Paulo,628.53,0.0,0.0,628.53,16,False,False
T000855,LATAM,Salvador - São Paulo,766.63,0.0,0.0,766.63,16,False,False
T000856,Azul,Salvador - Recife,735.67,0.0,0.0,735.67,16,False,False
T000857,Azul,Salvador - Brasília,1059.38,311.45,0.0,1370.84,0,True,False
T000858,GOL,Salvador - Brasília,1180.56,0.0,250.58,250.58,4,False,True
T000859,LATAM,Salvador - Porto Alegre,1606.11,0.0,0.0,1606.11,0,False,False
T000860,LATAM,Salvador - Porto Alegre,862.27,0.0,240.42,240.42,15,False,True
T000861,LATAM,Salvador - Brasília,1257.23,0.0,0.0,1257.23,2,False,False
T000862,Azul,Salvador - Fortaleza,1257.12,0.0,0.0,1257.12,9,False,False
T000863,LATAM,Salvador - Curitiba,1272.48,0.0,0.0,1272.48,5,False,False
T000864,LATAM,Salvador - Ilhéus,398.11,0.0,0.0,398.11,10,False,False
T000865,Azul,Salvador - São Paulo,1936.14,409.15,0.0,2345.29,6,True,False
T000867,LATAM,Salvador - São Paulo,997.84,0.0,0.0,997.84,13,False,False
T000868,LATAM,Salvador - São Paulo,1781.4,0.0,0.0,1781.4,0,False,False
T000870,GOL,Salvador - Manaus,1119.75,0.0,0.0,1119.75,16,False,False
T000871,Azul,Salvador - Porto Alegre,1569.5,0.0,0.0,1569.5,5,False,False
T000872,LATAM,Salvador - Manaus,1165.44,0.0,0.0,1165.44,39,False,False
T000873,LATAM,Salvador - Belo Horizonte,994.83,0.0,104.11,104.11,9,False,True
T000874,GOL,Salvador - Rio de Janeiro,768.21,0.0,0.0,768.21,11,False,False
T000875,GOL,Salvador - São Paulo,1186.4,0.0,0.0,1186.4,1,False,False
T000876,Azul,Salvador - São Paulo,1215.31,0.0,0.0,1215.31,6,False,False
T000877,LATAM,Salvador - Brasília,1323.04,0.0,0.0,1323.04,1,False,False
T000878,LATAM,Salvador - São Paulo,2177.99,0.0,0.0,2177.99,0,False,False
T000879,Azul,Salvador - Curitiba,1130.64,0.0,0.0,1130.64,8,False,False
T000880,LATAM,Salvador - Porto Alegre,1486.46,0.0,0.0,1486.46,6,False,False
T000881,LATAM,Salvador - São Paulo,1762.53,0.0,0.0,1762.53,5,False,False
T000882,GOL,Salvador - São Paulo,940.51,0.0,0.0,940.51,6,False,False
T000883,Azul,Salvador - São Paulo,1180.15,0.0,0.0,1180.15,2,False,False
T000884,Azul,Salvador - Manaus,2443.99,443.61,0.0,2887.61,5,True,False
T000885,GOL,Salvador - Ilhéus,491.03,0.0,0.0,491.03,6,False,False
T000886,GOL,Salvador - Brasília,962.07,0.0,0.0,962.07,24,False,False
T000887,LATAM,Salvador - Porto Alegre,2010.7,0.0,0.0,2010.7,1,False,False
T000888,LATAM,Salvador - Aracaju,654.76,0.0,0.0,654.76,6,False,False
T000889,GOL,Salvador - Brasília,982.32,0.0,0.0,982.32,21,False,False
T000890,LATAM,Salvador - São Paulo,1518.04,0.0,0.0,1518.04,2,False,False
T000891,LATAM,Salvador - Brasília,731.99,0.0,0.0,731.99,8,False,False
T000893,Azul,Salvador - Brasília,837.29,0.0,0.0,837.29,17,False,False
T000894,GOL,Salvador - São Paulo,1220.03,0.0,0.0,1220.03,5,False,False
T000895,LATAM,Salvador - Belo Horizonte,1050.17,0.0,0.0,1050.17,4,False,False
T000896,GOL,Salvador - Manaus,1085.7,0.0,0.0,1085.7,15,False,False
T000897,Azul,Salvador - Brasília,1337.88,0.0,0.0,1337.88,2,False,False
T000898,LATAM,Salvador - Campinas,952.86,0.0,0.0,952.86,10,False,False
T000899,GOL,Salvador - Belo Horizonte,831.51,0.0,0.0,831.51,7,False,False
T000900,GOL,Salvador - Fortaleza,535.04,0.0,0.0,535.04,11,False,False
T000901,GOL,Salvador - Rio de Janeiro,1282.28,0.0,0.0,1282.28,3,False,False
T000902,GOL,Salvador - Brasília,1073.19,0.0,0.0,1073.19,17,False,False
T000903,LATAM,Salvador - Rio de Janeiro,1041.03,0.0,0.0,1041.03,5,False,False
T000904,GOL,Salvador - Manaus,1848.95,0.0,0.0,1848.95,3,False,False
T000905,Azul,Salvador - Brasília,1438.51,0.0,0.0,1438.51,0,False,False
T000906,GOL,Salvador - São Paulo,1475.33,0.0,0.0,1475.33,5,False,False
T000907,Azul,Salvador - São Paulo,803.79,0.0,0.0,803.79,15,False,False
T000909,GOL,Salvador - São Paulo,799.61,0.0,0.0,799.61,23,False,False
T000910,Azul,Salvador - São Paulo,977.25,0.0,0.0,977.25,13,False,False
T000911,LATAM,Salvador - Vitória da Conquista,551.18,0.0,0.0,551.18,25,False,False
T000912,GOL,Salvador - Fortaleza,635.41,0.0,0.0,635.41,6,False,False
T000913,GOL,Salvador - Recife,964.64,0.0,0.0,964.64,2,False,False
T000914,LATAM,Salvador - São Paulo,695.88,0.0,0.0,695.88,11,False,False
T000915,LATAM,Salvador - Porto Alegre,2114.02,0.0,0.0,2114.02,2,False,False
T000916,Latam Airlines,Salvador - São Paulo,729.0,0.0,0.0,729.0,26,False,False
T000917,GOL,Salvador - São Paulo,1664.28,0.0,0.0,1664.28,13,False,False
T000918,LATAM,Salvador - Fortaleza,628.26,0.0,0.0,628.26,17,False,False
T000919,GOL,Salvador - São Paulo,820.21,0.0,0.0,820.21,21,False,False
T000920,GOL,Salvador - São Paulo,940.22,0.0,0.0,940.22,6,False,False
T000921,LATAM,Salvador - São Paulo,1651.5,0.0,0.0,1651.5,0,False,False
T000922,Azul Linhas Aéreas,Salvador - Brasília,1398.01,0.0,0.0,1398.01,1,False,False
T000923,LATAM,Salvador - Belo Horizonte,770.28,0.0,0.0,770.28,9,False,False
T000924,Azul,Salvador - Fortaleza,1838.16,0.0,0.0,1838.16,3,False,False
T000925,Azul,Salvador - Brasília,1094.09,0.0,0.0,1094.09,21,False,False
T000927,GOL,Salvador - Brasília,1280.99,0.0,0.0,1280.99,3,False,False
T000928,Azul,Salvador - São Paulo,1227.32,0.0,0.0,1227.32,18,False,False
T000929,GOL,Salvador - Curitiba,1500.22,0.0,0.0,1500.22,2,False,False
T000930,GOL,Salvador - Fortaleza,980.68,0.0,0.0,980.68,2,False,False
T000931,Azul,Salvador - Porto Alegre,1094.41,0.0,0.0,1094.41,27,False,False
T000932,LATAM,Salvador - Recife,554.78,0.0,0.0,554.78,10,False,False
T000933,LATAM,Salvador - São Paulo,1159.47,0.0,0.0,1159.47,0,False,False
T000934,GOL,Salvador - São Paulo,1535.82,268.96,0.0,1804.78,5,True,False
T000935,LATAM,Salvador - Recife,704.52,0.0,0.0,704.52,11,False,False
T000936,Azul,Salvador - Rio de Janeiro,1257.77,0.0,0.0,1257.77,0,False,False
T000937,LATAM,Salvador - São Paulo,1044.24,233.62,0.0,1277.85,8,True,False
T000938,LATAM,Salvador - Rio de Janeiro,924.87,0.0,0.0,924.87,16,False,False
T000939,Azul,Salvador - São Paulo,1185.77,0.0,0.0,1185.77,8,False,False
T000940,GOL,Salvador - Rio de Janeiro,748.92,0.0,0.0,748.92,16,False,False
T000941,GOL,Salvador - Campinas,1048.21,0.0,0.0,1048.21,4,False,False
T000942,Azul,Salvador - Recife,1239.06,0.0,0.0,1239.06,9,False,False
T000943,LATAM,Salvador - São Paulo,1434.57,0.0,0.0,1434.57,4,False,False
T000944,LATAM,Salvador - Campinas,980.3,0.0,236.67,236.67,13,False,True
T000945,GOL,Salvador - Fortaleza,564.92,0.0,0.0,564.92,9,False,False
T000946,LATAM,Salvador - Fortaleza,704.89,0.0,0.0,704.89,12,False,False
T000947,GOL,Salvador - Aracaju,444.19,0.0,0.0,444.19,13,False,False
T000948,LATAM,Salvador - São Paulo,1029.09,0.0,0.0,1029.09,10,False,False
T000949,GOL,Salvador - Vitória da Conquista,384.35,0.0,0.0,384.35,20,False,False
T000950,LATAM,Salvador - Recife,505.26,72.17,0.0,577.42,28,True,False
T000952,LATAM,Salvador - Rio de Janeiro,573.12,0.0,0.0,573.12,33,False,False
T000953,Azul,Salvador - Porto Alegre,1185.71,0.0,0.0,1185.71,18,False,False
T000954,Azul,Salvador - Manaus,2583.14,0.0,0.0,2583.14,1,False,False
T000955,LATAM,Salvador - Porto Alegre,1881.56,0.0,0.0,1881.56,1,False,False
T000956,LATAM,Salvador - Rio de Janeiro,1356.65,0.0,0.0,1356.65,0,False,False
T000957,Azul,Salvador - São Paulo,918.57,176.43,0.0,1095.0,5,True,False
T000958,GOL,Salvador - Vitória da Conquista,564.65,0.0,0.0,564.65,11,False,False
T000959,GOL,Salvador - Campinas,1062.57,0.0,0.0,1062.57,6,False,False
T000960,Azul,Salvador - Recife,643.55,0.0,116.87,116.87,6,False,True
T000961,LATAM,Salvador - Belo Horizonte,1058.65,0.0,0.0,1058.65,0,False,False
T000962,AZUL,Salvador - São Paulo,1281.97,0.0,0.0,1281.97,11,False,False
T000963,LATAM,Salvador - Rio de Janeiro,706.37,0.0,0.0,706.37,37,False,False
T000964,Azul,Salvador - Rio de Janeiro,723.59,0.0,0.0,723.59,20,False,False
T000965,GOL,Salvador - São Paulo,598.92,0.0,0.0,598.92,20,False,False
T000966,LATAM,Salvador - São Paulo,659.36,0.0,0.0,659.36,20,False,False
T000967,LATAM,Salvador - Manaus,1423.62,0.0,0.0,1423.62,17,False,False
T000968,LATAM,Salvador - Curitiba,864.75,0.0,0.0,864.75,17,False,False
T000971,Azul,Salvador - Campinas,1115.59,0.0,0.0,1115.59,27,False,False
T000972,LATAM,Salvador - Recife,934.43,0.0,0.0,934.43,0,False,False
T000973,LATAM,Salvador - Rio de Janeiro,908.71,0.0,0.0,908.71,15,False,False
T000974,GOL,Salvador - Rio de Janeiro,882.77,0.0,0.0,882.77,12,False,False
T000975,GOL,Salvador - Recife,465.48,0.0,0.0,465.48,19,False,False
T000976,LATAM,Salvador - Porto Alegre,1620.03,0.0,0.0,1620.03,11,False,False
T000977,Azul,Salvador - Fortaleza,1227.66,0.0,0.0,1227.66,0,False,False
T000978,LATAM,Salvador - Brasília,778.92,0.0,0.0,778.92,32,False,False
T000979,GOL,Salvador - Campinas,1184.34,0.0,0.0,1184.34,3,False,False
T000980,LATAM,Salvador - São Paulo,2293.95,0.0,0.0,2293.95,5,False,False
T000981,GOL,Salvador - São Paulo,1412.7,0.0,0.0,1412.7,0,False,False
T000982,LATAM,Salvador - Aracaju,328.61,0.0,0.0,328.61,11,False,False
T000984,Azul,Salvador - São Paulo,866.36,0.0,0.0,866.36,4,False,False
T000985,LATAM,Salvador - São Paulo,1708.88,0.0,0.0,1708.88,1,False,False
T000986,LATAM,Salvador - São Paulo,935.59,0.0,0.0,935.59,25,False,False
T000987,GOL,Salvador - Brasília,700.85,0.0,0.0,700.85,18,False,False
T000988,LATAM,Salvador - São Paulo,1713.0,397.14,0.0,2110.13,5,True,False
T000989,LATAM,Salvador - São Paulo,1263.98,0.0,0.0,1263.98,6,False,False
T000990,LATAM,Salvador - Rio de Janeiro,707.43,0.0,0.0,707.43,23,False,False
T000991,LATAM,Salvador - Brasília,1279.71,0.0,0.0,1279.71,5,False,False
T000992,Azul,Salvador - São Paulo,1844.75,0.0,0.0,1844.75,0,False,False
T000993,GOL,Salvador - São Paulo,1062.15,0.0,0.0,1062.15,14,False,False
T000994,LATAM,Salvador - Brasília,852.51,0.0,0.0,852.51,16,False,False
T000995,LATAM,Salvador - Curitiba,1045.97,0.0,0.0,1045.97,40,False,False
T000996,LATAM,Salvador - Vitória da Conquista,729.34,0.0,0.0,729.34,0,False,False
T000998,Azul,Salvador - Manaus,1530.45,0.0,0.0,1530.45,7,False,False
T000999,LATAM,Salvador - São Paulo,617.83,0.0,0.0,617.83,33,False,False
T001000,GOL,Salvador - Brasília,1741.99,0.0,0.0,1741.99,0,False,False
T001001,LATAM,Salvador - Campinas,1529.94,0.0,0.0,1529.94,0,False,False
T001002,Azul,Salvador - Rio de Janeiro,1017.35,0.0,0.0,1017.35,15,False,False
T001003,LATAM,Salvador - Porto Alegre,1341.53,350.71,0.0,1692.24,4,True,False
T001004,LATAM,Salvador - Rio de Janeiro,647.91,0.0,0.0,647.91,31,False,False
T001005,LATAM,Salvador - Curitiba,1288.23,0.0,0.0,1288.23,0,False,False
T001006,GOL,Salvador - Brasília,1223.7,0.0,0.0,1223.7,2,False,False
T001008,GOL,Salvador - Rio de Janeiro,1156.08,0.0,0.0,1156.08,3,False,False
T001009,GOL,Salvador - Manaus,1715.79,0.0,0.0,1715.79,0,False,False
T001010,GOL,Salvador - Recife,460.14,0.0,0.0,460.14,38,False,False
T001012,LATAM,Salvador - Aracaju,1274.64,0.0,0.0,1274.64,1,False,False
T001013,LATAM,Salvador - Vitória da Conquista,740.3,0.0,0.0,740.3,6,False,False
T001014,LATAM,Salvador - Recife,476.46,0.0,0.0,476.46,33,False,False
T001015,GOL,Salvador - São Paulo,1123.64,0.0,0.0,1123.64,5,False,False
T001016,GOL,Salvador - Porto Alegre,2595.3,0.0,0.0,2595.3,3,False,False
T001017,Azul,Salvador - São Paulo,1287.68,0.0,0.0,1287.68,4,False,False
T001018,GOL,Salvador - Curitiba,1241.18,0.0,173.54,173.54,5,False,True
T001019,GOL,Salvador - Rio de Janeiro,606.58,0.0,0.0,606.58,23,False,False
T001020,Azul,Salvador - São Paulo,1993.43,0.0,0.0,1993.43,18,False,False
T001021,Latam Airlines,Salvador - São Paulo,846.2,0.0,0.0,846.2,14,False,False
T001022,Azul,Salvador - São Paulo,2224.48,0.0,0.0,2224.48,0,False,False
T001023,GOL,Salvador - Brasília,800.56,0.0,0.0,800.56,17,False,False
T001024,Azul,Salvador - Rio de Janeiro,1013.84,0.0,0.0,1013.84,22,False,False
T001026,Azul,Salvador - Rio de Janeiro,601.9,0.0,0.0,601.9,24,False,False
T001027,GOL,Salvador - Brasília,752.48,0.0,0.0,752.48,5,False,False
T001028,GOL,Salvador - São Paulo,1135.9,0.0,0.0,1135.9,4,False,False
T001029,LATAM,Salvador - Curitiba,1088.48,0.0,0.0,1088.48,16,False,False
T001030,Azul,Salvador - Recife,323.5,0.0,0.0,323.5,30,False,False
T001031,LATAM,Salvador - Curitiba,2098.87,0.0,0.0,2098.87,3,False,False
T001032,GOL,Salvador - Fortaleza,577.31,0.0,0.0,577.31,6,False,False
T001033,Azul,Salvador - Belo Horizonte,962.63,131.71,0.0,1094.34,15,True,False
T001034,GOL,Salvador - Recife,487.72,0.0,84.21,84.21,22,False,True
T001035,LATAM,Salvador - São Paulo,1628.73,0.0,0.0,1628.73,3,False,False
T001036,Azul,Salvador - São Paulo,1038.56,0.0,0.0,1038.56,11,False,False
T001037,GOL,Salvador - Ilhéus,304.56,0.0,0.0,304.56,21,False,False
T001038,GOL,Salvador - Manaus,2026.11,0.0,0.0,2026.11,2,False,False
T001039,Azul,Salvador - Fortaleza,795.91,196.2,0.0,992.11,4,True,False
T001040,GOL,Salvador - São Paulo,717.24,0.0,0.0,717.24,26,False,False
T001041,LATAM,Salvador - São Paulo,1718.98,378.17,0.0,2097.15,1,True,False
T001043,LATAM,Salvador - Rio de Janeiro,1089.56,0.0,0.0,1089.56,1,False,False
T001044,LATAM,Salvador - Fortaleza,1004.31,0.0,0.0,1004.31,4,False,False
T001045,GOL,Salvador - Aracaju,476.1,0.0,0.0,476.1,5,False,False
T001046,GOL,Salvador - Aracaju,376.55,0.0,0.0,376.55,2,False,False
T001047,LATAM,Salvador - São Paulo,821.17,0.0,0.0,821.17,33,False,False
T001048,GOL,Salvador - Rio de Janeiro,535.63,81.29,0.0,616.92,18,True,False
T001049,Azul,Salvador - Campinas,1306.08,0.0,0.0,1306.08,5,False,False
T001050,LATAM,Salvador - Manaus,1039.77,0.0,0.0,1039.77,8,False,False
T001051,GOL,Salvador - São Paulo,701.7,0.0,0.0,701.7,25,False,False
T001052,GOL,Salvador - Fortaleza,854.4,0.0,0.0,854.4,4,False,False
T001053,LATAM,Salvador - Belo Horizonte,1266.51,0.0,0.0,1266.51,1,False,False
T001054,GOL,Salvador - Ilhéus,557.68,0.0,73.0,73.0,16,False,True
T001055,LATAM,Salvador - Porto Alegre,1586.61,0.0,0.0,1586.61,4,False,False
T001056,LATAM,Salvador - Belo Horizonte,1169.89,0.0,0.0,1169.89,1,False,False
T001057,Azul,Salvador - Aracaju,367.2,0.0,0.0,367.2,17,False,False
T001059,GOL,Salvador - Belo Horizonte,957.1,0.0,0.0,957.1,4,False,False
T001060,Azul,Salvador - Belo Horizonte,1185.64,0.0,0.0,1185.64,1,False,False
T001061,GOL,Salvador - São Paulo,1116.05,0.0,0.0,1116.05,1,False,False
T001062,LATAM,Salvador - Brasília,1294.17,0.0,0.0,1294.17,1,False,False
T001063,GOL,Salvador - Curitiba,1433.32,0.0,0.0,1433.32,13,False,False
T001064,LATAM,Salvador - São Paulo,1614.52,0.0,0.0,1614.52,3,False,False
T001065,GOL,Salvador - Porto Alegre,1250.01,0.0,0.0,1250.01,29,False,False
T001066,GOL,Salvador - Recife,754.59,155.09,0.0,909.69,0,True,False
T001067,GOL,Salvador - Fortaleza,711.37,0.0,0.0,711.37,6,False,False
T001068,Azul,Salvador - Brasília,837.1,0.0,0.0,837.1,13,False,False
T001069,Azul,Salvador - São Paulo,1545.02,0.0,0.0,1545.02,11,False,False
T001070,Azul,Salvador - Belo Horizonte,1381.98,0.0,0.0,1381.98,0,False,False
T001071,GOL,Salvador - Vitória da Conquista,612.77,118.23,0.0,731.0,4,True,False
T001072,Azul,Salvador - Rio de Janeiro,879.5,0.0,162.41,162.41,14,False,True
T001073,Azul,Salvador - Belo Horizonte,1067.89,0.0,0.0,1067.89,0,False,False
T001074,GOL,Salvador - Belo Horizonte,522.19,101.95,0.0,624.14,25,True,False
T001075,Azul,Salvador - Brasília,1047.4,0.0,0.0,1047.4,12,False,False
T001076,Azul,Salvador - Porto Alegre,1645.09,0.0,0.0,1645.09,6,False,False
T001077,GOL,Salvador - Recife,370.56,0.0,0.0,370.56,17,False,False
T001078,GOL,Salvador - São Paulo,728.62,0.0,0.0,728.62,24,False,False
T001079,GOL,Salvador - Brasília,1059.13,0.0,0.0,1059.13,13,False,False
T001082,GOL,Salvador - Vitória da Conquista,343.67,0.0,0.0,343.67,23,False,False
T001083,Azul,Salvador - Brasília,738.96,0.0,0.0,738.96,10,False,False
T001084,Azul,Salvador - Brasília,1035.88,0.0,0.0,1035.88,9,False,False
T001085,Azul,Salvador - São Paulo,1477.56,425.65,0.0,1903.21,9,True,False
T001086,GOL,Salvador - São Paulo,1122.65,0.0,0.0,1122.65,1,False,False
T001087,LATAM,Salvador - Brasília,903.28,0.0,0.0,903.28,13,False,False
T001088,Azul,Salvador - São Paulo,1000.01,0.0,0.0,1000.01,7,False,False
T001090,LATAM,Salvador - Recife,709.78,0.0,0.0,709.78,5,False,False
T001091,LATAM,Salvador - Porto Alegre,1173.36,0.0,0.0,1173.36,30,False,False
T001092,Azul,Salvador - Recife,705.75,0.0,0.0,705.75,24,False,False
T001093,Azul,Salvador - Fortaleza,557.59,0.0,0.0,557.59,21,False,False
T001095,GOL,Salvador - Belo Horizonte,678.05,0.0,0.0,678.05,11,False,False
T001096,GOL,Salvador - São Paulo,805.57,130.59,0.0,936.16,16,True,False
T001097,LATAM,Salvador - Rio de Janeiro,1107.61,0.0,0.0,1107.61,6,False,False
T001098,GOL,Salvador - São Paulo,945.57,0.0,0.0,945.57,5,False,False
T001099,GOL,Salvador - Recife,574.78,0.0,0.0,574.78,30,False,False
T001100,GOL,Salvador - Vitória da Conquista,529.31,0.0,0.0,529.31,6,False,False
T001102,LATAM,Salvador - Rio de Janeiro,732.99,0.0,0.0,732.99,29,False,False
T001103,GOL,Salvador - Fortaleza,962.68,0.0,0.0,962.68,2,False,False
T001104,LATAM,Salvador - Curitiba,1199.7,0.0,0.0,1199.7,6,False,False
T001105,LATAM,Salvador - Campinas,1204.85,0.0,0.0,1204.85,4,False,False
T001106,GOL,Salvador - Fortaleza,1065.41,0.0,0.0,1065.41,0,False,False
T001107,GOL,Salvador - Campinas,1034.96,0.0,0.0,1034.96,8,False,False
T001108,LATAM,Salvador - São Paulo,1232.8,0.0,0.0,1232.8,2,False,False
T001109,GOL,Salvador - Belo Horizonte,911.24,0.0,0.0,911.24,5,False,False
T001110,LATAM,Salvador - São Paulo,950.28,0.0,0.0,950.28,6,False,False
T001111,GOL,Salvador - Rio de Janeiro,690.27,0.0,0.0,690.27,8,False,False
T001112,GOL,Salvador - Recife,901.63,0.0,0.0,901.63,3,False,False
T001114,Azul,Salvador - Fortaleza,683.9,0.0,0.0,683.9,19,False,False
T001115,LATAM,Salvador - São Paulo,1271.21,0.0,0.0,1271.21,4,False,False
T001116,Azul,Salvador - São Paulo,596.16,0.0,0.0,596.16,32,False,False
T001117,LATAM,Salvador - Manaus,2536.75,0.0,0.0,2536.75,3,False,False
T001118,GOL,Salvador - Rio de Janeiro,1422.62,0.0,0.0,1422.62,0,False,False
T001119,Azul,Salvador - São Paulo,1358.17,0.0,0.0,1358.17,4,False,False
T001120,LATAM,Salvador - São Paulo,1189.36,0.0,0.0,1189.36,2,False,False
T001121,LATAM,Salvador - Vitória da Conquista,759.87,0.0,0.0,759.87,2,False,False
T001123,LATAM,Salvador - Belo Horizonte,1662.81,0.0,0.0,1662.81,3,False,False
T001125,GOL,Salvador - São Paulo,960.16,0.0,0.0,960.16,7,False,False
T001126,GOL,Salvador - São Paulo,882.57,0.0,0.0,882.57,4,False,False
T001127,LATAM,Salvador - Campinas,1770.5,0.0,0.0,1770.5,3,False,False
T001128,GOL,Salvador - São Paulo,1078.98,0.0,0.0,1078.98,6,False,False
T001129,GOL,Salvador - São Paulo,1182.82,0.0,0.0,1182.82,9,False,False
T001130,LATAM,Salvador - Recife,891.7,0.0,0.0,891.7,1,False,False
T001131,GOL,Salvador - São Paulo,886.35,0.0,0.0,886.35,21,False,False
T001133,LATAM,Salvador - Rio de Janeiro,874.69,0.0,0.0,874.69,7,False,False
T001134,GOL,Salvador - Ilhéus,406.97,0.0,0.0,406.97,4,False,False
T001135,LATAM,Salvador - Brasília,1365.41,0.0,0.0,1365.41,6,False,False
T001136,LATAM,Salvador - Fortaleza,1017.0,0.0,0.0,1017.0,3,False,False
T001137,GOL,Salvador - Belo Horizonte,964.75,0.0,0.0,964.75,1,False,False
T001138,GOL,Salvador - Belo Horizonte,750.35,0.0,0.0,750.35,27,False,False
T001139,LATAM,Salvador - Recife,634.86,0.0,0.0,634.86,9,False,False
T001140,Azul,Salvador - São Paulo,998.74,0.0,0.0,998.74,9,False,False
T001141,,Salvador - São Paulo,1165.78,0.0,0.0,1165.78,4,False,False
T001142,GOL,Salvador - Ilhéus,590.16,0.0,0.0,590.16,0,False,False
T001143,GOL,Salvador - Curitiba,948.55,0.0,0.0,948.55,11,False,False
T001144,LATAM,Salvador - São Paulo,978.25,0.0,0.0,978.25,4,False,False
T001145,LATAM,Salvador - São Paulo,1156.28,0.0,0.0,1156.28,0,False,False
T001146,LATAM,Salvador - Curitiba,1118.66,0.0,0.0,1118.66,11,False,False
T001148,GOL,Salvador - Belo Horizonte,1095.42,0.0,0.0,1095.42,8,False,False
T001149,Azul,Salvador - Belo Horizonte,1217.41,263.91,0.0,1481.31,15,True,False
T001151,GOL,Salvador - Rio de Janeiro,1380.05,0.0,0.0,1380.05,1,False,False
T001152,GOL,Salvador - Belo Horizonte,828.6,0.0,0.0,828.6,9,False,False
T001153,GOL,Salvador - Rio de Janeiro,2199.85,0.0,0.0,2199.85,3,False,False
T001154,GOL,Salvador - Belo Horizonte,1042.4,0.0,0.0,1042.4,12,False,False
T001155,Azul,Salvador - São Paulo,789.87,0.0,0.0,789.87,20,False,False
T001156,Azul,Salvador - Recife,910.6,0.0,0.0,910.6,4,False,False
T001157,LATAM,Salvador - São Paulo,1583.62,0.0,0.0,1583.62,6,False,False
T001158,GOL,Salvador - São Paulo,1342.67,0.0,331.9,331.9,1,False,True
T001159,GOL,Salvador - São Paulo,946.47,0.0,0.0,946.47,27,False,False
T001160,LATAM,Salvador - São Paulo,741.91,0.0,0.0,741.91,21,False,False
T001161,LATAM,Salvador - Porto Alegre,1901.83,0.0,0.0,1901.83,5,False,False
T001162,LATAM,Salvador - São Paulo,1170.55,0.0,0.0,1170.55,6,False,False
T001163,Azul,Salvador - Aracaju,713.54,0.0,191.04,191.04,2,False,True
T001164,Azul,Salvador - Belo Horizonte,1391.94,0.0,0.0,1391.94,3,False,False
T001165,GOL,Salvador - São Paulo,1589.61,0.0,0.0,1589.61,0,False,False
T001166,LATAM,Salvador - Brasília,905.43,0.0,0.0,905.43,22,False,False
T001167,GOL,Salvador - Recife,606.37,0.0,0.0,606.37,6,False,False
T001168,LATAM,Salvador - Recife,702.27,0.0,0.0,702.27,12,False,False
T001169,LATAM,Salvador - Fortaleza,1107.26,0.0,0.0,1107.26,11,False,False
T001170,LATAM,Salvador - Recife,561.15,0.0,0.0,561.15,5,False,False
T001171,LATAM,Salvador - Recife,1102.84,0.0,0.0,1102.84,0,False,False
T001172,gol,Salvador - Curitiba,877.74,0.0,0.0,877.74,21,False,False
T001173,GOL,Salvador - São Paulo,972.12,0.0,245.27,245.27,11,False,True
T001174,GOL,Salvador - São Paulo,968.49,0.0,0.0,968.49,24,False,False
T001175,Gol Linhas Aéreas,Salvador - Belo Horizonte,729.63,0.0,0.0,729.63,38,False,False
T001176,Azul,Salvador - São Paulo,1233.35,0.0,0.0,1233.35,4,False,False
T001177,LATAM,Salvador - Recife,434.32,0.0,0.0,434.32,20,False,False
T001178,GOL,Salvador - Curitiba,1119.84,0.0,0.0,1119.84,13,False,False
T001180,LATAM,Salvador - São Paulo,1995.6,0.0,0.0,1995.6,3,False,False
T001182,LATAM,Salvador - Campinas,1252.12,0.0,0.0,1252.12,6,False,False
T001184,LATAM,Salvador - Belo Horizonte,769.19,0.0,0.0,769.19,16,False,False
T001185,LATAM Airlines,Salvador - Vitória da Conquista,453.82,0.0,0.0,453.82,5,False,False
T001186,GOL,Salvador - Ilhéus,466.13,146.13,0.0,612.26,7,True,False
T001187,GOL,Salvador - Recife,467.44,0.0,0.0,467.44,4,False,False
T001188,GOL,Salvador - Brasília,879.06,0.0,0.0,879.06,10,False,False
T001189,GOL,Salvador - Belo Horizonte,1201.25,0.0,0.0,1201.25,0,False,False
T001190,LATAM,Salvador - Belo Horizonte,791.49,0.0,0.0,791.49,10,False,False
T001192,LATAM,Salvador - Recife,655.64,0.0,0.0,655.64,13,False,False
T001193,LATAM,Salvador - Rio de Janeiro,992.34,265.37,0.0,1257.71,5,True,False
T001194,GOL,Salvador - Rio de Janeiro,1050.52,328.99,0.0,1379.5,5,True,False
T001195,Azul,Salvador - São Paulo,797.5,0.0,0.0,797.5,29,False,False
T001196,LATAM,Salvador - Aracaju,379.9,0.0,0.0,379.9,26,False,False
T001197,LATAM,Salvador - Rio de Janeiro,1403.33,0.0,0.0,1403.33,0,False,False
T001198,Azul,Salvador - São Paulo,1722.71,0.0,0.0,1722.71,7,False,False
T001199,Azul,Salvador - São Paulo,2244.63,0.0,0.0,2244.63,0,False,False
T001200,LATAM,Salvador - Fortaleza,1059.53,0.0,0.0,1059.53,3,False,False
T001201,Azul,Salvador - Porto Alegre,1674.93,0.0,0.0,1674.93,4,False,False
T001202,LATAM,Salvador - São Paulo,1119.32,0.0,0.0,1119.32,6,False,False
T001203,GOL,Salvador - Recife,918.87,0.0,0.0,918.87,2,False,False
T001204,LATAM,Salvador - São Paulo,1569.3,0.0,0.0,1569.3,8,False,False
T001205,Azul,Salvador - Recife,584.77,93.57,0.0,678.34,14,True,False
T001206,GOL,Salvador - Brasília,1467.55,0.0,0.0,1467.55,2,False,False
T001207,LATAM,Salvador - Curitiba,971.69,0.0,0.0,971.69,8,False,False
T001208,LATAM,Salvador - Rio de Janeiro,602.39,0.0,0.0,602.39,32,False,False
T001210,LATAM,Salvador - São Paulo,591.42,0.0,0.0,591.42,33,False,False
T001211,Azul,Salvador - São Paulo,1449.81,0.0,0.0,1449.81,0,False,False
T001212,GOL,Salvador - Rio de Janeiro,936.22,0.0,0.0,936.22,5,False,False
T001213,Azul,Salvador - Fortaleza,1608.21,0.0,0.0,1608.21,4,False,False
T001214,latam,Salvador - Rio de Janeiro,1386.43,0.0,0.0,1386.43,2,False,False
T001215,Azul,Salvador - Campinas,749.58,0.0,0.0,749.58,23,False,False
T001217,Azul,Salvador - Porto Alegre,2071.96,0.0,0.0,2071.96,4,False,False
T001218,LATAM,Salvador - São Paulo,855.32,0.0,0.0,855.32,20,False,False
T001219,GOL,Salvador - São Paulo,1413.47,0.0,0.0,1413.47,0,False,False
T001220,GOL,Salvador - Belo Horizonte,1301.22,0.0,326.6,326.6,3,False,True
T001221,LATAM,Salvador - Ilhéus,488.58,0.0,0.0,488.58,0,False,False
T001222,GOL,Salvador - Campinas,1294.37,159.28,0.0,1453.65,9,True,False
T001223,Azul,Salvador - Porto Alegre,2806.3,0.0,0.0,2806.3,2,False,False
T001224,LATAM,Salvador - São Paulo,1394.25,0.0,0.0,1394.25,0,False,False
T001225,GOL,Salvador - Campinas,861.12,0.0,0.0,861.12,16,False,False
T001226,Azul,Salvador - Rio de Janeiro,645.54,0.0,0.0,645.54,41,False,False
T001227,LATAM,Salvador - Campinas,1260.83,0.0,0.0,1260.83,5,False,False
T001228,Azul,Salvador - Brasília,1284.76,0.0,0.0,1284.76,0,False,False
T001229,LATAM,Salvador - Rio de Janeiro,853.72,0.0,0.0,853.72,24,False,False
T001230,GOL,Salvador - São Paulo,1410.36,0.0,0.0,1410.36,10,False,False
T001231,GOL,Salvador - Rio de Janeiro,1151.9,0.0,251.74,251.74,5,False,True
T001232,Azul,Salvador - Recife,592.7,0.0,0.0,592.7,4,False,False
T001233,LATAM,Salvador - São Paulo,1890.99,0.0,0.0,1890.99,5,False,False
T001234,LATAM,Salvador - Porto Alegre,1333.25,0.0,0.0,1333.25,10,False,False
T001235,Azul,Salvador - Rio de Janeiro,1033.93,0.0,0.0,1033.93,21,False,False
T001236,LATAM,Salvador - Recife,896.87,247.48,0.0,1144.35,1,True,False
T001237,LATAM,Salvador - Fortaleza,680.65,138.05,0.0,818.69,2,True,False
T001238,GOL,Salvador - Belo Horizonte,673.19,0.0,0.0,673.19,11,False,False
T001239,Azul,Salvador - São Paulo,1573.35,486.14,0.0,2059.49,0,True,False
T001240,LATAM,Salvador - São Paulo,1061.87,0.0,0.0,1061.87,20,False,False
T001241,LATAM,Salvador - Manaus,1365.46,0.0,295.65,295.65,6,False,True
T001242,LATAM,Salvador - São Paulo,916.5,0.0,0.0,916.5,13,False,False
T001243,LATAM,Salvador - Brasília,987.45,0.0,0.0,987.45,4,False,False
T001244,LATAM,Salvador - São Paulo,1144.63,0.0,198.23,198.23,29,False,True
T001245,GOL,Salvador - São Paulo,1380.41,0.0,0.0,1380.41,2,False,False
T001246,Azul,Salvador - Rio de Janeiro,771.6,0.0,0.0,771.6,19,False,False
T001247,GOL,Salvador - Fortaleza,853.23,0.0,0.0,853.23,9,False,False
T001248,GOL,Salvador - São Paulo,1109.66,0.0,214.88,214.88,11,False,True
T001249,GOL,Salvador - Rio de Janeiro,770.26,0.0,0.0,770.26,9,False,False
T001250,LATAM,Salvador - Aracaju,412.24,0.0,0.0,412.24,0,False,False
T001251,gol,Salvador - Belo Horizonte,557.89,0.0,0.0,557.89,23,False,False
T001252,GOL,Salvador - Aracaju,487.02,0.0,0.0,487.02,5,False,False
T001253,Azul,Salvador - Recife,888.27,124.72,0.0,1012.99,0,True,False
T001254,GOL,Salvador - Vitória da Conquista,493.3,0.0,0.0,493.3,18,False,False
T001255,latam,Salvador - Fortaleza,1058.47,216.98,0.0,1275.45,14,True,False
T001256,Azul,Salvador - Campinas,1571.01,0.0,0.0,1571.01,6,False,False
T001257,GOL,Salvador - Recife,387.64,0.0,0.0,387.64,23,False,False
T001258,LATAM,Salvador - Fortaleza,762.63,0.0,0.0,762.63,23,False,False
T001259,GOL,Salvador - Ilhéus,714.76,0.0,0.0,714.76,2,False,False
T001260,LATAM Airlines,Salvador - Belo Horizonte,613.85,0.0,0.0,613.85,15,False,False
T001262,Azul,Salvador - Rio de Janeiro,1464.03,284.83,0.0,1748.86,0,True,False
T001263,Azul,Salvador - Manaus,2367.17,0.0,0.0,2367.17,2,False,False
T001264,GOL,Salvador - Vitória da Conquista,762.4,0.0,0.0,762.4,4,False,False
T001265,LATAM,Salvador - São Paulo,1230.0,353.11,0.0,1583.11,0,True,False
T001266,LATAM,Salvador - Ilhéus,295.58,0.0,0.0,295.58,26,False,False
T001267,LATAM,Salvador - Brasília,1380.14,0.0,0.0,1380.14,1,False,False
T001268,Azul,Salvador - São Paulo,943.02,0.0,0.0,943.02,5,False,False
T001269,LATAM,Salvador - Curitiba,1625.21,0.0,0.0,1625.21,1,False,False
T001270,LATAM,Salvador - Fortaleza,566.64,0.0,0.0,566.64,10,False,False
T001271,GOL,Salvador - Recife,812.75,0.0,0.0,812.75,4,False,False
T001272,GOL,Salvador - São Paulo,1945.28,0.0,0.0,1945.28,1,False,False
T001273,GOL,Salvador - São Paulo,1543.11,0.0,0.0,1543.11,0,False,False
T001274,Azul,Salvador - Brasília,906.78,0.0,0.0,906.78,12,False,False
T001275,Azul,Salvador - São Paulo,826.36,0.0,0.0,826.36,16,False,False
T001276,GOL,Salvador - Campinas,602.63,0.0,0.0,602.63,38,False,False
T001277,LATAM,Salvador - São Paulo,943.07,0.0,0.0,943.07,27,False,False
T001278,Azul,Salvador - Brasília,685.34,0.0,0.0,685.34,30,False,False
T001279,GOL,Salvador - Rio de Janeiro,1207.12,268.01,0.0,1475.13,5,True,False
T001280,LATAM,Salvador - São Paulo,1304.46,0.0,0.0,1304.46,2,False,False
T001281,GOL,Salvador - São Paulo,1321.53,0.0,165.53,165.53,6,False,True
T001282,GOL,Salvador - Belo Horizonte,1023.27,0.0,0.0,1023.27,14,False,False
T001283,LATAM,Salvador - Rio de Janeiro,559.47,0.0,0.0,559.47,19,False,False
T001284,GOL,Salvador - Brasília,1042.04,0.0,0.0,1042.04,5,False,False
T001285,GOL,Salvador - Belo Horizonte,1088.74,0.0,0.0,1088.74,1,False,False
T001286,GOL,Salvador - São Paulo,878.81,0.0,0.0,878.81,4,False,False
T001287,GOL,Salvador - São Paulo,1495.04,0.0,0.0,1495.04,0,False,False
T001288,LATAM,Salvador - Porto Alegre,783.33,0.0,0.0,783.33,17,False,False
T001289,LATAM,Salvador - Ilhéus,753.57,0.0,0.0,753.57,6,False,False
T001290,LATAM,Salvador - Campinas,1197.23,0.0,0.0,1197.23,7,False,False
T001291,gol,Salvador - Recife,988.65,0.0,0.0,988.65,2,False,False
T001292,LATAM,Salvador - Brasília,2055.44,0.0,0.0,2055.44,6,False,False
T001293,Azul,Salvador - São Paulo,1362.99,0.0,0.0,1362.99,15,False,False
T001294,Azul,Salvador - São Paulo,748.28,0.0,0.0,748.28,16,False,False
T001295,GOL,Salvador - Brasília,870.72,0.0,0.0,870.72,13,False,False
T001296,LATAM,Salvador - Brasília,1150.99,0.0,0.0,1150.99,4,False,False
T001297,GOL,Salvador - São Paulo,1049.89,209.45,0.0,1259.34,5,True,False
T001298,LATAM,Salvador - Brasília,641.82,0.0,0.0,641.82,19,False,False
T001299,LATAM,Salvador - São Paulo,925.79,0.0,0.0,925.79,59,False,False
T001300,GOL,Salvador - Brasília,567.55,0.0,0.0,567.55,15,False,False
T001301,LATAM,Salvador - São Paulo,1616.66,0.0,0.0,1616.66,2,False,False
T001302,LATAM,Salvador - Manaus,2091.34,0.0,0.0,2091.34,0,False,False
T001303,GOL,Salvador - São Paulo,1184.82,0.0,0.0,1184.82,0,False,False
T001304,GOL,Salvador - Brasília,826.23,0.0,0.0,826.23,17,False,False
T001305,GOL,Salvador - Vitória da Conquista,472.1,0.0,0.0,472.1,7,False,False
T001306,Azul,Salvador - Rio de Janeiro,887.83,0.0,0.0,887.83,7,False,False
T001307,Azul,Salvador - Brasília,1302.26,0.0,0.0,1302.26,1,False,False
T001308,GOL,Salvador - Manaus,1014.17,0.0,0.0,1014.17,13,False,False
T001309,LATAM,Salvador - Porto Alegre,1258.85,0.0,190.2,190.2,29,False,True
T001310,LATAM,Salvador - São Paulo,868.48,200.56,0.0,1069.04,16,True,False
T001311,Azul,Salvador - Porto Alegre,1009.92,0.0,0.0,1009.92,5,False,False
T001312,GOL,Salvador - Rio de Janeiro,721.91,0.0,0.0,721.91,16,False,False
T001313,Azul,Salvador - Rio de Janeiro,993.7,204.57,0.0,1198.26,16,True,False
T001314,GOL,Salvador - São Paulo,995.03,0.0,0.0,995.03,13,False,False
T001315,Azul,Salvador - São Paulo,1223.66,0.0,0.0,1223.66,5,False,False
T001316,Azul,Salvador - Porto Alegre,2299.26,0.0,0.0,2299.26,3,False,False
T001317,GOL,Salvador - Curitiba,1429.91,392.53,0.0,1822.44,3,True,False
T001318,GOL,Salvador - São Paulo,1084.11,0.0,0.0,1084.11,13,False,False
T001319,GOL,Salvador - São Paulo,1737.42,0.0,0.0,1737.42,3,False,False
T001320,LATAM,Salvador - São Paulo,1292.17,171.9,0.0,1464.07,0,True,False
T001321,GOL,Salvador - São Paulo,1178.92,0.0,0.0,1178.92,0,False,False
T001322,LATAM,Salvador - Rio de Janeiro,851.43,0.0,0.0,851.43,15,False,False
T001323,LATAM,Salvador - Rio de Janeiro,1207.78,0.0,0.0,1207.78,1,False,False
T001324,LATAM,Salvador - São Paulo,672.66,0.0,0.0,672.66,28,False,False
T001325,LATAM,Salvador - Recife,915.74,0.0,0.0,915.74,2,False,False
T001326,Azul,Salvador - Belo Horizonte,1675.09,0.0,0.0,1675.09,3,False,False
T001327,LATAM,Salvador - São Paulo,1099.04,0.0,0.0,1099.04,7,False,False
T001328,LATAM,Salvador - São Paulo,1005.68,0.0,0.0,1005.68,29,False,False
T001329,LATAM,Salvador - Recife,467.09,0.0,0.0,467.09,12,False,False
T001330,LATAM,Salvador - Brasília,1440.67,0.0,0.0,1440.67,0,False,False
T001331,GOL,Salvador - Recife,467.79,0.0,0.0,467.79,27,False,False
T001332,LATAM,Salvador - Porto Alegre,1963.35,0.0,299.88,299.88,2,False,True
T001333,LATAM,Salvador - Rio de Janeiro,936.97,0.0,0.0,936.97,17,False,False
T001334,Azul,Salvador - Recife,514.78,0.0,0.0,514.78,19,False,False
T001335,LATAM,Salvador - Curitiba,1543.31,0.0,0.0,1543.31,3,False,False
T001336,LATAM,Salvador - São Paulo,763.33,0.0,0.0,763.33,17,False,False
T001337,GOL,Salvador - São Paulo,1192.67,0.0,0.0,1192.67,13,False,False
T001338,Azul,Salvador - Fortaleza,745.49,0.0,0.0,745.49,15,False,False
T001339,,Salvador - Manaus,1032.63,0.0,0.0,1032.63,18,False,False
T001340,Azul,Salvador - Recife,736.22,0.0,0.0,736.22,6,False,False
T001341,Azul,Salvador - São Paulo,850.87,0.0,0.0,850.87,10,False,False
T001342,LATAM,Salvador - Fortaleza,605.13,0.0,0.0,605.13,9,False,False
T001343,LATAM,Salvador - Fortaleza,1542.39,0.0,0.0,1542.39,3,False,False
T001344,LATAM,Salvador - Recife,528.86,0.0,0.0,528.86,19,False,False
T001345,LATAM,Salvador - Fortaleza,834.46,0.0,0.0,834.46,4,False,False
T001346,Azul,Salvador - Porto Alegre,1381.55,0.0,0.0,1381.55,11,False,False
T001347,Azul,Salvador - São Paulo,1650.68,471.39,0.0,2122.07,3,True,False
T001348,LATAM,Salvador - Fortaleza,712.04,0.0,0.0,712.04,7,False,False
T001349,GOL,Salvador - Recife,371.34,0.0,0.0,371.34,18,False,False
T001350,Azul,Salvador - Brasília,2786.11,0.0,0.0,2786.11,0,False,False
T001351,LATAM,Salvador - Brasília,822.01,0.0,0.0,822.01,31,False,False
T001352,LATAM,Salvador - São Paulo,1449.5,0.0,0.0,1449.5,4,False,False
T001354,Azul,Salvador - Campinas,1204.84,0.0,0.0,1204.84,4,False,False
T001355,LATAM,Salvador - Brasília,807.84,0.0,0.0,807.84,12,False,False
T001356,LATAM,Salvador - São Paulo,1382.45,0.0,0.0,1382.45,0,False,False
T001357,LATAM,Salvador - Brasília,925.32,0.0,0.0,925.32,8,False,False
T001358,LATAM,Salvador - Recife,934.83,227.35,0.0,1162.19,1,True,False
T001359,GOL,Salvador - Fortaleza,742.46,0.0,0.0,742.46,18,False,False
T001360,GOL,Salvador - Belo Horizonte,829.41,0.0,0.0,829.41,5,False,False
T001361,GOL,Salvador - Belo Horizonte,528.97,141.58,0.0,670.55,26,True,False
T001362,GOL,Salvador - Porto Alegre,933.14,0.0,0.0,933.14,13,False,False
T001363,GOL,Salvador - Rio de Janeiro,1273.65,0.0,0.0,1273.65,1,False,False
T001364,Azul,Salvador - Rio de Janeiro,876.75,0.0,0.0,876.75,14,False,False
T001365,Azul,Salvador - Campinas,942.92,0.0,0.0,942.92,18,False,False
T001368,GOL,Salvador - Curitiba,1221.55,0.0,0.0,1221.55,6,False,False
T001369,LATAM,Salvador - Fortaleza,809.39,0.0,0.0,809.39,9,False,False
T001370,Azul,Salvador - Vitória da Conquista,651.62,154.29,0.0,805.91,14,True,False
T001371,GOL,Salvador - Porto Alegre,2399.89,0.0,0.0,2399.89,0,False,False
T001372,GOL,Salvador - São Paulo,1318.78,290.1,0.0,1608.88,0,True,False
T001373,LATAM,Salvador - Recife,522.79,0.0,0.0,522.79,11,False,False
T001374,GOL,Salvador - São Paulo,1505.66,0.0,0.0,1505.66,1,False,False
T001375,Azul,Salvador - Rio de Janeiro,833.86,0.0,0.0,833.86,5,False,False
T001376,Azul,Salvador - Fortaleza,1007.48,220.84,0.0,1228.31,1,True,False
T001377,GOL,Salvador - Belo Horizonte,942.72,144.26,0.0,1086.98,6,True,False
T001378,GOL,Salvador - Porto Alegre,1015.18,0.0,0.0,1015.18,19,False,False
T001379,LATAM,Salvador - Brasília,1043.39,0.0,0.0,1043.39,5,False,False
T001380,LATAM,Salvador - São Paulo,932.11,0.0,0.0,932.11,5,False,False
T001381,LATAM,Salvador - São Paulo,1942.97,0.0,0.0,1942.97,3,False,False
T001382,GOL,Salvador - São Paulo,802.87,0.0,0.0,802.87,35,False,False
T001383,GOL,Salvador - Belo Horizonte,831.41,0.0,0.0,831.41,5,False,False
T001384,LATAM,Salvador - Brasília,1506.16,0.0,0.0,1506.16,6,False,False
T001385,GOL,Salvador - Ilhéus,370.54,0.0,0.0,370.54,6,False,False
T001386,GOL,Salvador - Curitiba,1203.98,0.0,0.0,1203.98,6,False,False
T001387,LATAM,Salvador - Recife,457.97,0.0,0.0,457.97,15,False,False
T001388,Azul,Salvador - Brasília,1009.72,0.0,0.0,1009.72,6,False,False
T001389,GOL,Salvador - Belo Horizonte,1068.99,0.0,0.0,1068.99,13,False,False
T001390,Azul,Salvador - Fortaleza,837.36,0.0,0.0,837.36,20,False,False
T001391,LATAM,Salvador - Ilhéus,555.66,0.0,0.0,555.66,6,False,False
T001392,Azul,Salvador - Belo Horizonte,812.94,129.32,0.0,942.26,6,True,False
T001393,GOL,Salvador - Ilhéus,461.41,0.0,0.0,461.41,4,False,False
T001394,LATAM,Salvador - São Paulo,546.71,0.0,0.0,546.71,35,False,False
T001396,LATAM,Salvador - Fortaleza,647.92,0.0,0.0,647.92,9,False,False
T001397,GOL,Salvador - São Paulo,1444.7,0.0,0.0,1444.7,1,False,False
T001398,LATAM,Salvador - Aracaju,458.35,0.0,0.0,458.35,12,False,False
T001399,GOL,Salvador - São Paulo,1656.39,0.0,0.0,1656.39,6,False,False
T001400,Azul,Salvador - Curitiba,1085.03,0.0,0.0,1085.03,7,False,False
T001401,LATAM,Salvador - São Paulo,1281.01,0.0,0.0,1281.01,12,False,False
T001402,GOL,Salvador - São Paulo,1027.32,0.0,0.0,1027.32,12,False,False
T001403,Azul,Salvador - Curitiba,1441.24,0.0,0.0,1441.24,14,False,False
T001404,GOL,Salvador - Rio de Janeiro,2023.19,0.0,0.0,2023.19,1,False,False
T001405,LATAM,Salvador - São Paulo,925.16,0.0,0.0,925.16,24,False,False
T001406,Azul,Salvador - Campinas,1190.18,0.0,0.0,1190.18,6,False,False
T001407,GOL,Salvador - Curitiba,1215.92,0.0,0.0,1215.92,5,False,False
T001408,GOL,Salvador - São Paulo,1077.77,0.0,0.0,1077.77,13,False,False
T001409,LATAM,Salvador - Belo Horizonte,1652.84,439.14,0.0,2091.98,2,True,False
T001410,GOL,Salvador - Brasília,675.11,0.0,0.0,675.11,22,False,False
T001411,LATAM,Salvador - São Paulo,754.25,0.0,0.0,754.25,31,False,False
T001412,GOL,Salvador - Brasília,679.25,0.0,0.0,679.25,10,False,False
T001413,LATAM,Salvador - Brasília,1472.18,0.0,0.0,1472.18,3,False,False
T001414,LATAM,Salvador - Brasília,831.97,0.0,0.0,831.97,22,False,False
T001415,GOL,Salvador - São Paulo,1294.71,0.0,0.0,1294.71,0,False,False
T001416,Azul,Salvador - Curitiba,1549.77,194.99,0.0,1744.76,1,True,False
T001418,LATAM,Salvador - São Paulo,857.41,0.0,0.0,857.41,4,False,False
T001419,LATAM,Salvador - Brasília,978.57,0.0,128.64,128.64,7,False,True
T001420,LATAM,Salvador - São Paulo,1334.49,0.0,0.0,1334.49,5,False,False
T001421,GOL,Salvador - Curitiba,1094.69,0.0,0.0,1094.69,10,False,False
T001422,GOL,Salvador - Curitiba,1475.81,0.0,0.0,1475.81,0,False,False
T001423,Azul,Salvador - São Paulo,1426.71,0.0,0.0,1426.71,0,False,False
T001424,GOL,Salvador - São Paulo,641.47,0.0,0.0,641.47,16,False,False
T001425,GOL,Salvador - Belo Horizonte,754.41,0.0,0.0,754.41,10,False,False
T001426,LATAM,Salvador - São Paulo,530.66,0.0,0.0,530.66,36,False,False
T001429,GOL,Salvador - Belo Horizonte,613.86,0.0,0.0,613.86,31,False,False
T001431,LATAM,Salvador - São Paulo,1121.03,0.0,0.0,1121.03,6,False,False
T001432,LATAM,Salvador - Fortaleza,1097.63,0.0,0.0,1097.63,3,False,False
T001433,Azul,Salvador - Belo Horizonte,1486.95,0.0,0.0,1486.95,2,False,False
T001434,LATAM,Salvador - São Paulo,1376.59,0.0,0.0,1376.59,5,False,False
T001435,Gol Linhas Aéreas,Salvador - Rio de Janeiro,865.46,0.0,0.0,865.46,23,False,False
T001436,Azul,Salvador - Belo Horizonte,868.51,0.0,0.0,868.51,12,False,False
T001437,Azul,Salvador - Manaus,1863.59,0.0,0.0,1863.59,12,False,False
T001438,LATAM,Salvador - Vitória da Conquista,423.75,0.0,0.0,423.75,19,False,False
T001439,LATAM,Salvador - São Paulo,1562.95,0.0,0.0,1562.95,19,False,False
T001440,Azul,Salvador - São Paulo,1428.78,0.0,0.0,1428.78,5,False,False
T001441,GOL,Salvador - Recife,958.18,0.0,0.0,958.18,0,False,False
T001442,gol,Salvador - Manaus,1931.77,0.0,0.0,1931.77,5,False,False
T001443,Azul Linhas Aéreas,Salvador - São Paulo,1452.96,0.0,0.0,1452.96,1,False,False
T001444,GOL,Salvador - São Paulo,1581.9,0.0,0.0,1581.9,1,False,False
T001445,Latam Airlines,Salvador - Porto Alegre,1394.38,0.0,0.0,1394.38,12,False,False
T001446,Azul,Salvador - São Paulo,1862.12,0.0,0.0,1862.12,1,False,False
T001447,LATAM,Salvador - Brasília,697.36,0.0,0.0,697.36,11,False,False
T001448,LATAM,Salvador - Brasília,1175.51,0.0,0.0,1175.51,2,False,False
T001449,Azul,Salvador - Brasília,888.35,275.53,0.0,1163.87,19,True,False
T001450,GOL,Salvador - São Paulo,966.12,0.0,0.0,966.12,20,False,False
T001451,GOL,Salvador - São Paulo,1110.19,0.0,0.0,1110.19,14,False,False
T001452,Azul,Salvador - Fortaleza,943.63,0.0,0.0,943.63,5,False,False
T001453,LATAM,Salvador - Recife,377.73,0.0,0.0,377.73,15,False,False
T001454,Azul,Salvador - Belo Horizonte,961.53,0.0,0.0,961.53,2,False,False
T001455,LATAM,Salvador - Brasília,1278.26,0.0,0.0,1278.26,8,False,False
T001456,Azul,Salvador - Rio de Janeiro,2368.27,667.32,0.0,3035.59,6,True,False
T001457,Azul,Salvador - São Paulo,1938.04,0.0,0.0,1938.04,4,False,False
T001460,GOL,Salvador - Rio de Janeiro,632.16,0.0,0.0,632.16,33,False,False
T001461,LATAM,Salvador - Brasília,702.21,0.0,0.0,702.21,19,False,False
T001462,LATAM,Salvador - Campinas,2375.07,0.0,0.0,2375.07,4,False,False
T001463,LATAM,Salvador - Curitiba,1571.88,0.0,0.0,1571.88,2,False,False
T001465,Azul,Salvador - Brasília,1250.81,0.0,0.0,1250.81,0,False,False
T001466,Azul,Salvador - Recife,358.1,0.0,0.0,358.1,22,False,False
T001467,GOL,Salvador - Curitiba,1922.61,0.0,0.0,1922.61,3,False,False
T001468,GOL,Salvador - Manaus,754.89,0.0,0.0,754.89,12,False,False
T001469,LATAM,Salvador - São Paulo,1721.03,0.0,0.0,1721.03,2,False,False
T001470,GOL,Salvador - São Paulo,1174.86,0.0,0.0,1174.86,2,False,False
T001471,Azul,Salvador - São Paulo,879.14,0.0,0.0,879.14,27,False,False
T001472,GOL,Salvador - Brasília,1089.03,0.0,0.0,1089.03,26,False,False
T001473,LATAM,Salvador - Fortaleza,717.49,0.0,0.0,717.49,4,False,False
T001474,GOL,Salvador - Recife,715.7,0.0,0.0,715.7,5,False,False
T001475,LATAM,Salvador - Ilhéus,298.72,0.0,0.0,298.72,18,False,False
T001478,LATAM,Salvador - Manaus,2004.6,0.0,0.0,2004.6,3,False,False
T001479,LATAM,Salvador - São Paulo,1375.95,438.7,0.0,1814.65,4,True,False
T001480,LATAM,Salvador - Porto Alegre,1451.06,0.0,0.0,1451.06,4,False,False
T001481,LATAM,Salvador - Curitiba,1235.27,0.0,0.0,1235.27,14,False,False
T001482,LATAM,Salvador - Campinas,763.34,0.0,0.0,763.34,24,False,False
T001483,GOL,Salvador - Fortaleza,452.37,0.0,0.0,452.37,10,False,False
T001484,Azul,Salvador - São Paulo,751.24,0.0,0.0,751.24,31,False,False
T001485,Azul,Salvador - São Paulo,1339.69,0.0,0.0,1339.69,4,False,False
T001486,LATAM,Salvador - Vitória da Conquista,558.72,0.0,0.0,558.72,6,False,False
T001488,Azul,Salvador - Recife,1004.91,0.0,0.0,1004.91,1,False,False
T001489,GOL,Salvador - Curitiba,1249.09,0.0,0.0,1249.09,4,False,False
T001490,GOL,Salvador - Campinas,1720.88,0.0,0.0,1720.88,1,False,False
T001491,Azul,Salvador - São Paulo,1493.22,0.0,0.0,1493.22,0,False,False
T001492,LATAM,Salvador - São Paulo,1081.5,0.0,0.0,1081.5,23,False,False
T001493,Azul,Salvador - São Paulo,1099.88,0.0,0.0,1099.88,6,False,False
T001494,Azul,Salvador - Aracaju,632.0,0.0,0.0,632.0,1,False,False
T001496,GOL,Salvador - Recife,866.23,0.0,0.0,866.23,0,False,False
T001497,Azul,Salvador - Brasília,1486.39,0.0,0.0,1486.39,12,False,False
T001498,LATAM,Salvador - Brasília,1067.11,0.0,0.0,1067.11,2,False,False
T001500,LATAM,Salvador - Recife,1174.34,0.0,0.0,1174.34,3,False,False
T001501,LATAM,Salvador - Rio de Janeiro,756.55,0.0,0.0,756.55,28,False,False
T001502,LATAM,Salvador - Rio de Janeiro,1460.37,0.0,0.0,1460.37,3,False,False
T001503,GOL,Salvador - Aracaju,453.29,0.0,0.0,453.29,27,False,False
T001504,LATAM,Salvador - Ilhéus,391.19,0.0,0.0,391.19,19,False,False
T001505,GOL,Salvador - Brasília,1421.34,0.0,0.0,1421.34,10,False,False
T001506,Azul,Salvador - São Paulo,1568.43,0.0,0.0,1568.43,7,False,False
T001507,LATAM,Salvador - Rio de Janeiro,2632.89,0.0,0.0,2632.89,1,False,False
T001508,GOL,Salvador - São Paulo,853.62,0.0,0.0,853.62,5,False,False
T001509,LATAM,Salvador - Vitória da Conquista,527.34,0.0,0.0,527.34,5,False,False
T001510,,Salvador - Curitiba,923.91,0.0,0.0,923.91,19,False,False
T001511,GOL,Salvador - São Paulo,1318.04,0.0,0.0,1318.04,1,False,False
T001512,Azul,Salvador - Vitória da Conquista,411.79,0.0,0.0,411.79,4,False,False
T001513,LATAM,Salvador - Campinas,1169.99,0.0,0.0,1169.99,5,False,False
T001514,Azul,Salvador - Brasília,1350.15,0.0,0.0,1350.15,5,False,False
T001516,LATAM,Salvador - São Paulo,988.61,0.0,0.0,988.61,25,False,False
T001517,GOL,Salvador - São Paulo,989.35,0.0,0.0,989.35,23,False,False
T001518,GOL,Salvador - Recife,691.91,0.0,0.0,691.91,1,False,False
T001519,Azul,Salvador - Brasília,1121.41,0.0,0.0,1121.41,0,False,False
T001521,LATAM,Salvador - Rio de Janeiro,1049.86,0.0,0.0,1049.86,26,False,False
T001522,GOL,Salvador - Belo Horizonte,816.79,0.0,0.0,816.79,17,False,False
T001523,GOL,Salvador - Recife,648.83,0.0,0.0,648.83,4,False,False
T001524,LATAM,Salvador - Rio de Janeiro,698.38,0.0,0.0,698.38,15,False,False
T001525,GOL,Salvador - Porto Alegre,841.36,112.27,0.0,953.63,26,True,False
T001526,LATAM,Salvador - Fortaleza,531.68,0.0,0.0,531.68,17,False,False
T001527,LATAM,Salvador - Brasília,699.74,0.0,0.0,699.74,42,False,False
T001528,Azul,Salvador - Belo Horizonte,841.28,129.11,0.0,970.4,7,True,False
T001529,GOL,Salvador - São Paulo,851.26,0.0,0.0,851.26,34,False,False
T001530,LATAM,Salvador - Vitória da Conquista,707.71,0.0,0.0,707.71,5,False,False
T001531,LATAM,Salvador - São Paulo,1044.59,0.0,0.0,1044.59,6,False,False
T001532,GOL,Salvador - Manaus,1400.04,0.0,0.0,1400.04,18,False,False
T001533,LATAM,Salvador - São Paulo,1465.92,0.0,0.0,1465.92,2,False,False
T001534,GOL,Salvador - Fortaleza,536.57,0.0,0.0,536.57,31,False,False
T001535,GOL,Salvador - Recife,782.66,0.0,0.0,782.66,3,False,False
T001536,Azul,Salvador - São Paulo,1227.45,0.0,0.0,1227.45,7,False,False
T001537,GOL,Salvador - Belo Horizonte,1730.34,0.0,0.0,1730.34,0,False,False
T001538,Azul,Salvador - Brasília,903.46,0.0,0.0,903.46,5,False,False
T001539,Azul,Salvador - Fortaleza,561.71,0.0,0.0,561.71,7,False,False
T001540,GOL,Salvador - Campinas,796.44,0.0,114.57,114.57,20,False,True
T001541,GOL,Salvador - São Paulo,1143.61,0.0,0.0,1143.61,0,False,False
T001542,GOL,Salvador - Brasília,719.1,0.0,0.0,719.1,5,False,False
T001544,latam,Salvador - Recife,782.31,0.0,0.0,782.31,5,False,False
T001545,Azul,Salvador - Brasília,840.88,0.0,0.0,840.88,8,False,False
T001546,LATAM,Salvador - Recife,565.24,0.0,0.0,565.24,12,False,False
T001547,GOL,Salvador - Brasília,1155.69,0.0,259.98,259.98,2,False,True
T001548,Azul,Salvador - Recife,457.65,0.0,0.0,457.65,25,False,False
T001549,LATAM,Salvador - Fortaleza,943.9,260.46,0.0,1204.35,2,True,False
T001550,LATAM,Salvador - São Paulo,1543.84,469.35,0.0,2013.18,0,True,False
T001551,GOL,Salvador - Vitória da Conquista,481.8,0.0,0.0,481.8,21,False,False
T001552,Azul,Salvador - Curitiba,1092.62,0.0,0.0,1092.62,11,False,False
T001553,GOL,Salvador - São Paulo,1029.99,0.0,0.0,1029.99,4,False,False
T001554,latam,Salvador - Rio de Janeiro,2362.82,0.0,0.0,2362.82,0,False,False
T001556,LATAM,Salvador - Vitória da Conquista,461.73,0.0,0.0,461.73,6,False,False
T001557,LATAM,Salvador - São Paulo,938.45,0.0,0.0,938.45,20,False,False
T001559,LATAM,Salvador - Brasília,926.47,214.29,0.0,1140.77,7,True,False
T001560,GOL,Salvador - Recife,533.75,0.0,0.0,533.75,15,False,False
T001561,LATAM,Salvador - São Paulo,999.66,277.5,0.0,1277.16,4,True,False
T001562,LATAM,Salvador - Belo Horizonte,1328.26,0.0,0.0,1328.26,3,False,False
T001563,Azul,Salvador - Porto Alegre,2094.84,0.0,0.0,2094.84,1,False,False
T001564,AZUL,Salvador - São Paulo,709.1,0.0,0.0,709.1,33,False,False
T001565,LATAM,Salvador - Brasília,1535.22,272.61,0.0,1807.83,2,True,False
T001566,GOL,Salvador - Campinas,898.56,0.0,0.0,898.56,15,False,False
T001567,LATAM,Salvador - São Paulo,1239.95,0.0,0.0,1239.95,4,False,False
T001568,LATAM,Salvador - Porto Alegre,903.35,0.0,0.0,903.35,21,False,False
T001570,GOL,Salvador - Rio de Janeiro,834.76,0.0,0.0,834.76,13,False,False
T001571,LATAM,Salvador - Campinas,1593.11,0.0,0.0,1593.11,12,False,False
T001572,Latam Airlines,Salvador - Brasília,815.76,0.0,0.0,815.76,19,False,False
T001573,Azul,Salvador - Porto Alegre,863.19,0.0,0.0,863.19,8,False,False
T001574,Azul,Salvador - Belo Horizonte,1128.51,0.0,0.0,1128.51,0,False,False
T001576,GOL,Salvador - Rio de Janeiro,746.18,0.0,0.0,746.18,28,False,False
T001577,LATAM Airlines,Salvador - Rio de Janeiro,924.13,0.0,0.0,924.13,22,False,False
T001578,Azul,Salvador - Ilhéus,716.62,146.55,0.0,863.17,6,True,False
T001579,LATAM,Salvador - São Paulo,1247.39,0.0,0.0,1247.39,16,False,False
T001580,GOL,Salvador - Brasília,751.38,0.0,149.0,149.0,4,False,True
T001581,LATAM,Salvador - Campinas,819.58,0.0,0.0,819.58,29,False,False
T001582,GOL,Salvador - São Paulo,826.22,0.0,0.0,826.22,23,False,False
T001583,Azul,Salvador - São Paulo,1639.1,0.0,0.0,1639.1,6,False,False
T001584,LATAM,Salvador - São Paulo,1116.81,0.0,0.0,1116.81,9,False,False
T001586,Azul,Salvador - Recife,465.92,0.0,0.0,465.92,33,False,False
T001587,Azul,Salvador - Recife,510.07,0.0,0.0,510.07,24,False,False
T001588,LATAM,Salvador - Fortaleza,521.31,0.0,0.0,521.31,19,False,False
T001589,LATAM,Salvador - Rio de Janeiro,1343.65,0.0,0.0,1343.65,0,False,False
T001590,Azul Linhas Aéreas,Salvador - Vitória da Conquista,585.94,0.0,0.0,585.94,6,False,False
T001591,LATAM,Salvador - São Paulo,654.58,175.11,0.0,829.69,10,True,False
T001592,gol,Salvador - Recife,813.87,0.0,0.0,813.87,6,False,False
T001593,LATAM,Salvador - Curitiba,1131.41,0.0,0.0,1131.41,0,False,False
T001595,Azul,Salvador - São Paulo,1552.26,0.0,0.0,1552.26,0,False,False
T001596,GOL,Salvador - São Paulo,850.15,0.0,0.0,850.15,18,False,False
T001597,LATAM,Salvador - Manaus,2315.94,0.0,0.0,2315.94,4,False,False
T001598,Azul,Salvador - Brasília,1211.19,0.0,0.0,1211.19,11,False,False
T001599,LATAM,Salvador - Campinas,1508.39,0.0,0.0,1508.39,0,False,False
T001600,LATAM,Salvador - São Paulo,2031.65,0.0,0.0,2031.65,2,False,False
T001601,GOL,Salvador - Belo Horizonte,1071.69,0.0,0.0,1071.69,7,False,False
T001602,Azul,Salvador - Fortaleza,889.89,0.0,0.0,889.89,5,False,False
T001603,LATAM,Salvador - Recife,712.42,0.0,0.0,712.42,5,False,False
T001604,Azul,Salvador - São Paulo,1114.68,0.0,0.0,1114.68,6,False,False
T001605,GOL,Salvador - Fortaleza,519.54,0.0,0.0,519.54,25,False,False
T001606,LATAM,Salvador - Rio de Janeiro,1234.14,0.0,129.86,129.86,6,False,True
T001607,LATAM,Salvador - Rio de Janeiro,613.97,0.0,0.0,613.97,30,False,False
T001608,LATAM,Salvador - Rio de Janeiro,882.15,0.0,0.0,882.15,7,False,False
T001610,Gol Linhas Aéreas,Salvador - São Paulo,1036.6,0.0,0.0,1036.6,9,False,False
T001611,LATAM,Salvador - Fortaleza,654.8,0.0,0.0,654.8,4,False,False
T001612,LATAM,Salvador - Ilhéus,606.77,0.0,0.0,606.77,3,False,False
T001613,GOL,Salvador - Rio de Janeiro,750.67,0.0,0.0,750.67,9,False,False
T001614,LATAM,Salvador - Recife,852.24,0.0,0.0,852.24,3,False,False
T001615,LATAM,Salvador - São Paulo,1286.42,0.0,0.0,1286.42,0,False,False
T001616,LATAM,Salvador - Brasília,890.69,125.51,0.0,1016.2,8,True,False
T001618,Azul,Salvador - Vitória da Conquista,443.94,0.0,0.0,443.94,22,False,False
T001619,Azul,Salvador - Campinas,1216.31,0.0,0.0,1216.31,0,False,False
T001620,latam,Salvador - Recife,415.45,0.0,0.0,415.45,20,False,False
T001621,GOL,Salvador - São Paulo,2093.41,0.0,0.0,2093.41,0,False,False
T001622,LATAM,Salvador - Recife,648.58,0.0,0.0,648.58,2,False,False
T001623,LATAM,Salvador - Fortaleza,568.2,0.0,0.0,568.2,17,False,False
T001624,Azul,Salvador - Rio de Janeiro,1442.41,0.0,0.0,1442.41,27,False,False
T001625,LATAM,Salvador - Fortaleza,738.34,0.0,0.0,738.34,5,False,False
T001626,Azul,Salvador - Ilhéus,360.28,0.0,0.0,360.28,19,False,False
T001627,Azul,Salvador - Manaus,1314.47,285.98,0.0,1600.46,13,True,False
T001628,LATAM,Salvador - Rio de Janeiro,1555.19,0.0,425.17,425.17,3,False,True
T001630,LATAM,Salvador - São Paulo,1252.62,0.0,0.0,1252.62,28,False,False
T001631,Azul,Salvador - São Paulo,1055.62,0.0,0.0,1055.62,2,False,False
T001632,GOL,Salvador - Brasília,805.68,0.0,0.0,805.68,15,False,False
T001633,GOL,Salvador - São Paulo,1149.89,0.0,0.0,1149.89,1,False,False
T001634,GOL,Salvador - Rio de Janeiro,1015.37,0.0,224.8,224.8,1,False,True
T001635,GOL,Salvador - São Paulo,983.78,0.0,0.0,983.78,12,False,False
T001636,Azul,Salvador - São Paulo,893.13,0.0,0.0,893.13,18,False,False
T001637,LATAM,Salvador - Porto Alegre,1470.77,399.07,0.0,1869.84,0,True,False
T001639,Azul,Salvador - Recife,871.33,0.0,205.73,205.73,1,False,True
T001640,LATAM,Salvador - Brasília,1172.57,248.85,0.0,1421.43,5,True,False
T001641,LATAM,Salvador - Rio de Janeiro,831.64,101.37,0.0,933.01,5,True,False
T001642,Azul,Salvador - São Paulo,884.9,0.0,0.0,884.9,17,False,False
T001643,Gol Linhas Aéreas,Salvador - Campinas,702.43,0.0,0.0,702.43,34,False,False
T001646,LATAM,Salvador - Campinas,1332.43,0.0,0.0,1332.43,3,False,False
T001648,GOL,Salvador - Belo Horizonte,1861.05,0.0,0.0,1861.05,4,False,False
T001649,LATAM,Salvador - São Paulo,1283.93,0.0,255.0,255.0,1,False,True
T001650,LATAM,Salvador - Brasília,761.85,0.0,0.0,761.85,11,False,False
T001652,LATAM,Salvador - São Paulo,2449.63,0.0,0.0,2449.63,2,False,False
T001653,GOL,Salvador - São Paulo,1543.5,0.0,0.0,1543.5,2,False,False
T001654,LATAM,Salvador - Curitiba,828.45,0.0,0.0,828.45,20,False,False
T001655,LATAM Airlines,Salvador - Fortaleza,683.92,0.0,0.0,683.92,26,False,False
T001656,Azul,Salvador - Brasília,1722.13,0.0,0.0,1722.13,6,False,False
T001657,LATAM,Salvador - Belo Horizonte,1344.21,0.0,0.0,1344.21,5,False,False
T001658,LATAM,Salvador - Recife,387.08,0.0,0.0,387.08,23,False,False
T001659,GOL,Salvador - Belo Horizonte,900.76,0.0,105.62,105.62,2,False,True
T001660,GOL,Salvador - São Paulo,1496.88,0.0,0.0,1496.88,3,False,False
T001661,Azul,Salvador - Recife,547.82,0.0,0.0,547.82,26,False,False
T001662,Azul,Salvador - São Paulo,1404.23,0.0,0.0,1404.23,5,False,False
T001663,LATAM,Salvador - Belo Horizonte,1259.18,0.0,0.0,1259.18,6,False,False
T001665,GOL,Salvador - Aracaju,256.33,0.0,0.0,256.33,19,False,False
T001666,LATAM,Salvador - São Paulo,730.06,0.0,0.0,730.06,18,False,False
T001667,Azul,Salvador - São Paulo,985.31,0.0,0.0,985.31,19,False,False
T001668,LATAM,Salvador - Fortaleza,563.24,0.0,0.0,563.24,15,False,False
T001669,GOL,Salvador - Curitiba,2676.96,0.0,0.0,2676.96,3,False,False
T001670,GOL,Salvador - Rio de Janeiro,653.59,0.0,0.0,653.59,26,False,False
T001671,LATAM,Salvador - Brasília,1174.57,0.0,0.0,1174.57,4,False,False
T001672,GOL,Salvador - Rio de Janeiro,858.8,0.0,0.0,858.8,14,False,False
T001673,GOL,Salvador - São Paulo,516.26,0.0,0.0,516.26,21,False,False
T001674,LATAM,Salvador - Recife,477.75,0.0,0.0,477.75,26,False,False
T001676,Azul,Salvador - São Paulo,1704.39,0.0,0.0,1704.39,2,False,False
T001677,GOL,Salvador - Brasília,963.82,0.0,0.0,963.82,18,False,False
T001678,Azul,Salvador - Rio de Janeiro,662.11,0.0,0.0,662.11,4,False,False
T001679,GOL,Salvador - São Paulo,1013.56,0.0,139.62,139.62,6,False,True
T001680,GOL,Salvador - Curitiba,997.27,0.0,0.0,997.27,25,False,False
T001682,GOL,Salvador - Recife,697.27,0.0,0.0,697.27,9,False,False
T001683,GOL,Salvador - São Paulo,744.47,0.0,0.0,744.47,17,False,False
T001685,GOL,Salvador - Rio de Janeiro,1084.32,0.0,0.0,1084.32,0,False,False
T001686,GOL,Salvador - Aracaju,397.22,0.0,0.0,397.22,29,False,False
T001688,Azul,Salvador - São Paulo,999.95,0.0,0.0,999.95,23,False,False
T001689,Azul,Salvador - São Paulo,931.36,0.0,0.0,931.36,11,False,False
T001690,GOL,Salvador - Brasília,1298.55,334.75,0.0,1633.3,5,True,False
T001691,LATAM,Salvador - Fortaleza,660.31,0.0,0.0,660.31,10,False,False
T001693,Azul,Salvador - Recife,737.23,0.0,0.0,737.23,7,False,False
T001694,latam,Salvador - Fortaleza,897.99,0.0,0.0,897.99,6,False,False
T001695,GOL,Salvador - São Paulo,765.65,0.0,0.0,765.65,28,False,False
T001696,LATAM,Salvador - São Paulo,2046.73,0.0,0.0,2046.73,0,False,False
T001697,LATAM,Salvador - Manaus,1338.4,0.0,0.0,1338.4,8,False,False
T001699,Azul,Salvador - Porto Alegre,1514.84,0.0,0.0,1514.84,1,False,False
T001700,Azul,Salvador - Rio de Janeiro,1281.35,0.0,0.0,1281.35,4,False,False
T001701,LATAM,Salvador - São Paulo,973.21,0.0,0.0,973.21,13,False,False
T001703,LATAM,Salvador - Recife,932.56,0.0,0.0,932.56,0,False,False
T001704,LATAM,Salvador - Belo Horizonte,986.89,0.0,0.0,986.89,4,False,False
T001705,LATAM,Salvador - Rio de Janeiro,900.26,0.0,0.0,900.26,5,False,False
T001706,GOL,Salvador - São Paulo,855.56,0.0,0.0,855.56,0,False,False
T001707,LATAM,Salvador - Rio de Janeiro,1551.22,0.0,0.0,1551.22,7,False,False
T001708,Azul,Salvador - Campinas,1365.31,0.0,0.0,1365.31,12,False,False
T001709,Gol Linhas Aéreas,Salvador - São Paulo,1157.97,0.0,0.0,1157.97,0,False,False
T001710,Azul,Salvador - Vitória da Conquista,730.17,0.0,0.0,730.17,0,False,False
T001711,Latam Airlines,Salvador - Porto Alegre,872.84,0.0,0.0,872.84,12,False,False
T001712,Azul,Salvador - São Paulo,1162.26,0.0,0.0,1162.26,5,False,False
T001713,Azul,Salvador - Recife,534.19,0.0,0.0,534.19,31,False,False
T001714,Azul,Salvador - Porto Alegre,1081.84,0.0,0.0,1081.84,19,False,False
T001715,GOL,Salvador - São Paulo,1673.75,0.0,0.0,1673.75,1,False,False
T001716,GOL,Salvador - Rio de Janeiro,1241.36,0.0,0.0,1241.36,1,False,False
T001717,GOL,Salvador - Ilhéus,403.86,0.0,0.0,403.86,5,False,False
T001718,GOL,Salvador - Belo Horizonte,1285.59,0.0,0.0,1285.59,1,False,False
T001720,LATAM,Salvador - Fortaleza,722.34,0.0,0.0,722.34,18,False,False
T001721,Azul,Salvador - Brasília,587.93,0.0,0.0,587.93,26,False,False
T001722,LATAM,Salvador - Rio de Janeiro,804.09,0.0,0.0,804.09,21,False,False
T001723,Azul,Salvador - Rio de Janeiro,1475.04,0.0,0.0,1475.04,3,False,False
T001724,Azul,Salvador - São Paulo,1490.27,0.0,0.0,1490.27,4,False,False
T001725,LATAM,Salvador - Belo Horizonte,921.22,0.0,0.0,921.22,3,False,False
T001727,GOL,Salvador - Belo Horizonte,669.84,0.0,0.0,669.84,13,False,False
T001729,GOL,Salvador - São Paulo,919.33,0.0,0.0,919.33,10,False,False
T001731,Azul,Salvador - Brasília,1099.26,0.0,0.0,1099.26,1,False,False
T001732,Azul,Salvador - Fortaleza,1310.43,0.0,0.0,1310.43,0,False,False
T001733,LATAM,Salvador - Campinas,830.43,0.0,0.0,830.43,27,False,False
T001734,GOL,Salvador - São Paulo,1011.06,0.0,0.0,1011.06,0,False,False
T001735,GOL,Salvador - São Paulo,1197.75,0.0,0.0,1197.75,9,False,False
T001736,Azul,Salvador - Brasília,1259.3,240.25,0.0,1499.55,0,True,False
T001737,GOL,Salvador - Rio de Janeiro,579.62,0.0,0.0,579.62,32,False,False
T001738,LATAM,Salvador - Rio de Janeiro,1246.64,0.0,0.0,1246.64,1,False,False
T001739,LATAM,Salvador - Belo Horizonte,829.96,0.0,0.0,829.96,31,False,False
T001740,LATAM,Salvador - Rio de Janeiro,1815.83,0.0,0.0,1815.83,2,False,False
T001741,GOL,Salvador - São Paulo,1064.18,0.0,0.0,1064.18,8,False,False
T001742,GOL,Salvador - Belo Horizonte,631.32,0.0,129.94,129.94,17,False,True
T001743,LATAM,Salvador - Porto Alegre,1056.66,0.0,0.0,1056.66,21,False,False
T001744,Azul,Salvador - Fortaleza,507.73,0.0,0.0,507.73,20,False,False
T001745,Azul,Salvador - Curitiba,1438.01,0.0,0.0,1438.01,1,False,False
T001746,GOL,Salvador - São Paulo,1051.61,0.0,0.0,1051.61,14,False,False
T001747,GOL,Salvador - São Paulo,1354.52,0.0,0.0,1354.52,2,False,False
T001748,LATAM,Salvador - Brasília,1761.48,246.1,0.0,2007.58,2,True,False
T001749,GOL,Salvador - Fortaleza,1030.44,0.0,0.0,1030.44,2,False,False
T001750,LATAM,Salvador - São Paulo,1345.49,0.0,0.0,1345.49,2,False,False
T001751,GOL,Salvador - Recife,508.68,0.0,0.0,508.68,6,False,False
T001752,LATAM,Salvador - São Paulo,1866.95,0.0,0.0,1866.95,6,False,False
T001753,Azul,Salvador - Porto Alegre,1810.2,0.0,0.0,1810.2,2,False,False
T001754,LATAM,Salvador - Recife,1138.94,0.0,0.0,1138.94,5,False,False
T001755,LATAM,Salvador - Recife,472.44,0.0,0.0,472.44,18,False,False
T001756,GOL,Salvador - São Paulo,1394.92,0.0,0.0,1394.92,4,False,False
T001757,LATAM,Salvador - Rio de Janeiro,997.92,270.79,0.0,1268.71,6,True,False
T001758,LATAM,Salvador - São Paulo,844.17,0.0,0.0,844.17,33,False,False
T001759,LATAM,Salvador - Curitiba,888.18,0.0,0.0,888.18,16,False,False
T001760,Azul,Salvador - Campinas,773.43,0.0,0.0,773.43,23,False,False
T001762,GOL,Salvador - Aracaju,468.55,0.0,0.0,468.55,30,False,False
T001763,GOL,Salvador - Brasília,767.59,0.0,0.0,767.59,13,False,False
T001764,GOL,Salvador - São Paulo,719.99,0.0,0.0,719.99,12,False,False
T001767,LATAM,Salvador - Curitiba,990.56,128.74,0.0,1119.3,12,True,False
T001768,LATAM,Salvador - Fortaleza,897.17,0.0,0.0,897.17,11,False,False
T001769,LATAM,Salvador - Ilhéus,365.89,0.0,0.0,365.89,24,False,False
T001770,GOL,Salvador - Recife,349.3,0.0,0.0,349.3,21,False,False
T001771,Azul,Salvador - Curitiba,728.09,0.0,0.0,728.09,17,False,False
T001773,LATAM,Salvador - Vitória da Conquista,625.83,0.0,0.0,625.83,1,False,False
T001776,LATAM,Salvador - Brasília,1060.17,0.0,0.0,1060.17,5,False,False
T001777,GOL,Salvador - São Paulo,1938.05,0.0,0.0,1938.05,0,False,False
T001778,GOL,Salvador - Rio de Janeiro,918.94,0.0,0.0,918.94,13,False,False
T001779,AZUL,Salvador - Brasília,1212.91,0.0,0.0,1212.91,0,False,False
T001780,LATAM,Salvador - São Paulo,899.79,0.0,0.0,899.79,10,False,False
T001781,LATAM,Salvador - Recife,752.14,0.0,0.0,752.14,5,False,False
T001782,LATAM,Salvador - São Paulo,834.0,0.0,0.0,834.0,26,False,False
T001783,LATAM,Salvador - Recife,588.67,0.0,130.04,130.04,17,False,True
T001785,GOL,Salvador - Brasília,719.06,0.0,0.0,719.06,20,False,False
T001786,GOL,Salvador - Rio de Janeiro,648.46,0.0,0.0,648.46,30,False,False
T001787,GOL,Salvador - São Paulo,1283.89,0.0,0.0,1283.89,27,False,False
T001789,GOL,Salvador - Belo Horizonte,1033.23,0.0,0.0,1033.23,14,False,False
T001790,GOL,Salvador - Curitiba,1459.58,0.0,0.0,1459.58,14,False,False
T001791,Azul,Salvador - Curitiba,1190.58,0.0,0.0,1190.58,21,False,False
T001792,Azul,Salvador - Rio de Janeiro,634.95,165.88,0.0,800.83,38,True,False
T001793,GOL,Salvador - São Paulo,935.75,0.0,0.0,935.75,7,False,False
T001794,LATAM,Salvador - Campinas,1464.9,0.0,0.0,1464.9,7,False,False
T001795,GOL,Salvador - Brasília,1222.22,0.0,0.0,1222.22,3,False,False
T001796,LATAM,Salvador - Vitória da Conquista,570.02,0.0,0.0,570.02,1,False,False
T001797,GOL,Salvador - Rio de Janeiro,1369.64,385.29,0.0,1754.93,1,True,False
T001798,LATAM,Salvador - Fortaleza,995.47,0.0,0.0,995.47,26,False,False
T001799,Azul,Salvador - Rio de Janeiro,871.99,239.41,0.0,1111.41,5,True,False
T001800,Azul,Salvador - Manaus,1199.58,0.0,0.0,1199.58,25,False,False
T001801,GOL,Salvador - Belo Horizonte,701.91,0.0,0.0,701.91,21,False,False
T001802,GOL,Salvador - Aracaju,560.27,0.0,80.75,80.75,1,False,True
T001803,LATAM,Salvador - Ilhéus,660.74,0.0,0.0,660.74,1,False,False
T001805,LATAM,Salvador - Rio de Janeiro,685.44,0.0,0.0,685.44,27,False,False
T001807,LATAM,Salvador - Vitória da Conquista,413.24,0.0,0.0,413.24,18,False,False
T001808,LATAM,Salvador - São Paulo,1121.19,0.0,0.0,1121.19,0,False,False
T001809,LATAM,Salvador - Curitiba,1088.04,0.0,0.0,1088.04,5,False,False
T001810,LATAM,Salvador - Porto Alegre,1324.06,0.0,0.0,1324.06,5,False,False
T001811,Azul,Salvador - Rio de Janeiro,766.19,0.0,0.0,766.19,24,False,False
T001813,LATAM,Salvador - Belo Horizonte,1384.37,0.0,0.0,1384.37,3,False,False
T001814,LATAM,Salvador - São Paulo,639.69,0.0,0.0,639.69,34,False,False
T001816,LATAM,Salvador - Belo Horizonte,710.77,0.0,0.0,710.77,13,False,False
T001817,LATAM,Salvador - Campinas,760.93,0.0,0.0,760.93,30,False,False
T001818,LATAM,Salvador - São Paulo,1258.13,0.0,0.0,1258.13,1,False,False
T001819,LATAM,Salvador - São Paulo,1311.25,0.0,0.0,1311.25,13,False,False
T001820,LATAM,Salvador - São Paulo,868.89,0.0,0.0,868.89,16,False,False
T001821,Azul,Salvador - Aracaju,403.75,0.0,0.0,403.75,4,False,False
T001822,GOL,Salvador - Belo Horizonte,490.47,0.0,0.0,490.47,33,False,False
T001823,LATAM Airlines,Salvador - Belo Horizonte,667.47,0.0,0.0,667.47,13,False,False
T001824,LATAM,Salvador - Belo Horizonte,700.46,0.0,0.0,700.46,18,False,False
T001825,GOL,Salvador - Rio de Janeiro,1141.44,0.0,170.99,170.99,8,False,True
T001826,GOL,Salvador - Fortaleza,819.48,0.0,0.0,819.48,3,False,False
T001827,LATAM,Salvador - Porto Alegre,1421.36,0.0,0.0,1421.36,4,False,False
T001828,LATAM Airlines,Salvador - São Paulo,911.24,0.0,0.0,911.24,18,False,False
T001829,LATAM,Salvador - Brasília,1019.53,0.0,0.0,1019.53,12,False,False
T001830,GOL,Salvador - Belo Horizonte,863.75,0.0,0.0,863.75,12,False,False
T001831,GOL,Salvador - Recife,524.55,0.0,0.0,524.55,29,False,False
T001832,LATAM,Salvador - Recife,835.32,0.0,0.0,835.32,0,False,False
T001833,LATAM,Salvador - São Paulo,1222.73,0.0,0.0,1222.73,4,False,False
T001834,LATAM,Salvador - São Paulo,772.39,129.34,0.0,901.73,15,True,False
T001835,GOL,Salvador - Rio de Janeiro,960.26,0.0,0.0,960.26,13,False,False
T001837,GOL,Salvador - Campinas,933.48,0.0,0.0,933.48,22,False,False
T001838,GOL,Salvador - São Paulo,620.99,0.0,0.0,620.99,22,False,False
T001839,GOL,Salvador - Manaus,1808.37,0.0,0.0,1808.37,1,False,False
T001840,GOL,Salvador - Porto Alegre,2012.5,0.0,0.0,2012.5,0,False,False
T001841,GOL,Salvador - Porto Alegre,1303.48,0.0,0.0,1303.48,9,False,False
T001843,LATAM,Salvador - Rio de Janeiro,1030.5,0.0,0.0,1030.5,9,False,False
T001844,GOL,Salvador - Recife,555.82,0.0,0.0,555.82,9,False,False
T001845,LATAM,Salvador - Porto Alegre,1490.94,0.0,0.0,1490.94,14,False,False
T001846,GOL,Salvador - Recife,458.77,0.0,0.0,458.77,27,False,False
T001847,LATAM,Salvador - São Paulo,1064.99,0.0,0.0,1064.99,5,False,False
T001848,GOL,Salvador - Rio de Janeiro,1392.93,0.0,0.0,1392.93,3,False,False
T001849,Azul,Salvador - Brasília,1266.84,0.0,0.0,1266.84,3,False,False
T001850,GOL,Salvador - Manaus,1785.63,0.0,0.0,1785.63,3,False,False
T001852,GOL,Salvador - Brasília,920.12,211.86,0.0,1131.99,1,True,False
T001853,GOL,Salvador - Porto Alegre,2365.27,0.0,0.0,2365.27,2,False,False
T001854,GOL,Salvador - Fortaleza,725.48,0.0,0.0,725.48,19,False,False
T001855,LATAM,Salvador - Rio de Janeiro,834.78,0.0,0.0,834.78,6,False,False
T001856,GOL,Salvador - Campinas,2144.55,0.0,0.0,2144.55,1,False,False
T001857,GOL,Salvador - Aracaju,409.65,0.0,0.0,409.65,14,False,False
T001858,LATAM,Salvador - Rio de Janeiro,1925.24,0.0,316.67,316.67,2,False,True
T001859,Azul,Salvador - Campinas,898.57,0.0,0.0,898.57,18,False,False
T001860,LATAM,Salvador - Brasília,2432.81,0.0,0.0,2432.81,0,False,False
T001861,GOL,Salvador - Belo Horizonte,688.09,0.0,0.0,688.09,20,False,False
T001862,LATAM,Salvador - São Paulo,1025.03,0.0,0.0,1025.03,14,False,False
T001863,LATAM,Salvador - Recife,662.75,142.89,0.0,805.64,3,True,False
T001865,LATAM,Salvador - Campinas,1239.45,0.0,301.74,301.74,4,False,True
T001866,LATAM,Salvador - Recife,586.72,0.0,0.0,586.72,3,False,False
T001867,Azul,Salvador - São Paulo,779.91,0.0,0.0,779.91,22,False,False
T001868,Azul,Salvador - Brasília,1082.6,0.0,0.0,1082.6,4,False,False
T001869,LATAM,Salvador - Ilhéus,456.71,0.0,0.0,456.71,14,False,False
T001870,LATAM,Salvador - Belo Horizonte,713.9,0.0,0.0,713.9,28,False,False
T001871,LATAM,Salvador - Brasília,1012.2,0.0,0.0,1012.2,6,False,False
T001872,LATAM,Salvador - São Paulo,1879.29,0.0,0.0,1879.29,2,False,False
T001873,LATAM,Salvador - Fortaleza,654.92,147.17,0.0,802.09,10,True,False
T001874,GOL,Salvador - Fortaleza,1232.25,0.0,0.0,1232.25,1,False,False
T001875,GOL,Salvador - Campinas,1141.71,0.0,0.0,1141.71,6,False,False
T001876,LATAM,Salvador - São Paulo,1377.88,0.0,0.0,1377.88,1,False,False
T001877,LATAM,Salvador - Brasília,938.78,0.0,0.0,938.78,24,False,False
T001878,GOL,Salvador - Rio de Janeiro,883.78,0.0,0.0,883.78,6,False,False
T001879,LATAM,Salvador - São Paulo,1366.22,0.0,0.0,1366.22,0,False,False
T001880,Azul,Salvador - Porto Alegre,2066.09,0.0,0.0,2066.09,1,False,False
T001881,LATAM,Salvador - São Paulo,1354.31,0.0,0.0,1354.31,6,False,False
T001882,GOL,Salvador - Recife,495.43,0.0,0.0,495.43,18,False,False
T001883,LATAM,Salvador - São Paulo,1412.87,0.0,0.0,1412.87,0,False,False
T001884,GOL,Salvador - Fortaleza,886.37,0.0,0.0,886.37,12,False,False
T001885,Azul,Salvador - São Paulo,1527.08,0.0,0.0,1527.08,0,False,False
T001886,LATAM,Salvador - Recife,381.27,0.0,0.0,381.27,22,False,False
T001887,Azul,Salvador - São Paulo,1226.68,369.68,0.0,1596.36,5,True,False
T001888,Azul,Salvador - Belo Horizonte,932.77,0.0,0.0,932.77,6,False,False
T001889,Azul,Salvador - São Paulo,1108.33,0.0,0.0,1108.33,23,False,False
T001891,LATAM,Salvador - São Paulo,1006.3,0.0,0.0,1006.3,11,False,False
T001892,LATAM,Salvador - Aracaju,697.91,0.0,0.0,697.91,3,False,False
T001893,GOL,Salvador - São Paulo,646.22,0.0,0.0,646.22,20,False,False
T001894,LATAM,Salvador - Vitória da Conquista,712.92,0.0,0.0,712.92,14,False,False
T001895,GOL,Salvador - São Paulo,837.58,0.0,0.0,837.58,16,False,False
T001896,LATAM,Salvador - Recife,743.95,0.0,0.0,743.95,2,False,False
T001897,GOL,Salvador - Belo Horizonte,708.0,0.0,0.0,708.0,9,False,False
T001898,GOL,Salvador - São Paulo,995.12,0.0,0.0,995.12,4,False,False
T001900,GOL,Salvador - São Paulo,1292.06,0.0,0.0,1292.06,2,False,False
T001901,GOL,Salvador - Fortaleza,545.4,114.87,0.0,660.27,16,True,False
T001902,Azul,Salvador - São Paulo,854.77,0.0,0.0,854.77,21,False,False
T001903,Azul,Salvador - Curitiba,981.38,0.0,0.0,981.38,26,False,False
T001904,GOL,Salvador - Belo Horizonte,872.56,0.0,0.0,872.56,5,False,False
T001905,Azul,Salvador - Brasília,828.42,0.0,0.0,828.42,18,False,False
T001906,GOL,Salvador - Curitiba,1135.92,0.0,0.0,1135.92,11,False,False
T001907,LATAM,Salvador - Recife,460.22,0.0,62.98,62.98,30,False,True
T001908,LATAM,Salvador - São Paulo,701.12,0.0,0.0,701.12,18,False,False
T001909,GOL,Salvador - Fortaleza,1091.49,0.0,0.0,1091.49,0,False,False
T001910,LATAM,Salvador - Manaus,1372.93,0.0,0.0,1372.93,16,False,False
T001911,Azul,Salvador - Rio de Janeiro,988.92,0.0,0.0,988.92,12,False,False
T001912,LATAM,Salvador - Campinas,861.49,0.0,0.0,861.49,26,False,False
T001913,LATAM,Salvador - São Paulo,2180.76,0.0,0.0,2180.76,3,False,False
T001914,GOL,Salvador - Rio de Janeiro,1122.54,0.0,0.0,1122.54,4,False,False
T001915,GOL,Salvador - Recife,464.25,0.0,53.71,53.71,32,False,True
T001916,LATAM,Salvador - Rio de Janeiro,848.34,0.0,0.0,848.34,16,False,False
T001918,LATAM,Salvador - Curitiba,1294.03,0.0,0.0,1294.03,0,False,False
T001919,LATAM,Salvador - São Paulo,740.11,0.0,0.0,740.11,31,False,False
T001920,Azul,Salvador - São Paulo,476.4,107.81,0.0,584.21,31,True,False
T001921,latam,Salvador - Aracaju,526.58,0.0,0.0,526.58,2,False,False
T001922,Azul,Salvador - Rio de Janeiro,612.41,0.0,0.0,612.41,15,False,False
T001923,LATAM,Salvador - Fortaleza,1172.57,0.0,0.0,1172.57,1,False,False
T001924,LATAM,Salvador - Recife,559.34,0.0,0.0,559.34,4,False,False
T001925,Azul,Salvador - Recife,514.73,0.0,0.0,514.73,13,False,False
T001926,GOL,Salvador - Campinas,600.18,0.0,0.0,600.18,13,False,False
T001927,LATAM,Salvador - Brasília,855.78,0.0,0.0,855.78,22,False,False
T001929,LATAM,Salvador - Porto Alegre,766.61,0.0,0.0,766.61,20,False,False
T001930,GOL,Salvador - São Paulo,1175.96,0.0,0.0,1175.96,6,False,False
T001931,LATAM,Salvador - Campinas,1086.17,0.0,0.0,1086.17,12,False,False
T001932,LATAM,Salvador - São Paulo,941.24,0.0,0.0,941.24,10,False,False
T001933,LATAM,Salvador - São Paulo,1098.39,0.0,0.0,1098.39,6,False,False
T001934,LATAM,Salvador - São Paulo,1140.74,0.0,0.0,1140.74,5,False,False
T001935,GOL,Salvador - São Paulo,743.8,0.0,0.0,743.8,10,False,False
T001936,LATAM,Salvador - Manaus,1793.32,0.0,0.0,1793.32,1,False,False
T001937,GOL,Salvador - São Paulo,837.19,0.0,0.0,837.19,6,False,False
T001938,LATAM,Salvador - Campinas,1653.04,0.0,0.0,1653.04,6,False,False
T001939,Azul,Salvador - Recife,711.95,0.0,0.0,711.95,3,False,False
T001940,LATAM,Salvador - Rio de Janeiro,579.35,0.0,0.0,579.35,33,False,False
T001941,LATAM,Salvador - Vitória da Conquista,485.51,0.0,55.28,55.28,4,False,True
T001942,GOL,Salvador - São Paulo,1149.52,0.0,0.0,1149.52,3,False,False
T001943,GOL,Salvador - Brasília,731.02,0.0,0.0,731.02,15,False,False
T001945,GOL,Salvador - Porto Alegre,1241.95,0.0,0.0,1241.95,15,False,False
T001946,LATAM,Salvador - São Paulo,1223.2,355.33,0.0,1578.52,0,True,False
T001947,Azul,Salvador - Brasília,2401.81,0.0,0.0,2401.81,0,False,False
T001948,Azul,Salvador - São Paulo,869.7,0.0,0.0,869.7,22,False,False
T001949,GOL,Salvador - Recife,894.68,0.0,0.0,894.68,2,False,False
T001950,GOL,Salvador - Recife,897.6,0.0,0.0,897.6,0,False,False
T001951,Azul,Salvador - Rio de Janeiro,1419.78,0.0,0.0,1419.78,4,False,False
T001952,Azul,Salvador - Rio de Janeiro,1765.34,0.0,0.0,1765.34,0,False,False
T001953,Azul,Salvador - São Paulo,1385.48,0.0,0.0,1385.48,9,False,False
T001954,latam,Salvador - Rio de Janeiro,907.01,0.0,0.0,907.01,10,False,False
T001955,Azul,Salvador - São Paulo,1315.75,0.0,0.0,1315.75,6,False,False
T001956,LATAM,Salvador - Belo Horizonte,901.97,0.0,0.0,901.97,6,False,False
T001957,LATAM,Salvador - Ilhéus,590.95,0.0,0.0,590.95,1,False,False
T001958,LATAM,Salvador - Belo Horizonte,833.7,0.0,0.0,833.7,8,False,False
T001959,LATAM,Salvador - Rio de Janeiro,770.21,0.0,0.0,770.21,12,False,False
T001960,LATAM,Salvador - São Paulo,2286.11,0.0,0.0,2286.11,5,False,False
T001961,GOL,Salvador - Brasília,1248.55,0.0,0.0,1248.55,6,False,False
T001962,LATAM,Salvador - Vitória da Conquista,628.59,0.0,0.0,628.59,15,False,False
T001963,LATAM,Salvador - Brasília,1160.16,0.0,0.0,1160.16,6,False,False
T001964,GOL,Salvador - Recife,928.52,0.0,0.0,928.52,5,False,False
T001965,LATAM,Salvador - São Paulo,1498.67,0.0,0.0,1498.67,4,False,False
T001966,Azul,Salvador - Ilhéus,301.78,0.0,0.0,301.78,20,False,False
T001967,LATAM,Salvador - Ilhéus,274.42,0.0,0.0,274.42,21,False,False
T001968,LATAM,Salvador - Campinas,623.4,0.0,0.0,623.4,31,False,False
T001969,LATAM,Salvador - Manaus,2246.94,0.0,0.0,2246.94,3,False,False
T001970,LATAM,Salvador - Fortaleza,515.54,0.0,0.0,515.54,24,False,False
T001971,GOL,Salvador - Aracaju,613.99,0.0,0.0,613.99,10,False,False
T001972,LATAM,Salvador - Campinas,816.87,0.0,0.0,816.87,19,False,False
T001973,LATAM,Salvador - Ilhéus,354.49,0.0,0.0,354.49,8,False,False
T001974,LATAM,Salvador - São Paulo,640.65,0.0,155.56,155.56,35,False,True
T001975,LATAM,Salvador - Fortaleza,615.81,130.09,0.0,745.9,23,True,False
T001976,LATAM,Salvador - São Paulo,898.27,0.0,0.0,898.27,30,False,False
T001977,Azul,Salvador - São Paulo,1414.01,0.0,315.27,315.27,2,False,True
T001978,GOL,Salvador - Fortaleza,627.28,0.0,0.0,627.28,17,False,False
T001979,LATAM,Salvador - Rio de Janeiro,759.22,0.0,0.0,759.22,27,False,False
T001980,Azul,Salvador - São Paulo,902.45,0.0,0.0,902.45,6,False,False
T001982,LATAM,Salvador - São Paulo,1127.47,0.0,0.0,1127.47,6,False,False
T001983,LATAM,Salvador - Brasília,886.09,0.0,0.0,886.09,13,False,False
T001984,LATAM,Salvador - Recife,749.61,0.0,0.0,749.61,6,False,False
T001985,GOL,Salvador - São Paulo,1108.15,0.0,0.0,1108.15,8,False,False
T001986,Azul,Salvador - Ilhéus,430.27,0.0,0.0,430.27,5,False,False
T001987,LATAM,Salvador - Ilhéus,393.03,49.93,0.0,442.96,12,True,False
T001988,LATAM,Salvador - São Paulo,1205.71,0.0,0.0,1205.71,26,False,False
T001989,LATAM,Salvador - São Paulo,962.35,0.0,0.0,962.35,5,False,False
T001990,LATAM,Salvador - São Paulo,1003.1,0.0,0.0,1003.1,6,False,False
T001991,LATAM,Salvador - Brasília,972.1,0.0,0.0,972.1,1,False,False
T001992,Azul,Salvador - Fortaleza,534.26,0.0,0.0,534.26,15,False,False
T001993,LATAM,Salvador - Ilhéus,401.0,0.0,0.0,401.0,20,False,False
T001994,LATAM,Salvador - Belo Horizonte,787.72,0.0,0.0,787.72,25,False,False
T001996,LATAM,Salvador - Belo Horizonte,1302.54,0.0,0.0,1302.54,0,False,False
T001997,GOL,Salvador - Fortaleza,612.27,0.0,0.0,612.27,11,False,False
T001998,LATAM,Salvador - Vitória da Conquista,514.6,0.0,0.0,514.6,19,False,False
T001999,GOL,Salvador - Fortaleza,699.64,0.0,0.0,699.64,1,False,False
T002000,GOL,Salvador - Recife,924.17,0.0,0.0,924.17,0,False,False
T002001,LATAM,Salvador - Manaus,1021.72,0.0,0.0,1021.72,11,False,False
T002002,Azul,Salvador - Porto Alegre,955.96,0.0,0.0,955.96,39,False,False
T002003,Azul,Salvador - São Paulo,1682.87,0.0,0.0,1682.87,0,False,False
T002004,Azul,Salvador - São Paulo,1121.07,0.0,0.0,1121.07,14,False,False
T002005,LATAM,Salvador - São Paulo,694.24,0.0,0.0,694.24,20,False,False
T002006,Azul,Salvador - São Paulo,1354.39,0.0,0.0,1354.39,6,False,False
T002007,Azul,Salvador - Curitiba,1340.03,0.0,0.0,1340.03,6,False,False
T002008,LATAM,Salvador - Brasília,916.28,0.0,0.0,916.28,4,False,False
T002009,LATAM,Salvador - Campinas,1049.14,0.0,0.0,1049.14,14,False,False
T002010,GOL,Salvador - Recife,721.55,0.0,0.0,721.55,13,False,False
T002011,Azul,Salvador - Brasília,1340.29,295.63,0.0,1635.92,2,True,False
T002012,LATAM,Salvador - São Paulo,1045.97,133.63,0.0,1179.59,5,True,False
T002013,LATAM,Salvador - Rio de Janeiro,1560.86,0.0,0.0,1560.86,0,False,False
T002014,Azul,Salvador - Curitiba,839.38,0.0,0.0,839.38,21,False,False
T002015,LATAM,Salvador - São Paulo,1403.85,0.0,0.0,1403.85,0,False,False
T002016,GOL,Salvador - Vitória da Conquista,500.96,0.0,0.0,500.96,6,False,False
T002017,GOL,Salvador - Belo Horizonte,790.05,0.0,0.0,790.05,19,False,False
T002018,GOL,Salvador - São Paulo,992.49,0.0,0.0,992.49,13,False,False
T002019,Azul,Salvador - Curitiba,1844.3,0.0,0.0,1844.3,9,False,False
T002020,GOL,Salvador - Brasília,1165.11,0.0,0.0,1165.11,5,False,False
T002021,GOL,Salvador - Rio de Janeiro,501.7,0.0,0.0,501.7,24,False,False
T002022,LATAM,Salvador - Belo Horizonte,1137.27,0.0,0.0,1137.27,0,False,False
T002024,GOL,Salvador - Recife,891.24,116.33,0.0,1007.57,3,True,False
T002025,LATAM,Salvador - Recife,698.62,0.0,0.0,698.62,16,False,False
T002026,LATAM,Salvador - Manaus,1330.11,336.19,0.0,1666.31,11,True,False
T002027,GOL,Salvador - Recife,664.53,0.0,0.0,664.53,6,False,False
T002029,LATAM,Salvador - Vitória da Conquista,679.35,0.0,0.0,679.35,0,False,False
T002031,GOL,Salvador - Porto Alegre,1238.24,0.0,0.0,1238.24,11,False,False
T002032,Azul,Salvador - Belo Horizonte,941.0,0.0,0.0,941.0,6,False,False
T002033,GOL,Salvador - Brasília,625.88,0.0,0.0,625.88,39,False,False
T002034,GOL,Salvador - São Paulo,699.73,0.0,0.0,699.73,18,False,False
T002035,GOL,Salvador - São Paulo,1042.75,0.0,0.0,1042.75,24,False,False
T002036,GOL,Salvador - Belo Horizonte,870.64,0.0,0.0,870.64,13,False,False
T002037,GOL,Salvador - Campinas,1516.62,0.0,411.71,411.71,2,False,True
T002038,LATAM,Salvador - Brasília,1108.16,0.0,0.0,1108.16,2,False,False
T002039,LATAM,Salvador - Rio de Janeiro,1310.55,0.0,188.5,188.5,3,False,True
T002040,GOL,Salvador - São Paulo,856.82,0.0,0.0,856.82,25,False,False
T002041,GOL,Salvador - Brasília,1202.52,0.0,0.0,1202.52,5,False,False
T002042,GOL,Salvador - Rio de Janeiro,1130.07,0.0,0.0,1130.07,2,False,False
T002043,LATAM,Salvador - São Paulo,1585.05,0.0,0.0,1585.05,2,False,False
T002044,Azul,Salvador - São Paulo,953.02,0.0,0.0,953.02,14,False,False
T002045,LATAM,Salvador - Ilhéus,737.92,0.0,0.0,737.92,1,False,False
T002046,Azul,Salvador - Brasília,1440.87,0.0,0.0,1440.87,4,False,False
T002047,LATAM,Salvador - São Paulo,739.96,0.0,0.0,739.96,19,False,False
T002048,LATAM,Salvador - Fortaleza,700.6,0.0,0.0,700.6,12,False,False
T002049,GOL,Salvador - Brasília,1049.31,0.0,0.0,1049.31,3,False,False
T002050,LATAM,Salvador - Ilhéus,1132.04,0.0,0.0,1132.04,2,False,False
T002051,LATAM,Salvador - São Paulo,1114.14,0.0,0.0,1114.14,15,False,False
T002054,LATAM,Salvador - São Paulo,1516.55,0.0,0.0,1516.55,2,False,False
T002055,LATAM,Salvador - Campinas,1417.79,0.0,0.0,1417.79,3,False,False
T002056,GOL,Salvador - Rio de Janeiro,983.38,0.0,0.0,983.38,8,False,False
T002057,LATAM,Salvador - São Paulo,1030.74,0.0,140.53,140.53,9,False,True
T002059,LATAM,Salvador - Vitória da Conquista,827.52,218.16,0.0,1045.68,5,True,False
T002061,LATAM,Salvador - Fortaleza,794.56,0.0,0.0,794.56,4,False,False
T002062,GOL,Salvador - São Paulo,1270.35,0.0,0.0,1270.35,4,False,False
T002063,LATAM,Salvador - Recife,719.53,226.54,0.0,946.07,1,True,False
T002064,AZUL,Salvador - São Paulo,1727.27,0.0,0.0,1727.27,6,False,False
T002065,GOL,Salvador - Fortaleza,734.6,139.0,0.0,873.61,0,True,False
T002066,LATAM,Salvador - Porto Alegre,1104.73,0.0,0.0,1104.73,26,False,False
T002067,LATAM,Salvador - Aracaju,483.28,0.0,0.0,483.28,10,False,False
T002068,LATAM,Salvador - Recife,549.59,66.72,0.0,616.31,32,True,False
T002069,LATAM,Salvador - Rio de Janeiro,1264.78,0.0,0.0,1264.78,1,False,False
T002070,LATAM,Salvador - Rio de Janeiro,1124.73,0.0,0.0,1124.73,6,False,False
T002072,LATAM,Salvador - Rio de Janeiro,859.0,0.0,0.0,859.0,10,False,False
T002073,GOL,Salvador - São Paulo,991.81,0.0,0.0,991.81,8,False,False
T002074,LATAM,Salvador - Rio de Janeiro,1319.38,0.0,0.0,1319.38,12,False,False
T002075,GOL,Salvador - São Paulo,1067.52,0.0,0.0,1067.52,4,False,False
T002076,LATAM,Salvador - Recife,1016.32,0.0,0.0,1016.32,4,False,False
T002077,LATAM,Salvador - Curitiba,1245.06,0.0,0.0,1245.06,15,False,False
T002078,LATAM,Salvador - Brasília,1584.75,0.0,0.0,1584.75,9,False,False
T002079,LATAM,Salvador - Rio de Janeiro,1157.79,0.0,0.0,1157.79,14,False,False
T002080,GOL,Salvador - São Paulo,1075.71,0.0,0.0,1075.71,12,False,False
T002081,GOL,Salvador - Belo Horizonte,1121.49,0.0,0.0,1121.49,6,False,False
T002082,LATAM,Salvador - Ilhéus,568.69,0.0,0.0,568.69,15,False,False
T002083,GOL,Salvador - São Paulo,1256.32,0.0,0.0,1256.32,2,False,False
T002084,LATAM,Salvador - São Paulo,780.01,0.0,0.0,780.01,21,False,False
T002085,LATAM,Salvador - Porto Alegre,1148.96,0.0,0.0,1148.96,25,False,False
T002086,Azul Linhas Aéreas,Salvador - São Paulo,1364.06,0.0,0.0,1364.06,0,False,False
T002087,LATAM,Salvador - Brasília,688.43,161.35,0.0,849.78,34,True,False
T002088,GOL,Salvador - Rio de Janeiro,766.23,0.0,0.0,766.23,25,False,False
T002089,GOL,Salvador - Brasília,851.78,0.0,0.0,851.78,5,False,False
T002090,LATAM,Salvador - São Paulo,821.21,0.0,0.0,821.21,18,False,False
T002091,GOL,Salvador - São Paulo,1067.03,0.0,0.0,1067.03,4,False,False
T002092,LATAM,Salvador - Curitiba,1705.2,0.0,0.0,1705.2,6,False,False
T002093,LATAM,Salvador - Recife,448.07,109.81,0.0,557.88,19,True,False
T002094,LATAM,Salvador - Brasília,638.53,0.0,0.0,638.53,34,False,False
T002095,Azul,Salvador - São Paulo,956.26,0.0,0.0,956.26,4,False,False
T002096,Azul,Salvador - São Paulo,1085.48,0.0,0.0,1085.48,13,False,False
T002097,LATAM Airlines,Salvador - Porto Alegre,1476.53,0.0,0.0,1476.53,0,False,False
T002099,LATAM,Salvador - São Paulo,771.49,0.0,0.0,771.49,24,False,False
T002100,LATAM,Salvador - São Paulo,1352.6,0.0,0.0,1352.6,6,False,False
T002101,GOL,Salvador - São Paulo,1434.2,0.0,0.0,1434.2,1,False,False
T002102,GOL,Salvador - Brasília,1405.18,0.0,0.0,1405.18,5,False,False
T002103,GOL,Salvador - Rio de Janeiro,1475.55,0.0,0.0,1475.55,0,False,False
T002105,LATAM,Salvador - Aracaju,326.15,0.0,0.0,326.15,23,False,False
T002106,GOL,Salvador - Recife,536.66,0.0,0.0,536.66,9,False,False
T002107,GOL,Salvador - Ilhéus,540.24,0.0,0.0,540.24,7,False,False
T002108,LATAM,Salvador - Ilhéus,680.01,0.0,0.0,680.01,1,False,False
T002109,Azul,Salvador - Ilhéus,649.66,0.0,0.0,649.66,2,False,False
T002110,LATAM,Salvador - Recife,969.67,148.86,0.0,1118.53,3,True,False
T002111,GOL,Salvador - Belo Horizonte,1304.72,0.0,0.0,1304.72,2,False,False
T002112,GOL,Salvador - Brasília,1474.06,0.0,0.0,1474.06,13,False,False
T002114,GOL,Salvador - São Paulo,1338.62,0.0,0.0,1338.62,3,False,False
T002115,latam,Salvador - Recife,952.94,0.0,0.0,952.94,4,False,False
T002116,gol,Salvador - São Paulo,1257.66,335.51,0.0,1593.17,5,True,False
T002117,Azul,Salvador - São Paulo,865.05,0.0,0.0,865.05,18,False,False
T002118,LATAM,Salvador - Fortaleza,489.29,0.0,0.0,489.29,25,False,False
T002119,LATAM,Salvador - São Paulo,641.58,0.0,0.0,641.58,35,False,False
T002120,GOL,Salvador - São Paulo,964.04,0.0,0.0,964.04,15,False,False
T002121,LATAM,Salvador - Rio de Janeiro,1028.6,0.0,0.0,1028.6,16,False,False
T002122,GOL,Salvador - Campinas,1143.98,0.0,0.0,1143.98,4,False,False
T002123,LATAM,Salvador - São Paulo,1722.16,0.0,0.0,1722.16,2,False,False
T002124,GOL,Salvador - Rio de Janeiro,1512.23,411.67,0.0,1923.91,3,True,False
T002125,LATAM,Salvador - Brasília,1303.91,0.0,0.0,1303.91,3,False,False
T002126,GOL,Salvador - Rio de Janeiro,909.45,0.0,0.0,909.45,16,False,False
T002127,LATAM Airlines,Salvador - Rio de Janeiro,941.58,0.0,0.0,941.58,13,False,False
T002128,LATAM,Salvador - São Paulo,968.95,0.0,0.0,968.95,6,False,False
T002129,LATAM,Salvador - Rio de Janeiro,1002.72,0.0,0.0,1002.72,15,False,False
T002130,GOL,Salvador - Brasília,814.94,0.0,0.0,814.94,6,False,False
T002131,Azul,Salvador - Brasília,1520.52,0.0,0.0,1520.52,1,False,False
T002132,LATAM,Salvador - São Paulo,1581.82,0.0,0.0,1581.82,6,False,False
T002133,GOL,Salvador - Aracaju,353.76,0.0,0.0,353.76,20,False,False
T002134,Azul,Salvador - Rio de Janeiro,1205.01,0.0,0.0,1205.01,17,False,False
T002135,LATAM,Salvador - Curitiba,1207.73,0.0,0.0,1207.73,7,False,False
T002136,Azul,Salvador - Belo Horizonte,1474.47,0.0,0.0,1474.47,2,False,False
T002137,Azul,Salvador - São Paulo,888.26,0.0,0.0,888.26,21,False,False
T002140,GOL,Salvador - Aracaju,346.1,0.0,0.0,346.1,23,False,False
T002141,GOL,Salvador - Rio de Janeiro,1388.93,0.0,0.0,1388.93,0,False,False
T002142,GOL,Salvador - Belo Horizonte,1062.08,276.48,0.0,1338.56,6,True,False
T002143,GOL,Salvador - Fortaleza,546.96,0.0,0.0,546.96,12,False,False
T002144,GOL,Salvador - Aracaju,411.75,0.0,0.0,411.75,13,False,False
T002145,LATAM,Salvador - Brasília,930.1,0.0,0.0,930.1,15,False,False
T002146,GOL,Salvador - São Paulo,988.22,0.0,0.0,988.22,26,False,False
T002147,LATAM,Salvador - São Paulo,1133.32,0.0,0.0,1133.32,8,False,False
T002148,LATAM,Salvador - São Paulo,1335.35,0.0,0.0,1335.35,0,False,False
T002149,Azul,Salvador - Rio de Janeiro,761.75,0.0,0.0,761.75,24,False,False
T002150,GOL,Salvador - Fortaleza,684.99,0.0,0.0,684.99,4,False,False
T002151,Azul,Salvador - Curitiba,875.44,0.0,0.0,875.44,15,False,False
T002152,Azul,Salvador - São Paulo,1445.51,0.0,0.0,1445.51,5,False,False
T002153,GOL,Salvador - Recife,695.61,0.0,0.0,695.61,14,False,False
T002154,Azul,Salvador - São Paulo,1150.36,0.0,0.0,1150.36,11,False,False
T002155,GOL,Salvador - Recife,485.51,0.0,0.0,485.51,9,False,False
T002156,GOL,Salvador - Brasília,1561.37,0.0,0.0,1561.37,0,False,False
T002158,GOL,Salvador - São Paulo,990.15,0.0,0.0,990.15,4,False,False
T002159,GOL,Salvador - Rio de Janeiro,556.67,0.0,0.0,556.67,19,False,False
T002160,LATAM,Salvador - Belo Horizonte,842.05,0.0,0.0,842.05,29,False,False
T002161,GOL,Salvador - São Paulo,1402.7,0.0,0.0,1402.7,1,False,False
T002162,GOL,Salvador - Belo Horizonte,436.47,0.0,0.0,436.47,8,False,False
T002164,Azul,Salvador - Recife,904.57,131.51,0.0,1036.08,0,True,False
T002165,Azul,Salvador - Rio de Janeiro,873.45,0.0,0.0,873.45,9,False,False
T002166,GOL,Salvador - Rio de Janeiro,1092.1,0.0,0.0,1092.1,0,False,False
T002168,Azul,Salvador - São Paulo,1101.25,0.0,0.0,1101.25,1,False,False
T002169,Azul,Salvador - São Paulo,1179.14,0.0,0.0,1179.14,0,False,False
T002170,Azul,Salvador - Brasília,893.07,0.0,0.0,893.07,15,False,False
T002171,LATAM,Salvador - Brasília,765.94,0.0,0.0,765.94,29,False,False
T002172,GOL,Salvador - Rio de Janeiro,605.74,0.0,0.0,605.74,18,False,False
T002173,LATAM,Salvador - São Paulo,862.33,0.0,0.0,862.33,13,False,False
T002174,GOL,Salvador - Rio de Janeiro,655.86,141.61,0.0,797.47,23,True,False
T002175,Azul,Salvador - Campinas,816.82,0.0,0.0,816.82,17,False,False
T002176,LATAM,Salvador - São Paulo,995.87,0.0,170.45,170.45,7,False,True
T002177,LATAM,Salvador - Rio de Janeiro,1279.16,361.49,0.0,1640.64,0,True,False
T002178,Azul,Salvador - Porto Alegre,1163.02,0.0,0.0,1163.02,6,False,False
T002179,AZUL,Salvador - Recife,736.02,0.0,0.0,736.02,10,False,False
T002181,LATAM,Salvador - São Paulo,1696.04,0.0,0.0,1696.04,1,False,False
T002182,GOL,Salvador - São Paulo,948.1,0.0,0.0,948.1,5,False,False
T002183,GOL,Salvador - São Paulo,782.51,0.0,0.0,782.51,22,False,False
T002184,GOL,Salvador - São Paulo,832.93,0.0,0.0,832.93,26,False,False
T002185,GOL,Salvador - Vitória da Conquista,810.8,0.0,0.0,810.8,0,False,False
T002186,LATAM,Salvador - Rio de Janeiro,1243.44,324.01,0.0,1567.45,3,True,False
T002187,Azul,Salvador - Rio de Janeiro,1140.48,0.0,0.0,1140.48,2,False,False
T002188,Azul,Salvador - Campinas,875.64,0.0,0.0,875.64,23,False,False
T002189,LATAM,Salvador - Vitória da Conquista,438.36,64.35,0.0,502.71,24,True,False
T002190,LATAM,Salvador - Campinas,2000.26,0.0,0.0,2000.26,3,False,False
T002191,LATAM,Salvador - Recife,798.64,188.0,0.0,986.64,11,True,False
T002192,LATAM,Salvador - Recife,1249.53,399.54,0.0,1649.07,1,True,False
T002193,LATAM,Salvador - São Paulo,1364.47,0.0,0.0,1364.47,11,False,False
T002194,GOL,Salvador - Recife,516.12,0.0,0.0,516.12,4,False,False
T002195,GOL,Salvador - São Paulo,1307.91,0.0,0.0,1307.91,6,False,False
T002196,LATAM,Salvador - Rio de Janeiro,607.18,0.0,0.0,607.18,16,False,False
T002197,LATAM,Salvador - Brasília,1788.74,0.0,0.0,1788.74,3,False,False
T002199,LATAM,Salvador - Campinas,1463.02,0.0,0.0,1463.02,5,False,False
T002200,LATAM,Salvador - São Paulo,881.34,0.0,0.0,881.34,33,False,False
T002201,LATAM,Salvador - Recife,661.57,0.0,0.0,661.57,11,False,False
T002202,LATAM,Salvador - Vitória da Conquista,362.23,0.0,0.0,362.23,15,False,False
T002203,Azul,Salvador - Belo Horizonte,902.68,0.0,0.0,902.68,20,False,False
T002204,GOL,Salvador - Belo Horizonte,1106.46,0.0,0.0,1106.46,3,False,False
T002205,GOL,Salvador - Brasília,1459.04,0.0,0.0,1459.04,0,False,False
T002207,Azul,Salvador - Fortaleza,502.52,0.0,0.0,502.52,22,False,False
T002208,GOL,Salvador - Recife,513.99,0.0,0.0,513.99,8,False,False
T002209,GOL,Salvador - Brasília,918.02,0.0,0.0,918.02,8,False,False
T002210,LATAM,Salvador - São Paulo,1514.28,0.0,162.67,162.67,5,False,True
T002211,Azul,Salvador - Fortaleza,878.81,0.0,0.0,878.81,4,False,False
T002212,LATAM,Salvador - Curitiba,1235.09,0.0,0.0,1235.09,1,False,False
T002217,LATAM,Salvador - Rio de Janeiro,901.48,0.0,0.0,901.48,9,False,False
T002218,Azul,Salvador - Recife,760.33,0.0,0.0,760.33,0,False,False
T002219,GOL,Salvador - Ilhéus,405.68,0.0,0.0,405.68,11,False,False
T002220,LATAM,Salvador - São Paulo,1355.64,0.0,0.0,1355.64,5,False,False
T002221,LATAM,Salvador - Rio de Janeiro,1285.21,0.0,0.0,1285.21,6,False,False
T002223,LATAM,Salvador - São Paulo,787.02,0.0,0.0,787.02,7,False,False
T002224,GOL,Salvador - São Paulo,1485.02,0.0,0.0,1485.02,0,False,False
T002225,GOL,Salvador - Brasília,1242.34,0.0,0.0,1242.34,5,False,False
T002227,LATAM,Salvador - Recife,789.08,0.0,0.0,789.08,3,False,False
T002228,LATAM,Salvador - Rio de Janeiro,735.08,0.0,0.0,735.08,4,False,False
T002229,Azul Linhas Aéreas,Salvador - Recife,780.45,0.0,0.0,780.45,1,False,False
T002230,GOL,Salvador - São Paulo,1700.01,0.0,0.0,1700.01,7,False,False
T002231,LATAM,Salvador - Brasília,1024.28,0.0,0.0,1024.28,31,False,False
T002232,Azul,Salvador - Rio de Janeiro,819.46,0.0,0.0,819.46,9,False,False
T002233,LATAM,Salvador - Recife,758.04,0.0,0.0,758.04,0,False,False
T002234,Azul,Salvador - Belo Horizonte,1866.76,0.0,315.96,315.96,6,False,True
T002235,LATAM,Salvador - Rio de Janeiro,892.23,0.0,0.0,892.23,11,False,False
T002236,LATAM,Salvador - São Paulo,1061.73,0.0,0.0,1061.73,15,False,False
T002237,LATAM,Salvador - Campinas,748.49,0.0,0.0,748.49,15,False,False
T002238,GOL,Salvador - Porto Alegre,1463.36,0.0,0.0,1463.36,0,False,False
T002239,GOL,Salvador - Belo Horizonte,910.12,0.0,0.0,910.12,9,False,False
T002240,LATAM,Salvador - Rio de Janeiro,837.63,0.0,205.59,205.59,23,False,True
T002241,LATAM,Salvador - Fortaleza,711.27,0.0,96.99,96.99,2,False,True
T002242,LATAM,Salvador - Belo Horizonte,487.79,113.79,0.0,601.58,26,True,False
T002243,Azul,Salvador - Manaus,1922.4,0.0,0.0,1922.4,3,False,False
T002244,LATAM,Salvador - São Paulo,1210.46,0.0,0.0,1210.46,7,False,False
T002245,GOL,Salvador - Rio de Janeiro,771.03,0.0,0.0,771.03,20,False,False
T002246,GOL,Salvador - Rio de Janeiro,1080.13,0.0,0.0,1080.13,11,False,False
T002247,LATAM,Salvador - Fortaleza,929.69,0.0,0.0,929.69,1,False,False
T002248,Azul,Salvador - São Paulo,1754.59,0.0,240.46,240.46,2,False,True
T002249,LATAM,Salvador - Curitiba,1842.03,0.0,0.0,1842.03,3,False,False
T002250,GOL,Salvador - Belo Horizonte,589.4,0.0,0.0,589.4,15,False,False
T002252,Azul,Salvador - São Paulo,1393.42,0.0,0.0,1393.42,8,False,False
T002253,Azul,Salvador - São Paulo,1053.81,0.0,0.0,1053.81,5,False,False
T002254,GOL,Salvador - São Paulo,681.43,0.0,0.0,681.43,29,False,False
T002255,LATAM,Salvador - Recife,542.18,0.0,0.0,542.18,28,False,False
T002256,LATAM,Salvador - Recife,593.72,0.0,0.0,593.72,13,False,False
T002257,GOL,Salvador - Campinas,863.18,0.0,0.0,863.18,4,False,False
T002258,LATAM,Salvador - São Paulo,1094.19,0.0,0.0,1094.19,6,False,False
T002259,GOL,Salvador - Belo Horizonte,1049.15,0.0,0.0,1049.15,1,False,False
T002260,LATAM,Salvador - Belo Horizonte,570.23,0.0,0.0,570.23,27,False,False
T002261,GOL,Salvador - São Paulo,1075.99,0.0,0.0,1075.99,8,False,False
T002262,latam,Salvador - Curitiba,1262.49,0.0,0.0,1262.49,5,False,False
T002263,GOL,Salvador - São Paulo,767.19,0.0,0.0,767.19,33,False,False
T002264,GOL,Salvador - Rio de Janeiro,1499.81,0.0,0.0,1499.81,0,False,False
T002265,LATAM,Salvador - São Paulo,790.73,0.0,0.0,790.73,22,False,False
T002266,Latam Airlines,Salvador - Manaus,2024.81,0.0,0.0,2024.81,5,False,False
T002267,Azul,Salvador - Brasília,896.94,0.0,0.0,896.94,14,False,False
T002268,,Salvador - Ilhéus,380.47,0.0,0.0,380.47,34,False,False
T002269,GOL,Salvador - Belo Horizonte,686.66,0.0,0.0,686.66,22,False,False
T002271,Azul,Salvador - Belo Horizonte,655.17,0.0,0.0,655.17,23,False,False
T002272,LATAM,Salvador - Vitória da Conquista,363.44,0.0,0.0,363.44,34,False,False
T002273,GOL,Salvador - Rio de Janeiro,1049.06,0.0,0.0,1049.06,1,False,False
T002274,LATAM,Salvador - Vitória da Conquista,368.4,0.0,0.0,368.4,11,False,False
T002275,LATAM,Salvador - Brasília,632.19,0.0,0.0,632.19,32,False,False
T002276,GOL,Salvador - São Paulo,1100.59,0.0,0.0,1100.59,8,False,False
T002278,GOL,Salvador - Recife,835.95,0.0,0.0,835.95,3,False,False
T002279,Azul,Salvador - São Paulo,2104.55,0.0,0.0,2104.55,1,False,False
T002281,Azul,Salvador - Fortaleza,594.44,0.0,0.0,594.44,18,False,False
T002282,GOL,Salvador - Fortaleza,581.05,0.0,0.0,581.05,24,False,False
T002283,GOL,Salvador - Recife,779.45,0.0,0.0,779.45,4,False,False
T002284,LATAM,Salvador - São Paulo,1455.73,0.0,0.0,1455.73,17,False,False
T002285,Azul,Salvador - Ilhéus,420.4,0.0,0.0,420.4,27,False,False
T002286,GOL,Salvador - São Paulo,1091.96,0.0,0.0,1091.96,3,False,False
T002287,LATAM,Salvador - Fortaleza,607.33,0.0,0.0,607.33,24,False,False
T002288,LATAM,Salvador - Recife,576.53,0.0,0.0,576.53,21,False,False
T002289,Azul,Salvador - São Paulo,917.38,0.0,0.0,917.38,20,False,False
T002290,LATAM,Salvador - Brasília,1015.21,0.0,0.0,1015.21,12,False,False
T002291,GOL,Salvador - Vitória da Conquista,675.75,0.0,0.0,675.75,3,False,False
T002292,LATAM,Salvador - Brasília,1209.32,0.0,0.0,1209.32,5,False,False
T002293,LATAM,Salvador - São Paulo,1236.39,0.0,0.0,1236.39,3,False,False
T002294,LATAM,Salvador - Rio de Janeiro,1237.17,308.6,0.0,1545.77,0,True,False
T002295,Azul,Salvador - Belo Horizonte,665.06,0.0,0.0,665.06,23,False,False
T002296,LATAM,Salvador - Recife,760.32,0.0,0.0,760.32,3,False,False
T002297,GOL,Salvador - São Paulo,1348.0,0.0,0.0,1348.0,8,False,False
T002298,LATAM,Salvador - Aracaju,741.27,0.0,0.0,741.27,3,False,False
T002299,Azul,Salvador - Rio de Janeiro,680.73,0.0,0.0,680.73,20,False,False
T002301,GOL,Salvador - Porto Alegre,2154.27,0.0,0.0,2154.27,1,False,False
T002302,GOL,Salvador - Rio de Janeiro,1988.84,0.0,0.0,1988.84,0,False,False
T002303,LATAM,Salvador - São Paulo,1227.0,0.0,0.0,1227.0,6,False,False
T002304,GOL,Salvador - Brasília,665.74,0.0,0.0,665.74,26,False,False
T002305,LATAM,Salvador - Brasília,862.88,0.0,0.0,862.88,13,False,False
T002306,LATAM,Salvador - Rio de Janeiro,1799.2,0.0,0.0,1799.2,5,False,False
T002307,LATAM,Salvador - São Paulo,847.38,0.0,0.0,847.38,24,False,False
T002308,Azul,Salvador - Porto Alegre,1321.55,0.0,0.0,1321.55,21,False,False
T002309,GOL,Salvador - São Paulo,1496.58,0.0,0.0,1496.58,4,False,False
T002310,GOL,Salvador - Manaus,1725.46,0.0,0.0,1725.46,6,False,False
T002311,GOL,Salvador - São Paulo,2089.85,0.0,0.0,2089.85,3,False,False
T002312,GOL,Salvador - São Paulo,695.71,0.0,0.0,695.71,35,False,False
T002313,Azul,Salvador - Vitória da Conquista,486.3,0.0,0.0,486.3,33,False,False
T002315,Azul,Salvador - Porto Alegre,1333.24,0.0,0.0,1333.24,0,False,False
T002316,Azul,Salvador - Brasília,559.79,0.0,0.0,559.79,26,False,False
T002317,Azul,Salvador - Recife,539.4,0.0,0.0,539.4,24,False,False
T002318,LATAM,Salvador - Brasília,1286.41,0.0,0.0,1286.41,6,False,False
T002319,GOL,Salvador - Belo Horizonte,1683.53,0.0,0.0,1683.53,0,False,False
T002320,GOL,Salvador - São Paulo,1375.9,0.0,0.0,1375.9,2,False,False
T002322,Azul,Salvador - Curitiba,622.29,0.0,0.0,622.29,23,False,False
T002323,LATAM,Salvador - São Paulo,1991.64,0.0,0.0,1991.64,3,False,False
T002324,LATAM,Salvador - São Paulo,943.22,0.0,0.0,943.22,32,False,False
T002325,Azul,Salvador - Vitória da Conquista,543.22,0.0,0.0,543.22,0,False,False
T002326,Azul,Salvador - Fortaleza,1185.87,0.0,0.0,1185.87,3,False,False
T002327,Azul,Salvador - São Paulo,765.88,0.0,0.0,765.88,27,False,False
T002328,GOL,Salvador - São Paulo,2140.39,0.0,0.0,2140.39,0,False,False
T002329,GOL,Salvador - Brasília,938.3,0.0,0.0,938.3,7,False,False
T002330,Azul,Salvador - Brasília,1567.63,0.0,0.0,1567.63,3,False,False
T002333,GOL,Salvador - Porto Alegre,1626.15,0.0,0.0,1626.15,8,False,False
T002334,LATAM,Salvador - São Paulo,1042.82,0.0,0.0,1042.82,14,False,False
T002335,LATAM,Salvador - São Paulo,1173.76,0.0,0.0,1173.76,9,False,False
T002336,GOL,Salvador - Rio de Janeiro,1099.59,0.0,0.0,1099.59,0,False,False
T002337,Azul,Salvador - Campinas,986.63,0.0,0.0,986.63,24,False,False
T002339,GOL,Salvador - Ilhéus,354.72,0.0,0.0,354.72,11,False,False
T002340,Azul,Salvador - Brasília,896.52,120.43,0.0,1016.95,30,True,False
T002341,LATAM,Salvador - São Paulo,974.84,158.19,0.0,1133.03,1,True,False
T002342,GOL,Salvador - São Paulo,1244.47,0.0,0.0,1244.47,0,False,False
T002343,Azul,Salvador - Rio de Janeiro,639.84,0.0,0.0,639.84,19,False,False
T002344,LATAM,Salvador - Fortaleza,755.78,0.0,0.0,755.78,22,False,False
T002345,Azul,Salvador - Curitiba,1582.68,0.0,0.0,1582.68,13,False,False
T002347,GOL,Salvador - Vitória da Conquista,492.22,0.0,0.0,492.22,22,False,False
T002348,Azul Linhas Aéreas,Salvador - Belo Horizonte,781.19,0.0,0.0,781.19,16,False,False
T002349,LATAM,Salvador - Recife,732.47,0.0,0.0,732.47,3,False,False
T002350,Azul,Salvador - Curitiba,2055.32,0.0,0.0,2055.32,0,False,False
T002351,LATAM,Salvador - Porto Alegre,2501.76,0.0,0.0,2501.76,3,False,False
T002352,GOL,Salvador - São Paulo,594.17,0.0,0.0,594.17,22,False,False
T002353,GOL,Salvador - Rio de Janeiro,1257.94,343.42,0.0,1601.36,0,True,False
T002354,LATAM,Salvador - Porto Alegre,1569.98,0.0,0.0,1569.98,6,False,False
T002355,GOL,Salvador - Ilhéus,433.17,0.0,0.0,433.17,25,False,False
T002356,Azul,Salvador - Fortaleza,651.85,0.0,0.0,651.85,14,False,False
T002357,LATAM,Salvador - São Paulo,1151.82,0.0,0.0,1151.82,4,False,False
T002358,LATAM,Salvador - Rio de Janeiro,1055.33,0.0,0.0,1055.33,6,False,False
T002359,LATAM,Salvador - São Paulo,1354.3,0.0,0.0,1354.3,2,False,False
T002360,Azul,Salvador - Curitiba,1177.74,0.0,0.0,1177.74,3,False,False
T002361,GOL,Salvador - Rio de Janeiro,1030.94,188.49,0.0,1219.44,1,True,False
T002362,Azul,Salvador - Vitória da Conquista,559.98,0.0,0.0,559.98,0,False,False
T002363,LATAM,Salvador - Aracaju,495.67,0.0,0.0,495.67,2,False,False
T002364,LATAM,Salvador - Brasília,1044.47,0.0,0.0,1044.47,25,False,False
T002365,LATAM,Salvador - Rio de Janeiro,701.82,0.0,0.0,701.82,11,False,False
T002366,LATAM,Salvador - São Paulo,1674.7,0.0,0.0,1674.7,5,False,False
T002367,GOL,Salvador - Porto Alegre,1098.46,0.0,0.0,1098.46,29,False,False
T002368,Azul,Salvador - Curitiba,1041.95,0.0,0.0,1041.95,32,False,False
T002369,Azul,Salvador - Brasília,1058.52,0.0,0.0,1058.52,5,False,False
T002370,GOL,Salvador - Recife,1106.64,0.0,0.0,1106.64,0,False,False
T002371,GOL,Salvador - Recife,512.79,0.0,0.0,512.79,12,False,False
T002372,LATAM,Salvador - Aracaju,327.66,0.0,0.0,327.66,26,False,False
T002373,Azul,Salvador - São Paulo,1642.76,479.18,0.0,2121.94,9,True,False
T002374,LATAM,Salvador - Brasília,802.62,0.0,0.0,802.62,10,False,False
T002375,GOL,Salvador - Porto Alegre,1657.9,0.0,0.0,1657.9,3,False,False
T002376,LATAM,Salvador - Rio de Janeiro,711.57,152.28,0.0,863.85,0,True,False
T002377,GOL,Salvador - São Paulo,2073.77,0.0,525.95,525.95,0,False,True
T002378,Azul,Salvador - São Paulo,1542.06,0.0,0.0,1542.06,1,False,False
T002379,LATAM,Salvador - São Paulo,1190.91,0.0,0.0,1190.91,13,False,False
T002380,Azul,Salvador - Rio de Janeiro,851.72,0.0,0.0,851.72,46,False,False
T002381,GOL,Salvador - Campinas,995.9,0.0,0.0,995.9,2,False,False
T002382,LATAM,Salvador - São Paulo,1114.44,0.0,0.0,1114.44,19,False,False
T002383,Azul,Salvador - Belo Horizonte,635.12,0.0,0.0,635.12,14,False,False
T002384,latam,Salvador - Fortaleza,706.35,0.0,0.0,706.35,4,False,False
T002385,LATAM,Salvador - Brasília,1374.16,0.0,0.0,1374.16,0,False,False
T002386,Azul,Salvador - Vitória da Conquista,691.08,91.07,0.0,782.14,5,True,False
T002387,GOL,Salvador - Curitiba,876.35,0.0,0.0,876.35,6,False,False
T002388,Azul,Salvador - Brasília,1391.11,0.0,0.0,1391.11,1,False,False
T002389,Azul,Salvador - Recife,776.22,0.0,0.0,776.22,13,False,False
T002390,LATAM,Salvador - Campinas,949.83,0.0,0.0,949.83,12,False,False
T002391,LATAM,Salvador - São Paulo,1677.03,0.0,0.0,1677.03,6,False,False
T002392,LATAM,Salvador - São Paulo,1446.88,0.0,0.0,1446.88,10,False,False
T002393,GOL,Salvador - Brasília,739.52,0.0,0.0,739.52,20,False,False
T002394,LATAM,Salvador - Brasília,1624.69,0.0,0.0,1624.69,14,False,False
T002395,GOL,Salvador - Rio de Janeiro,850.0,0.0,0.0,850.0,23,False,False
T002396,LATAM,Salvador - Brasília,2091.21,0.0,0.0,2091.21,0,False,False
T002397,LATAM,Salvador - São Paulo,1061.22,0.0,0.0,1061.22,30,False,False
T002398,latam,Salvador - Brasília,809.57,0.0,0.0,809.57,14,False,False
T002399,LATAM,Salvador - Rio de Janeiro,1125.71,0.0,0.0,1125.71,12,False,False
T002400,GOL,Salvador - Rio de Janeiro,1253.33,0.0,0.0,1253.33,1,False,False
T002401,LATAM,Salvador - Brasília,986.08,0.0,0.0,986.08,16,False,False
T002402,GOL,Salvador - Vitória da Conquista,1257.76,0.0,0.0,1257.76,0,False,False
T002403,GOL,Salvador - Rio de Janeiro,879.4,0.0,0.0,879.4,6,False,False
T002404,Azul,Salvador - Rio de Janeiro,1069.05,0.0,0.0,1069.05,32,False,False
T002406,GOL,Salvador - Fortaleza,717.75,0.0,0.0,717.75,6,False,False
T002407,LATAM,Salvador - São Paulo,1495.84,0.0,190.28,190.28,0,False,True
T002408,Azul,Salvador - São Paulo,1258.15,0.0,0.0,1258.15,5,False,False
T002409,Azul,Salvador - Brasília,1300.11,0.0,0.0,1300.11,1,False,False
T002410,LATAM,Salvador - Rio de Janeiro,1299.9,0.0,0.0,1299.9,6,False,False
T002411,LATAM,Salvador - Campinas,934.83,0.0,0.0,934.83,24,False,False
T002412,GOL,Salvador - São Paulo,1282.83,0.0,0.0,1282.83,6,False,False
T002414,Azul,Salvador - Manaus,1728.95,0.0,0.0,1728.95,5,False,False
T002415,GOL,Salvador - Porto Alegre,951.16,231.51,0.0,1182.67,28,True,False
T002416,Azul,Salvador - Belo Horizonte,777.23,0.0,0.0,777.23,32,False,False
T002417,LATAM,Salvador - Manaus,2326.83,0.0,0.0,2326.83,0,False,False
T002418,LATAM,Salvador - São Paulo,1160.64,0.0,0.0,1160.64,1,False,False
T002419,LATAM,Salvador - Brasília,809.95,0.0,0.0,809.95,14,False,False
T002420,Azul,Salvador - Porto Alegre,1049.73,0.0,0.0,1049.73,19,False,False
T002422,LATAM,Salvador - Fortaleza,484.91,0.0,0.0,484.91,12,False,False
T002423,Azul,Salvador - Curitiba,1113.18,0.0,0.0,1113.18,24,False,False
T002424,LATAM,Salvador - São Paulo,922.39,0.0,0.0,922.39,13,False,False
T002425,LATAM,Salvador - Ilhéus,466.36,0.0,0.0,466.36,19,False,False
T002426,Azul,Salvador - Vitória da Conquista,655.76,0.0,0.0,655.76,2,False,False
T002428,Azul,Salvador - São Paulo,789.86,103.2,0.0,893.05,14,True,False
T002429,GOL,Salvador - São Paulo,1543.22,0.0,0.0,1543.22,0,False,False
T002430,GOL,Salvador - São Paulo,1239.69,0.0,0.0,1239.69,11,False,False
T002431,GOL,Salvador - Brasília,1243.05,0.0,0.0,1243.05,19,False,False
T002432,GOL,Salvador - Ilhéus,417.86,0.0,0.0,417.86,14,False,False
T002433,GOL,Salvador - Rio de Janeiro,1375.4,0.0,0.0,1375.4,5,False,False
T002434,LATAM,Salvador - Ilhéus,274.84,0.0,0.0,274.84,22,False,False
T002435,GOL,Salvador - Recife,399.2,0.0,0.0,399.2,22,False,False
T002436,AZUL,Salvador - Brasília,752.26,0.0,160.54,160.54,21,False,True
T002437,Azul,Salvador - Manaus,3008.26,0.0,0.0,3008.26,14,False,False
T002438,Azul,Salvador - Brasília,1299.02,0.0,0.0,1299.02,5,False,False
T002439,LATAM,Salvador - São Paulo,1448.39,0.0,281.49,281.49,0,False,True
T002440,LATAM,Salvador - São Paulo,1351.67,0.0,0.0,1351.67,1,False,False
T002441,LATAM,Salvador - São Paulo,997.33,0.0,0.0,997.33,6,False,False
T002443,GOL,Salvador - Recife,405.98,0.0,63.54,63.54,18,False,True
T002444,GOL,Salvador - São Paulo,1273.55,0.0,0.0,1273.55,24,False,False
T002445,Azul Linhas Aéreas,Salvador - Belo Horizonte,1295.44,0.0,0.0,1295.44,1,False,False
T002446,Azul,Salvador - Brasília,1127.66,0.0,0.0,1127.66,1,False,False
T002447,GOL,Salvador - Rio de Janeiro,532.24,0.0,0.0,532.24,27,False,False
T002448,Azul,Salvador - São Paulo,910.06,278.47,0.0,1188.53,25,True,False
T002449,Azul,Salvador - São Paulo,1460.8,0.0,0.0,1460.8,3,False,False
T002450,GOL,Salvador - Brasília,1160.04,0.0,0.0,1160.04,3,False,False
T002451,GOL,Salvador - Recife,881.1,0.0,0.0,881.1,3,False,False
T002452,LATAM,Salvador - São Paulo,1626.91,0.0,0.0,1626.91,0,False,False
T002453,LATAM,Salvador - Recife,665.63,0.0,0.0,665.63,5,False,False
T002455,LATAM,Salvador - Recife,1004.4,0.0,0.0,1004.4,1,False,False
T002457,GOL,Salvador - Belo Horizonte,922.78,0.0,0.0,922.78,19,False,False
T002458,GOL,Salvador - Fortaleza,1528.08,0.0,192.52,192.52,0,False,True
T002459,LATAM,Salvador - Recife,617.22,0.0,0.0,617.22,5,False,False
T002460,LATAM,Salvador - Fortaleza,553.19,0.0,0.0,553.19,12,False,False
T002461,Azul,Salvador - São Paulo,1064.61,0.0,0.0,1064.61,12,False,False
T002463,GOL,Salvador - Vitória da Conquista,665.43,0.0,0.0,665.43,2,False,False
T002464,Azul,Salvador - São Paulo,1310.8,0.0,0.0,1310.8,3,False,False
T002465,GOL,Salvador - Recife,551.98,0.0,0.0,551.98,28,False,False
T002466,GOL,Salvador - São Paulo,1895.34,0.0,0.0,1895.34,2,False,False
T002467,Azul,Salvador - Fortaleza,794.93,0.0,0.0,794.93,16,False,False
T002468,Azul,Salvador - Brasília,804.54,0.0,0.0,804.54,10,False,False
T002470,Azul,Salvador - São Paulo,1460.19,0.0,0.0,1460.19,6,False,False
T002471,GOL,Salvador - São Paulo,1595.1,235.65,0.0,1830.75,2,True,False
T002472,LATAM,Salvador - São Paulo,798.64,0.0,0.0,798.64,26,False,False
T002473,GOL,Salvador - Rio de Janeiro,951.1,0.0,0.0,951.1,3,False,False
T002474,Azul,Salvador - Recife,808.0,0.0,0.0,808.0,6,False,False
T002475,GOL,Salvador - Vitória da Conquista,534.13,0.0,0.0,534.13,3,False,False
T002476,Azul,Salvador - Rio de Janeiro,949.75,0.0,0.0,949.75,14,False,False
T002477,Azul,Salvador - Porto Alegre,1711.22,0.0,0.0,1711.22,2,False,False
T002478,GOL,Salvador - Brasília,1355.35,0.0,0.0,1355.35,3,False,False
T002479,GOL,Salvador - Porto Alegre,1949.56,0.0,0.0,1949.56,1,False,False
T002480,GOL,Salvador - Rio de Janeiro,889.73,0.0,0.0,889.73,5,False,False
T002481,Azul,Salvador - Recife,674.87,0.0,0.0,674.87,6,False,False
T002482,Azul Linhas Aéreas,Salvador - Ilhéus,403.65,0.0,0.0,403.65,19,False,False
T002484,LATAM,Salvador - Recife,627.62,0.0,0.0,627.62,11,False,False
T002485,GOL,Salvador - Rio de Janeiro,1204.25,0.0,0.0,1204.25,0,False,False
T002486,Azul,Salvador - Curitiba,1093.49,0.0,0.0,1093.49,5,False,False
T002487,GOL,Salvador - Recife,729.56,0.0,0.0,729.56,1,False,False
T002488,LATAM,Salvador - São Paulo,775.69,0.0,0.0,775.69,20,False,False
T002489,LATAM,Salvador - Belo Horizonte,1003.43,0.0,0.0,1003.43,6,False,False
T002490,LATAM,Salvador - Recife,1160.04,0.0,0.0,1160.04,6,False,False
T002491,GOL,Salvador - Campinas,884.59,0.0,0.0,884.59,25,False,False
T002492,GOL,Salvador - Curitiba,736.41,0.0,0.0,736.41,23,False,False
T002493,GOL,Salvador - Fortaleza,524.37,0.0,0.0,524.37,26,False,False
T002494,GOL,Salvador - Campinas,782.17,0.0,0.0,782.17,21,False,False
T002495,LATAM,Salvador - Brasília,1067.68,0.0,0.0,1067.68,2,False,False
T002496,LATAM,Salvador - Vitória da Conquista,742.94,0.0,0.0,742.94,1,False,False
T002497,Azul,Salvador - Campinas,1878.2,0.0,0.0,1878.2,1,False,False
T002498,GOL,Salvador - Curitiba,1568.26,383.27,0.0,1951.53,0,True,False
T002499,LATAM Airlines,Salvador - São Paulo,709.15,0.0,0.0,709.15,18,False,False
T002500,Azul,Salvador - São Paulo,1062.17,0.0,0.0,1062.17,12,False,False
T002501,Azul,Salvador - São Paulo,713.2,0.0,0.0,713.2,14,False,False
T002502,LATAM,Salvador - Recife,730.92,0.0,0.0,730.92,1,False,False
T002504,LATAM,Salvador - São Paulo,1663.55,0.0,0.0,1663.55,1,False,False
T002505,GOL,Salvador - Belo Horizonte,1078.66,0.0,0.0,1078.66,3,False,False
T002507,LATAM,Salvador - Campinas,1414.13,0.0,0.0,1414.13,4,False,False
T002508,LATAM,Salvador - São Paulo,964.88,0.0,0.0,964.88,24,False,False
T002509,GOL,Salvador - Recife,747.52,0.0,0.0,747.52,9,False,False
T002510,LATAM,Salvador - Porto Alegre,1014.74,0.0,0.0,1014.74,30,False,False
T002511,LATAM,Salvador - São Paulo,1308.32,0.0,0.0,1308.32,0,False,False
T002512,GOL,Salvador - Manaus,2255.2,0.0,267.25,267.25,4,False,True
T002513,GOL,Salvador - Campinas,576.28,0.0,0.0,576.28,37,False,False
T002514,LATAM,Salvador - Fortaleza,497.35,0.0,0.0,497.35,15,False,False
T002515,Azul,Salvador - São Paulo,867.24,0.0,0.0,867.24,26,False,False
T002516,Latam Airlines,Salvador - Rio de Janeiro,1018.44,0.0,0.0,1018.44,6,False,False
T002517,GOL,Salvador - Brasília,1010.95,0.0,0.0,1010.95,13,False,False
T002518,LATAM,Salvador - Belo Horizonte,596.67,0.0,0.0,596.67,25,False,False
T002519,GOL,Salvador - Brasília,704.48,0.0,0.0,704.48,27,False,False
T002520,Azul,Salvador - Fortaleza,575.41,0.0,0.0,575.41,19,False,False
T002521,Azul,Salvador - Recife,897.05,122.15,0.0,1019.19,1,True,False
T002522,Azul,Salvador - Vitória da Conquista,380.9,0.0,0.0,380.9,20,False,False
T002523,GOL,Salvador - Belo Horizonte,1577.79,0.0,0.0,1577.79,0,False,False
T002524,GOL,Salvador - São Paulo,820.72,0.0,0.0,820.72,19,False,False
T002525,LATAM,Salvador - São Paulo,1250.62,0.0,0.0,1250.62,2,False,False
T002526,GOL,Salvador - Rio de Janeiro,1488.56,0.0,0.0,1488.56,13,False,False
T002527,LATAM,Salvador - Manaus,1936.96,0.0,0.0,1936.96,0,False,False
T002528,Azul,Salvador - Manaus,999.73,0.0,0.0,999.73,18,False,False
T002529,LATAM,Salvador - Campinas,1898.32,0.0,0.0,1898.32,2,False,False
T002530,Azul,Salvador - São Paulo,1264.16,0.0,0.0,1264.16,1,False,False
T002531,GOL,Salvador - São Paulo,930.91,0.0,0.0,930.91,44,False,False
T002532,LATAM,Salvador - Curitiba,2146.51,0.0,0.0,2146.51,1,False,False
T002534,GOL,Salvador - Fortaleza,790.68,0.0,0.0,790.68,5,False,False
T002535,Azul,Salvador - Brasília,724.82,0.0,0.0,724.82,13,False,False
T002536,GOL,Salvador - Ilhéus,515.07,0.0,0.0,515.07,4,False,False
T002537,Azul,Salvador - Rio de Janeiro,1545.26,0.0,0.0,1545.26,5,False,False
T002538,LATAM,Salvador - São Paulo,811.85,0.0,0.0,811.85,10,False,False
T002539,GOL,Salvador - Fortaleza,782.53,0.0,0.0,782.53,4,False,False
T002540,GOL,Salvador - Rio de Janeiro,809.93,254.22,0.0,1064.15,14,True,False
T002541,LATAM,Salvador - Fortaleza,1119.0,0.0,0.0,1119.0,5,False,False
T002542,Azul,Salvador - São Paulo,1521.56,0.0,0.0,1521.56,4,False,False
T002544,LATAM,Salvador - Recife,985.88,0.0,0.0,985.88,1,False,False
T002545,GOL,Salvador - São Paulo,1702.2,0.0,0.0,1702.2,3,False,False
T002546,GOL,Salvador - São Paulo,976.02,0.0,132.2,132.2,9,False,True
T002547,GOL,Salvador - Fortaleza,1051.56,0.0,0.0,1051.56,0,False,False
T002548,GOL,Salvador - São Paulo,2120.88,0.0,0.0,2120.88,3,False,False
T002549,GOL,Salvador - São Paulo,897.92,0.0,0.0,897.92,24,False,False
T002550,LATAM,Salvador - Fortaleza,972.72,0.0,0.0,972.72,4,False,False
T002552,Azul,Salvador - Recife,1285.14,0.0,0.0,1285.14,5,False,False
T002553,Azul Linhas Aéreas,Salvador - Manaus,1455.68,0.0,0.0,1455.68,16,False,False
T002554,GOL,Salvador - Porto Alegre,1320.98,0.0,0.0,1320.98,23,False,False
T002555,GOL,Salvador - Curitiba,1118.98,0.0,0.0,1118.98,6,False,False
T002556,GOL,Salvador - Curitiba,903.04,0.0,0.0,903.04,9,False,False
T002557,LATAM,Salvador - Recife,529.14,0.0,0.0,529.14,18,False,False
T002558,LATAM,Salvador - Campinas,1150.72,0.0,0.0,1150.72,6,False,False
T002559,GOL,Salvador - Belo Horizonte,907.73,0.0,0.0,907.73,27,False,False
T002562,Azul,Salvador - Brasília,898.01,249.13,0.0,1147.14,12,True,False
T002563,GOL,Salvador - São Paulo,1297.03,0.0,0.0,1297.03,0,False,False
T002564,LATAM,Salvador - Aracaju,289.58,0.0,0.0,289.58,24,False,False
T002565,Azul,Salvador - Curitiba,1801.35,0.0,0.0,1801.35,2,False,False
T002566,LATAM,Salvador - São Paulo,1345.09,0.0,0.0,1345.09,6,False,False
T002567,Azul,Salvador - Campinas,1743.39,0.0,0.0,1743.39,1,False,False
T002568,LATAM,Salvador - Recife,482.07,146.8,0.0,628.87,15,True,False
T002569,LATAM,Salvador - Rio de Janeiro,739.29,0.0,0.0,739.29,26,False,False
T002570,LATAM,Salvador - São Paulo,1085.83,0.0,0.0,1085.83,12,False,False
T002571,Azul,Salvador - São Paulo,743.31,0.0,0.0,743.31,11,False,False
T002572,AZUL,Salvador - Recife,576.28,0.0,0.0,576.28,24,False,False
T002574,LATAM,Salvador - Rio de Janeiro,488.04,0.0,0.0,488.04,17,False,False
T002575,Azul,Salvador - São Paulo,782.14,0.0,0.0,782.14,14,False,False
T002576,LATAM,Salvador - São Paulo,1023.94,0.0,0.0,1023.94,10,False,False
T002577,LATAM,Salvador - Fortaleza,673.44,0.0,0.0,673.44,25,False,False
T002578,Azul,Salvador - São Paulo,1545.32,0.0,0.0,1545.32,1,False,False
T002579,LATAM,Salvador - Campinas,1110.57,0.0,0.0,1110.57,1,False,False
T002580,LATAM,Salvador - Brasília,1261.8,0.0,0.0,1261.8,2,False,False
T002581,GOL,Salvador - Belo Horizonte,661.91,0.0,0.0,661.91,4,False,False
T002582,GOL,Salvador - São Paulo,764.04,0.0,0.0,764.04,28,False,False
T002583,GOL,Salvador - Fortaleza,1061.25,0.0,0.0,1061.25,1,False,False
T002584,Azul,Salvador - Rio de Janeiro,894.16,0.0,0.0,894.16,18,False,False
T002585,Azul,Salvador - Rio de Janeiro,1005.66,0.0,0.0,1005.66,5,False,False
T002586,GOL,Salvador - Ilhéus,509.37,0.0,0.0,509.37,1,False,False
T002587,Azul,Salvador - Belo Horizonte,1384.77,0.0,0.0,1384.77,0,False,False
T002588,LATAM,Salvador - Brasília,969.51,0.0,0.0,969.51,11,False,False
T002589,Azul,Salvador - São Paulo,1484.77,303.9,0.0,1788.67,3,True,False
T002590,Azul,Salvador - Rio de Janeiro,918.52,0.0,0.0,918.52,9,False,False
T002591,GOL,Salvador - São Paulo,1711.13,0.0,0.0,1711.13,1,False,False
T002592,LATAM,Salvador - Brasília,1104.08,0.0,0.0,1104.08,13,False,False
T002593,GOL,Salvador - Campinas,1872.51,0.0,0.0,1872.51,0,False,False
T002595,GOL,Salvador - Rio de Janeiro,631.05,0.0,0.0,631.05,22,False,False
T002596,GOL,Salvador - Belo Horizonte,659.01,0.0,0.0,659.01,17,False,False
T002597,LATAM,Salvador - Rio de Janeiro,870.07,0.0,0.0,870.07,28,False,False
T002598,GOL,Salvador - Curitiba,671.13,0.0,0.0,671.13,27,False,False
T002599,GOL,Salvador - Rio de Janeiro,909.8,0.0,0.0,909.8,13,False,False
T002601,Azul,Salvador - Brasília,836.48,0.0,0.0,836.48,32,False,False
T002603,GOL,Salvador - Fortaleza,584.4,0.0,0.0,584.4,13,False,False
T002604,GOL,Salvador - São Paulo,1102.37,0.0,0.0,1102.37,3,False,False
T002605,LATAM,Salvador - Manaus,1400.47,0.0,0.0,1400.47,14,False,False
T002606,LATAM,Salvador - Rio de Janeiro,1005.36,0.0,0.0,1005.36,6,False,False
T002608,GOL,Salvador - Recife,355.51,0.0,0.0,355.51,18,False,False
T002609,LATAM,Salvador - Rio de Janeiro,1289.32,0.0,0.0,1289.32,5,False,False
T002610,GOL,Salvador - São Paulo,1374.93,0.0,0.0,1374.93,6,False,False
T002611,Azul,Salvador - Brasília,743.71,0.0,0.0,743.71,16,False,False
T002612,Azul,Salvador - Recife,320.62,43.27,0.0,363.89,31,True,False
T002613,GOL,Salvador - São Paulo,999.74,0.0,0.0,999.74,6,False,False
T002614,Azul,Salvador - Fortaleza,766.47,0.0,0.0,766.47,6,False,False
T002615,Azul,Salvador - Curitiba,689.74,0.0,0.0,689.74,17,False,False
T002616,Azul,Salvador - Recife,840.82,0.0,0.0,840.82,5,False,False
T002617,LATAM,Salvador - São Paulo,987.67,0.0,0.0,987.67,1,False,False
T002618,LATAM,Salvador - Brasília,944.0,0.0,0.0,944.0,4,False,False
T002619,GOL,Salvador - Rio de Janeiro,814.45,142.04,0.0,956.49,21,True,False
T002620,LATAM,Salvador - Belo Horizonte,836.21,0.0,0.0,836.21,12,False,False
T002621,GOL,Salvador - São Paulo,1385.91,0.0,0.0,1385.91,6,False,False
T002622,LATAM,Salvador - Manaus,1520.31,0.0,0.0,1520.31,10,False,False
T002623,LATAM,Salvador - São Paulo,706.86,0.0,0.0,706.86,34,False,False
T002624,Azul,Salvador - Recife,457.32,0.0,0.0,457.32,18,False,False
T002625,GOL,Salvador - Brasília,918.66,0.0,0.0,918.66,17,False,False
T002626,LATAM,Salvador - São Paulo,769.89,0.0,0.0,769.89,22,False,False
T002627,GOL,Salvador - São Paulo,1183.03,0.0,0.0,1183.03,4,False,False
T002628,Azul,Salvador - Rio de Janeiro,1682.9,0.0,0.0,1682.9,0,False,False
T002629,Azul,Salvador - Brasília,777.51,0.0,0.0,777.51,32,False,False
T002630,LATAM,Salvador - São Paulo,1160.21,0.0,0.0,1160.21,2,False,False
T002631,LATAM,Salvador - Brasília,990.08,256.54,0.0,1246.63,3,True,False
T002632,LATAM,Salvador - Belo Horizonte,985.8,0.0,0.0,985.8,6,False,False
T002633,LATAM,Salvador - São Paulo,1309.19,0.0,303.85,303.85,4,False,True
T002635,,Salvador - Brasília,729.71,0.0,0.0,729.71,29,False,False
T002636,Azul,Salvador - Rio de Janeiro,1437.63,0.0,0.0,1437.63,3,False,False
T002637,LATAM,Salvador - São Paulo,768.73,0.0,0.0,768.73,27,False,False
T002638,GOL,Salvador - Rio de Janeiro,1053.28,0.0,0.0,1053.28,14,False,False
T002639,GOL,Salvador - São Paulo,1067.07,0.0,0.0,1067.07,23,False,False
T002640,GOL,Salvador - São Paulo,1270.58,0.0,0.0,1270.58,1,False,False
T002641,LATAM,Salvador - Recife,456.93,0.0,0.0,456.93,36,False,False
T002642,LATAM,Salvador - Rio de Janeiro,1088.8,0.0,0.0,1088.8,6,False,False
T002643,LATAM,Salvador - Brasília,1650.94,0.0,0.0,1650.94,0,False,False
T002644,LATAM,Salvador - Recife,490.13,0.0,0.0,490.13,45,False,False
T002645,GOL,Salvador - São Paulo,1020.9,0.0,0.0,1020.9,15,False,False
T002646,GOL,Salvador - São Paulo,971.28,0.0,0.0,971.28,15,False,False
T002647,Azul,Salvador - Brasília,1058.02,0.0,0.0,1058.02,7,False,False
T002648,LATAM,Salvador - Porto Alegre,2453.17,0.0,0.0,2453.17,0,False,False
T002649,GOL,Salvador - São Paulo,1118.4,0.0,0.0,1118.4,0,False,False
T002650,GOL,Salvador - Vitória da Conquista,691.23,149.93,0.0,841.17,2,True,False
T002651,Azul,Salvador - Rio de Janeiro,1465.9,0.0,0.0,1465.9,1,False,False
T002652,LATAM,Salvador - Brasília,821.45,0.0,0.0,821.45,15,False,False
T002653,GOL,Salvador - São Paulo,769.98,0.0,0.0,769.98,8,False,False
T002654,GOL,Salvador - Curitiba,1325.12,184.39,0.0,1509.51,2,True,False
T002655,Azul,Salvador - São Paulo,1318.1,0.0,0.0,1318.1,5,False,False
T002656,GOL,Salvador - São Paulo,1013.92,0.0,0.0,1013.92,31,False,False
T002657,Azul,Salvador - Brasília,965.4,0.0,0.0,965.4,21,False,False
T002658,LATAM,Salvador - Brasília,1295.94,0.0,0.0,1295.94,2,False,False
T002659,GOL,Salvador - São Paulo,977.11,0.0,0.0,977.11,17,False,False
T002660,GOL,Salvador - Brasília,1275.7,0.0,0.0,1275.7,1,False,False
T002662,Azul,Salvador - Aracaju,402.7,0.0,0.0,402.7,5,False,False
T002663,GOL,Salvador - São Paulo,961.13,0.0,0.0,961.13,14,False,False
T002664,Azul,Salvador - Brasília,592.82,0.0,0.0,592.82,24,False,False
T002665,GOL,Salvador - Brasília,1864.21,497.75,0.0,2361.96,0,True,False
T002666,GOL,Salvador - Rio de Janeiro,1116.28,0.0,0.0,1116.28,3,False,False
T002667,GOL,Salvador - São Paulo,2198.04,0.0,0.0,2198.04,0,False,False
T002668,LATAM,Salvador - Belo Horizonte,1064.71,0.0,0.0,1064.71,0,False,False
T002669,LATAM,Salvador - Rio de Janeiro,1453.65,0.0,0.0,1453.65,0,False,False
T002670,LATAM,Salvador - Recife,516.48,0.0,108.35,108.35,27,False,True
T002671,GOL,Salvador - Manaus,1835.77,0.0,0.0,1835.77,0,False,False
T002672,LATAM,Salvador - São Paulo,1631.75,0.0,0.0,1631.75,3,False,False
T002673,Azul,Salvador - Brasília,1080.14,0.0,0.0,1080.14,6,False,False
T002674,GOL,Salvador - Curitiba,1874.69,323.1,0.0,2197.79,6,True,False
T002675,LATAM,Salvador - Curitiba,1187.67,0.0,0.0,1187.67,21,False,False
T002676,LATAM,Salvador - Campinas,1665.0,0.0,0.0,1665.0,0,False,False
T002677,GOL,Salvador - Recife,772.32,223.08,0.0,995.4,1,True,False
T002678,Azul,Salvador - Recife,436.06,0.0,0.0,436.06,22,False,False
T002679,LATAM,Salvador - Rio de Janeiro,1506.64,0.0,0.0,1506.64,0,False,False
T002680,GOL,Salvador - Rio de Janeiro,601.39,0.0,0.0,601.39,21,False,False
T002682,Gol Linhas Aéreas,Salvador - São Paulo,924.1,0.0,0.0,924.1,10,False,False
T002683,GOL,Salvador - Brasília,1186.09,0.0,0.0,1186.09,1,False,False
T002684,GOL,Salvador - São Paulo,1562.94,0.0,0.0,1562.94,0,False,False
T002685,GOL,Salvador - São Paulo,1858.16,0.0,0.0,1858.16,2,False,False
T002686,Azul,Salvador - Vitória da Conquista,658.55,0.0,0.0,658.55,9,False,False
T002687,LATAM,Salvador - Belo Horizonte,771.66,0.0,0.0,771.66,28,False,False
T002688,GOL,Salvador - Rio de Janeiro,567.38,0.0,0.0,567.38,16,False,False
T002689,GOL,Salvador - Porto Alegre,827.52,0.0,0.0,827.52,16,False,False
T002690,GOL,Salvador - Rio de Janeiro,1191.88,0.0,0.0,1191.88,1,False,False
T002691,GOL,Salvador - São Paulo,1273.27,0.0,0.0,1273.27,0,False,False
T002692,gol,Salvador - Fortaleza,765.86,0.0,0.0,765.86,5,False,False
T002693,LATAM,Salvador - Campinas,994.35,0.0,0.0,994.35,13,False,False
T002694,Azul,Salvador - São Paulo,1538.33,0.0,0.0,1538.33,0,False,False
T002695,LATAM,Salvador - Porto Alegre,1153.59,0.0,0.0,1153.59,14,False,False
T002696,LATAM,Salvador - Belo Horizonte,589.97,0.0,0.0,589.97,21,False,False
T002697,Azul,Salvador - Fortaleza,649.05,0.0,0.0,649.05,13,False,False
T002698,GOL,Salvador - Porto Alegre,848.56,0.0,0.0,848.56,27,False,False
T002699,LATAM,Salvador - São Paulo,1004.49,0.0,0.0,1004.49,11,False,False
T002700,GOL,Salvador - Brasília,907.55,0.0,0.0,907.55,11,False,False
T002701,GOL,Salvador - Brasília,1225.91,0.0,0.0,1225.91,5,False,False
T002702,LATAM,Salvador - São Paulo,838.54,0.0,0.0,838.54,22,False,False
T002703,LATAM,Salvador - São Paulo,1289.55,0.0,0.0,1289.55,10,False,False
T002704,LATAM,Salvador - Brasília,816.99,0.0,0.0,816.99,12,False,False
T002705,GOL,Salvador - Brasília,992.33,0.0,0.0,992.33,3,False,False
T002706,LATAM,Salvador - Recife,741.85,0.0,0.0,741.85,3,False,False
T002707,GOL,Salvador - Vitória da Conquista,688.53,0.0,0.0,688.53,2,False,False
T002708,GOL,Salvador - Fortaleza,1026.6,0.0,0.0,1026.6,1,False,False
T002709,LATAM,Salvador - Rio de Janeiro,910.9,0.0,0.0,910.9,27,False,False
T002710,GOL,Salvador - Fortaleza,672.97,0.0,0.0,672.97,11,False,False
T002711,GOL,Salvador - Campinas,1822.84,0.0,0.0,1822.84,0,False,False
T002712,GOL,Salvador - Rio de Janeiro,734.07,215.99,0.0,950.07,16,True,False
T002714,LATAM,Salvador - Rio de Janeiro,1480.77,0.0,0.0,1480.77,2,False,False
T002715,Azul,Salvador - São Paulo,1196.1,0.0,0.0,1196.1,4,False,False
T002717,LATAM,Salvador - Belo Horizonte,825.58,0.0,0.0,825.58,13,False,False
T002719,Azul,Salvador - Fortaleza,410.75,0.0,0.0,410.75,23,False,False
T002720,Azul,Salvador - Manaus,1434.14,0.0,0.0,1434.14,13,False,False
T002721,LATAM,Salvador - Rio de Janeiro,750.8,0.0,0.0,750.8,28,False,False
T002723,LATAM,Salvador - Fortaleza,813.65,0.0,0.0,813.65,0,False,False
T002724,Azul,Salvador - São Paulo,1474.64,0.0,0.0,1474.64,3,False,False
T002725,GOL,Salvador - Campinas,1367.17,0.0,0.0,1367.17,4,False,False
T002726,GOL,Salvador - Campinas,1391.61,0.0,0.0,1391.61,5,False,False
T002727,GOL,Salvador - Recife,556.14,0.0,98.75,98.75,13,False,True
T002728,LATAM,Salvador - Campinas,1170.73,0.0,0.0,1170.73,4,False,False
T002729,LATAM,Salvador - São Paulo,717.99,0.0,0.0,717.99,12,False,False
T002730,Azul,Salvador - Brasília,1517.17,0.0,0.0,1517.17,0,False,False
T002731,LATAM,Salvador - Fortaleza,762.19,0.0,0.0,762.19,25,False,False
T002732,LATAM,Salvador - São Paulo,665.88,0.0,0.0,665.88,25,False,False
T002733,LATAM,Salvador - Porto Alegre,1094.12,0.0,0.0,1094.12,9,False,False
T002734,GOL,Salvador - Campinas,1321.73,0.0,0.0,1321.73,5,False,False
T002735,GOL,Salvador - Recife,589.54,0.0,0.0,589.54,11,False,False
T002736,GOL,Salvador - Brasília,634.3,185.14,0.0,819.44,27,True,False
T002737,GOL,Salvador - São Paulo,636.96,0.0,0.0,636.96,26,False,False
T002738,LATAM,Salvador - São Paulo,1097.27,206.25,0.0,1303.53,25,True,False
T002739,Azul,Salvador - Belo Horizonte,1279.44,0.0,0.0,1279.44,5,False,False
T002740,LATAM,Salvador - Rio de Janeiro,1367.41,0.0,0.0,1367.41,2,False,False
T002741,Azul,Salvador - Rio de Janeiro,1004.91,0.0,0.0,1004.91,2,False,False
T002743,LATAM,Salvador - São Paulo,1470.07,0.0,0.0,1470.07,5,False,False
T002744,Azul,Salvador - Rio de Janeiro,1416.98,0.0,0.0,1416.98,0,False,False
T002745,GOL,Salvador - Rio de Janeiro,823.38,0.0,0.0,823.38,5,False,False
T002747,GOL,Salvador - Rio de Janeiro,701.15,0.0,0.0,701.15,28,False,False
T002748,Azul,Salvador - São Paulo,1178.56,0.0,0.0,1178.56,13,False,False
T002749,LATAM,Salvador - Brasília,633.53,0.0,0.0,633.53,5,False,False
T002750,Azul,Salvador - Manaus,1190.0,0.0,0.0,1190.0,9,False,False
T002751,GOL,Salvador - Brasília,1527.06,0.0,0.0,1527.06,1,False,False
T002752,Latam Airlines,Salvador - Brasília,1259.52,0.0,0.0,1259.52,2,False,False
T002753,LATAM,Salvador - Vitória da Conquista,426.01,0.0,0.0,426.01,16,False,False
T002754,GOL,Salvador - Belo Horizonte,700.1,0.0,0.0,700.1,19,False,False
T002755,GOL,Salvador - São Paulo,875.47,0.0,0.0,875.47,14,False,False
T002756,LATAM,Salvador - São Paulo,1483.37,0.0,0.0,1483.37,11,False,False
T002757,LATAM,Salvador - Porto Alegre,1990.82,0.0,0.0,1990.82,7,False,False
T002758,GOL,Salvador - Curitiba,868.56,121.11,0.0,989.67,30,True,False
T002759,LATAM,Salvador - São Paulo,802.93,0.0,0.0,802.93,27,False,False
T002760,GOL,Salvador - Campinas,826.95,0.0,0.0,826.95,14,False,False
T002761,Azul,Salvador - Brasília,909.46,0.0,0.0,909.46,32,False,False
T002762,Latam Airlines,Salvador - Vitória da Conquista,609.07,0.0,0.0,609.07,12,False,False
T002763,gol,Salvador - Brasília,1117.7,0.0,0.0,1117.7,22,False,False
T002764,GOL,Salvador - Vitória da Conquista,729.78,0.0,0.0,729.78,0,False,False
T002765,Azul,Salvador - Recife,633.26,0.0,0.0,633.26,4,False,False
T002766,GOL,Salvador - Recife,600.31,0.0,0.0,600.31,14,False,False
T002767,LATAM,Salvador - Rio de Janeiro,730.32,0.0,0.0,730.32,10,False,False
T002768,GOL,Salvador - Rio de Janeiro,1227.23,0.0,0.0,1227.23,0,False,False
T002769,LATAM,Salvador - Brasília,788.73,0.0,0.0,788.73,17,False,False
T002770,GOL,Salvador - Recife,849.07,0.0,0.0,849.07,0,False,False
T002772,LATAM,Salvador - Brasília,1768.77,0.0,0.0,1768.77,1,False,False
T002773,Latam Airlines,Salvador - São Paulo,835.83,0.0,0.0,835.83,8,False,False
T002774,GOL,Salvador - Brasília,565.87,0.0,0.0,565.87,31,False,False
T002776,LATAM,Salvador - São Paulo,1151.23,0.0,0.0,1151.23,26,False,False
T002777,Azul,Salvador - Curitiba,890.86,0.0,0.0,890.86,27,False,False
T002778,GOL,Salvador - Rio de Janeiro,712.33,0.0,0.0,712.33,15,False,False
T002779,GOL,Salvador - São Paulo,711.57,0.0,0.0,711.57,15,False,False
T002780,LATAM,Salvador - Brasília,1062.76,0.0,0.0,1062.76,13,False,False
T002781,LATAM,Salvador - Porto Alegre,1059.4,0.0,0.0,1059.4,37,False,False
T002782,Azul,Salvador - Curitiba,2349.08,0.0,0.0,2349.08,1,False,False
T002783,Azul,Salvador - Brasília,1113.55,189.86,0.0,1303.4,6,True,False
T002784,LATAM,Salvador - Belo Horizonte,923.36,0.0,0.0,923.36,9,False,False
T002787,Azul,Salvador - Brasília,840.89,0.0,0.0,840.89,24,False,False
T002788,LATAM,Salvador - Curitiba,2454.53,0.0,0.0,2454.53,5,False,False
T002789,LATAM,Salvador - Recife,576.33,0.0,0.0,576.33,6,False,False
T002791,LATAM,Salvador - Brasília,1862.42,0.0,0.0,1862.42,0,False,False
T002792,LATAM,Salvador - São Paulo,1093.54,0.0,0.0,1093.54,12,False,False
T002793,LATAM,Salvador - Brasília,811.75,0.0,0.0,811.75,19,False,False
T002795,GOL,Salvador - Fortaleza,496.47,0.0,0.0,496.47,20,False,False
T002796,Azul,Salvador - São Paulo,887.11,0.0,0.0,887.11,6,False,False
T002797,LATAM,Salvador - Manaus,1123.62,0.0,0.0,1123.62,18,False,False
T002798,LATAM,Salvador - São Paulo,1130.07,0.0,0.0,1130.07,16,False,False
T002799,Azul,Salvador - Curitiba,1425.6,0.0,0.0,1425.6,0,False,False
T002801,GOL,Salvador - Recife,775.23,0.0,0.0,775.23,2,False,False
T002802,LATAM,Salvador - Campinas,879.86,0.0,0.0,879.86,18,False,False
T002803,GOL,Salvador - São Paulo,971.09,0.0,0.0,971.09,4,False,False
T002804,GOL,Salvador - Recife,511.68,114.62,0.0,626.3,7,True,False
T002806,GOL,Salvador - São Paulo,1232.01,0.0,0.0,1232.01,0,False,False
T002807,LATAM,Salvador - Belo Horizonte,661.95,0.0,0.0,661.95,14,False,False
T002808,GOL,Salvador - Rio de Janeiro,906.62,0.0,0.0,906.62,8,False,False
T002809,LATAM,Salvador - São Paulo,1436.86,0.0,0.0,1436.86,1,False,False
T002810,LATAM,Salvador - Rio de Janeiro,1217.15,0.0,0.0,1217.15,3,False,False
T002811,Azul,Salvador - Ilhéus,439.39,0.0,0.0,439.39,19,False,False
T002814,AZUL,Salvador - Recife,911.94,0.0,0.0,911.94,4,False,False
T002815,LATAM,Salvador - Manaus,1196.01,0.0,0.0,1196.01,10,False,False
T002816,Azul,Salvador - Fortaleza,844.98,0.0,0.0,844.98,6,False,False
T002817,Azul,Salvador - Fortaleza,1013.49,0.0,0.0,1013.49,2,False,False
T002818,GOL,Salvador - São Paulo,930.66,0.0,0.0,930.66,17,False,False
T002819,LATAM,Salvador - Belo Horizonte,988.58,0.0,0.0,988.58,4,False,False
T002820,Azul,Salvador - Brasília,971.2,0.0,0.0,971.2,25,False,False
T002821,Azul,Salvador - Curitiba,1764.14,0.0,0.0,1764.14,2,False,False
T002822,LATAM,Salvador - Recife,731.74,0.0,0.0,731.74,3,False,False
T002823,Azul,Salvador - São Paulo,1677.36,0.0,0.0,1677.36,1,False,False
T002824,LATAM,Salvador - Brasília,676.99,0.0,0.0,676.99,30,False,False
T002825,GOL,Salvador - Brasília,1604.59,0.0,0.0,1604.59,2,False,False
T002826,Azul,Salvador - São Paulo,697.11,0.0,0.0,697.11,31,False,False
T002827,LATAM,Salvador - Campinas,1457.56,262.38,0.0,1719.95,0,True,False
T002829,LATAM,Salvador - São Paulo,1388.94,0.0,0.0,1388.94,5,False,False
T002831,Azul,Salvador - São Paulo,1329.22,0.0,0.0,1329.22,5,False,False
T002832,LATAM,Salvador - Campinas,1015.81,0.0,0.0,1015.81,10,False,False
T002833,gol,Salvador - São Paulo,704.22,0.0,0.0,704.22,24,False,False
T002834,LATAM,Salvador - São Paulo,842.77,0.0,154.78,154.78,25,False,True
T002835,LATAM,Salvador - São Paulo,1079.98,0.0,207.88,207.88,1,False,True
T002836,LATAM,Salvador - Porto Alegre,1568.5,0.0,0.0,1568.5,27,False,False
T002838,GOL,Salvador - São Paulo,684.56,0.0,0.0,684.56,29,False,False
T002839,GOL,Salvador - São Paulo,615.07,0.0,0.0,615.07,22,False,False
T002840,GOL,Salvador - São Paulo,1205.96,0.0,0.0,1205.96,1,False,False
T002841,GOL,Salvador - Belo Horizonte,1136.44,0.0,0.0,1136.44,4,False,False
T002842,GOL,Salvador - Fortaleza,1073.09,0.0,0.0,1073.09,0,False,False
T002843,Azul,Salvador - Belo Horizonte,607.22,0.0,0.0,607.22,28,False,False
T002844,GOL,Salvador - Manaus,1251.29,0.0,0.0,1251.29,14,False,False
T002845,LATAM,Salvador - Fortaleza,610.08,0.0,0.0,610.08,37,False,False
T002846,Azul,Salvador - Brasília,813.48,0.0,0.0,813.48,6,False,False
T002847,LATAM,Salvador - Belo Horizonte,832.34,0.0,0.0,832.34,22,False,False
T002848,Azul,Salvador - Rio de Janeiro,693.19,0.0,0.0,693.19,17,False,False
T002849,Azul,Salvador - São Paulo,820.93,0.0,0.0,820.93,14,False,False
T002850,GOL,Salvador - Aracaju,295.47,0.0,0.0,295.47,16,False,False
T002851,LATAM,Salvador - Brasília,1099.09,0.0,0.0,1099.09,5,False,False
T002852,Azul,Salvador - Rio de Janeiro,696.66,0.0,0.0,696.66,20,False,False
T002853,Azul,Salvador - Curitiba,1850.76,0.0,0.0,1850.76,2,False,False
T002854,LATAM,Salvador - Ilhéus,336.28,0.0,0.0,336.28,27,False,False
T002855,LATAM,Salvador - Curitiba,951.34,0.0,248.06,248.06,13,False,True
T002856,GOL,Salvador - Fortaleza,766.85,0.0,0.0,766.85,7,False,False
T002857,LATAM,Salvador - Recife,875.35,0.0,0.0,875.35,0,False,False
T002859,Azul,Salvador - Rio de Janeiro,1032.4,0.0,0.0,1032.4,8,False,False
T002860,GOL,Salvador - Aracaju,269.37,33.97,0.0,303.34,16,True,False
T002861,LATAM,Salvador - Recife,574.92,147.25,0.0,722.17,11,True,False
T002862,LATAM,Salvador - São Paulo,1235.89,0.0,0.0,1235.89,6,False,False
T002863,LATAM,Salvador - Ilhéus,332.45,0.0,0.0,332.45,17,False,False
T002864,LATAM,Salvador - Campinas,1077.57,0.0,0.0,1077.57,16,False,False
T002865,Azul,Salvador - São Paulo,2577.32,0.0,0.0,2577.32,3,False,False
T002866,Azul,Salvador - Rio de Janeiro,838.62,0.0,0.0,838.62,10,False,False
T002867,GOL,Salvador - Rio de Janeiro,990.63,0.0,0.0,990.63,11,False,False
T002868,AZUL,Salvador - São Paulo,1343.99,0.0,0.0,1343.99,0,False,False
T002869,Azul,Salvador - Curitiba,832.92,0.0,0.0,832.92,13,False,False
T002870,LATAM,Salvador - São Paulo,1176.42,0.0,0.0,1176.42,12,False,False
T002871,GOL,Salvador - Porto Alegre,1507.05,0.0,0.0,1507.05,3,False,False
T002872,LATAM,Salvador - Brasília,687.07,0.0,0.0,687.07,25,False,False
T002873,LATAM,Salvador - Porto Alegre,1286.94,0.0,0.0,1286.94,9,False,False
T002874,Azul,Salvador - São Paulo,1083.4,0.0,0.0,1083.4,15,False,False
T002875,GOL,Salvador - São Paulo,918.7,0.0,0.0,918.7,9,False,False
T002876,LATAM,Salvador - Porto Alegre,932.36,0.0,182.49,182.49,5,False,True
T002878,GOL,Salvador - Rio de Janeiro,1578.38,0.0,0.0,1578.38,0,False,False
T002879,LATAM,Salvador - Recife,510.48,0.0,0.0,510.48,16,False,False
T002880,LATAM,Salvador - Brasília,2105.0,0.0,0.0,2105.0,1,False,False
T002882,GOL,Salvador - Rio de Janeiro,645.54,0.0,0.0,645.54,25,False,False
T002883,Azul,Salvador - São Paulo,1310.05,0.0,0.0,1310.05,3,False,False
T002884,Azul,Salvador - São Paulo,1099.42,0.0,0.0,1099.42,3,False,False
T002885,Azul,Salvador - Brasília,1337.08,0.0,329.16,329.16,4,False,True
T002886,GOL,Salvador - Recife,499.48,0.0,0.0,499.48,20,False,False
T002887,GOL,Salvador - Brasília,621.26,0.0,0.0,621.26,23,False,False
T002888,LATAM,Salvador - Recife,594.88,132.95,0.0,727.83,7,True,False
T002890,Azul,Salvador - São Paulo,1399.79,0.0,0.0,1399.79,16,False,False
T002891,Azul,Salvador - São Paulo,1558.68,0.0,0.0,1558.68,0,False,False
T002893,gol,Salvador - São Paulo,814.93,0.0,0.0,814.93,17,False,False
T002894,Azul,Salvador - São Paulo,878.29,0.0,0.0,878.29,25,False,False
T002895,GOL,Salvador - São Paulo,1135.06,0.0,0.0,1135.06,6,False,False
T002896,Azul,Salvador - Recife,975.08,0.0,0.0,975.08,1,False,False
T002897,LATAM,Salvador - São Paulo,1709.45,0.0,0.0,1709.45,1,False,False
T002898,LATAM,Salvador - Belo Horizonte,780.52,0.0,0.0,780.52,13,False,False
T002899,LATAM,Salvador - Brasília,723.68,0.0,0.0,723.68,27,False,False
T002900,GOL,Salvador - São Paulo,1922.92,0.0,0.0,1922.92,1,False,False
T002901,GOL,Salvador - São Paulo,679.95,0.0,0.0,679.95,26,False,False
T002902,GOL,Salvador - São Paulo,775.73,0.0,0.0,775.73,9,False,False
T002903,Azul,Salvador - São Paulo,1538.81,0.0,0.0,1538.81,0,False,False
T002904,LATAM,Salvador - São Paulo,1973.97,0.0,0.0,1973.97,0,False,False
T002905,GOL,Salvador - Belo Horizonte,846.66,0.0,0.0,846.66,0,False,False
T002906,Azul,Salvador - Rio de Janeiro,1194.56,0.0,0.0,1194.56,2,False,False
T002907,LATAM,Salvador - Fortaleza,589.04,0.0,0.0,589.04,23,False,False
T002908,LATAM,Salvador - Campinas,1018.36,144.28,0.0,1162.64,22,True,False
T002909,Azul,Salvador - Recife,760.28,0.0,0.0,760.28,8,False,False
T002910,Azul Linhas Aéreas,Salvador - Curitiba,1145.56,0.0,0.0,1145.56,24,False,False
T002912,Azul,Salvador - São Paulo,744.82,0.0,0.0,744.82,5,False,False
T002913,Azul,Salvador - São Paulo,1621.89,0.0,0.0,1621.89,0,False,False
T002914,LATAM,Salvador - São Paulo,1104.19,0.0,0.0,1104.19,8,False,False
T002915,Azul,Salvador - Campinas,1433.76,0.0,0.0,1433.76,6,False,False
T002916,GOL,Salvador - Vitória da Conquista,392.45,0.0,0.0,392.45,27,False,False
T002917,GOL,Salvador - Belo Horizonte,1124.36,0.0,0.0,1124.36,3,False,False
T002918,LATAM,Salvador - Campinas,1022.34,208.63,0.0,1230.97,34,True,False
T002919,Azul,Salvador - Rio de Janeiro,2124.89,0.0,0.0,2124.89,2,False,False
T002920,Azul,Salvador - Brasília,1539.2,0.0,0.0,1539.2,9,False,False
T002921,Azul,Salvador - Recife,722.77,0.0,0.0,722.77,5,False,False
T002922,Azul,Salvador - Brasília,1044.93,0.0,0.0,1044.93,11,False,False
T002923,LATAM,Salvador - Rio de Janeiro,787.37,0.0,0.0,787.37,12,False,False
T002924,LATAM,Salvador - Porto Alegre,1204.69,0.0,0.0,1204.69,17,False,False
T002925,Azul,Salvador - Brasília,660.21,0.0,0.0,660.21,19,False,False
T002926,LATAM,Salvador - Manaus,1056.42,0.0,0.0,1056.42,40,False,False
T002927,Azul,Salvador - Fortaleza,903.16,0.0,0.0,903.16,7,False,False
T002928,LATAM,Salvador - Brasília,1124.23,0.0,0.0,1124.23,0,False,False
T002929,Azul,Salvador - Rio de Janeiro,1233.83,0.0,315.22,315.22,15,False,True
T002930,GOL,Salvador - Recife,458.81,0.0,0.0,458.81,26,False,False
T002931,Azul,Salvador - Manaus,1680.75,0.0,0.0,1680.75,6,False,False
T002932,LATAM,Salvador - São Paulo,848.98,0.0,0.0,848.98,24,False,False
T002933,LATAM,Salvador - Brasília,1110.9,0.0,0.0,1110.9,11,False,False
T002934,Azul,Salvador - Campinas,1058.21,0.0,0.0,1058.21,22,False,False
T002935,Gol Linhas Aéreas,Salvador - Fortaleza,615.66,0.0,0.0,615.66,21,False,False
T002936,GOL,Salvador - São Paulo,1073.26,0.0,0.0,1073.26,3,False,False
T002937,Azul,Salvador - São Paulo,2967.91,537.69,0.0,3505.61,0,True,False
T002938,GOL,Salvador - Rio de Janeiro,1052.93,0.0,0.0,1052.93,4,False,False
T002939,GOL,Salvador - Porto Alegre,2011.99,0.0,0.0,2011.99,3,False,False
T002940,Azul,Salvador - Curitiba,1247.4,0.0,0.0,1247.4,6,False,False
T002941,Azul,Salvador - Curitiba,1831.97,0.0,0.0,1831.97,2,False,False
T002942,LATAM,Salvador - Belo Horizonte,604.57,0.0,0.0,604.57,21,False,False
T002943,Azul,Salvador - Campinas,1002.94,0.0,0.0,1002.94,27,False,False
T002944,Azul,Salvador - Belo Horizonte,913.17,0.0,0.0,913.17,21,False,False
T002945,GOL,Salvador - Ilhéus,283.47,0.0,0.0,283.47,15,False,False
T002946,GOL,Salvador - Porto Alegre,937.84,0.0,0.0,937.84,19,False,False
T002947,LATAM,Salvador - Rio de Janeiro,1523.85,0.0,0.0,1523.85,0,False,False
T002948,LATAM,Salvador - São Paulo,1098.93,0.0,0.0,1098.93,13,False,False
T002949,gol,Salvador - Belo Horizonte,575.9,0.0,0.0,575.9,28,False,False
T002950,LATAM,Salvador - São Paulo,854.75,0.0,0.0,854.75,16,False,False
T002951,Azul,Salvador - Rio de Janeiro,699.91,0.0,0.0,699.91,25,False,False
T002952,Azul,Salvador - Campinas,824.23,0.0,0.0,824.23,10,False,False
T002954,Azul,Salvador - Rio de Janeiro,734.68,0.0,0.0,734.68,34,False,False
T002957,GOL,Salvador - Fortaleza,601.41,0.0,0.0,601.41,20,False,False
T002958,LATAM,Salvador - Rio de Janeiro,1064.56,143.82,0.0,1208.37,2,True,False
T002959,GOL,Salvador - São Paulo,1057.14,0.0,0.0,1057.14,14,False,False
T002960,LATAM,Salvador - Brasília,697.05,0.0,0.0,697.05,8,False,False
T002961,LATAM,Salvador - Curitiba,923.07,0.0,0.0,923.07,8,False,False
T002962,Azul,Salvador - Manaus,2409.64,0.0,0.0,2409.64,3,False,False
T002963,Azul,Salvador - Vitória da Conquista,763.74,0.0,0.0,763.74,0,False,False
T002964,Azul,Salvador - São Paulo,1552.19,0.0,0.0,1552.19,6,False,False
T002965,LATAM,Salvador - São Paulo,1020.94,0.0,0.0,1020.94,14,False,False
T002966,GOL,Salvador - Brasília,740.54,0.0,0.0,740.54,27,False,False
T002967,GOL,Salvador - Recife,801.12,0.0,0.0,801.12,1,False,False
T002968,LATAM,Salvador - Belo Horizonte,607.16,0.0,0.0,607.16,30,False,False
T002969,LATAM,Salvador - Porto Alegre,1598.35,486.07,0.0,2084.42,6,True,False
T002971,LATAM,Salvador - Fortaleza,853.52,0.0,0.0,853.52,0,False,False
T002972,GOL,Salvador - Campinas,1054.79,0.0,0.0,1054.79,5,False,False
T002973,GOL,Salvador - Belo Horizonte,810.23,0.0,0.0,810.23,19,False,False
T002974,Azul,Salvador - Fortaleza,830.96,0.0,0.0,830.96,13,False,False
T002976,GOL,Salvador - Brasília,744.88,0.0,0.0,744.88,9,False,False
T002977,Azul,Salvador - São Paulo,1021.78,0.0,0.0,1021.78,5,False,False
T002978,LATAM,Salvador - São Paulo,1324.32,0.0,0.0,1324.32,13,False,False
T002979,LATAM,Salvador - Vitória da Conquista,1047.7,0.0,0.0,1047.7,5,False,False
T002980,Azul,Salvador - São Paulo,1725.66,0.0,0.0,1725.66,4,False,False
T002981,Azul,Salvador - Brasília,1496.68,0.0,0.0,1496.68,1,False,False
T002982,Azul,Salvador - Campinas,2226.38,664.3,0.0,2890.68,0,True,False
T002983,LATAM,Salvador - Rio de Janeiro,750.59,0.0,0.0,750.59,10,False,False
T002984,LATAM,Salvador - Rio de Janeiro,680.34,0.0,0.0,680.34,23,False,False
T002985,Azul,Salvador - Brasília,624.48,0.0,0.0,624.48,37,False,False
T002986,GOL,Salvador - São Paulo,1463.2,0.0,0.0,1463.2,2,False,False
T002987,latam,Salvador - Porto Alegre,1173.85,0.0,0.0,1173.85,5,False,False
T002988,GOL,Salvador - Vitória da Conquista,442.81,0.0,0.0,442.81,20,False,False
T002989,Azul,Salvador - Curitiba,805.04,0.0,0.0,805.04,16,False,False
T002990,Azul,Salvador - Brasília,1209.72,0.0,0.0,1209.72,7,False,False
T002991,Azul,Salvador - São Paulo,1268.8,372.31,0.0,1641.11,13,True,False
T002992,LATAM,Salvador - São Paulo,1315.07,0.0,0.0,1315.07,0,False,False
T002993,GOL,Salvador - Fortaleza,533.3,0.0,0.0,533.3,8,False,False
T002994,LATAM,Salvador - Campinas,918.78,0.0,0.0,918.78,15,False,False
T002995,LATAM,Salvador - São Paulo,2632.07,0.0,0.0,2632.07,0,False,False
T002996,GOL,Salvador - Manaus,1034.15,0.0,0.0,1034.15,18,False,False
T002997,LATAM,Salvador - Aracaju,297.91,0.0,0.0,297.91,8,False,False
T002998,LATAM,Salvador - Curitiba,861.61,0.0,0.0,861.61,47,False,False
T002999,LATAM,Salvador - Recife,1045.27,0.0,0.0,1045.27,7,False,False
T003000,GOL,Salvador - Campinas,1055.52,0.0,0.0,1055.52,20,False,False
T003001,Azul,Salvador - São Paulo,1200.1,0.0,0.0,1200.1,3,False,False
T003002,LATAM,Salvador - São Paulo,1433.31,0.0,0.0,1433.31,0,False,False
T003004,Azul,Salvador - São Paulo,1314.9,0.0,0.0,1314.9,6,False,False
T003005,GOL,Salvador - Belo Horizonte,627.88,0.0,0.0,627.88,29,False,False
T003006,LATAM,Salvador - Aracaju,326.84,0.0,0.0,326.84,9,False,False
T003007,LATAM,Salvador - São Paulo,1291.75,0.0,0.0,1291.75,5,False,False
T003008,GOL,Salvador - Rio de Janeiro,1332.69,0.0,0.0,1332.69,11,False,False
T003009,GOL,Salvador - Rio de Janeiro,1307.25,0.0,272.33,272.33,4,False,True
T003010,GOL,Salvador - Manaus,1575.33,0.0,0.0,1575.33,11,False,False
T003011,LATAM,Salvador - Fortaleza,971.23,0.0,0.0,971.23,1,False,False
T003012,LATAM,Salvador - Recife,925.63,0.0,0.0,925.63,4,False,False
T003013,GOL,Salvador - São Paulo,1084.93,0.0,0.0,1084.93,5,False,False
T003014,Azul,Salvador - Rio de Janeiro,1101.87,0.0,0.0,1101.87,0,False,False
T003015,LATAM,Salvador - Fortaleza,1162.31,0.0,0.0,1162.31,9,False,False
T003016,LATAM,Salvador - Campinas,1053.25,0.0,0.0,1053.25,5,False,False
T003017,GOL,Salvador - São Paulo,1185.64,0.0,0.0,1185.64,8,False,False
T003018,Azul,Salvador - Brasília,669.67,0.0,0.0,669.67,19,False,False
T003019,LATAM,Salvador - Rio de Janeiro,1125.74,0.0,0.0,1125.74,3,False,False
T003020,Azul,Salvador - Belo Horizonte,1239.12,280.18,0.0,1519.3,1,True,False
T003021,Azul,Salvador - São Paulo,613.11,0.0,0.0,613.11,26,False,False
T003022,GOL,Salvador - Curitiba,1304.58,0.0,0.0,1304.58,0,False,False
T003023,LATAM,Salvador - Porto Alegre,1669.83,0.0,0.0,1669.83,3,False,False
T003024,GOL,Salvador - Rio de Janeiro,1122.64,0.0,0.0,1122.64,3,False,False
T003025,LATAM,Salvador - São Paulo,706.88,0.0,0.0,706.88,15,False,False
T003026,LATAM,Salvador - São Paulo,1161.33,0.0,0.0,1161.33,0,False,False
T003027,GOL,Salvador - Belo Horizonte,647.41,0.0,0.0,647.41,18,False,False
T003029,Azul,Salvador - Fortaleza,629.58,0.0,0.0,629.58,16,False,False
T003030,Azul,Salvador - Brasília,1393.42,0.0,0.0,1393.42,6,False,False
T003031,LATAM,Salvador - Manaus,2254.37,0.0,0.0,2254.37,18,False,False
T003032,Azul,Salvador - Vitória da Conquista,364.91,0.0,0.0,364.91,23,False,False
T003033,Azul,Salvador - Rio de Janeiro,1098.5,0.0,0.0,1098.5,19,False,False
T003034,LATAM,Salvador - Rio de Janeiro,1101.14,0.0,0.0,1101.14,3,False,False
T003035,LATAM,Salvador - Manaus,1209.3,0.0,0.0,1209.3,35,False,False
T003037,GOL,Salvador - São Paulo,681.64,0.0,0.0,681.64,25,False,False
T003038,LATAM,Salvador - São Paulo,973.89,206.33,0.0,1180.22,5,True,False
T003039,LATAM,Salvador - Vitória da Conquista,605.55,0.0,0.0,605.55,3,False,False
T003040,GOL,Salvador - São Paulo,2254.93,0.0,0.0,2254.93,0,False,False
T003041,GOL,Salvador - Rio de Janeiro,903.77,0.0,0.0,903.77,22,False,False
T003042,LATAM,Salvador - Curitiba,876.18,0.0,113.69,113.69,33,False,True
T003043,LATAM,Salvador - São Paulo,998.71,0.0,0.0,998.71,14,False,False
T003044,LATAM,Salvador - Belo Horizonte,1040.11,0.0,0.0,1040.11,6,False,False
T003045,GOL,Salvador - Curitiba,909.54,213.19,0.0,1122.74,18,True,False
T003046,LATAM,Salvador - Manaus,1265.28,0.0,0.0,1265.28,15,False,False
T003047,GOL,Salvador - Brasília,1155.57,0.0,0.0,1155.57,6,False,False
T003048,GOL,Salvador - São Paulo,1023.3,0.0,0.0,1023.3,17,False,False
T003049,LATAM,Salvador - Manaus,2071.41,596.15,0.0,2667.57,6,True,False
T003050,GOL,Salvador - Fortaleza,647.96,0.0,0.0,647.96,27,False,False
T003051,GOL,Salvador - São Paulo,935.1,0.0,0.0,935.1,26,False,False
T003052,LATAM,Salvador - São Paulo,1205.96,0.0,0.0,1205.96,12,False,False
T003053,LATAM,Salvador - Porto Alegre,1819.26,0.0,0.0,1819.26,0,False,False
T003054,GOL,Salvador - Belo Horizonte,1124.68,0.0,0.0,1124.68,15,False,False
T003055,GOL,Salvador - Ilhéus,421.92,0.0,0.0,421.92,33,False,False
T003056,Azul,Salvador - Brasília,1542.85,0.0,0.0,1542.85,0,False,False
T003057,GOL,Salvador - Brasília,802.42,0.0,0.0,802.42,29,False,False
T003058,GOL,Salvador - Belo Horizonte,1007.43,0.0,0.0,1007.43,3,False,False
T003059,Azul,Salvador - Aracaju,411.67,0.0,0.0,411.67,5,False,False
T003060,Azul,Salvador - Fortaleza,787.27,0.0,0.0,787.27,6,False,False
T003061,LATAM,Salvador - Rio de Janeiro,1535.81,0.0,0.0,1535.81,0,False,False
T003062,GOL,Salvador - Brasília,917.9,211.46,0.0,1129.36,14,True,False
T003063,LATAM,Salvador - São Paulo,692.98,0.0,0.0,692.98,27,False,False
T003064,Azul,Salvador - Fortaleza,537.47,0.0,0.0,537.47,6,False,False
T003065,LATAM,Salvador - Curitiba,1672.3,0.0,0.0,1672.3,0,False,False
T003066,LATAM,Salvador - Aracaju,324.43,0.0,0.0,324.43,4,False,False
T003068,LATAM,Salvador - Belo Horizonte,1331.58,0.0,0.0,1331.58,0,False,False
T003069,LATAM,Salvador - Campinas,1410.26,0.0,0.0,1410.26,3,False,False
T003070,GOL,Salvador - São Paulo,1179.01,0.0,214.56,214.56,2,False,True
T003071,GOL,Salvador - Brasília,966.99,0.0,0.0,966.99,8,False,False
T003072,LATAM,Salvador - Recife,887.54,0.0,0.0,887.54,6,False,False
T003073,GOL,Salvador - Curitiba,1011.38,0.0,0.0,1011.38,32,False,False
T003074,GOL,Salvador - Brasília,782.84,0.0,0.0,782.84,32,False,False
T003075,GOL,Salvador - São Paulo,877.5,0.0,0.0,877.5,11,False,False
T003076,LATAM,Salvador - Campinas,1228.74,325.91,0.0,1554.65,0,True,False
T003077,GOL,Salvador - Rio de Janeiro,951.44,0.0,101.17,101.17,7,False,True
T003078,GOL,Salvador - Porto Alegre,864.68,0.0,0.0,864.68,17,False,False
T003080,Azul,Salvador - Fortaleza,834.42,0.0,0.0,834.42,6,False,False
T003081,GOL,Salvador - Rio de Janeiro,1082.12,209.5,0.0,1291.61,4,True,False
T003082,GOL,Salvador - Brasília,1304.46,0.0,0.0,1304.46,5,False,False
T003083,LATAM,Salvador - Rio de Janeiro,803.17,0.0,0.0,803.17,25,False,False
T003084,Azul,Salvador - São Paulo,1036.89,0.0,0.0,1036.89,6,False,False
T003086,GOL,Salvador - Belo Horizonte,1271.37,0.0,0.0,1271.37,2,False,False
T003087,GOL,Salvador - Rio de Janeiro,1331.32,0.0,0.0,1331.32,1,False,False
T003088,LATAM,Salvador - Recife,545.04,108.08,0.0,653.12,14,True,False
T003089,GOL,Salvador - Brasília,845.27,0.0,0.0,845.27,18,False,False
T003090,Azul,Salvador - Vitória da Conquista,686.87,0.0,0.0,686.87,4,False,False
T003091,LATAM,Salvador - Fortaleza,1150.78,0.0,0.0,1150.78,1,False,False
T003092,GOL,Salvador - São Paulo,803.14,0.0,0.0,803.14,10,False,False
T003093,Azul,Salvador - Curitiba,1321.06,0.0,0.0,1321.06,1,False,False
T003094,Azul,Salvador - São Paulo,1445.6,0.0,0.0,1445.6,5,False,False
T003095,LATAM,Salvador - Recife,819.57,0.0,0.0,819.57,6,False,False
T003096,Azul,Salvador - Belo Horizonte,688.57,0.0,0.0,688.57,13,False,False
T003097,LATAM,Salvador - Rio de Janeiro,1496.22,248.44,0.0,1744.67,0,True,False
T003098,Azul,Salvador - Curitiba,1013.32,0.0,0.0,1013.32,4,False,False
T003099,LATAM,Salvador - São Paulo,875.75,0.0,0.0,875.75,4,False,False
T003100,GOL,Salvador - São Paulo,921.96,0.0,0.0,921.96,19,False,False
T003101,LATAM,Salvador - Aracaju,439.48,0.0,0.0,439.48,8,False,False
T003102,GOL,Salvador - Belo Horizonte,952.69,0.0,0.0,952.69,7,False,False
T003103,GOL,Salvador - Recife,423.52,0.0,0.0,423.52,28,False,False
T003104,LATAM,Salvador - Recife,588.29,0.0,0.0,588.29,8,False,False
T003105,GOL,Salvador - Vitória da Conquista,416.92,0.0,0.0,416.92,22,False,False
T003106,LATAM,Salvador - Recife,768.19,0.0,162.86,162.86,6,False,True
T003107,Azul,Salvador - Rio de Janeiro,1560.4,0.0,0.0,1560.4,0,False,False
T003108,GOL,Salvador - Fortaleza,889.05,0.0,0.0,889.05,11,False,False
T003109,GOL,Salvador - São Paulo,872.86,0.0,0.0,872.86,5,False,False
T003110,LATAM,Salvador - Vitória da Conquista,884.56,0.0,0.0,884.56,0,False,False
T003111,GOL,Salvador - São Paulo,1243.56,0.0,0.0,1243.56,1,False,False
T003112,Azul,Salvador - Recife,751.82,0.0,0.0,751.82,1,False,False
T003113,Azul,Salvador - Curitiba,990.14,0.0,0.0,990.14,5,False,False
T003114,Azul,Salvador - São Paulo,1317.09,0.0,0.0,1317.09,0,False,False
T003115,Azul,Salvador - Campinas,1056.06,0.0,0.0,1056.06,8,False,False
T003117,LATAM,Salvador - Fortaleza,702.24,0.0,0.0,702.24,19,False,False
T003118,LATAM,Salvador - Manaus,1366.11,0.0,0.0,1366.11,4,False,False
T003119,LATAM,Salvador - Rio de Janeiro,1055.38,0.0,0.0,1055.38,0,False,False
T003120,Azul,Salvador - Belo Horizonte,823.39,0.0,0.0,823.39,22,False,False
T003121,GOL,Salvador - Brasília,1048.36,0.0,0.0,1048.36,6,False,False
T003123,Azul,Salvador - Brasília,1991.14,0.0,0.0,1991.14,3,False,False
T003124,GOL,Salvador - Vitória da Conquista,721.26,0.0,0.0,721.26,2,False,False
T003125,GOL,Salvador - Porto Alegre,1556.64,0.0,0.0,1556.64,9,False,False
T003126,GOL,Salvador - São Paulo,1088.76,0.0,0.0,1088.76,6,False,False
T003127,GOL,Salvador - Curitiba,790.78,0.0,0.0,790.78,19,False,False
T003128,LATAM,Salvador - Porto Alegre,2086.97,662.6,0.0,2749.57,3,True,False
T003129,Azul,Salvador - Porto Alegre,2121.32,0.0,0.0,2121.32,1,False,False
T003130,LATAM,Salvador - Belo Horizonte,1128.03,0.0,0.0,1128.03,1,False,False
T003131,LATAM,Salvador - Fortaleza,613.56,134.68,0.0,748.24,4,True,False
T003132,Azul,Salvador - Vitória da Conquista,629.71,0.0,0.0,629.71,6,False,False
T003133,GOL,Salvador - Curitiba,973.13,0.0,0.0,973.13,15,False,False
T003134,Azul,Salvador - Brasília,1174.29,0.0,0.0,1174.29,4,False,False
T003135,Azul,Salvador - Vitória da Conquista,468.82,0.0,0.0,468.82,13,False,False
T003136,Azul,Salvador - Brasília,772.89,0.0,0.0,772.89,16,False,False
T003138,GOL,Salvador - Curitiba,1025.68,0.0,0.0,1025.68,5,False,False
T003139,,Salvador - São Paulo,2013.37,0.0,0.0,2013.37,11,False,False
T003140,GOL,Salvador - Belo Horizonte,684.8,0.0,0.0,684.8,11,False,False
T003141,GOL,Salvador - Rio de Janeiro,1037.84,0.0,0.0,1037.84,0,False,False
T003142,LATAM,Salvador - Vitória da Conquista,715.56,0.0,0.0,715.56,4,False,False
T003143,LATAM,Salvador - Manaus,1677.28,469.44,0.0,2146.72,12,True,False
T003145,Gol Linhas Aéreas,Salvador - Ilhéus,729.05,0.0,0.0,729.05,0,False,False
T003146,GOL,Salvador - Curitiba,933.75,0.0,0.0,933.75,18,False,False
T003147,LATAM,Salvador - Brasília,1048.36,195.74,0.0,1244.1,4,True,False
T003148,LATAM,Salvador - São Paulo,676.96,0.0,0.0,676.96,29,False,False
T003149,Azul,Salvador - Curitiba,1142.14,0.0,0.0,1142.14,11,False,False
T003150,GOL,Salvador - São Paulo,788.6,0.0,0.0,788.6,15,False,False
T003151,Azul,Salvador - Brasília,1464.31,0.0,0.0,1464.31,1,False,False
T003152,GOL,Salvador - Recife,1043.54,0.0,0.0,1043.54,2,False,False
T003153,Azul,Salvador - Brasília,1600.69,0.0,0.0,1600.69,3,False,False
T003154,GOL,Salvador - Fortaleza,595.17,0.0,0.0,595.17,11,False,False
T003156,GOL,Salvador - São Paulo,925.48,0.0,0.0,925.48,6,False,False
T003157,LATAM,Salvador - São Paulo,1149.27,0.0,0.0,1149.27,8,False,False
T003158,Azul,Salvador - Vitória da Conquista,1142.18,0.0,0.0,1142.18,1,False,False
T003159,LATAM,Salvador - Rio de Janeiro,1900.45,0.0,0.0,1900.45,1,False,False
T003160,GOL,Salvador - Fortaleza,849.27,0.0,0.0,849.27,8,False,False
T003161,LATAM,Salvador - Rio de Janeiro,921.25,0.0,0.0,921.25,2,False,False
T003162,LATAM,Salvador - São Paulo,859.88,0.0,0.0,859.88,30,False,False
T003163,GOL,Salvador - São Paulo,722.26,0.0,0.0,722.26,48,False,False
T003164,Azul,Salvador - São Paulo,1453.0,0.0,0.0,1453.0,1,False,False
T003166,Azul,Salvador - Rio de Janeiro,1170.12,0.0,0.0,1170.12,1,False,False
T003167,GOL,Salvador - Fortaleza,724.58,0.0,0.0,724.58,11,False,False
T003168,Azul,Salvador - São Paulo,2459.22,550.54,0.0,3009.76,3,True,False
T003169,Azul,Salvador - Belo Horizonte,643.67,0.0,0.0,643.67,18,False,False
T003170,Azul,Salvador - Porto Alegre,1355.09,0.0,0.0,1355.09,14,False,False
T003172,GOL,Salvador - São Paulo,780.93,0.0,0.0,780.93,19,False,False
T003173,LATAM,Salvador - São Paulo,783.01,0.0,0.0,783.01,19,False,False
T003175,Azul,Salvador - Porto Alegre,1372.43,285.61,0.0,1658.04,0,True,False
T003176,GOL,Salvador - Rio de Janeiro,823.73,0.0,0.0,823.73,14,False,False
T003177,Azul,Salvador - Fortaleza,693.86,0.0,151.31,151.31,9,False,True
T003178,LATAM,Salvador - São Paulo,1489.2,0.0,0.0,1489.2,1,False,False
T003179,LATAM,Salvador - Fortaleza,749.67,0.0,0.0,749.67,8,False,False
T003180,Azul,Salvador - Recife,660.92,0.0,0.0,660.92,27,False,False
T003182,LATAM,Salvador - Brasília,1414.8,0.0,0.0,1414.8,2,False,False
T003183,GOL,Salvador - São Paulo,2017.17,0.0,0.0,2017.17,13,False,False
T003184,Azul,Salvador - Aracaju,722.9,0.0,0.0,722.9,2,False,False
T003185,LATAM,Salvador - Recife,604.88,0.0,0.0,604.88,19,False,False
T003187,LATAM,Salvador - São Paulo,1133.46,0.0,0.0,1133.46,12,False,False
T003188,GOL,Salvador - Vitória da Conquista,532.8,0.0,0.0,532.8,13,False,False
T003189,LATAM,Salvador - Recife,526.53,0.0,0.0,526.53,9,False,False
T003190,LATAM,Salvador - Curitiba,1042.32,0.0,0.0,1042.32,13,False,False
T003191,,Salvador - Rio de Janeiro,946.69,0.0,248.9,248.9,4,False,True
T003192,LATAM,Salvador - Brasília,856.85,0.0,167.46,167.46,15,False,True
T003193,Azul,Salvador - Rio de Janeiro,753.57,131.31,0.0,884.88,17,True,False
T003194,LATAM,Salvador - Belo Horizonte,744.82,0.0,0.0,744.82,13,False,False
T003195,GOL,Salvador - Brasília,693.2,0.0,0.0,693.2,16,False,False
T003196,GOL,Salvador - Rio de Janeiro,904.93,0.0,214.67,214.67,1,False,True
T003197,GOL,Salvador - Brasília,993.09,0.0,0.0,993.09,19,False,False
T003198,GOL,Salvador - Porto Alegre,2006.27,252.04,0.0,2258.31,0,True,False
T003199,GOL,Salvador - Campinas,1106.62,0.0,0.0,1106.62,27,False,False
T003200,LATAM,Salvador - Belo Horizonte,1016.27,0.0,0.0,1016.27,4,False,False
T003201,GOL,Salvador - Belo Horizonte,1947.47,0.0,0.0,1947.47,0,False,False
T003202,GOL,Salvador - Campinas,1357.08,0.0,0.0,1357.08,2,False,False
T003203,Gol Linhas Aéreas,Salvador - Aracaju,1317.83,0.0,0.0,1317.83,0,False,False
T003204,GOL,Salvador - São Paulo,809.42,0.0,0.0,809.42,21,False,False
T003205,Azul Linhas Aéreas,Salvador - Fortaleza,552.53,0.0,0.0,552.53,26,False,False
T003206,GOL,Salvador - Campinas,989.0,0.0,0.0,989.0,12,False,False
T003207,,Salvador - Belo Horizonte,1369.57,193.4,0.0,1562.97,5,True,False
T003208,Azul,Salvador - Vitória da Conquista,505.33,0.0,0.0,505.33,14,False,False
T003209,GOL,Salvador - Brasília,1133.88,0.0,0.0,1133.88,4,False,False
T003210,LATAM,Salvador - Fortaleza,593.99,0.0,0.0,593.99,3,False,False
T003211,GOL,Salvador - São Paulo,1166.51,239.47,0.0,1405.98,0,True,False
T003212,GOL,Salvador - São Paulo,1014.07,0.0,0.0,1014.07,9,False,False
T003213,GOL,Salvador - Belo Horizonte,638.33,0.0,0.0,638.33,25,False,False
T003214,GOL,Salvador - Rio de Janeiro,1810.55,0.0,0.0,1810.55,2,False,False
T003215,GOL,Salvador - Campinas,685.75,0.0,0.0,685.75,27,False,False
T003216,LATAM,Salvador - Aracaju,490.39,0.0,0.0,490.39,4,False,False
T003218,LATAM,Salvador - Brasília,1517.78,0.0,0.0,1517.78,5,False,False
T003219,GOL,Salvador - Vitória da Conquista,432.42,0.0,0.0,432.42,21,False,False
T003220,GOL,Salvador - Brasília,833.96,0.0,0.0,833.96,23,False,False
T003221,LATAM,Salvador - São Paulo,817.43,0.0,0.0,817.43,4,False,False
T003222,Azul,Salvador - Belo Horizonte,916.3,0.0,0.0,916.3,4,False,False
T003223,LATAM,Salvador - Brasília,745.04,0.0,0.0,745.04,19,False,False
T003224,LATAM,Salvador - Belo Horizonte,928.26,0.0,0.0,928.26,5,False,False
T003226,LATAM,Salvador - Fortaleza,997.6,0.0,0.0,997.6,6,False,False
T003227,Azul,Salvador - São Paulo,1075.61,0.0,0.0,1075.61,14,False,False
T003228,Latam Airlines,Salvador - São Paulo,1064.42,0.0,0.0,1064.42,6,False,False
T003229,Azul,Salvador - Campinas,638.55,0.0,0.0,638.55,19,False,False
T003230,GOL,Salvador - Belo Horizonte,1420.81,0.0,0.0,1420.81,2,False,False
T003231,AZUL,Salvador - Recife,677.96,208.67,0.0,886.62,35,True,False
T003232,GOL,Salvador - Fortaleza,451.61,0.0,0.0,451.61,18,False,False
T003233,LATAM,Salvador - Recife,640.03,0.0,0.0,640.03,13,False,False
T003234,Gol Linhas Aéreas,Salvador - Brasília,600.92,0.0,0.0,600.92,13,False,False
T003235,LATAM,Salvador - Rio de Janeiro,1149.59,0.0,0.0,1149.59,4,False,False
T003236,gol,Salvador - Recife,880.45,0.0,0.0,880.45,4,False,False
T003237,GOL,Salvador - Belo Horizonte,1150.12,0.0,0.0,1150.12,6,False,False
T003238,Azul,Salvador - Brasília,887.11,0.0,0.0,887.11,27,False,False
T003239,LATAM,Salvador - Curitiba,1252.16,0.0,0.0,1252.16,0,False,False
T003240,LATAM,Salvador - Rio de Janeiro,1106.64,0.0,0.0,1106.64,4,False,False
T003241,LATAM,Salvador - Fortaleza,1530.32,0.0,0.0,1530.32,5,False,False
T003242,Azul,Salvador - Fortaleza,704.07,0.0,0.0,704.07,6,False,False
T003243,Azul,Salvador - Brasília,1398.34,0.0,0.0,1398.34,3,False,False
T003244,GOL,Salvador - Fortaleza,657.09,0.0,0.0,657.09,4,False,False
T003245,LATAM,Salvador - Recife,716.47,0.0,0.0,716.47,5,False,False
T003246,LATAM,Salvador - Porto Alegre,1686.96,0.0,0.0,1686.96,5,False,False
T003247,LATAM,Salvador - São Paulo,952.49,0.0,0.0,952.49,19,False,False
T003248,GOL,Salvador - São Paulo,853.12,0.0,0.0,853.12,23,False,False
T003249,LATAM,Salvador - São Paulo,796.04,0.0,0.0,796.04,11,False,False
T003251,GOL,Salvador - Belo Horizonte,818.24,0.0,0.0,818.24,31,False,False
T003252,GOL,Salvador - Brasília,1172.04,0.0,0.0,1172.04,7,False,False
T003253,LATAM,Salvador - São Paulo,952.61,0.0,205.85,205.85,21,False,True
T003254,Azul,Salvador - Campinas,847.82,0.0,0.0,847.82,27,False,False
T003255,Azul,Salvador - Brasília,1191.94,0.0,0.0,1191.94,10,False,False
T003256,Azul,Salvador - São Paulo,1650.3,0.0,0.0,1650.3,0,False,False
T003257,GOL,Salvador - Fortaleza,485.62,0.0,0.0,485.62,22,False,False
T003258,Azul Linhas Aéreas,Salvador - São Paulo,1913.45,0.0,311.38,311.38,4,False,True
T003259,LATAM,Salvador - Brasília,1395.12,0.0,0.0,1395.12,3,False,False
T003260,GOL,Salvador - São Paulo,1619.36,0.0,0.0,1619.36,4,False,False
T003261,LATAM,Salvador - Recife,440.41,0.0,0.0,440.41,17,False,False
T003262,LATAM,Salvador - Rio de Janeiro,1825.23,0.0,0.0,1825.23,0,False,False
T003263,LATAM,Salvador - São Paulo,641.38,0.0,0.0,641.38,39,False,False
T003265,LATAM,Salvador - São Paulo,1112.01,0.0,0.0,1112.01,5,False,False
T003267,GOL,Salvador - Porto Alegre,1752.81,0.0,0.0,1752.81,6,False,False
T003268,Azul,Salvador - São Paulo,1332.67,0.0,0.0,1332.67,15,False,False
T003269,GOL,Salvador - São Paulo,984.46,0.0,0.0,984.46,17,False,False
T003270,Latam Airlines,Salvador - Aracaju,437.52,83.65,0.0,521.17,3,True,False
T003271,LATAM,Salvador - Ilhéus,517.38,0.0,0.0,517.38,12,False,False
T003273,LATAM,Salvador - Brasília,1789.86,0.0,0.0,1789.86,7,False,False
T003274,Azul,Salvador - Curitiba,1701.29,295.58,0.0,1996.87,2,True,False
T003275,LATAM,Salvador - Recife,508.28,0.0,0.0,508.28,14,False,False
T003276,Azul,Salvador - São Paulo,856.63,0.0,0.0,856.63,21,False,False
T003277,Azul,Salvador - São Paulo,1101.05,0.0,0.0,1101.05,17,False,False
T003278,GOL,Salvador - Recife,717.45,0.0,0.0,717.45,28,False,False
T003279,LATAM,Salvador - Brasília,1280.19,0.0,0.0,1280.19,16,False,False
T003280,Azul,Salvador - São Paulo,1760.73,0.0,0.0,1760.73,6,False,False
T003281,LATAM,Salvador - Ilhéus,713.62,0.0,0.0,713.62,1,False,False
T003282,Azul,Salvador - Rio de Janeiro,766.37,0.0,0.0,766.37,8,False,False
T003283,LATAM,Salvador - Porto Alegre,1887.33,0.0,407.09,407.09,4,False,True
T003284,GOL,Salvador - São Paulo,831.5,0.0,0.0,831.5,9,False,False
T003285,GOL,Salvador - Ilhéus,559.79,0.0,0.0,559.79,2,False,False
T003286,GOL,Salvador - São Paulo,1565.53,0.0,0.0,1565.53,2,False,False
T003287,LATAM,Salvador - Curitiba,1205.29,0.0,0.0,1205.29,6,False,False
T003288,GOL,Salvador - São Paulo,1037.97,0.0,0.0,1037.97,4,False,False
T003289,Azul,Salvador - Manaus,2180.1,614.66,0.0,2794.76,2,True,False
T003290,GOL,Salvador - Ilhéus,428.37,0.0,0.0,428.37,28,False,False
T003292,LATAM,Salvador - Campinas,673.88,0.0,0.0,673.88,10,False,False
T003293,LATAM,Salvador - Brasília,802.55,0.0,0.0,802.55,22,False,False
T003294,LATAM,Salvador - Belo Horizonte,811.09,0.0,0.0,811.09,4,False,False
T003295,LATAM,Salvador - Brasília,1273.5,0.0,0.0,1273.5,4,False,False
T003296,GOL,Salvador - Curitiba,1017.39,0.0,0.0,1017.39,1,False,False
T003297,GOL,Salvador - São Paulo,1114.52,0.0,0.0,1114.52,4,False,False
T003298,GOL,Salvador - Brasília,967.45,0.0,0.0,967.45,5,False,False
T003299,GOL,Salvador - Brasília,790.49,0.0,0.0,790.49,42,False,False
T003300,GOL,Salvador - Belo Horizonte,936.95,0.0,0.0,936.95,0,False,False
T003301,LATAM,Salvador - Belo Horizonte,808.71,0.0,0.0,808.71,14,False,False
T003302,LATAM,Salvador - Brasília,893.86,0.0,0.0,893.86,12,False,False
T003303,LATAM,Salvador - São Paulo,1519.07,0.0,0.0,1519.07,13,False,False
T003304,LATAM,Salvador - Brasília,835.23,0.0,0.0,835.23,11,False,False
T003305,LATAM,Salvador - Recife,694.28,0.0,0.0,694.28,0,False,False
T003306,Azul,Salvador - Manaus,1622.54,0.0,0.0,1622.54,0,False,False
T003307,Azul,Salvador - São Paulo,1366.96,0.0,0.0,1366.96,1,False,False
T003308,GOL,Salvador - São Paulo,1967.98,0.0,0.0,1967.98,3,False,False
T003309,GOL,Salvador - Recife,489.06,0.0,57.58,57.58,34,False,True
T003310,LATAM,Salvador - Recife,431.85,0.0,0.0,431.85,33,False,False
T003311,Azul,Salvador - São Paulo,1838.91,0.0,0.0,1838.91,7,False,False
T003312,LATAM,Salvador - São Paulo,1692.23,0.0,0.0,1692.23,1,False,False
T003313,GOL,Salvador - São Paulo,1348.0,0.0,0.0,1348.0,10,False,False
T003314,GOL,Salvador - São Paulo,674.93,213.17,0.0,888.1,32,True,False
T003315,Azul,Salvador - Manaus,1324.78,0.0,0.0,1324.78,5,False,False
T003318,Azul,Salvador - São Paulo,1309.8,0.0,0.0,1309.8,4,False,False
T003319,Azul,Salvador - Recife,700.9,0.0,0.0,700.9,5,False,False
T003320,GOL,Salvador - Rio de Janeiro,1674.93,0.0,0.0,1674.93,0,False,False
T003321,LATAM,Salvador - São Paulo,1400.45,0.0,0.0,1400.45,2,False,False
T003322,GOL,Salvador - Recife,913.19,0.0,0.0,913.19,4,False,False
T003323,LATAM,Salvador - São Paulo,670.47,0.0,0.0,670.47,20,False,False
T003324,LATAM,Salvador - Manaus,1217.79,0.0,0.0,1217.79,8,False,False
T003325,LATAM,Salvador - Brasília,741.74,0.0,0.0,741.74,30,False,False
T003326,GOL,Salvador - Brasília,1076.58,0.0,0.0,1076.58,5,False,False
T003327,LATAM,Salvador - Belo Horizonte,581.96,0.0,0.0,581.96,14,False,False
T003328,LATAM,Salvador - Rio de Janeiro,1245.65,0.0,0.0,1245.65,0,False,False
T003329,GOL,Salvador - Rio de Janeiro,1045.3,0.0,0.0,1045.3,1,False,False
T003331,Azul,Salvador - Rio de Janeiro,1082.51,0.0,0.0,1082.51,8,False,False
T003332,GOL,Salvador - Rio de Janeiro,994.57,0.0,0.0,994.57,6,False,False
T003333,GOL,Salvador - Fortaleza,916.37,0.0,0.0,916.37,5,False,False
T003335,GOL,Salvador - Rio de Janeiro,631.05,0.0,0.0,631.05,47,False,False
T003336,LATAM,Salvador - São Paulo,1058.74,0.0,0.0,1058.74,6,False,False
T003338,LATAM,Salvador - Recife,404.17,0.0,0.0,404.17,24,False,False
T003339,LATAM,Salvador - Rio de Janeiro,613.04,0.0,0.0,613.04,17,False,False
T003340,LATAM,Salvador - Brasília,700.08,0.0,0.0,700.08,19,False,False
T003341,LATAM,Salvador - Belo Horizonte,1592.65,0.0,0.0,1592.65,0,False,False
T003342,LATAM,Salvador - São Paulo,823.28,217.06,0.0,1040.34,16,True,False
T003343,LATAM,Salvador - Recife,662.27,0.0,0.0,662.27,10,False,False
T003344,GOL,Salvador - Ilhéus,602.67,0.0,0.0,602.67,10,False,False
T003345,LATAM,Salvador - São Paulo,1775.23,0.0,0.0,1775.23,0,False,False
T003346,LATAM,Salvador - São Paulo,1472.12,0.0,0.0,1472.12,0,False,False
T003347,gol,Salvador - Brasília,933.28,0.0,0.0,933.28,10,False,False
T003349,LATAM,Salvador - São Paulo,1144.27,0.0,0.0,1144.27,4,False,False
T003350,LATAM,Salvador - São Paulo,1130.04,0.0,0.0,1130.04,5,False,False
T003351,Azul,Salvador - Aracaju,657.46,0.0,0.0,657.46,4,False,False
T003352,GOL,Salvador - Manaus,1152.81,0.0,0.0,1152.81,7,False,False
T003353,LATAM,Salvador - Fortaleza,743.72,0.0,0.0,743.72,9,False,False
T003354,Azul,Salvador - Ilhéus,317.73,0.0,0.0,317.73,28,False,False
T003355,LATAM,Salvador - São Paulo,1844.16,0.0,0.0,1844.16,2,False,False
T003356,LATAM,Salvador - Fortaleza,1086.03,0.0,0.0,1086.03,5,False,False
T003357,GOL,Salvador - São Paulo,623.05,0.0,0.0,623.05,21,False,False
T003358,LATAM,Salvador - Campinas,1108.9,0.0,0.0,1108.9,18,False,False
T003359,GOL,Salvador - Brasília,932.6,0.0,0.0,932.6,11,False,False
T003360,LATAM,Salvador - Campinas,1513.54,0.0,0.0,1513.54,3,False,False
T003361,LATAM,Salvador - Fortaleza,612.34,0.0,0.0,612.34,23,False,False
T003362,GOL,Salvador - São Paulo,1242.25,0.0,0.0,1242.25,0,False,False
T003363,LATAM,Salvador - Brasília,1556.55,0.0,0.0,1556.55,0,False,False
T003364,Azul,Salvador - Recife,631.38,0.0,0.0,631.38,20,False,False
T003365,LATAM,Salvador - Rio de Janeiro,938.05,0.0,0.0,938.05,5,False,False
T003366,latam,Salvador - Vitória da Conquista,349.16,0.0,0.0,349.16,34,False,False
T003367,Azul,Salvador - São Paulo,955.96,199.84,0.0,1155.8,7,True,False
T003368,LATAM,Salvador - São Paulo,2527.58,0.0,482.93,482.93,0,False,True
T003369,LATAM,Salvador - São Paulo,1049.27,0.0,0.0,1049.27,9,False,False
T003370,Azul,Salvador - Brasília,1421.03,391.29,0.0,1812.32,0,True,False
T003371,GOL,Salvador - Fortaleza,597.8,0.0,0.0,597.8,5,False,False
T003373,LATAM,Salvador - Recife,602.02,0.0,0.0,602.02,11,False,False
T003374,LATAM,Salvador - Manaus,1816.85,0.0,0.0,1816.85,5,False,False
T003375,LATAM,Salvador - Fortaleza,1064.23,0.0,0.0,1064.23,0,False,False
T003376,LATAM,Salvador - Belo Horizonte,812.06,0.0,0.0,812.06,11,False,False
T003377,Azul,Salvador - São Paulo,2053.66,0.0,0.0,2053.66,0,False,False
T003378,Azul,Salvador - Recife,480.03,0.0,0.0,480.03,22,False,False
T003379,Azul,Salvador - Fortaleza,639.47,0.0,0.0,639.47,33,False,False
T003380,LATAM,Salvador - Campinas,1578.56,0.0,0.0,1578.56,4,False,False
T003381,Azul,Salvador - Manaus,1511.41,0.0,0.0,1511.41,27,False,False
T003382,LATAM,Salvador - Vitória da Conquista,812.02,149.91,0.0,961.93,0,True,False
T003383,Azul,Salvador - Rio de Janeiro,1050.69,0.0,0.0,1050.69,8,False,False
T003384,LATAM,Salvador - Brasília,893.12,0.0,0.0,893.12,8,False,False
T003385,GOL,Salvador - Recife,720.5,0.0,0.0,720.5,2,False,False
T003386,GOL,Salvador - Manaus,1334.92,0.0,0.0,1334.92,6,False,False
T003387,GOL,Salvador - Porto Alegre,1118.01,0.0,0.0,1118.01,40,False,False
T003388,GOL,Salvador - Fortaleza,915.16,0.0,0.0,915.16,7,False,False
T003389,LATAM,Salvador - Campinas,1672.09,0.0,0.0,1672.09,0,False,False
T003390,LATAM,Salvador - São Paulo,1326.66,0.0,186.6,186.6,8,False,True
T003391,Azul,Salvador - Recife,566.99,0.0,0.0,566.99,22,False,False
T003392,GOL,Salvador - São Paulo,787.07,0.0,0.0,787.07,24,False,False
T003393,GOL,Salvador - Campinas,820.59,0.0,0.0,820.59,19,False,False
T003394,Azul,Salvador - Porto Alegre,2320.48,0.0,0.0,2320.48,5,False,False
T003395,Azul,Salvador - Rio de Janeiro,627.73,0.0,0.0,627.73,15,False,False
T003396,LATAM,Salvador - São Paulo,1200.11,0.0,0.0,1200.11,0,False,False
T003398,LATAM,Salvador - Recife,995.59,0.0,0.0,995.59,3,False,False
T003399,Azul,Salvador - Rio de Janeiro,784.08,0.0,0.0,784.08,11,False,False
T003400,GOL,Salvador - Brasília,1022.33,0.0,0.0,1022.33,5,False,False
T003401,LATAM,Salvador - São Paulo,1233.34,0.0,304.74,304.74,0,False,True
T003402,Azul,Salvador - São Paulo,1214.33,0.0,0.0,1214.33,7,False,False
T003403,Azul,Salvador - Rio de Janeiro,1082.83,0.0,0.0,1082.83,21,False,False
T003405,LATAM,Salvador - Brasília,1140.29,0.0,0.0,1140.29,4,False,False
T003406,GOL,Salvador - São Paulo,1648.42,0.0,0.0,1648.42,0,False,False
T003407,GOL,Salvador - Brasília,873.97,0.0,0.0,873.97,8,False,False
T003408,GOL,Salvador - Campinas,1001.45,0.0,0.0,1001.45,30,False,False
T003409,LATAM,Salvador - Belo Horizonte,1731.49,0.0,0.0,1731.49,6,False,False
T003411,Azul,Salvador - São Paulo,975.72,0.0,0.0,975.72,11,False,False
T003412,GOL,Salvador - Vitória da Conquista,516.02,0.0,0.0,516.02,4,False,False
T003413,LATAM,Salvador - Recife,767.31,221.59,0.0,988.9,5,True,False
T003414,GOL,Salvador - São Paulo,1022.18,0.0,0.0,1022.18,15,False,False
T003415,LATAM,Salvador - Brasília,1395.38,0.0,291.12,291.12,6,False,True
T003416,GOL,Salvador - São Paulo,1429.17,0.0,0.0,1429.17,1,False,False
T003417,GOL,Salvador - Recife,446.7,0.0,0.0,446.7,9,False,False
T003418,LATAM,Salvador - Recife,1170.44,0.0,0.0,1170.44,0,False,False
T003419,LATAM,Salvador - Rio de Janeiro,1069.74,0.0,0.0,1069.74,3,False,False
T003420,LATAM,Salvador - Recife,739.46,103.42,0.0,842.87,6,True,False
T003421,LATAM,Salvador - Belo Horizonte,1253.24,0.0,0.0,1253.24,2,False,False
T003422,GOL,Salvador - São Paulo,802.64,0.0,0.0,802.64,16,False,False
T003423,GOL,Salvador - São Paulo,1145.19,0.0,0.0,1145.19,10,False,False
T003424,GOL,Salvador - Porto Alegre,1265.5,0.0,0.0,1265.5,10,False,False
T003425,LATAM,Salvador - Manaus,1546.0,0.0,0.0,1546.0,12,False,False
T003427,LATAM,Salvador - Manaus,1393.81,0.0,0.0,1393.81,19,False,False
T003428,GOL,Salvador - Curitiba,2526.83,0.0,0.0,2526.83,0,False,False
T003429,LATAM,Salvador - Fortaleza,609.78,0.0,0.0,609.78,8,False,False
T003430,GOL,Salvador - Curitiba,1322.38,0.0,0.0,1322.38,2,False,False
T003431,LATAM,Salvador - Belo Horizonte,972.19,0.0,0.0,972.19,2,False,False
T003432,Azul,Salvador - Brasília,753.43,0.0,0.0,753.43,29,False,False
T003433,GOL,Salvador - São Paulo,655.09,0.0,0.0,655.09,19,False,False
T003434,LATAM,Salvador - Recife,521.31,0.0,0.0,521.31,28,False,False
T003435,GOL,Salvador - Porto Alegre,1131.33,0.0,0.0,1131.33,5,False,False
T003436,Azul,Salvador - Recife,863.59,0.0,0.0,863.59,6,False,False
T003437,LATAM,Salvador - Belo Horizonte,1805.51,0.0,0.0,1805.51,4,False,False
T003438,Azul,Salvador - Fortaleza,669.24,0.0,0.0,669.24,9,False,False
T003439,Azul,Salvador - São Paulo,910.68,0.0,0.0,910.68,14,False,False
T003440,GOL,Salvador - Rio de Janeiro,1039.2,271.88,0.0,1311.08,4,True,False
T003441,LATAM,Salvador - Aracaju,533.0,0.0,0.0,533.0,0,False,False
T003442,GOL,Salvador - Vitória da Conquista,370.86,0.0,0.0,370.86,35,False,False
T003443,Azul,Salvador - Porto Alegre,1432.59,0.0,0.0,1432.59,13,False,False
T003444,GOL,Salvador - Vitória da Conquista,511.33,0.0,0.0,511.33,31,False,False
T003445,GOL,Salvador - São Paulo,736.73,0.0,0.0,736.73,15,False,False
T003447,LATAM,Salvador - Rio de Janeiro,739.1,0.0,0.0,739.1,17,False,False
T003448,GOL,Salvador - São Paulo,871.83,0.0,0.0,871.83,30,False,False
T003449,LATAM,Salvador - São Paulo,643.39,0.0,0.0,643.39,15,False,False
T003450,GOL,Salvador - Recife,914.45,0.0,0.0,914.45,6,False,False
T003451,LATAM,Salvador - São Paulo,970.5,0.0,0.0,970.5,27,False,False
T003452,LATAM,Salvador - Campinas,1383.64,169.14,0.0,1552.77,0,True,False
T003453,LATAM,Salvador - Campinas,879.37,0.0,0.0,879.37,8,False,False
T003454,LATAM,Salvador - São Paulo,853.2,0.0,0.0,853.2,18,False,False
T003455,GOL,Salvador - São Paulo,1477.49,0.0,0.0,1477.49,0,False,False
T003456,GOL,Salvador - São Paulo,2026.85,601.93,0.0,2628.78,2,True,False
T003457,LATAM,Salvador - Rio de Janeiro,722.19,0.0,0.0,722.19,4,False,False
T003458,LATAM,Salvador - Recife,667.05,0.0,0.0,667.05,4,False,False
T003459,LATAM,Salvador - Porto Alegre,1274.71,0.0,0.0,1274.71,6,False,False
T003460,LATAM,Salvador - São Paulo,835.73,0.0,0.0,835.73,12,False,False
T003461,GOL,Salvador - Recife,434.07,0.0,0.0,434.07,18,False,False
T003462,GOL,Salvador - Campinas,1670.83,0.0,0.0,1670.83,0,False,False
T003463,Azul,Salvador - Aracaju,676.45,209.02,0.0,885.46,0,True,False
T003464,GOL,Salvador - Recife,908.14,0.0,0.0,908.14,3,False,False
T003466,LATAM Airlines,Salvador - Rio de Janeiro,1294.46,0.0,0.0,1294.46,2,False,False
T003467,GOL,Salvador - Brasília,1247.2,0.0,0.0,1247.2,2,False,False
T003468,LATAM,Salvador - São Paulo,863.75,0.0,0.0,863.75,51,False,False
T003469,GOL,Salvador - Recife,689.68,0.0,0.0,689.68,0,False,False
T003470,Azul,Salvador - Curitiba,1541.76,257.06,0.0,1798.82,0,True,False
T003471,GOL,Salvador - São Paulo,955.75,0.0,0.0,955.75,4,False,False
T003472,GOL,Salvador - Recife,811.62,0.0,0.0,811.62,1,False,False
T003473,LATAM,Salvador - São Paulo,848.15,0.0,0.0,848.15,35,False,False
T003474,GOL,Salvador - Vitória da Conquista,670.83,0.0,0.0,670.83,5,False,False
T003475,GOL,Salvador - Campinas,1796.74,0.0,0.0,1796.74,0,False,False
T003476,gol,Salvador - São Paulo,642.5,0.0,0.0,642.5,16,False,False
T003477,LATAM,Salvador - Rio de Janeiro,1042.11,181.93,0.0,1224.04,0,True,False
T003478,LATAM,Salvador - Fortaleza,819.85,0.0,0.0,819.85,2,False,False
T003479,LATAM,Salvador - Vitória da Conquista,977.04,0.0,0.0,977.04,0,False,False
T003480,LATAM,Salvador - São Paulo,970.28,0.0,0.0,970.28,11,False,False
T003481,GOL,Salvador - Ilhéus,500.6,0.0,103.74,103.74,12,False,True
T003482,LATAM,Salvador - São Paulo,924.68,0.0,0.0,924.68,14,False,False
T003483,GOL,Salvador - São Paulo,1281.49,0.0,0.0,1281.49,1,False,False
T003484,LATAM Airlines,Salvador - Belo Horizonte,579.23,0.0,0.0,579.23,22,False,False
T003486,GOL,Salvador - Porto Alegre,1667.94,0.0,0.0,1667.94,0,False,False
T003487,GOL,Salvador - São Paulo,1126.71,0.0,0.0,1126.71,6,False,False
T003488,Azul,Salvador - Fortaleza,658.64,0.0,0.0,658.64,19,False,False
T003489,Azul,Salvador - São Paulo,1168.1,0.0,0.0,1168.1,4,False,False
T003490,GOL,Salvador - Recife,704.54,0.0,0.0,704.54,8,False,False
T003491,latam,Salvador - São Paulo,875.71,0.0,0.0,875.71,24,False,False
T003492,Azul,Salvador - Campinas,776.77,0.0,0.0,776.77,19,False,False
T003493,LATAM,Salvador - Recife,539.12,0.0,0.0,539.12,12,False,False
T003494,Azul,Salvador - Recife,933.64,0.0,0.0,933.64,4,False,False
T003495,LATAM,Salvador - Brasília,1040.96,150.72,0.0,1191.68,2,True,False
T003496,GOL,Salvador - Brasília,1538.8,388.72,0.0,1927.53,0,True,False
T003498,LATAM,Salvador - São Paulo,1279.78,0.0,0.0,1279.78,20,False,False
T003499,LATAM,Salvador - São Paulo,627.64,0.0,0.0,627.64,33,False,False
T003500,GOL,Salvador - Porto Alegre,1732.59,0.0,0.0,1732.59,0,False,False
T003501,Azul,Salvador - Brasília,633.38,0.0,0.0,633.38,33,False,False
T003502,GOL,Salvador - São Paulo,1112.75,0.0,0.0,1112.75,6,False,False
T003503,LATAM,Salvador - Rio de Janeiro,871.2,0.0,0.0,871.2,14,False,False
T003504,GOL,Salvador - São Paulo,1388.54,0.0,0.0,1388.54,0,False,False
T003505,Latam Airlines,Salvador - Brasília,1354.38,0.0,0.0,1354.38,8,False,False
T003506,LATAM,Salvador - Fortaleza,441.57,135.29,0.0,576.86,15,True,False
T003507,GOL,Salvador - Rio de Janeiro,1399.33,0.0,0.0,1399.33,0,False,False
T003508,LATAM,Salvador - Porto Alegre,2475.88,0.0,0.0,2475.88,22,False,False
T003509,Azul,Salvador - São Paulo,2064.3,0.0,0.0,2064.3,0,False,False
T003510,LATAM,Salvador - São Paulo,1005.09,0.0,0.0,1005.09,26,False,False
T003511,GOL,Salvador - São Paulo,1089.47,0.0,0.0,1089.47,9,False,False
T003512,GOL,Salvador - Belo Horizonte,1292.28,0.0,0.0,1292.28,6,False,False
T003513,GOL,Salvador - Vitória da Conquista,526.29,0.0,0.0,526.29,8,False,False
T003514,Azul,Salvador - Rio de Janeiro,1424.2,0.0,0.0,1424.2,2,False,False
T003515,Azul,Salvador - Brasília,653.96,0.0,0.0,653.96,18,False,False
T003516,Azul,Salvador - Brasília,1414.39,368.77,0.0,1783.17,0,True,False
T003517,LATAM,Salvador - Recife,365.99,0.0,0.0,365.99,17,False,False
T003518,Azul,Salvador - Campinas,915.24,0.0,0.0,915.24,18,False,False
T003519,GOL,Salvador - Rio de Janeiro,1085.84,0.0,0.0,1085.84,9,False,False
T003520,LATAM,Salvador - Brasília,1834.17,0.0,0.0,1834.17,0,False,False
T003521,Azul,Salvador - São Paulo,941.46,0.0,0.0,941.46,5,False,False
T003522,LATAM,Salvador - São Paulo,724.25,0.0,0.0,724.25,22,False,False
T003523,LATAM,Salvador - Campinas,1172.76,0.0,0.0,1172.76,12,False,False
T003524,Azul,Salvador - Rio de Janeiro,800.91,0.0,0.0,800.91,13,False,False
T003525,GOL,Salvador - São Paulo,748.34,0.0,0.0,748.34,32,False,False
T003526,LATAM,Salvador - Curitiba,917.66,0.0,0.0,917.66,15,False,False
T003528,Azul,Salvador - Curitiba,1816.35,0.0,0.0,1816.35,2,False,False
T003529,GOL,Salvador - Curitiba,1162.99,0.0,0.0,1162.99,26,False,False
T003530,GOL,Salvador - Curitiba,1313.69,0.0,0.0,1313.69,0,False,False
T003531,LATAM,Salvador - São Paulo,1677.66,0.0,0.0,1677.66,10,False,False
T003532,Azul,Salvador - Rio de Janeiro,1356.74,0.0,0.0,1356.74,0,False,False
T003533,GOL,Salvador - Brasília,1071.86,0.0,0.0,1071.86,9,False,False
T003534,GOL,Salvador - Belo Horizonte,847.9,222.48,0.0,1070.38,4,True,False
T003535,LATAM,Salvador - Brasília,955.81,0.0,0.0,955.81,14,False,False
T003536,Azul,Salvador - Brasília,852.53,0.0,0.0,852.53,21,False,False
T003537,LATAM,Salvador - São Paulo,765.97,0.0,0.0,765.97,27,False,False
T003538,GOL,Salvador - Aracaju,324.36,0.0,0.0,324.36,25,False,False
T003539,GOL,Salvador - São Paulo,826.31,0.0,0.0,826.31,14,False,False
T003540,LATAM,Salvador - Fortaleza,479.42,0.0,0.0,479.42,24,False,False
T003541,LATAM,Salvador - Curitiba,680.51,0.0,0.0,680.51,23,False,False
T003542,GOL,Salvador - São Paulo,1001.43,0.0,0.0,1001.43,6,False,False
T003543,Azul,Salvador - São Paulo,750.05,0.0,0.0,750.05,19,False,False
T003544,LATAM,Salvador - Porto Alegre,901.27,0.0,0.0,901.27,14,False,False
T003545,Azul,Salvador - Rio de Janeiro,1454.48,0.0,0.0,1454.48,3,False,False
T003546,LATAM,Salvador - Brasília,923.99,0.0,0.0,923.99,7,False,False
T003547,LATAM,Salvador - Manaus,1306.17,0.0,0.0,1306.17,7,False,False
T003548,GOL,Salvador - São Paulo,1341.27,0.0,0.0,1341.27,13,False,False
T003549,GOL,Salvador - Recife,721.56,0.0,0.0,721.56,2,False,False
T003550,LATAM,Salvador - São Paulo,1380.19,0.0,0.0,1380.19,10,False,False
T003551,GOL,Salvador - Rio de Janeiro,647.16,89.77,0.0,736.92,24,True,False
T003552,GOL,Salvador - Recife,739.62,0.0,0.0,739.62,22,False,False
T003553,LATAM,Salvador - Campinas,1551.65,0.0,0.0,1551.65,3,False,False
T003554,GOL,Salvador - São Paulo,994.48,0.0,0.0,994.48,4,False,False
T003555,LATAM,Salvador - Curitiba,913.54,0.0,0.0,913.54,23,False,False
T003556,AZUL,Salvador - Rio de Janeiro,978.78,225.35,0.0,1204.13,4,True,False
T003557,LATAM Airlines,Salvador - Recife,606.16,0.0,0.0,606.16,19,False,False
T003559,LATAM,Salvador - São Paulo,1586.88,0.0,0.0,1586.88,3,False,False
T003560,Azul,Salvador - Porto Alegre,1990.87,0.0,0.0,1990.87,2,False,False
T003561,Azul,Salvador - São Paulo,940.6,0.0,0.0,940.6,24,False,False
T003562,LATAM,Salvador - Fortaleza,756.08,0.0,0.0,756.08,14,False,False
T003563,GOL,Salvador - São Paulo,1673.85,0.0,0.0,1673.85,4,False,False
T003564,LATAM,Salvador - Curitiba,1887.18,0.0,0.0,1887.18,1,False,False
T003565,Azul,Salvador - Aracaju,805.43,0.0,0.0,805.43,0,False,False
T003566,GOL,Salvador - Vitória da Conquista,615.63,0.0,0.0,615.63,4,False,False
T003567,GOL,Salvador - Brasília,1524.92,0.0,0.0,1524.92,6,False,False
T003568,GOL,Salvador - São Paulo,1184.31,0.0,0.0,1184.31,0,False,False
T003569,Azul,Salvador - Recife,662.33,0.0,0.0,662.33,7,False,False
T003570,GOL,Salvador - Porto Alegre,1806.17,0.0,0.0,1806.17,5,False,False
T003571,Azul,Salvador - São Paulo,1413.69,0.0,0.0,1413.69,3,False,False
T003572,Gol Linhas Aéreas,Salvador - Porto Alegre,1106.89,0.0,0.0,1106.89,19,False,False
T003573,LATAM,Salvador - Manaus,903.78,0.0,0.0,903.78,8,False,False
T003574,LATAM,Salvador - São Paulo,1835.87,0.0,0.0,1835.87,3,False,False
T003575,LATAM,Salvador - São Paulo,1209.94,0.0,263.63,263.63,3,False,True
T003576,LATAM,Salvador - Fortaleza,620.35,0.0,0.0,620.35,32,False,False
T003577,GOL,Salvador - Rio de Janeiro,1478.44,0.0,0.0,1478.44,0,False,False
T003578,GOL,Salvador - Recife,444.6,0.0,0.0,444.6,12,False,False
T003580,LATAM,Salvador - São Paulo,913.96,0.0,0.0,913.96,13,False,False
T003581,GOL,Salvador - Brasília,1012.93,0.0,0.0,1012.93,3,False,False
T003582,GOL,Salvador - Brasília,1202.03,0.0,0.0,1202.03,2,False,False
T003583,Azul,Salvador - Recife,579.24,0.0,0.0,579.24,1,False,False
T003584,Latam Airlines,Salvador - São Paulo,1190.64,0.0,0.0,1190.64,4,False,False
T003585,Azul,Salvador - Porto Alegre,1265.08,0.0,0.0,1265.08,18,False,False
T003586,GOL,Salvador - Rio de Janeiro,1550.93,0.0,0.0,1550.93,2,False,False
T003587,LATAM,Salvador - Rio de Janeiro,670.57,0.0,0.0,670.57,22,False,False
T003588,LATAM Airlines,Salvador - São Paulo,1507.75,0.0,0.0,1507.75,6,False,False
T003589,Azul,Salvador - São Paulo,1138.05,0.0,0.0,1138.05,5,False,False
T003590,GOL,Salvador - Fortaleza,869.0,0.0,0.0,869.0,2,False,False
T003591,Azul,Salvador - Curitiba,1173.8,0.0,0.0,1173.8,4,False,False
T003592,GOL,Salvador - Brasília,2097.91,0.0,0.0,2097.91,1,False,False
T003593,Azul,Salvador - São Paulo,1120.27,0.0,0.0,1120.27,8,False,False
T003594,GOL,Salvador - Rio de Janeiro,873.36,0.0,210.34,210.34,29,False,True
T003596,GOL,Salvador - Rio de Janeiro,905.99,0.0,0.0,905.99,3,False,False
T003597,LATAM,Salvador - Recife,1259.19,0.0,0.0,1259.19,2,False,False
T003598,LATAM,Salvador - Brasília,813.26,0.0,0.0,813.26,19,False,False
T003600,GOL,Salvador - Brasília,1224.45,0.0,0.0,1224.45,3,False,False
T003601,Azul,Salvador - Fortaleza,538.84,0.0,0.0,538.84,4,False,False
T003602,LATAM,Salvador - São Paulo,1162.5,0.0,0.0,1162.5,3,False,False
T003604,LATAM,Salvador - Rio de Janeiro,1144.58,0.0,0.0,1144.58,10,False,False
T003605,LATAM,Salvador - Belo Horizonte,679.74,0.0,0.0,679.74,18,False,False
T003606,LATAM,Salvador - São Paulo,1244.07,0.0,0.0,1244.07,1,False,False
T003607,Azul,Salvador - Fortaleza,953.16,254.24,0.0,1207.4,3,True,False
T003608,GOL,Salvador - Belo Horizonte,1297.28,0.0,0.0,1297.28,3,False,False
T003609,GOL,Salvador - São Paulo,765.66,0.0,0.0,765.66,23,False,False
T003610,Azul,Salvador - Rio de Janeiro,699.64,192.74,0.0,892.38,13,True,False
T003612,LATAM,Salvador - São Paulo,1504.54,0.0,0.0,1504.54,2,False,False
T003613,Azul,Salvador - São Paulo,1056.77,0.0,0.0,1056.77,6,False,False
T003614,LATAM,Salvador - Rio de Janeiro,668.56,0.0,0.0,668.56,16,False,False
T003615,GOL,Salvador - São Paulo,1207.95,0.0,0.0,1207.95,10,False,False
T003617,GOL,Salvador - Ilhéus,279.31,0.0,0.0,279.31,16,False,False
T003618,LATAM,Salvador - São Paulo,1389.33,0.0,0.0,1389.33,0,False,False
T003619,Azul,Salvador - Rio de Janeiro,857.72,0.0,0.0,857.72,19,False,False
T003621,Azul,Salvador - São Paulo,709.9,0.0,0.0,709.9,21,False,False
T003622,LATAM,Salvador - São Paulo,1230.77,0.0,0.0,1230.77,5,False,False
T003623,Azul,Salvador - Brasília,778.93,0.0,0.0,778.93,21,False,False
T003624,Azul,Salvador - São Paulo,1007.93,206.38,0.0,1214.31,6,True,False
T003625,Azul,Salvador - Rio de Janeiro,740.64,0.0,0.0,740.64,20,False,False
T003626,LATAM,Salvador - Belo Horizonte,652.15,0.0,0.0,652.15,13,False,False
T003627,GOL,Salvador - Aracaju,619.46,163.39,0.0,782.85,0,True,False
T003628,LATAM,Salvador - São Paulo,1180.41,0.0,0.0,1180.41,4,False,False
T003629,GOL,Salvador - Rio de Janeiro,1158.89,0.0,0.0,1158.89,5,False,False
T003630,LATAM,Salvador - Recife,714.23,0.0,0.0,714.23,3,False,False
T003631,GOL,Salvador - Ilhéus,509.52,0.0,0.0,509.52,5,False,False
T003632,GOL,Salvador - São Paulo,1717.57,0.0,262.4,262.4,4,False,True
T003633,LATAM,Salvador - São Paulo,1206.39,0.0,0.0,1206.39,1,False,False
T003634,GOL,Salvador - São Paulo,923.39,0.0,0.0,923.39,11,False,False
T003635,GOL,Salvador - São Paulo,1161.55,0.0,0.0,1161.55,3,False,False
T003636,Azul,Salvador - Fortaleza,668.83,0.0,0.0,668.83,20,False,False
T003637,GOL,Salvador - Ilhéus,551.67,0.0,0.0,551.67,6,False,False
T003638,Azul,Salvador - Recife,757.37,0.0,0.0,757.37,3,False,False
T003639,GOL,Salvador - São Paulo,834.48,0.0,0.0,834.48,15,False,False
T003640,LATAM,Salvador - São Paulo,991.65,0.0,0.0,991.65,8,False,False
T003641,LATAM,Salvador - Campinas,922.63,0.0,0.0,922.63,5,False,False
T003642,GOL,Salvador - Fortaleza,617.74,0.0,0.0,617.74,3,False,False
T003643,LATAM,Salvador - Brasília,751.31,0.0,0.0,751.31,31,False,False
T003645,LATAM,Salvador - Rio de Janeiro,919.91,0.0,0.0,919.91,19,False,False
T003646,LATAM,Salvador - Brasília,1336.01,0.0,0.0,1336.01,2,False,False
T003647,GOL,Salvador - Rio de Janeiro,712.38,0.0,0.0,712.38,20,False,False
T003648,Azul,Salvador - São Paulo,674.3,0.0,0.0,674.3,35,False,False
T003649,Azul,Salvador - Campinas,832.49,0.0,0.0,832.49,33,False,False
T003650,LATAM,Salvador - Manaus,1310.14,0.0,0.0,1310.14,7,False,False
T003651,Azul,Salvador - Brasília,1949.17,0.0,0.0,1949.17,5,False,False
T003652,LATAM,Salvador - Campinas,1097.18,0.0,0.0,1097.18,0,False,False
T003653,GOL,Salvador - Vitória da Conquista,514.51,0.0,0.0,514.51,16,False,False
T003655,Azul,Salvador - São Paulo,808.33,0.0,0.0,808.33,18,False,False
T003656,Azul,Salvador - Recife,730.87,0.0,0.0,730.87,5,False,False
T003657,Azul,Salvador - São Paulo,813.32,0.0,0.0,813.32,20,False,False
T003658,GOL,Salvador - Vitória da Conquista,573.14,0.0,0.0,573.14,3,False,False
T003659,Azul,Salvador - Campinas,2164.16,0.0,0.0,2164.16,3,False,False
T003660,LATAM,Salvador - Fortaleza,926.59,0.0,214.43,214.43,7,False,True
T003661,LATAM,Salvador - Fortaleza,920.1,0.0,0.0,920.1,3,False,False
T003662,LATAM,Salvador - Campinas,2145.81,0.0,0.0,2145.81,0,False,False
T003663,LATAM,Salvador - Recife,803.75,0.0,0.0,803.75,1,False,False
T003664,GOL,Salvador - Belo Horizonte,823.46,0.0,0.0,823.46,8,False,False
T003665,Azul,Salvador - Recife,792.75,0.0,0.0,792.75,6,False,False
T003666,LATAM,Salvador - Rio de Janeiro,1498.97,0.0,0.0,1498.97,5,False,False
T003668,Azul,Salvador - Fortaleza,763.28,0.0,86.33,86.33,10,False,True
T003669,LATAM,Salvador - Curitiba,1207.1,0.0,0.0,1207.1,19,False,False
T003670,LATAM,Salvador - Brasília,1086.09,0.0,0.0,1086.09,9,False,False
T003671,GOL,Salvador - Recife,850.94,0.0,0.0,850.94,6,False,False
T003672,Azul,Salvador - Belo Horizonte,778.29,0.0,0.0,778.29,22,False,False
T003673,LATAM,Salvador - Brasília,1987.73,0.0,0.0,1987.73,1,False,False
T003674,LATAM,Salvador - Belo Horizonte,641.45,0.0,0.0,641.45,35,False,False
T003675,Azul,Salvador - Brasília,1424.24,0.0,0.0,1424.24,3,False,False
T003676,LATAM,Salvador - São Paulo,1509.13,0.0,0.0,1509.13,9,False,False
T003677,LATAM,Salvador - Recife,420.83,0.0,0.0,420.83,25,False,False
T003678,GOL,Salvador - Curitiba,953.88,0.0,0.0,953.88,20,False,False
T003679,GOL,Salvador - Rio de Janeiro,709.69,0.0,0.0,709.69,28,False,False
T003681,LATAM,Salvador - Brasília,1080.95,0.0,0.0,1080.95,5,False,False
T003682,GOL,Salvador - São Paulo,864.01,0.0,199.32,199.32,13,False,True
T003683,GOL,Salvador - Porto Alegre,1348.94,0.0,0.0,1348.94,27,False,False
T003684,GOL,Salvador - São Paulo,679.21,0.0,0.0,679.21,24,False,False
T003685,LATAM,Salvador - Brasília,1011.17,0.0,0.0,1011.17,5,False,False
T003686,Azul,Salvador - Campinas,1397.9,391.56,0.0,1789.45,0,True,False
T003687,LATAM,Salvador - Recife,463.68,0.0,0.0,463.68,20,False,False
T003688,Azul,Salvador - São Paulo,1376.83,0.0,0.0,1376.83,3,False,False
T003689,AZUL,Salvador - Fortaleza,741.44,0.0,0.0,741.44,11,False,False
T003690,GOL,Salvador - São Paulo,1604.21,0.0,0.0,1604.21,5,False,False
T003692,GOL,Salvador - Rio de Janeiro,1079.17,0.0,0.0,1079.17,2,False,False
T003693,GOL,Salvador - São Paulo,1197.19,0.0,0.0,1197.19,5,False,False
T003694,LATAM,Salvador - Rio de Janeiro,1335.9,0.0,0.0,1335.9,0,False,False
T003695,GOL,Salvador - Brasília,1249.56,0.0,0.0,1249.56,2,False,False
T003696,Azul,Salvador - Fortaleza,680.44,0.0,0.0,680.44,32,False,False
T003697,Azul,Salvador - Recife,545.11,0.0,0.0,545.11,15,False,False
T003698,GOL,Salvador - Curitiba,921.13,0.0,0.0,921.13,19,False,False
T003699,GOL,Salvador - Brasília,983.81,0.0,230.36,230.36,6,False,True
T003700,Azul,Salvador - Rio de Janeiro,2293.77,0.0,0.0,2293.77,1,False,False
T003701,GOL,Salvador - São Paulo,1828.73,0.0,0.0,1828.73,0,False,False
T003702,GOL,Salvador - Porto Alegre,1257.75,0.0,0.0,1257.75,12,False,False
T003703,GOL,Salvador - Brasília,732.17,0.0,0.0,732.17,11,False,False
T003704,LATAM,Salvador - São Paulo,813.66,0.0,0.0,813.66,15,False,False
T003705,Azul,Salvador - Belo Horizonte,1025.38,309.23,0.0,1334.6,7,True,False
T003706,Azul,Salvador - Campinas,708.85,0.0,0.0,708.85,15,False,False
T003707,LATAM,Salvador - Curitiba,854.79,0.0,0.0,854.79,27,False,False
T003708,Azul,Salvador - Rio de Janeiro,876.04,0.0,0.0,876.04,16,False,False
T003709,LATAM,Salvador - Aracaju,762.7,103.79,0.0,866.49,0,True,False
T003710,AZUL,Salvador - Porto Alegre,1119.62,0.0,0.0,1119.62,35,False,False
T003711,Azul,Salvador - São Paulo,1118.53,0.0,0.0,1118.53,6,False,False
T003712,LATAM,Salvador - Belo Horizonte,581.3,0.0,0.0,581.3,8,False,False
T003713,GOL,Salvador - Vitória da Conquista,604.92,0.0,0.0,604.92,3,False,False
T003714,GOL,Salvador - Belo Horizonte,768.07,0.0,0.0,768.07,27,False,False
T003715,AZUL,Salvador - São Paulo,1070.23,0.0,0.0,1070.23,3,False,False
T003716,Azul,Salvador - Recife,676.21,0.0,0.0,676.21,24,False,False
T003717,LATAM,Salvador - Fortaleza,775.66,0.0,0.0,775.66,2,False,False
T003719,GOL,Salvador - São Paulo,779.39,0.0,0.0,779.39,13,False,False
T003721,GOL,Salvador - Porto Alegre,1376.87,0.0,0.0,1376.87,19,False,False
T003722,LATAM,Salvador - São Paulo,1704.97,0.0,0.0,1704.97,12,False,False
T003723,GOL,Salvador - Vitória da Conquista,449.58,0.0,0.0,449.58,12,False,False
T003724,LATAM,Salvador - São Paulo,1191.77,0.0,0.0,1191.77,0,False,False
T003725,LATAM,Salvador - Brasília,1021.16,0.0,0.0,1021.16,35,False,False
T003726,GOL,Salvador - Campinas,987.51,154.73,0.0,1142.24,15,True,False
T003727,LATAM,Salvador - São Paulo,1572.95,0.0,0.0,1572.95,3,False,False
T003728,latam,Salvador - São Paulo,1047.92,0.0,0.0,1047.92,4,False,False
T003729,GOL,Salvador - Belo Horizonte,711.82,0.0,0.0,711.82,14,False,False
T003730,LATAM Airlines,Salvador - Curitiba,732.32,0.0,0.0,732.32,18,False,False
T003731,Azul,Salvador - Belo Horizonte,1099.25,0.0,0.0,1099.25,3,False,False
T003732,LATAM,Salvador - São Paulo,1325.81,0.0,0.0,1325.81,0,False,False
T003734,GOL,Salvador - Manaus,1860.0,0.0,328.87,328.87,5,False,True
T003735,LATAM,Salvador - Recife,553.48,0.0,0.0,553.48,5,False,False
T003736,LATAM,Salvador - Recife,396.18,0.0,0.0,396.18,15,False,False
T003737,LATAM,Salvador - Manaus,1615.74,333.26,0.0,1949.0,0,True,False
T003738,Azul,Salvador - Vitória da Conquista,479.87,0.0,0.0,479.87,12,False,False
T003739,AZUL,Salvador - Brasília,1582.26,0.0,0.0,1582.26,0,False,False
T003740,Azul,Salvador - São Paulo,837.82,185.95,0.0,1023.77,19,True,False
T003741,LATAM,Salvador - São Paulo,1280.04,0.0,193.82,193.82,5,False,True
T003742,GOL,Salvador - Campinas,723.04,229.67,0.0,952.71,17,True,False
T003743,Azul,Salvador - São Paulo,885.0,0.0,0.0,885.0,20,False,False
T003744,LATAM,Salvador - São Paulo,1020.69,0.0,0.0,1020.69,22,False,False
T003745,GOL,Salvador - Aracaju,565.39,0.0,0.0,565.39,2,False,False
T003746,GOL,Salvador - Belo Horizonte,1038.16,0.0,0.0,1038.16,11,False,False
T003747,GOL,Salvador - Belo Horizonte,1111.94,0.0,0.0,1111.94,2,False,False
T003748,LATAM,Salvador - Vitória da Conquista,427.43,0.0,0.0,427.43,21,False,False
T003749,Azul,Salvador - Porto Alegre,1984.6,0.0,0.0,1984.6,1,False,False
T003750,LATAM,Salvador - Brasília,1673.79,0.0,0.0,1673.79,16,False,False
T003751,Azul,Salvador - Fortaleza,668.75,0.0,0.0,668.75,5,False,False
T003752,LATAM,Salvador - Recife,602.94,0.0,0.0,602.94,4,False,False
T003753,LATAM,Salvador - Belo Horizonte,949.43,0.0,0.0,949.43,6,False,False
T003754,LATAM,Salvador - Brasília,839.11,0.0,0.0,839.11,23,False,False
T003755,LATAM,Salvador - Brasília,1825.77,0.0,0.0,1825.77,6,False,False
T003756,LATAM,Salvador - São Paulo,998.56,216.97,0.0,1215.52,16,True,False
T003757,Azul,Salvador - Brasília,702.06,0.0,0.0,702.06,15,False,False
T003758,LATAM,Salvador - Curitiba,939.71,0.0,0.0,939.71,33,False,False
T003759,GOL,Salvador - São Paulo,1053.37,0.0,0.0,1053.37,1,False,False
T003760,GOL,Salvador - Fortaleza,908.64,0.0,0.0,908.64,2,False,False
T003761,GOL,Salvador - Fortaleza,731.07,0.0,0.0,731.07,4,False,False
T003762,Azul,Salvador - Aracaju,344.67,0.0,0.0,344.67,13,False,False
T003763,Azul,Salvador - Fortaleza,1215.02,0.0,0.0,1215.02,6,False,False
T003764,LATAM,Salvador - São Paulo,585.31,0.0,0.0,585.31,23,False,False
T003765,Azul,Salvador - São Paulo,939.41,0.0,0.0,939.41,20,False,False
T003766,GOL,Salvador - São Paulo,659.83,0.0,0.0,659.83,35,False,False
T003767,LATAM,Salvador - Curitiba,1435.93,0.0,0.0,1435.93,3,False,False
T003768,Azul,Salvador - São Paulo,1125.69,0.0,0.0,1125.69,12,False,False
T003771,Azul,Salvador - Belo Horizonte,1331.85,0.0,229.05,229.05,1,False,True
T003772,LATAM,Salvador - Porto Alegre,1743.41,0.0,0.0,1743.41,9,False,False
T003773,GOL,Salvador - Aracaju,395.24,0.0,0.0,395.24,13,False,False
T003774,GOL,Salvador - Rio de Janeiro,690.01,89.84,0.0,779.85,9,True,False
T003775,GOL,Salvador - Recife,513.96,0.0,0.0,513.96,28,False,False
T003776,LATAM,Salvador - Rio de Janeiro,1254.08,0.0,0.0,1254.08,16,False,False
T003777,Azul,Salvador - Manaus,1685.94,0.0,0.0,1685.94,1,False,False
T003778,GOL,Salvador - Porto Alegre,1013.12,0.0,0.0,1013.12,15,False,False
T003779,LATAM,Salvador - Fortaleza,625.29,0.0,0.0,625.29,12,False,False
T003780,LATAM,Salvador - São Paulo,1426.32,0.0,0.0,1426.32,0,False,False
T003781,Azul,Salvador - Rio de Janeiro,1341.72,355.26,0.0,1696.98,9,True,False
T003782,Azul,Salvador - Rio de Janeiro,1334.29,0.0,0.0,1334.29,1,False,False
T003783,Azul,Salvador - Vitória da Conquista,659.53,153.61,0.0,813.14,5,True,False
T003784,GOL,Salvador - Vitória da Conquista,490.69,0.0,0.0,490.69,26,False,False
T003785,LATAM,Salvador - Curitiba,1109.4,0.0,229.66,229.66,2,False,True
T003786,GOL,Salvador - Campinas,2010.49,0.0,0.0,2010.49,1,False,False
T003787,Azul,Salvador - São Paulo,1461.76,0.0,0.0,1461.76,3,False,False
T003788,LATAM,Salvador - São Paulo,817.95,0.0,0.0,817.95,15,False,False
T003790,GOL,Salvador - Brasília,904.29,0.0,0.0,904.29,3,False,False
T003791,GOL,Salvador - Brasília,1018.01,0.0,0.0,1018.01,8,False,False
T003792,Azul,Salvador - Fortaleza,468.03,0.0,0.0,468.03,15,False,False
T003793,GOL,Salvador - Fortaleza,1052.34,0.0,0.0,1052.34,6,False,False
T003794,LATAM,Salvador - São Paulo,884.49,222.95,0.0,1107.44,28,True,False
T003795,LATAM,Salvador - Vitória da Conquista,594.3,0.0,0.0,594.3,3,False,False
T003796,LATAM,Salvador - Recife,851.01,0.0,0.0,851.01,5,False,False
T003797,GOL,Salvador - Recife,418.85,0.0,0.0,418.85,24,False,False
T003798,GOL,Salvador - Rio de Janeiro,587.55,0.0,0.0,587.55,19,False,False
T003799,Azul,Salvador - Porto Alegre,1316.65,0.0,0.0,1316.65,4,False,False
T003800,GOL,Salvador - Recife,748.74,0.0,0.0,748.74,6,False,False
T003801,LATAM,Salvador - São Paulo,1185.26,0.0,0.0,1185.26,12,False,False
T003802,LATAM,Salvador - São Paulo,767.82,0.0,0.0,767.82,18,False,False
T003803,LATAM,Salvador - Rio de Janeiro,868.33,0.0,0.0,868.33,5,False,False
T003804,LATAM,Salvador - Rio de Janeiro,1269.29,0.0,0.0,1269.29,3,False,False
T003805,GOL,Salvador - Campinas,739.43,0.0,0.0,739.43,35,False,False
T003806,LATAM,Salvador - Curitiba,1220.49,0.0,0.0,1220.49,3,False,False
T003807,LATAM,Salvador - São Paulo,805.31,0.0,0.0,805.31,28,False,False
T003808,LATAM,Salvador - Campinas,827.37,0.0,0.0,827.37,12,False,False
T003809,GOL,Salvador - Campinas,727.92,0.0,0.0,727.92,32,False,False
T003810,GOL,Salvador - Vitória da Conquista,470.97,0.0,0.0,470.97,6,False,False
T003811,GOL,Salvador - Ilhéus,1033.76,0.0,0.0,1033.76,6,False,False
T003812,GOL,Salvador - São Paulo,1117.8,0.0,0.0,1117.8,19,False,False
T003813,LATAM,Salvador - Porto Alegre,1307.71,0.0,0.0,1307.71,0,False,False
T003814,Azul,Salvador - Belo Horizonte,935.55,0.0,0.0,935.55,29,False,False
T003815,GOL,Salvador - Belo Horizonte,901.39,0.0,104.19,104.19,20,False,True
T003816,Azul,Salvador - São Paulo,1146.06,0.0,0.0,1146.06,1,False,False
T003817,Azul,Salvador - Belo Horizonte,1369.5,0.0,0.0,1369.5,13,False,False
T003818,GOL,Salvador - São Paulo,1785.08,0.0,0.0,1785.08,12,False,False
T003819,LATAM,Salvador - Belo Horizonte,946.74,0.0,0.0,946.74,11,False,False
T003820,GOL,Salvador - Belo Horizonte,947.49,0.0,0.0,947.49,4,False,False
T003821,LATAM,Salvador - Campinas,847.39,0.0,0.0,847.39,23,False,False
T003822,Azul,Salvador - Rio de Janeiro,1422.93,0.0,0.0,1422.93,7,False,False
T003823,LATAM,Salvador - Fortaleza,897.63,0.0,0.0,897.63,16,False,False
T003824,Azul,Salvador - Recife,496.51,0.0,0.0,496.51,33,False,False
T003825,GOL,Salvador - São Paulo,686.85,0.0,0.0,686.85,18,False,False
T003826,GOL,Salvador - Recife,511.77,0.0,0.0,511.77,15,False,False
T003827,LATAM,Salvador - Brasília,1634.38,0.0,0.0,1634.38,2,False,False
T003828,GOL,Salvador - Brasília,1305.17,0.0,160.18,160.18,1,False,True
T003829,LATAM,Salvador - Brasília,935.58,0.0,0.0,935.58,2,False,False
T003830,Azul,Salvador - Curitiba,1700.94,0.0,0.0,1700.94,1,False,False
T003831,LATAM,Salvador - Rio de Janeiro,849.62,0.0,0.0,849.62,19,False,False
T003832,LATAM,Salvador - Recife,511.8,0.0,0.0,511.8,28,False,False
T003833,LATAM,Salvador - Recife,526.01,0.0,0.0,526.01,50,False,False
T003834,GOL,Salvador - Recife,610.18,0.0,0.0,610.18,10,False,False
T003836,Azul,Salvador - Brasília,1152.32,0.0,0.0,1152.32,3,False,False
T003837,GOL,Salvador - São Paulo,746.57,0.0,0.0,746.57,34,False,False
T003838,LATAM,Salvador - São Paulo,2462.79,0.0,0.0,2462.79,3,False,False
T003839,LATAM,Salvador - Belo Horizonte,508.85,0.0,0.0,508.85,23,False,False
T003840,Azul,Salvador - Brasília,1651.75,0.0,0.0,1651.75,1,False,False
T003841,Azul,Salvador - Manaus,1831.02,482.61,0.0,2313.63,0,True,False
T003842,LATAM,Salvador - Rio de Janeiro,661.35,0.0,0.0,661.35,33,False,False
T003843,LATAM,Salvador - Rio de Janeiro,1412.05,0.0,0.0,1412.05,8,False,False
T003844,gol,Salvador - Fortaleza,566.17,0.0,0.0,566.17,5,False,False
T003845,Azul,Salvador - Recife,408.34,0.0,0.0,408.34,30,False,False
T003846,GOL,Salvador - Recife,518.74,0.0,0.0,518.74,12,False,False
T003847,Latam Airlines,Salvador - Curitiba,1370.8,0.0,0.0,1370.8,4,False,False
T003848,LATAM,Salvador - Fortaleza,481.78,0.0,0.0,481.78,8,False,False
T003849,LATAM,Salvador - São Paulo,542.46,0.0,0.0,542.46,30,False,False
T003850,LATAM,Salvador - Brasília,889.27,0.0,0.0,889.27,16,False,False
T003851,LATAM,Salvador - Manaus,1228.73,0.0,0.0,1228.73,17,False,False
T003852,LATAM,Salvador - Vitória da Conquista,435.4,58.14,0.0,493.55,13,True,False
T003853,LATAM,Salvador - Vitória da Conquista,793.28,0.0,0.0,793.28,2,False,False
T003854,GOL,Salvador - São Paulo,819.75,0.0,0.0,819.75,27,False,False
T003855,LATAM,Salvador - Rio de Janeiro,606.32,0.0,0.0,606.32,28,False,False
T003856,LATAM,Salvador - Brasília,1663.03,0.0,0.0,1663.03,3,False,False
T003857,LATAM,Salvador - São Paulo,1147.47,0.0,0.0,1147.47,1,False,False
T003858,Azul,Salvador - Rio de Janeiro,1104.33,0.0,0.0,1104.33,17,False,False
T003859,LATAM,Salvador - Brasília,1345.0,0.0,154.17,154.17,12,False,True
T003860,LATAM,Salvador - São Paulo,982.69,0.0,0.0,982.69,3,False,False
T003861,LATAM,Salvador - Belo Horizonte,1314.54,0.0,0.0,1314.54,0,False,False
T003862,GOL,Salvador - Recife,818.52,0.0,0.0,818.52,1,False,False
T003863,GOL,Salvador - Fortaleza,483.85,0.0,0.0,483.85,18,False,False
T003864,GOL,Salvador - São Paulo,1295.44,0.0,0.0,1295.44,5,False,False
T003865,GOL,Salvador - Porto Alegre,1077.29,0.0,0.0,1077.29,10,False,False
T003866,Azul,Salvador - Manaus,1627.23,0.0,0.0,1627.23,1,False,False
T003867,GOL,Salvador - Vitória da Conquista,884.74,0.0,0.0,884.74,0,False,False
T003868,LATAM,Salvador - São Paulo,1455.96,0.0,0.0,1455.96,1,False,False
T003871,GOL,Salvador - São Paulo,1004.3,0.0,0.0,1004.3,9,False,False
T003872,LATAM,Salvador - Rio de Janeiro,777.84,0.0,0.0,777.84,17,False,False
T003873,GOL,Salvador - Vitória da Conquista,388.07,0.0,0.0,388.07,7,False,False
T003874,Azul,Salvador - Rio de Janeiro,1120.14,0.0,0.0,1120.14,9,False,False
T003875,LATAM,Salvador - São Paulo,1290.51,0.0,0.0,1290.51,9,False,False
T003876,LATAM,Salvador - Curitiba,1395.2,0.0,0.0,1395.2,5,False,False
T003878,LATAM,Salvador - Brasília,718.19,0.0,0.0,718.19,20,False,False
T003879,LATAM,Salvador - Brasília,910.64,0.0,0.0,910.64,6,False,False
T003880,LATAM,Salvador - Fortaleza,942.78,0.0,0.0,942.78,3,False,False
T003881,LATAM,Salvador - São Paulo,1066.14,0.0,0.0,1066.14,5,False,False
T003882,Azul,Salvador - Rio de Janeiro,818.69,0.0,0.0,818.69,8,False,False
T003883,GOL,Salvador - Rio de Janeiro,964.55,0.0,0.0,964.55,2,False,False
T003884,GOL,Salvador - Fortaleza,951.0,0.0,0.0,951.0,0,False,False
T003885,GOL,Salvador - Rio de Janeiro,979.66,0.0,0.0,979.66,21,False,False
T003886,GOL,Salvador - Brasília,833.58,0.0,0.0,833.58,30,False,False
T003887,LATAM,Salvador - Manaus,1611.21,0.0,0.0,1611.21,1,False,False
T003889,Azul,Salvador - Fortaleza,931.76,0.0,0.0,931.76,0,False,False
T003890,GOL,Salvador - Manaus,3169.32,0.0,0.0,3169.32,0,False,False
T003891,LATAM,Salvador - Fortaleza,1208.5,0.0,0.0,1208.5,0,False,False
T003892,LATAM,Salvador - Aracaju,285.12,0.0,0.0,285.12,29,False,False
T003893,LATAM,Salvador - São Paulo,1423.03,0.0,0.0,1423.03,3,False,False
T003894,GOL,Salvador - Recife,915.95,0.0,0.0,915.95,3,False,False
T003895,GOL,Salvador - Fortaleza,1269.98,0.0,0.0,1269.98,14,False,False
T003896,gol,Salvador - Recife,684.14,103.49,0.0,787.63,5,True,False
T003897,GOL,Salvador - Brasília,1146.91,0.0,0.0,1146.91,1,False,False
T003898,Azul,Salvador - São Paulo,1066.12,0.0,0.0,1066.12,4,False,False
T003900,LATAM,Salvador - Fortaleza,643.16,0.0,0.0,643.16,11,False,False
T003901,LATAM,Salvador - Curitiba,729.09,0.0,0.0,729.09,14,False,False
T003902,LATAM,Salvador - São Paulo,1404.94,0.0,0.0,1404.94,4,False,False
T003903,GOL,Salvador - Recife,824.94,0.0,0.0,824.94,0,False,False
T003904,LATAM,Salvador - Rio de Janeiro,761.37,0.0,0.0,761.37,6,False,False
T003906,GOL,Salvador - São Paulo,1032.99,0.0,0.0,1032.99,6,False,False
T003907,LATAM,Salvador - Campinas,831.43,0.0,0.0,831.43,11,False,False
T003908,GOL,Salvador - Fortaleza,940.63,194.54,0.0,1135.18,9,True,False
T003910,GOL,Salvador - Belo Horizonte,462.93,0.0,0.0,462.93,31,False,False
T003911,Azul,Salvador - Porto Alegre,1786.93,0.0,0.0,1786.93,1,False,False
T003912,GOL,Salvador - Brasília,958.16,0.0,0.0,958.16,0,False,False
T003913,LATAM,Salvador - São Paulo,670.09,0.0,0.0,670.09,20,False,False
T003914,LATAM,Salvador - São Paulo,978.58,0.0,0.0,978.58,15,False,False
T003915,LATAM,Salvador - Brasília,1190.07,0.0,0.0,1190.07,6,False,False
T003916,GOL,Salvador - Brasília,927.29,0.0,0.0,927.29,12,False,False
T003917,LATAM,Salvador - Curitiba,854.0,0.0,0.0,854.0,26,False,False
T003918,LATAM,Salvador - Campinas,1104.1,0.0,0.0,1104.1,10,False,False
T003919,GOL,Salvador - São Paulo,1247.75,372.11,0.0,1619.86,0,True,False
T003921,LATAM,Salvador - São Paulo,1332.23,416.35,0.0,1748.58,2,True,False
T003922,GOL,Salvador - Recife,543.96,0.0,0.0,543.96,27,False,False
T003923,Azul,Salvador - São Paulo,1382.36,0.0,0.0,1382.36,1,False,False
T003924,LATAM,Salvador - São Paulo,619.88,80.74,0.0,700.62,19,True,False
T003925,LATAM,Salvador - São Paulo,844.45,0.0,0.0,844.45,18,False,False
T003926,Azul,Salvador - Brasília,867.96,0.0,0.0,867.96,19,False,False
T003927,LATAM,Salvador - Recife,562.87,0.0,0.0,562.87,4,False,False
T003928,GOL,Salvador - Fortaleza,678.56,0.0,0.0,678.56,20,False,False
T003929,LATAM,Salvador - Belo Horizonte,781.44,0.0,0.0,781.44,23,False,False
T003931,Azul,Salvador - São Paulo,1017.7,0.0,0.0,1017.7,5,False,False
T003932,LATAM,Salvador - Brasília,1305.29,0.0,0.0,1305.29,6,False,False
T003933,GOL,Salvador - São Paulo,678.76,0.0,0.0,678.76,21,False,False
T003934,GOL,Salvador - São Paulo,1163.17,0.0,0.0,1163.17,9,False,False
T003935,,Salvador - Porto Alegre,816.97,0.0,0.0,816.97,16,False,False
T003936,LATAM,Salvador - Curitiba,1776.41,0.0,0.0,1776.41,3,False,False
T003937,GOL,Salvador - São Paulo,831.73,0.0,0.0,831.73,19,False,False
T003938,GOL,Salvador - Brasília,725.69,0.0,0.0,725.69,19,False,False
T003939,LATAM,Salvador - Curitiba,1209.29,0.0,0.0,1209.29,3,False,False
T003940,Azul,Salvador - Rio de Janeiro,1113.19,0.0,0.0,1113.19,1,False,False
T003941,LATAM,Salvador - Ilhéus,318.5,90.77,0.0,409.28,15,True,False
T003942,GOL,Salvador - Aracaju,643.64,0.0,0.0,643.64,1,False,False
T003943,Azul,Salvador - Ilhéus,385.42,0.0,0.0,385.42,26,False,False
T003944,LATAM,Salvador - Fortaleza,685.86,0.0,0.0,685.86,13,False,False
T003945,LATAM,Salvador - Rio de Janeiro,1214.1,0.0,0.0,1214.1,1,False,False
T003946,GOL,Salvador - Vitória da Conquista,1325.37,0.0,0.0,1325.37,2,False,False
T003947,Azul,Salvador - São Paulo,1200.38,0.0,0.0,1200.38,4,False,False
T003948,Azul,Salvador - Brasília,831.87,0.0,0.0,831.87,13,False,False
T003949,GOL,Salvador - Curitiba,1957.71,0.0,0.0,1957.71,3,False,False
T003950,GOL,Salvador - Campinas,964.4,0.0,0.0,964.4,5,False,False
T003951,GOL,Salvador - Belo Horizonte,651.5,0.0,0.0,651.5,24,False,False
T003952,LATAM,Salvador - São Paulo,873.13,0.0,0.0,873.13,16,False,False
T003953,GOL,Salvador - Rio de Janeiro,615.82,0.0,0.0,615.82,31,False,False
T003954,Azul,Salvador - Brasília,1293.3,0.0,0.0,1293.3,2,False,False
T003955,GOL,Salvador - Curitiba,798.49,0.0,0.0,798.49,36,False,False
T003956,Azul,Salvador - Aracaju,367.89,0.0,0.0,367.89,30,False,False
T003957,LATAM Airlines,Salvador - São Paulo,805.23,0.0,0.0,805.23,9,False,False
T003958,LATAM,Salvador - São Paulo,1766.88,0.0,0.0,1766.88,3,False,False
T003959,LATAM,Salvador - Manaus,1295.81,0.0,0.0,1295.81,20,False,False
T003960,LATAM,Salvador - Curitiba,1070.2,0.0,0.0,1070.2,13,False,False
T003961,GOL,Salvador - São Paulo,874.05,0.0,0.0,874.05,18,False,False
T003963,GOL,Salvador - Curitiba,1443.75,0.0,0.0,1443.75,3,False,False
T003964,LATAM,Salvador - São Paulo,838.92,0.0,0.0,838.92,22,False,False
T003965,GOL,Salvador - Brasília,715.16,0.0,0.0,715.16,26,False,False
T003966,GOL,Salvador - Rio de Janeiro,772.73,0.0,0.0,772.73,19,False,False
T003967,LATAM,Salvador - São Paulo,837.98,0.0,0.0,837.98,29,False,False
T003968,LATAM,Salvador - Campinas,898.39,0.0,0.0,898.39,25,False,False
T003969,Azul,Salvador - Rio de Janeiro,708.43,0.0,0.0,708.43,31,False,False
T003970,LATAM,Salvador - Vitória da Conquista,471.51,126.46,0.0,597.97,31,True,False
T003971,LATAM,Salvador - Manaus,1169.02,0.0,0.0,1169.02,33,False,False
T003972,Azul Linhas Aéreas,Salvador - Rio de Janeiro,933.66,0.0,0.0,933.66,26,False,False
T003974,Azul,Salvador - Vitória da Conquista,429.14,0.0,0.0,429.14,6,False,False
T003975,GOL,Salvador - Rio de Janeiro,722.96,0.0,0.0,722.96,33,False,False
T003977,LATAM,Salvador - Recife,500.13,0.0,0.0,500.13,24,False,False
T003978,GOL,Salvador - São Paulo,868.23,0.0,0.0,868.23,19,False,False
T003979,LATAM,Salvador - Fortaleza,396.91,80.83,0.0,477.74,8,True,False
T003980,Azul,Salvador - São Paulo,804.57,0.0,0.0,804.57,22,False,False
T003982,GOL,Salvador - Brasília,813.57,0.0,0.0,813.57,16,False,False
T003983,Azul,Salvador - Porto Alegre,1087.07,0.0,0.0,1087.07,8,False,False
T003984,GOL,Salvador - São Paulo,2138.72,0.0,0.0,2138.72,1,False,False
T003985,GOL,Salvador - Brasília,1287.76,0.0,0.0,1287.76,1,False,False
T003986,Latam Airlines,Salvador - São Paulo,1083.22,0.0,0.0,1083.22,11,False,False
T003987,Azul,Salvador - Brasília,2262.99,276.4,0.0,2539.39,1,True,False
T003989,LATAM,Salvador - São Paulo,1442.24,0.0,0.0,1442.24,4,False,False
T003990,GOL,Salvador - Recife,1212.89,0.0,0.0,1212.89,3,False,False
T003991,LATAM,Salvador - São Paulo,889.04,0.0,0.0,889.04,31,False,False
T003992,LATAM,Salvador - Brasília,1348.47,0.0,0.0,1348.47,5,False,False
T003994,LATAM,Salvador - Vitória da Conquista,418.86,0.0,0.0,418.86,12,False,False
T003995,Azul,Salvador - São Paulo,2488.74,460.59,0.0,2949.33,0,True,False
T003996,Azul,Salvador - São Paulo,1075.01,0.0,0.0,1075.01,5,False,False
T003997,Azul,Salvador - Rio de Janeiro,1250.21,0.0,0.0,1250.21,1,False,False
T003998,GOL,Salvador - Curitiba,1039.57,0.0,0.0,1039.57,5,False,False
T003999,GOL,Salvador - Rio de Janeiro,1137.8,0.0,0.0,1137.8,6,False,False
T004001,LATAM,Salvador - Rio de Janeiro,1311.22,0.0,0.0,1311.22,11,False,False
T004002,GOL,Salvador - Rio de Janeiro,983.51,0.0,0.0,983.51,18,False,False
T004003,LATAM,Salvador - Curitiba,734.61,0.0,0.0,734.61,27,False,False
T004004,Azul,Salvador - Porto Alegre,1659.73,0.0,0.0,1659.73,9,False,False
T004005,Azul,Salvador - Aracaju,421.35,0.0,0.0,421.35,9,False,False
T004006,Azul,Salvador - Campinas,802.4,0.0,0.0,802.4,19,False,False
T004007,LATAM,Salvador - Campinas,1282.04,257.57,0.0,1539.61,0,True,False
T004008,LATAM,Salvador - Curitiba,1313.25,0.0,0.0,1313.25,0,False,False
T004009,GOL,Salvador - Rio de Janeiro,553.72,0.0,0.0,553.72,17,False,False
T004010,LATAM,Salvador - Fortaleza,1215.81,0.0,0.0,1215.81,0,False,False
T004011,GOL,Salvador - Porto Alegre,2220.79,0.0,0.0,2220.79,3,False,False
T004012,GOL,Salvador - Rio de Janeiro,1396.55,0.0,0.0,1396.55,3,False,False
T004013,LATAM,Salvador - Porto Alegre,1718.0,364.76,0.0,2082.76,1,True,False
T004014,LATAM,Salvador - São Paulo,2390.39,0.0,0.0,2390.39,1,False,False
T004015,GOL,Salvador - Recife,559.32,0.0,0.0,559.32,5,False,False
T004016,LATAM,Salvador - Campinas,1519.55,0.0,0.0,1519.55,13,False,False
T004017,Azul,Salvador - Brasília,639.46,0.0,0.0,639.46,23,False,False
T004018,Azul,Salvador - Brasília,1612.15,0.0,0.0,1612.15,6,False,False
T004019,Azul,Salvador - Fortaleza,1016.23,0.0,0.0,1016.23,1,False,False
T004020,Azul,Salvador - Recife,756.84,0.0,0.0,756.84,3,False,False
T004021,GOL,Salvador - São Paulo,701.01,0.0,0.0,701.01,13,False,False
T004022,GOL,Salvador - Recife,495.23,0.0,0.0,495.23,27,False,False
T004023,LATAM,Salvador - Recife,377.66,0.0,0.0,377.66,36,False,False
T004024,LATAM,Salvador - São Paulo,749.35,0.0,0.0,749.35,30,False,False
T004025,Azul,Salvador - Recife,828.33,0.0,0.0,828.33,4,False,False
T004026,LATAM,Salvador - Rio de Janeiro,813.44,0.0,0.0,813.44,8,False,False
T004027,LATAM,Salvador - Fortaleza,541.0,0.0,0.0,541.0,17,False,False
T004029,gol,Salvador - Campinas,1506.91,0.0,0.0,1506.91,0,False,False
T004030,Azul,Salvador - Rio de Janeiro,853.91,0.0,0.0,853.91,12,False,False
T004031,LATAM,Salvador - Vitória da Conquista,438.68,0.0,0.0,438.68,16,False,False
T004032,Azul,Salvador - Vitória da Conquista,473.22,0.0,0.0,473.22,1,False,False
T004033,AZUL,Salvador - Fortaleza,605.09,0.0,0.0,605.09,20,False,False
T004034,LATAM,Salvador - Ilhéus,391.1,0.0,0.0,391.1,36,False,False
T004035,LATAM,Salvador - Rio de Janeiro,497.37,0.0,0.0,497.37,29,False,False
T004036,LATAM,Salvador - Fortaleza,812.23,0.0,0.0,812.23,5,False,False
T004038,LATAM,Salvador - Fortaleza,585.06,0.0,0.0,585.06,35,False,False
T004039,LATAM,Salvador - Aracaju,368.24,81.39,0.0,449.62,9,True,False
T004040,LATAM,Salvador - Recife,962.72,0.0,0.0,962.72,0,False,False
T004041,LATAM,Salvador - Rio de Janeiro,682.69,0.0,0.0,682.69,6,False,False
T004042,LATAM,Salvador - São Paulo,1375.36,0.0,176.49,176.49,3,False,True
T004043,Azul,Salvador - Vitória da Conquista,525.17,0.0,0.0,525.17,15,False,False
T004044,LATAM,Salvador - Vitória da Conquista,305.46,0.0,0.0,305.46,37,False,False
T004045,LATAM,Salvador - Recife,508.21,0.0,0.0,508.21,29,False,False
T004046,GOL,Salvador - Rio de Janeiro,1305.59,0.0,0.0,1305.59,1,False,False
T004047,Azul,Salvador - Porto Alegre,1356.32,0.0,0.0,1356.32,14,False,False
T004048,Azul,Salvador - São Paulo,986.67,0.0,0.0,986.67,21,False,False
T004049,LATAM,Salvador - São Paulo,767.53,0.0,0.0,767.53,19,False,False
T004050,LATAM,Salvador - Recife,542.45,0.0,0.0,542.45,21,False,False
T004051,GOL,Salvador - São Paulo,743.27,0.0,0.0,743.27,23,False,False
T004052,GOL,Salvador - Ilhéus,638.69,0.0,0.0,638.69,7,False,False
T004053,Azul,Salvador - Aracaju,340.31,0.0,0.0,340.31,6,False,False
T004054,LATAM,Salvador - São Paulo,769.59,0.0,0.0,769.59,28,False,False
T004055,Azul,Salvador - Belo Horizonte,1026.33,0.0,0.0,1026.33,7,False,False
T004056,GOL,Salvador - Brasília,1224.7,0.0,0.0,1224.7,0,False,False
T004057,Azul,Salvador - Brasília,1069.72,0.0,0.0,1069.72,12,False,False
T004058,GOL,Salvador - Rio de Janeiro,1122.85,0.0,0.0,1122.85,6,False,False
T004059,GOL,Salvador - Vitória da Conquista,374.03,0.0,0.0,374.03,19,False,False
T004060,AZUL,Salvador - São Paulo,882.42,0.0,0.0,882.42,30,False,False
T004061,LATAM,Salvador - Porto Alegre,886.63,0.0,0.0,886.63,37,False,False
T004062,latam,Salvador - Brasília,777.43,0.0,0.0,777.43,30,False,False
T004063,Azul,Salvador - Rio de Janeiro,1673.68,0.0,0.0,1673.68,1,False,False
T004064,LATAM,Salvador - Belo Horizonte,890.09,0.0,0.0,890.09,4,False,False
T004065,GOL,Salvador - Brasília,745.8,145.92,0.0,891.72,20,True,False
T004066,Azul,Salvador - Brasília,1470.23,0.0,0.0,1470.23,1,False,False
T004067,LATAM,Salvador - Belo Horizonte,1902.91,0.0,0.0,1902.91,1,False,False
T004068,GOL,Salvador - Belo Horizonte,1022.94,0.0,0.0,1022.94,0,False,False
T004069,GOL,Salvador - Aracaju,342.86,0.0,0.0,342.86,22,False,False
T004070,LATAM,Salvador - Recife,433.96,0.0,0.0,433.96,16,False,False
T004071,gol,Salvador - Rio de Janeiro,698.51,0.0,0.0,698.51,14,False,False
T004072,Azul,Salvador - Brasília,890.33,0.0,0.0,890.33,20,False,False
T004073,Azul,Salvador - Belo Horizonte,1602.56,0.0,0.0,1602.56,1,False,False
T004074,LATAM,Salvador - Aracaju,655.8,0.0,0.0,655.8,2,False,False
T004075,LATAM,Salvador - Belo Horizonte,620.99,0.0,0.0,620.99,19,False,False
T004076,LATAM,Salvador - Brasília,1804.84,314.75,0.0,2119.59,0,True,False
T004077,Azul,Salvador - Brasília,1214.49,0.0,0.0,1214.49,0,False,False
T004078,GOL,Salvador - Brasília,1106.82,0.0,0.0,1106.82,12,False,False
T004079,GOL,Salvador - São Paulo,920.03,0.0,247.8,247.8,8,False,True
T004080,LATAM,Salvador - São Paulo,804.96,0.0,0.0,804.96,13,False,False
T004081,Azul,Salvador - Brasília,603.11,0.0,0.0,603.11,31,False,False
T004082,GOL,Salvador - Rio de Janeiro,997.4,0.0,0.0,997.4,5,False,False
T004083,LATAM,Salvador - Porto Alegre,2316.96,0.0,0.0,2316.96,2,False,False
T004085,LATAM,Salvador - São Paulo,840.83,0.0,0.0,840.83,9,False,False
T004086,Azul,Salvador - São Paulo,824.62,0.0,0.0,824.62,14,False,False
T004087,LATAM,Salvador - Vitória da Conquista,457.95,0.0,0.0,457.95,26,False,False
T004088,LATAM,Salvador - Curitiba,997.76,0.0,0.0,997.76,20,False,False
T004089,LATAM,Salvador - Rio de Janeiro,888.06,0.0,0.0,888.06,2,False,False
T004090,Azul,Salvador - Porto Alegre,1327.84,0.0,0.0,1327.84,4,False,False
T004091,GOL,Salvador - São Paulo,1357.26,288.66,0.0,1645.92,11,True,False
T004092,LATAM,Salvador - Manaus,1002.09,0.0,0.0,1002.09,20,False,False
T004093,GOL,Salvador - Belo Horizonte,841.5,0.0,0.0,841.5,18,False,False
T004094,LATAM,Salvador - Recife,867.71,0.0,0.0,867.71,2,False,False
T004095,LATAM,Salvador - Manaus,1058.19,0.0,0.0,1058.19,14,False,False
T004096,LATAM,Salvador - Curitiba,1813.89,0.0,0.0,1813.89,0,False,False
T004097,GOL,Salvador - São Paulo,737.07,0.0,0.0,737.07,33,False,False
T004098,LATAM,Salvador - São Paulo,1123.64,0.0,0.0,1123.64,2,False,False
T004099,GOL,Salvador - Vitória da Conquista,373.65,0.0,0.0,373.65,38,False,False
T004100,Azul,Salvador - Brasília,722.45,0.0,0.0,722.45,35,False,False
T004101,GOL,Salvador - Vitória da Conquista,354.83,0.0,0.0,354.83,6,False,False
T004102,LATAM,Salvador - Rio de Janeiro,1119.94,0.0,0.0,1119.94,6,False,False
T004103,Azul,Salvador - Porto Alegre,1055.36,0.0,0.0,1055.36,17,False,False
T004104,Azul,Salvador - Recife,834.58,0.0,0.0,834.58,4,False,False
T004105,GOL,Salvador - São Paulo,1602.65,0.0,0.0,1602.65,13,False,False
T004106,LATAM,Salvador - São Paulo,1015.87,0.0,0.0,1015.87,5,False,False
T004108,LATAM,Salvador - Belo Horizonte,547.07,0.0,0.0,547.07,18,False,False
T004109,GOL,Salvador - Rio de Janeiro,601.99,0.0,0.0,601.99,19,False,False
T004110,GOL,Salvador - Campinas,1181.9,332.94,0.0,1514.84,12,True,False
T004111,GOL,Salvador - Curitiba,1452.04,0.0,0.0,1452.04,3,False,False
T004113,GOL,Salvador - Fortaleza,842.23,0.0,0.0,842.23,0,False,False
T004114,GOL,Salvador - São Paulo,1214.29,0.0,0.0,1214.29,5,False,False
T004115,LATAM,Salvador - São Paulo,2073.84,0.0,0.0,2073.84,1,False,False
T004116,GOL,Salvador - Fortaleza,571.31,0.0,0.0,571.31,21,False,False
T004117,Azul,Salvador - Fortaleza,694.66,0.0,0.0,694.66,27,False,False
T004118,GOL,Salvador - São Paulo,1446.1,0.0,0.0,1446.1,2,False,False
T004119,LATAM,Salvador - Rio de Janeiro,1381.02,0.0,0.0,1381.02,2,False,False
T004120,GOL,Salvador - Ilhéus,327.35,0.0,0.0,327.35,16,False,False
T004121,Azul,Salvador - São Paulo,962.46,0.0,0.0,962.46,21,False,False
T004122,GOL,Salvador - Rio de Janeiro,2003.86,0.0,0.0,2003.86,2,False,False
T004123,LATAM,Salvador - São Paulo,1118.44,0.0,0.0,1118.44,8,False,False
T004124,GOL,Salvador - Ilhéus,619.78,0.0,0.0,619.78,0,False,False
T004125,Azul,Salvador - Manaus,2259.35,0.0,0.0,2259.35,3,False,False
T004126,GOL,Salvador - Rio de Janeiro,744.34,0.0,0.0,744.34,15,False,False
T004127,GOL,Salvador - Fortaleza,951.69,0.0,0.0,951.69,2,False,False
T004128,GOL,Salvador - Curitiba,1063.97,0.0,0.0,1063.97,15,False,False
T004129,LATAM,Salvador - Porto Alegre,915.6,0.0,0.0,915.6,4,False,False
T004133,LATAM,Salvador - São Paulo,1402.69,0.0,364.98,364.98,13,False,True
T004134,Azul,Salvador - São Paulo,772.1,0.0,0.0,772.1,15,False,False
T004135,Azul,Salvador - Rio de Janeiro,508.18,62.44,0.0,570.62,17,True,False
T004136,Azul,Salvador - Brasília,1078.02,0.0,0.0,1078.02,0,False,False
T004137,Azul,Salvador - São Paulo,988.76,0.0,0.0,988.76,12,False,False
T004138,LATAM,Salvador - Rio de Janeiro,2081.32,0.0,0.0,2081.32,1,False,False
T004139,LATAM,Salvador - São Paulo,1857.26,0.0,0.0,1857.26,4,False,False
T004140,GOL,Salvador - Recife,725.15,0.0,0.0,725.15,7,False,False
T004141,LATAM,Salvador - São Paulo,834.18,0.0,0.0,834.18,23,False,False
T004142,Azul Linhas Aéreas,Salvador - Recife,994.34,0.0,0.0,994.34,2,False,False
T004143,LATAM,Salvador - Campinas,1296.28,0.0,0.0,1296.28,11,False,False
T004144,GOL,Salvador - São Paulo,1109.73,0.0,0.0,1109.73,7,False,False
T004145,LATAM,Salvador - Rio de Janeiro,714.03,0.0,0.0,714.03,21,False,False
T004146,Azul,Salvador - Belo Horizonte,1150.65,0.0,0.0,1150.65,4,False,False
T004147,GOL,Salvador - Belo Horizonte,533.29,0.0,0.0,533.29,34,False,False
T004148,GOL,Salvador - Porto Alegre,767.9,0.0,0.0,767.9,18,False,False
T004149,GOL,Salvador - Belo Horizonte,511.33,0.0,0.0,511.33,19,False,False
T004150,LATAM,Salvador - São Paulo,1748.49,0.0,0.0,1748.49,1,False,False
T004151,LATAM,Salvador - Recife,537.32,0.0,0.0,537.32,10,False,False
T004152,LATAM,Salvador - Curitiba,1352.01,0.0,0.0,1352.01,0,False,False
T004153,GOL,Salvador - São Paulo,1364.46,0.0,0.0,1364.46,7,False,False
T004154,LATAM,Salvador - Belo Horizonte,1377.06,0.0,0.0,1377.06,2,False,False
T004155,Azul,Salvador - São Paulo,1375.6,0.0,0.0,1375.6,11,False,False
T004156,GOL,Salvador - Recife,363.44,0.0,0.0,363.44,15,False,False
T004157,LATAM,Salvador - Curitiba,1139.13,0.0,0.0,1139.13,6,False,False
T004158,Azul,Salvador - São Paulo,711.59,0.0,0.0,711.59,31,False,False
T004159,GOL,Salvador - Campinas,957.41,0.0,0.0,957.41,12,False,False
T004160,Azul,Salvador - Recife,610.17,0.0,0.0,610.17,6,False,False
T004161,LATAM,Salvador - São Paulo,1460.62,0.0,0.0,1460.62,6,False,False
T004162,Azul,Salvador - Brasília,1316.69,0.0,0.0,1316.69,5,False,False
T004163,LATAM,Salvador - Curitiba,1235.11,298.23,0.0,1533.35,19,True,False
T004164,LATAM,Salvador - Manaus,2478.88,0.0,0.0,2478.88,2,False,False
T004165,LATAM,Salvador - Belo Horizonte,624.36,0.0,0.0,624.36,30,False,False
T004167,LATAM,Salvador - Brasília,1410.28,0.0,0.0,1410.28,0,False,False
T004168,LATAM,Salvador - Rio de Janeiro,1011.55,0.0,0.0,1011.55,0,False,False
T004169,LATAM,Salvador - Fortaleza,851.16,0.0,0.0,851.16,2,False,False
T004170,LATAM,Salvador - Rio de Janeiro,1387.06,0.0,0.0,1387.06,2,False,False
T004171,GOL,Salvador - Fortaleza,616.52,0.0,0.0,616.52,5,False,False
T004172,Azul,Salvador - Recife,603.0,0.0,0.0,603.0,17,False,False
T004173,Azul,Salvador - São Paulo,1373.29,0.0,0.0,1373.29,8,False,False
T004174,GOL,Salvador - São Paulo,1082.04,0.0,0.0,1082.04,5,False,False
T004175,Azul,Salvador - São Paulo,808.16,0.0,0.0,808.16,15,False,False
T004176,GOL,Salvador - Fortaleza,612.68,0.0,0.0,612.68,26,False,False
T004177,GOL,Salvador - Curitiba,932.38,0.0,0.0,932.38,5,False,False
T004178,GOL,Salvador - Curitiba,669.05,97.52,0.0,766.57,8,True,False
T004179,LATAM,Salvador - Recife,1522.37,0.0,0.0,1522.37,0,False,False
T004180,GOL,Salvador - Vitória da Conquista,517.04,0.0,0.0,517.04,11,False,False
T004181,LATAM,Salvador - Recife,586.97,0.0,0.0,586.97,16,False,False
T004183,Azul,Salvador - Porto Alegre,1449.76,0.0,0.0,1449.76,4,False,False
T004184,Azul,Salvador - Curitiba,1391.47,0.0,0.0,1391.47,1,False,False
T004185,Azul,Salvador - Aracaju,419.31,0.0,0.0,419.31,19,False,False
T004186,LATAM,Salvador - São Paulo,1590.12,0.0,0.0,1590.12,3,False,False
T004187,GOL,Salvador - Belo Horizonte,1079.3,0.0,0.0,1079.3,2,False,False
T004188,GOL,Salvador - São Paulo,1519.36,0.0,166.81,166.81,3,False,True
T004189,GOL,Salvador - São Paulo,1045.29,0.0,0.0,1045.29,4,False,False
T004190,LATAM,Salvador - Porto Alegre,1935.85,0.0,0.0,1935.85,2,False,False
T004191,LATAM,Salvador - Curitiba,1527.75,0.0,367.67,367.67,2,False,True
T004192,LATAM,Salvador - Belo Horizonte,1365.62,0.0,0.0,1365.62,0,False,False
T004193,GOL,Salvador - Brasília,951.95,0.0,0.0,951.95,24,False,False
T004194,Azul,Salvador - São Paulo,914.24,0.0,0.0,914.24,17,False,False
T004196,GOL,Salvador - Brasília,1719.16,0.0,0.0,1719.16,1,False,False
T004197,LATAM,Salvador - São Paulo,1600.17,0.0,0.0,1600.17,13,False,False
T004198,LATAM,Salvador - São Paulo,906.09,0.0,0.0,906.09,12,False,False
T004199,GOL,Salvador - Rio de Janeiro,682.73,0.0,0.0,682.73,5,False,False
T004200,Azul,Salvador - Brasília,1235.9,0.0,0.0,1235.9,6,False,False
T004201,Azul,Salvador - São Paulo,1992.76,487.65,0.0,2480.42,0,True,False
T004202,GOL,Salvador - Ilhéus,676.16,0.0,0.0,676.16,9,False,False
T004203,GOL,Salvador - Curitiba,2077.88,0.0,0.0,2077.88,6,False,False
T004204,gol,Salvador - Manaus,1820.4,0.0,0.0,1820.4,3,False,False
T004205,GOL,Salvador - Rio de Janeiro,1270.69,334.2,0.0,1604.89,0,True,False
T004206,GOL,Salvador - São Paulo,1273.49,0.0,0.0,1273.49,3,False,False
T004207,LATAM,Salvador - Rio de Janeiro,1063.34,0.0,0.0,1063.34,25,False,False
T004209,LATAM,Salvador - Aracaju,618.31,0.0,0.0,618.31,1,False,False
T004210,GOL,Salvador - Curitiba,2000.83,0.0,0.0,2000.83,0,False,False
T004211,GOL,Salvador - São Paulo,1014.58,0.0,0.0,1014.58,30,False,False
T004212,GOL,Salvador - São Paulo,802.51,0.0,0.0,802.51,15,False,False
T004213,GOL,Salvador - Porto Alegre,1155.13,0.0,0.0,1155.13,13,False,False
T004214,Azul,Salvador - Rio de Janeiro,928.65,243.03,0.0,1171.68,13,True,False
T004216,GOL,Salvador - Fortaleza,718.69,0.0,0.0,718.69,8,False,False
T004217,LATAM,Salvador - Brasília,944.12,0.0,0.0,944.12,34,False,False
T004218,GOL,Salvador - Belo Horizonte,795.29,0.0,0.0,795.29,26,False,False
T004219,GOL,Salvador - Vitória da Conquista,849.22,0.0,0.0,849.22,0,False,False
T004220,GOL,Salvador - São Paulo,1124.52,0.0,0.0,1124.52,4,False,False
T004221,LATAM,Salvador - São Paulo,1196.25,0.0,0.0,1196.25,8,False,False
T004222,,Salvador - Porto Alegre,975.74,0.0,0.0,975.74,21,False,False
T004223,LATAM,Salvador - Rio de Janeiro,1111.92,213.55,0.0,1325.47,3,True,False
T004224,LATAM,Salvador - Brasília,1435.09,0.0,0.0,1435.09,3,False,False
T004225,Azul,Salvador - Fortaleza,693.12,0.0,0.0,693.12,25,False,False
T004226,Azul,Salvador - São Paulo,616.38,0.0,0.0,616.38,21,False,False
T004227,LATAM,Salvador - Fortaleza,554.85,0.0,0.0,554.85,24,False,False
T004228,Azul,Salvador - São Paulo,1010.05,0.0,0.0,1010.05,9,False,False
T004229,LATAM,Salvador - São Paulo,863.95,0.0,0.0,863.95,32,False,False
T004230,Azul,Salvador - Rio de Janeiro,919.59,0.0,0.0,919.59,0,False,False
T004231,LATAM,Salvador - Rio de Janeiro,1111.61,0.0,0.0,1111.61,8,False,False
T004232,LATAM,Salvador - São Paulo,2005.29,0.0,0.0,2005.29,0,False,False
T004233,LATAM,Salvador - Recife,490.54,0.0,0.0,490.54,14,False,False
T004234,GOL,Salvador - Porto Alegre,1350.27,0.0,0.0,1350.27,5,False,False
T004235,LATAM,Salvador - São Paulo,939.0,0.0,0.0,939.0,3,False,False
T004236,GOL,Salvador - Fortaleza,824.36,0.0,0.0,824.36,4,False,False
T004237,LATAM Airlines,Salvador - Recife,549.77,0.0,0.0,549.77,27,False,False
T004238,GOL,Salvador - Belo Horizonte,527.82,0.0,0.0,527.82,35,False,False
T004240,LATAM,Salvador - São Paulo,1015.94,0.0,0.0,1015.94,6,False,False
T004241,GOL,Salvador - Brasília,761.69,0.0,0.0,761.69,34,False,False
T004243,LATAM,Salvador - São Paulo,1247.49,0.0,0.0,1247.49,5,False,False
T004244,LATAM,Salvador - Belo Horizonte,670.08,0.0,0.0,670.08,16,False,False
T004245,GOL,Salvador - Manaus,1319.64,0.0,0.0,1319.64,11,False,False
T004246,GOL,Salvador - Aracaju,316.59,0.0,0.0,316.59,18,False,False
T004247,GOL,Salvador - São Paulo,1113.47,0.0,0.0,1113.47,13,False,False
T004248,LATAM,Salvador - Brasília,979.78,0.0,0.0,979.78,16,False,False
T004250,GOL,Salvador - Campinas,1550.63,0.0,0.0,1550.63,3,False,False
T004251,GOL,Salvador - Recife,832.81,0.0,0.0,832.81,2,False,False
T004252,LATAM,Salvador - São Paulo,1439.59,0.0,0.0,1439.59,1,False,False
T004253,LATAM,Salvador - São Paulo,1552.69,0.0,0.0,1552.69,11,False,False
T004254,GOL,Salvador - Porto Alegre,2922.41,0.0,0.0,2922.41,0,False,False
T004256,GOL,Salvador - Rio de Janeiro,648.48,0.0,0.0,648.48,17,False,False
T004257,Azul,Salvador - Ilhéus,462.73,0.0,0.0,462.73,6,False,False
T004258,LATAM,Salvador - São Paulo,995.25,0.0,0.0,995.25,26,False,False
T004259,GOL,Salvador - São Paulo,1028.57,0.0,0.0,1028.57,6,False,False
T004260,LATAM,Salvador - Rio de Janeiro,947.93,0.0,0.0,947.93,0,False,False
T004261,GOL,Salvador - Brasília,1259.22,260.53,0.0,1519.75,3,True,False
T004262,GOL,Salvador - Vitória da Conquista,389.16,0.0,0.0,389.16,29,False,False
T004263,GOL,Salvador - São Paulo,1709.7,0.0,0.0,1709.7,3,False,False
T004264,GOL,Salvador - São Paulo,2003.32,0.0,0.0,2003.32,0,False,False
T004265,LATAM,Salvador - São Paulo,1452.63,0.0,0.0,1452.63,3,False,False
T004266,Azul,Salvador - Curitiba,1399.72,0.0,0.0,1399.72,3,False,False
T004267,LATAM,Salvador - São Paulo,771.6,0.0,0.0,771.6,31,False,False
T004268,GOL,Salvador - São Paulo,937.56,0.0,0.0,937.56,8,False,False
T004269,LATAM,Salvador - Rio de Janeiro,1225.29,0.0,0.0,1225.29,1,False,False
T004270,LATAM,Salvador - São Paulo,1028.67,0.0,0.0,1028.67,5,False,False
T004271,GOL,Salvador - São Paulo,1399.11,0.0,0.0,1399.11,3,False,False
T004272,LATAM,Salvador - São Paulo,1335.67,0.0,0.0,1335.67,1,False,False
T004273,LATAM,Salvador - Brasília,837.51,138.13,0.0,975.64,7,True,False
T004274,GOL,Salvador - São Paulo,1298.54,0.0,0.0,1298.54,0,False,False
T004275,LATAM,Salvador - Campinas,1275.69,0.0,0.0,1275.69,2,False,False
T004276,LATAM,Salvador - Rio de Janeiro,1046.01,0.0,0.0,1046.01,5,False,False
T004277,GOL,Salvador - Vitória da Conquista,576.12,0.0,0.0,576.12,27,False,False
T004278,LATAM,Salvador - Fortaleza,931.38,0.0,0.0,931.38,4,False,False
T004279,GOL,Salvador - São Paulo,989.13,0.0,0.0,989.13,13,False,False
T004280,LATAM,Salvador - Curitiba,2321.27,0.0,0.0,2321.27,2,False,False
T004281,GOL,Salvador - São Paulo,906.34,0.0,0.0,906.34,11,False,False
T004282,GOL,Salvador - Brasília,860.23,0.0,0.0,860.23,16,False,False
T004283,LATAM,Salvador - Brasília,982.04,245.21,0.0,1227.25,5,True,False
T004284,Azul,Salvador - Brasília,1292.56,0.0,0.0,1292.56,6,False,False
T004286,LATAM,Salvador - Brasília,1124.73,0.0,0.0,1124.73,7,False,False
T004287,LATAM,Salvador - São Paulo,1586.52,0.0,0.0,1586.52,0,False,False
T004288,Latam Airlines,Salvador - Fortaleza,450.88,127.24,0.0,578.12,10,True,False
T004289,LATAM,Salvador - Curitiba,767.59,0.0,0.0,767.59,53,False,False
T004290,Azul,Salvador - Rio de Janeiro,879.79,271.07,0.0,1150.86,2,True,False
T004291,GOL,Salvador - São Paulo,731.07,0.0,0.0,731.07,26,False,False
T004293,LATAM,Salvador - Curitiba,1162.11,0.0,0.0,1162.11,24,False,False
T004294,Azul,Salvador - Curitiba,2030.62,0.0,0.0,2030.62,3,False,False
T004295,GOL,Salvador - São Paulo,790.88,248.36,0.0,1039.23,18,True,False
T004296,LATAM,Salvador - Recife,1140.34,0.0,0.0,1140.34,1,False,False
T004297,LATAM,Salvador - Curitiba,1117.73,0.0,0.0,1117.73,10,False,False
T004298,LATAM,Salvador - São Paulo,1612.91,0.0,0.0,1612.91,3,False,False
T004299,LATAM,Salvador - Recife,887.62,0.0,101.0,101.0,1,False,True
T004300,GOL,Salvador - Curitiba,1168.37,0.0,0.0,1168.37,3,False,False
T004301,GOL,Salvador - São Paulo,1796.73,0.0,0.0,1796.73,1,False,False
T004302,LATAM,Salvador - Rio de Janeiro,900.28,0.0,0.0,900.28,1,False,False
T004303,Gol Linhas Aéreas,Salvador - São Paulo,1798.07,0.0,0.0,1798.07,3,False,False
T004304,GOL,Salvador - São Paulo,1240.0,0.0,0.0,1240.0,0,False,False
T004305,Azul,Salvador - Brasília,741.43,0.0,0.0,741.43,19,False,False
T004306,Azul,Salvador - Recife,582.94,0.0,0.0,582.94,24,False,False
T004307,GOL,Salvador - São Paulo,680.71,0.0,0.0,680.71,11,False,False
T004308,Azul,Salvador - São Paulo,783.88,0.0,0.0,783.88,19,False,False
T004309,Azul,Salvador - Fortaleza,607.54,0.0,0.0,607.54,10,False,False
T004310,LATAM,Salvador - Curitiba,790.49,0.0,0.0,790.49,17,False,False
T004311,GOL,Salvador - São Paulo,626.32,0.0,0.0,626.32,30,False,False
T004312,GOL,Salvador - Brasília,724.38,0.0,0.0,724.38,24,False,False
T004313,GOL,Salvador - Rio de Janeiro,1127.53,0.0,0.0,1127.53,18,False,False
T004314,GOL,Salvador - Brasília,954.29,0.0,0.0,954.29,4,False,False
T004315,GOL,Salvador - Vitória da Conquista,409.27,0.0,0.0,409.27,35,False,False
T004316,Azul,Salvador - São Paulo,1385.18,0.0,0.0,1385.18,2,False,False
T004317,gol,Salvador - São Paulo,774.79,0.0,0.0,774.79,17,False,False
T004318,Azul,Salvador - Belo Horizonte,1114.03,0.0,0.0,1114.03,10,False,False
T004319,LATAM,Salvador - Recife,491.45,0.0,0.0,491.45,15,False,False
T004320,LATAM,Salvador - São Paulo,1664.77,0.0,0.0,1664.77,0,False,False
T004321,LATAM,Salvador - São Paulo,1080.65,0.0,0.0,1080.65,8,False,False
T004322,LATAM,Salvador - Rio de Janeiro,713.27,0.0,0.0,713.27,18,False,False
T004323,LATAM,Salvador - Porto Alegre,1470.46,267.99,0.0,1738.45,0,True,False
T004325,LATAM,Salvador - Campinas,1218.42,0.0,0.0,1218.42,1,False,False
T004326,Azul,Salvador - Ilhéus,353.57,0.0,0.0,353.57,14,False,False
T004327,LATAM,Salvador - São Paulo,1074.34,0.0,0.0,1074.34,5,False,False
T004328,LATAM,Salvador - Belo Horizonte,1176.72,0.0,0.0,1176.72,2,False,False
T004329,LATAM,Salvador - São Paulo,912.12,0.0,0.0,912.12,9,False,False
T004330,LATAM,Salvador - Rio de Janeiro,1009.05,0.0,0.0,1009.05,0,False,False
T004332,Azul,Salvador - Belo Horizonte,750.65,0.0,0.0,750.65,21,False,False
T004333,LATAM,Salvador - São Paulo,1739.2,0.0,0.0,1739.2,0,False,False
T004334,LATAM,Salvador - Aracaju,564.83,69.97,0.0,634.79,11,True,False
T004335,LATAM,Salvador - Brasília,848.39,0.0,0.0,848.39,13,False,False
T004336,GOL,Salvador - Rio de Janeiro,836.6,0.0,0.0,836.6,21,False,False
T004337,GOL,Salvador - São Paulo,880.83,0.0,0.0,880.83,29,False,False
T004340,LATAM,Salvador - Aracaju,633.0,0.0,0.0,633.0,0,False,False
T004341,LATAM,Salvador - Aracaju,499.21,0.0,0.0,499.21,14,False,False
T004342,GOL,Salvador - Aracaju,300.0,0.0,0.0,300.0,33,False,False
T004343,LATAM,Salvador - Porto Alegre,1036.11,0.0,166.67,166.67,20,False,True
T004344,GOL,Salvador - Curitiba,990.54,0.0,0.0,990.54,19,False,False
T004346,GOL,Salvador - Curitiba,890.59,0.0,0.0,890.59,8,False,False
T004348,Azul,Salvador - Rio de Janeiro,1226.97,0.0,0.0,1226.97,3,False,False
T004349,LATAM,Salvador - Brasília,1493.56,0.0,0.0,1493.56,0,False,False
T004350,LATAM,Salvador - Brasília,560.08,0.0,0.0,560.08,24,False,False
T004351,LATAM,Salvador - Brasília,1015.86,0.0,0.0,1015.86,16,False,False
T004352,GOL,Salvador - Recife,720.15,0.0,0.0,720.15,1,False,False
T004354,LATAM,Salvador - São Paulo,1259.23,0.0,0.0,1259.23,1,False,False
T004355,GOL,Salvador - São Paulo,742.02,0.0,0.0,742.02,25,False,False
T004356,Azul,Salvador - Porto Alegre,1549.94,0.0,0.0,1549.94,6,False,False
T004357,GOL,Salvador - Rio de Janeiro,766.76,0.0,0.0,766.76,14,False,False
T004358,Azul,Salvador - Recife,642.7,0.0,0.0,642.7,6,False,False
T004359,LATAM,Salvador - São Paulo,2159.1,0.0,0.0,2159.1,0,False,False
T004360,GOL,Salvador - Recife,629.77,0.0,0.0,629.77,5,False,False
T004361,Azul,Salvador - Aracaju,348.44,0.0,0.0,348.44,5,False,False
T004362,GOL,Salvador - Recife,888.01,227.88,0.0,1115.89,0,True,False
T004363,GOL,Salvador - São Paulo,836.02,0.0,0.0,836.02,23,False,False
T004364,LATAM,Salvador - São Paulo,936.46,0.0,0.0,936.46,28,False,False
T004365,LATAM,Salvador - Recife,669.47,0.0,0.0,669.47,4,False,False
T004366,Azul,Salvador - Recife,568.45,0.0,0.0,568.45,2,False,False
T004367,LATAM,Salvador - Brasília,776.99,0.0,0.0,776.99,36,False,False
T004368,GOL,Salvador - Recife,540.03,0.0,130.24,130.24,17,False,True
T004369,LATAM,Salvador - Curitiba,1951.11,0.0,0.0,1951.11,3,False,False
T004370,LATAM,Salvador - Rio de Janeiro,1331.27,0.0,0.0,1331.27,1,False,False
T004372,Azul,Salvador - Belo Horizonte,1485.24,0.0,0.0,1485.24,2,False,False
T004373,LATAM,Salvador - Vitória da Conquista,587.62,0.0,0.0,587.62,6,False,False
T004374,GOL,Salvador - Fortaleza,721.09,117.55,0.0,838.64,6,True,False
T004375,Azul,Salvador - Rio de Janeiro,1333.79,0.0,0.0,1333.79,14,False,False
T004376,GOL,Salvador - São Paulo,1127.13,0.0,0.0,1127.13,0,False,False
T004377,LATAM,Salvador - Campinas,1296.6,0.0,0.0,1296.6,6,False,False
T004378,GOL,Salvador - São Paulo,978.28,0.0,0.0,978.28,10,False,False
T004379,LATAM,Salvador - Fortaleza,532.34,0.0,0.0,532.34,26,False,False
T004380,GOL,Salvador - Belo Horizonte,1316.53,277.88,0.0,1594.41,3,True,False
T004381,GOL,Salvador - Campinas,904.64,0.0,0.0,904.64,5,False,False
T004382,LATAM,Salvador - Rio de Janeiro,1094.55,0.0,0.0,1094.55,9,False,False
T004383,LATAM,Salvador - Curitiba,1267.73,0.0,0.0,1267.73,1,False,False
T004384,LATAM,Salvador - Rio de Janeiro,988.8,0.0,0.0,988.8,4,False,False
T004386,GOL,Salvador - Belo Horizonte,1082.21,0.0,0.0,1082.21,0,False,False
T004387,LATAM,Salvador - Vitória da Conquista,743.38,0.0,0.0,743.38,2,False,False
T004388,Azul,Salvador - Brasília,907.55,0.0,0.0,907.55,17,False,False
T004389,Azul,Salvador - Brasília,1814.37,0.0,0.0,1814.37,2,False,False
T004390,LATAM,Salvador - Fortaleza,716.41,0.0,0.0,716.41,25,False,False
T004391,LATAM,Salvador - Fortaleza,1665.62,0.0,0.0,1665.62,2,False,False
T004392,Azul,Salvador - Rio de Janeiro,816.27,0.0,0.0,816.27,11,False,False
T004393,LATAM,Salvador - Recife,539.18,0.0,0.0,539.18,9,False,False
T004394,Azul,Salvador - Rio de Janeiro,747.59,182.57,0.0,930.16,4,True,False
T004395,LATAM,Salvador - Recife,590.73,0.0,0.0,590.73,12,False,False
T004397,LATAM,Salvador - Manaus,3465.69,0.0,0.0,3465.69,0,False,False
T004398,LATAM,Salvador - São Paulo,740.75,0.0,125.98,125.98,34,False,True
T004399,GOL,Salvador - São Paulo,1133.07,139.2,0.0,1272.27,10,True,False
T004400,Azul,Salvador - Brasília,1167.1,0.0,0.0,1167.1,5,False,False
T004401,LATAM,Salvador - Manaus,1383.46,0.0,0.0,1383.46,0,False,False
T004402,GOL,Salvador - São Paulo,1747.02,0.0,0.0,1747.02,0,False,False
T004403,LATAM,Salvador - Campinas,1097.95,0.0,0.0,1097.95,1,False,False
T004404,GOL,Salvador - São Paulo,1130.38,221.79,0.0,1352.17,7,True,False
T004405,GOL,Salvador - Belo Horizonte,1378.35,0.0,0.0,1378.35,0,False,False
T004406,LATAM,Salvador - Ilhéus,754.81,0.0,0.0,754.81,1,False,False
T004407,LATAM,Salvador - São Paulo,883.08,0.0,0.0,883.08,18,False,False
T004408,LATAM,Salvador - Brasília,1457.02,0.0,0.0,1457.02,3,False,False
T004409,Azul,Salvador - Manaus,2612.87,0.0,0.0,2612.87,3,False,False
T004410,LATAM,Salvador - Recife,492.51,0.0,0.0,492.51,9,False,False
T004411,GOL,Salvador - Porto Alegre,1395.05,0.0,0.0,1395.05,6,False,False
T004412,GOL,Salvador - Recife,599.77,0.0,0.0,599.77,11,False,False
T004413,Azul,Salvador - São Paulo,1198.24,0.0,0.0,1198.24,0,False,False
T004416,GOL,Salvador - São Paulo,1570.65,0.0,0.0,1570.65,3,False,False
T004417,LATAM,Salvador - Belo Horizonte,656.79,0.0,0.0,656.79,9,False,False
T004418,Azul,Salvador - São Paulo,1703.24,0.0,0.0,1703.24,5,False,False
T004419,LATAM,Salvador - Recife,646.83,0.0,0.0,646.83,4,False,False
T004420,GOL,Salvador - São Paulo,966.67,0.0,0.0,966.67,6,False,False
T004421,Azul,Salvador - Aracaju,618.08,156.75,0.0,774.84,3,True,False
T004422,GOL,Salvador - Belo Horizonte,711.7,0.0,0.0,711.7,21,False,False
T004423,Azul,Salvador - São Paulo,1360.58,0.0,0.0,1360.58,0,False,False
T004424,LATAM,Salvador - São Paulo,1426.02,0.0,0.0,1426.02,5,False,False
T004425,Azul,Salvador - São Paulo,747.39,0.0,0.0,747.39,5,False,False
T004426,Azul,Salvador - Recife,642.23,0.0,0.0,642.23,6,False,False
T004427,LATAM,Salvador - Recife,778.28,0.0,0.0,778.28,8,False,False
T004428,GOL,Salvador - Rio de Janeiro,873.88,0.0,0.0,873.88,7,False,False
T004429,LATAM,Salvador - São Paulo,1248.48,0.0,0.0,1248.48,5,False,False
T004430,LATAM,Salvador - Belo Horizonte,1062.79,0.0,0.0,1062.79,4,False,False
T004431,LATAM,Salvador - São Paulo,688.6,0.0,0.0,688.6,20,False,False
T004433,GOL,Salvador - Fortaleza,755.36,0.0,0.0,755.36,10,False,False
T004434,LATAM,Salvador - Recife,692.84,0.0,0.0,692.84,5,False,False
T004435,LATAM,Salvador - Fortaleza,965.8,0.0,0.0,965.8,4,False,False
T004436,Azul,Salvador - Brasília,1331.62,0.0,0.0,1331.62,0,False,False
T004437,Azul,Salvador - Brasília,1167.96,0.0,0.0,1167.96,3,False,False
T004438,Azul,Salvador - Rio de Janeiro,1075.71,0.0,0.0,1075.71,9,False,False
T004439,Azul,Salvador - Curitiba,1902.96,0.0,0.0,1902.96,2,False,False
T004440,LATAM,Salvador - Brasília,770.16,0.0,0.0,770.16,17,False,False
T004441,LATAM,Salvador - São Paulo,1615.74,0.0,0.0,1615.74,6,False,False
T004442,LATAM,Salvador - São Paulo,720.62,0.0,0.0,720.62,10,False,False
T004443,GOL,Salvador - Manaus,1109.5,0.0,0.0,1109.5,31,False,False
T004444,GOL,Salvador - São Paulo,1352.44,0.0,0.0,1352.44,4,False,False
T004445,LATAM,Salvador - São Paulo,1269.57,0.0,0.0,1269.57,6,False,False
T004446,LATAM,Salvador - São Paulo,1282.18,0.0,0.0,1282.18,18,False,False
T004447,Azul,Salvador - Manaus,2194.83,0.0,0.0,2194.83,5,False,False
T004448,GOL,Salvador - Rio de Janeiro,642.09,0.0,0.0,642.09,40,False,False
T004449,AZUL,Salvador - Brasília,699.89,0.0,166.79,166.79,37,False,True
T004450,Azul,Salvador - São Paulo,942.96,0.0,0.0,942.96,44,False,False
T004451,Azul,Salvador - Brasília,1268.53,271.39,0.0,1539.92,5,True,False
T004452,LATAM,Salvador - Recife,846.35,0.0,0.0,846.35,4,False,False
T004454,GOL,Salvador - Brasília,1151.27,330.47,0.0,1481.75,2,True,False
T004455,Azul,Salvador - Recife,427.43,0.0,0.0,427.43,26,False,False
T004456,Azul,Salvador - São Paulo,1222.2,0.0,0.0,1222.2,1,False,False
T004457,GOL,Salvador - Belo Horizonte,880.92,0.0,0.0,880.92,4,False,False
T004458,GOL,Salvador - Ilhéus,641.02,0.0,0.0,641.02,5,False,False
T004459,Azul,Salvador - Recife,475.87,0.0,0.0,475.87,17,False,False
T004460,LATAM,Salvador - São Paulo,785.73,0.0,0.0,785.73,29,False,False
T004461,Azul,Salvador - São Paulo,959.72,149.77,0.0,1109.49,21,True,False
T004462,Azul,Salvador - Campinas,964.4,0.0,0.0,964.4,15,False,False
T004464,Latam Airlines,Salvador - Fortaleza,945.78,0.0,0.0,945.78,13,False,False
T004465,GOL,Salvador - São Paulo,1027.68,166.41,0.0,1194.09,6,True,False
T004467,Azul,Salvador - Recife,652.8,0.0,0.0,652.8,13,False,False
T004468,LATAM,Salvador - Recife,488.87,0.0,0.0,488.87,28,False,False
T004469,GOL,Salvador - São Paulo,1528.82,0.0,0.0,1528.82,5,False,False
T004470,GOL,Salvador - Belo Horizonte,613.34,0.0,0.0,613.34,16,False,False
T004471,Azul,Salvador - São Paulo,1223.91,0.0,0.0,1223.91,5,False,False
T004472,Azul,Salvador - Rio de Janeiro,1192.66,0.0,0.0,1192.66,2,False,False
T004473,LATAM,Salvador - São Paulo,1426.56,0.0,0.0,1426.56,4,False,False
T004474,Azul,Salvador - Manaus,991.39,0.0,0.0,991.39,26,False,False
T004475,Azul,Salvador - Brasília,1021.02,0.0,0.0,1021.02,5,False,False
T004476,GOL,Salvador - Manaus,1331.94,0.0,0.0,1331.94,8,False,False
T004477,Azul,Salvador - Brasília,1360.34,0.0,0.0,1360.34,7,False,False
T004478,LATAM,Salvador - Fortaleza,486.57,0.0,0.0,486.57,23,False,False
T004479,LATAM,Salvador - São Paulo,1619.87,0.0,0.0,1619.87,1,False,False
T004480,GOL,Salvador - Recife,628.57,0.0,0.0,628.57,9,False,False
T004481,LATAM,Salvador - Brasília,663.88,0.0,0.0,663.88,33,False,False
T004482,GOL,Salvador - Rio de Janeiro,767.07,0.0,0.0,767.07,10,False,False
T004483,GOL,Salvador - Belo Horizonte,1079.12,185.06,0.0,1264.18,2,True,False
T004485,GOL,Salvador - Rio de Janeiro,740.41,0.0,0.0,740.41,5,False,False
T004487,Azul,Salvador - Brasília,1180.82,0.0,0.0,1180.82,0,False,False
T004488,Azul,Salvador - Vitória da Conquista,699.11,0.0,0.0,699.11,5,False,False
T004489,LATAM,Salvador - Recife,738.88,0.0,0.0,738.88,2,False,False
T004490,LATAM,Salvador - Campinas,661.46,0.0,0.0,661.46,20,False,False
T004491,LATAM,Salvador - Recife,827.98,0.0,0.0,827.98,2,False,False
T004492,gol,Salvador - Fortaleza,713.82,0.0,0.0,713.82,15,False,False
T004493,GOL,Salvador - Campinas,1579.22,0.0,0.0,1579.22,1,False,False
T004494,GOL,Salvador - São Paulo,1981.58,0.0,0.0,1981.58,1,False,False
T004495,GOL,Salvador - Brasília,871.13,0.0,0.0,871.13,10,False,False
T004496,GOL,Salvador - Rio de Janeiro,819.49,0.0,0.0,819.49,8,False,False
T004497,LATAM,Salvador - Aracaju,987.49,291.12,0.0,1278.61,1,True,False
T004498,Azul,Salvador - Recife,680.15,0.0,0.0,680.15,2,False,False
T004499,GOL,Salvador - Rio de Janeiro,925.63,133.28,0.0,1058.92,12,True,False
T004500,Latam Airlines,Salvador - Brasília,1439.39,0.0,0.0,1439.39,0,False,False
T004501,GOL,Salvador - Belo Horizonte,1441.01,0.0,0.0,1441.01,6,False,False
T004502,Azul,Salvador - São Paulo,823.12,0.0,0.0,823.12,36,False,False
T004503,Azul,Salvador - Curitiba,968.98,0.0,0.0,968.98,12,False,False
T004504,LATAM,Salvador - Campinas,1033.49,0.0,0.0,1033.49,1,False,False
T004505,Azul,Salvador - Porto Alegre,1309.34,0.0,362.91,362.91,13,False,True
T004506,GOL,Salvador - Curitiba,1906.7,0.0,0.0,1906.7,2,False,False
T004507,LATAM,Salvador - São Paulo,1043.45,0.0,0.0,1043.45,8,False,False
T004508,GOL,Salvador - Recife,394.35,0.0,0.0,394.35,23,False,False
T004509,LATAM,Salvador - São Paulo,874.49,0.0,0.0,874.49,18,False,False
T004510,LATAM,Salvador - Rio de Janeiro,1439.43,0.0,0.0,1439.43,0,False,False
T004511,Azul,Salvador - Recife,538.82,148.36,0.0,687.18,11,True,False
T004512,LATAM,Salvador - Brasília,1132.04,0.0,0.0,1132.04,5,False,False
T004513,LATAM,Salvador - São Paulo,906.19,215.09,0.0,1121.28,4,True,False
T004514,LATAM,Salvador - Brasília,1690.14,0.0,0.0,1690.14,3,False,False
T004515,Azul,Salvador - Fortaleza,428.34,0.0,0.0,428.34,21,False,False
T004517,GOL,Salvador - Rio de Janeiro,1056.35,0.0,0.0,1056.35,5,False,False
T004518,Azul,Salvador - Recife,851.16,0.0,0.0,851.16,0,False,False
T004520,Azul,Salvador - Brasília,948.44,0.0,0.0,948.44,21,False,False
T004521,GOL,Salvador - Fortaleza,580.83,0.0,0.0,580.83,13,False,False
T004523,GOL,Salvador - Rio de Janeiro,752.26,0.0,0.0,752.26,32,False,False
T004524,LATAM,Salvador - Fortaleza,823.26,0.0,0.0,823.26,0,False,False
T004525,LATAM,Salvador - Rio de Janeiro,961.3,0.0,0.0,961.3,23,False,False
T004526,LATAM,Salvador - Rio de Janeiro,529.21,0.0,0.0,529.21,24,False,False
T004529,GOL,Salvador - Ilhéus,372.71,0.0,0.0,372.71,35,False,False
T004530,Azul,Salvador - São Paulo,712.92,0.0,0.0,712.92,15,False,False
T004531,Azul,Salvador - Rio de Janeiro,1745.96,283.39,0.0,2029.35,4,True,False
T004532,LATAM,Salvador - São Paulo,1190.96,0.0,0.0,1190.96,1,False,False
T004533,LATAM,Salvador - Rio de Janeiro,984.55,227.2,0.0,1211.74,4,True,False
T004534,GOL,Salvador - São Paulo,1469.4,0.0,0.0,1469.4,4,False,False
T004535,LATAM,Salvador - São Paulo,1376.43,0.0,0.0,1376.43,2,False,False
T004536,Azul,Salvador - Belo Horizonte,543.11,0.0,0.0,543.11,22,False,False
T004537,GOL,Salvador - Fortaleza,805.0,0.0,0.0,805.0,3,False,False
T004539,Azul,Salvador - Recife,481.47,0.0,0.0,481.47,25,False,False
T004540,GOL,Salvador - Fortaleza,965.54,0.0,0.0,965.54,2,False,False
T004541,GOL,Salvador - Belo Horizonte,883.86,0.0,0.0,883.86,10,False,False
T004542,LATAM,Salvador - Rio de Janeiro,683.42,0.0,0.0,683.42,18,False,False
T004543,LATAM,Salvador - São Paulo,1207.06,377.17,0.0,1584.23,1,True,False
T004544,LATAM,Salvador - Vitória da Conquista,701.54,0.0,119.37,119.37,5,False,True
T004545,GOL,Salvador - Fortaleza,1135.2,165.9,0.0,1301.09,0,True,False
T004546,LATAM,Salvador - Vitória da Conquista,575.44,102.07,0.0,677.51,15,True,False
T004547,GOL,Salvador - Aracaju,344.12,0.0,0.0,344.12,29,False,False
T004548,LATAM,Salvador - Manaus,1392.19,0.0,0.0,1392.19,9,False,False
T004549,LATAM,Salvador - Manaus,2224.73,0.0,0.0,2224.73,2,False,False
T004550,LATAM,Salvador - Belo Horizonte,797.05,166.95,0.0,964.0,5,True,False
T004551,GOL,Salvador - Rio de Janeiro,2035.93,506.91,0.0,2542.84,0,True,False
T004552,LATAM,Salvador - Fortaleza,865.01,0.0,0.0,865.01,3,False,False
T004553,GOL,Salvador - São Paulo,1520.05,0.0,0.0,1520.05,4,False,False
T004554,LATAM,Salvador - São Paulo,1268.63,0.0,0.0,1268.63,4,False,False
T004555,,Salvador - São Paulo,1031.12,0.0,0.0,1031.12,18,False,False
T004557,LATAM,Salvador - Belo Horizonte,870.17,0.0,0.0,870.17,16,False,False
T004558,GOL,Salvador - Fortaleza,813.98,0.0,0.0,813.98,19,False,False
T004559,GOL,Salvador - Recife,804.42,214.85,0.0,1019.27,0,True,False
T004560,Azul,Salvador - Brasília,604.6,0.0,0.0,604.6,27,False,False
T004561,Azul,Salvador - Belo Horizonte,930.78,172.82,0.0,1103.6,14,True,False
T004562,GOL,Salvador - São Paulo,1111.81,0.0,0.0,1111.81,5,False,False
T004563,Azul,Salvador - São Paulo,923.42,0.0,0.0,923.42,9,False,False
T004564,GOL,Salvador - Recife,509.81,0.0,0.0,509.81,28,False,False
T004565,GOL,Salvador - Rio de Janeiro,759.61,0.0,0.0,759.61,27,False,False
T004566,LATAM,Salvador - Curitiba,1413.57,345.84,0.0,1759.41,0,True,False
T004567,latam,Salvador - Porto Alegre,1545.06,0.0,0.0,1545.06,4,False,False
T004568,GOL,Salvador - Aracaju,428.88,0.0,0.0,428.88,13,False,False
T004569,Azul,Salvador - Aracaju,450.92,0.0,0.0,450.92,5,False,False
T004570,Latam Airlines,Salvador - São Paulo,696.94,0.0,0.0,696.94,18,False,False
T004571,GOL,Salvador - São Paulo,817.03,0.0,0.0,817.03,21,False,False
T004572,gol,Salvador - Brasília,867.11,0.0,0.0,867.11,15,False,False
T004573,Azul,Salvador - Rio de Janeiro,1041.29,0.0,0.0,1041.29,12,False,False
T004574,Azul,Salvador - Recife,504.33,0.0,0.0,504.33,17,False,False
T004575,Azul,Salvador - Curitiba,1079.31,0.0,0.0,1079.31,1,False,False
T004576,LATAM,Salvador - Aracaju,614.89,0.0,0.0,614.89,5,False,False
T004578,GOL,Salvador - São Paulo,658.22,0.0,0.0,658.22,10,False,False
T004579,LATAM,Salvador - Fortaleza,808.71,0.0,0.0,808.71,2,False,False
T004580,latam,Salvador - Fortaleza,487.81,0.0,0.0,487.81,26,False,False
T004581,LATAM,Salvador - Rio de Janeiro,933.51,0.0,0.0,933.51,22,False,False
T004582,Azul,Salvador - Rio de Janeiro,948.35,0.0,0.0,948.35,6,False,False
T004583,LATAM,Salvador - Ilhéus,392.58,0.0,0.0,392.58,6,False,False
T004584,LATAM,Salvador - Rio de Janeiro,1465.87,0.0,0.0,1465.87,2,False,False
T004585,LATAM,Salvador - Rio de Janeiro,1187.59,0.0,0.0,1187.59,8,False,False
T004586,GOL,Salvador - Brasília,1142.8,0.0,0.0,1142.8,5,False,False
T004587,GOL,Salvador - Recife,528.61,0.0,0.0,528.61,13,False,False
T004588,Azul,Salvador - Fortaleza,535.61,0.0,0.0,535.61,16,False,False
T004589,LATAM,Salvador - Rio de Janeiro,819.06,0.0,0.0,819.06,8,False,False
T004590,GOL,Salvador - São Paulo,1020.28,0.0,0.0,1020.28,6,False,False
T004591,Azul,Salvador - Fortaleza,1135.94,0.0,0.0,1135.94,5,False,False
T004592,GOL,Salvador - São Paulo,1988.59,0.0,0.0,1988.59,0,False,False
T004593,Azul,Salvador - Recife,793.3,0.0,0.0,793.3,14,False,False
T004594,LATAM,Salvador - Brasília,1025.34,0.0,0.0,1025.34,6,False,False
T004595,Azul,Salvador - Brasília,1010.21,0.0,0.0,1010.21,11,False,False
T004596,GOL,Salvador - Curitiba,981.45,0.0,0.0,981.45,36,False,False
T004597,GOL,Salvador - Campinas,1347.79,206.29,0.0,1554.08,2,True,False
T004598,LATAM,Salvador - Ilhéus,388.63,0.0,0.0,388.63,12,False,False
T004599,LATAM,Salvador - Recife,433.98,0.0,0.0,433.98,14,False,False
T004600,GOL,Salvador - Vitória da Conquista,702.89,0.0,0.0,702.89,4,False,False
T004601,Azul,Salvador - Fortaleza,735.53,0.0,0.0,735.53,4,False,False
T004602,LATAM,Salvador - Vitória da Conquista,568.97,0.0,0.0,568.97,8,False,False
T004603,GOL,Salvador - Porto Alegre,1277.0,0.0,0.0,1277.0,32,False,False
T004604,Azul,Salvador - Fortaleza,707.13,0.0,0.0,707.13,8,False,False
T004605,Azul,Salvador - Curitiba,843.38,0.0,0.0,843.38,9,False,False
T004606,GOL,Salvador - Recife,514.74,0.0,123.8,123.8,21,False,True
T004607,LATAM,Salvador - São Paulo,926.02,0.0,0.0,926.02,27,False,False
T004608,GOL,Salvador - São Paulo,1707.16,0.0,0.0,1707.16,2,False,False
T004609,Azul,Salvador - São Paulo,729.41,0.0,0.0,729.41,19,False,False
T004610,GOL,Salvador - Campinas,903.71,0.0,0.0,903.71,5,False,False
T004611,Azul,Salvador - São Paulo,1433.46,0.0,0.0,1433.46,6,False,False
T004612,Azul,Salvador - São Paulo,1546.37,0.0,177.23,177.23,1,False,True
T004613,Azul,Salvador - São Paulo,765.43,0.0,0.0,765.43,17,False,False
T004614,LATAM,Salvador - Rio de Janeiro,1469.42,0.0,0.0,1469.42,4,False,False
T004615,LATAM,Salvador - São Paulo,1182.31,0.0,0.0,1182.31,0,False,False
T004616,Azul,Salvador - Brasília,911.57,0.0,0.0,911.57,10,False,False
T004617,GOL,Salvador - Aracaju,518.53,0.0,130.02,130.02,6,False,True
T004618,Azul,Salvador - Rio de Janeiro,829.79,0.0,0.0,829.79,26,False,False
T004619,LATAM,Salvador - São Paulo,1522.38,0.0,0.0,1522.38,14,False,False
T004620,GOL,Salvador - Recife,1157.98,0.0,186.58,186.58,6,False,True
T004621,LATAM,Salvador - São Paulo,1122.3,0.0,0.0,1122.3,1,False,False
T004623,LATAM,Salvador - Belo Horizonte,752.86,0.0,0.0,752.86,14,False,False
T004624,GOL,Salvador - Brasília,996.83,0.0,0.0,996.83,2,False,False
T004625,LATAM,Salvador - Brasília,2064.21,0.0,0.0,2064.21,0,False,False
T004626,Azul,Salvador - Manaus,1595.04,0.0,0.0,1595.04,5,False,False
T004627,LATAM,Salvador - São Paulo,911.19,0.0,0.0,911.19,4,False,False
T004628,Azul,Salvador - Rio de Janeiro,1306.62,0.0,0.0,1306.62,0,False,False
T004629,Azul,Salvador - São Paulo,1721.73,0.0,0.0,1721.73,3,False,False
T004631,LATAM,Salvador - Curitiba,3464.34,0.0,0.0,3464.34,1,False,False
T004632,Azul,Salvador - São Paulo,693.62,0.0,179.92,179.92,17,False,True
T004633,latam,Salvador - Brasília,857.21,0.0,0.0,857.21,35,False,False
T004634,LATAM,Salvador - Manaus,1011.65,0.0,0.0,1011.65,5,False,False
T004635,LATAM,Salvador - Recife,1540.58,0.0,0.0,1540.58,0,False,False
T004636,Azul,Salvador - Manaus,1593.93,0.0,0.0,1593.93,11,False,False
T004637,LATAM,Salvador - Rio de Janeiro,689.57,0.0,0.0,689.57,28,False,False
T004638,GOL,Salvador - Brasília,1407.0,0.0,0.0,1407.0,4,False,False
T004639,LATAM,Salvador - Curitiba,1478.1,0.0,0.0,1478.1,16,False,False
T004640,Azul,Salvador - São Paulo,1753.87,0.0,0.0,1753.87,6,False,False
T004641,Gol Linhas Aéreas,Salvador - São Paulo,824.8,0.0,0.0,824.8,16,False,False
T004642,LATAM,Salvador - Rio de Janeiro,883.94,0.0,0.0,883.94,27,False,False
T004643,Azul,Salvador - Rio de Janeiro,1129.87,0.0,0.0,1129.87,13,False,False
T004644,LATAM,Salvador - Recife,406.64,0.0,0.0,406.64,34,False,False
T004645,LATAM,Salvador - Rio de Janeiro,1395.85,0.0,0.0,1395.85,2,False,False
T004646,GOL,Salvador - Rio de Janeiro,777.72,0.0,0.0,777.72,10,False,False
T004647,GOL,Salvador - São Paulo,856.91,0.0,0.0,856.91,29,False,False
T004649,GOL,Salvador - Campinas,633.85,105.0,0.0,738.85,16,True,False
T004650,GOL,Salvador - Curitiba,1474.32,0.0,0.0,1474.32,0,False,False
T004652,LATAM,Salvador - Rio de Janeiro,1361.25,0.0,0.0,1361.25,5,False,False
T004653,LATAM,Salvador - Brasília,1793.25,0.0,0.0,1793.25,27,False,False
T004654,Azul,Salvador - Aracaju,334.24,0.0,0.0,334.24,13,False,False
T004656,LATAM,Salvador - São Paulo,1732.52,0.0,0.0,1732.52,6,False,False
T004657,LATAM,Salvador - São Paulo,1614.94,0.0,0.0,1614.94,0,False,False
T004658,GOL,Salvador - Brasília,945.16,0.0,0.0,945.16,23,False,False
T004660,LATAM,Salvador - Manaus,2350.5,0.0,0.0,2350.5,2,False,False
T004661,LATAM,Salvador - São Paulo,1235.63,0.0,0.0,1235.63,0,False,False
T004662,GOL,Salvador - Curitiba,879.15,0.0,0.0,879.15,6,False,False
T004663,LATAM,Salvador - Aracaju,474.71,0.0,0.0,474.71,11,False,False
T004664,GOL,Salvador - Porto Alegre,2011.13,0.0,0.0,2011.13,7,False,False
T004665,latam,Salvador - Brasília,1208.7,0.0,0.0,1208.7,15,False,False
T004666,Azul,Salvador - Curitiba,1124.2,245.5,0.0,1369.69,0,True,False
T004667,Latam Airlines,Salvador - São Paulo,1167.68,0.0,0.0,1167.68,2,False,False
T004668,LATAM,Salvador - São Paulo,978.0,0.0,0.0,978.0,12,False,False
T004669,LATAM,Salvador - Porto Alegre,1027.49,0.0,0.0,1027.49,13,False,False
T004670,LATAM,Salvador - Belo Horizonte,766.7,0.0,0.0,766.7,0,False,False
T004671,LATAM,Salvador - São Paulo,1150.22,0.0,0.0,1150.22,0,False,False
T004672,LATAM,Salvador - Campinas,945.42,0.0,0.0,945.42,5,False,False
T004673,GOL,Salvador - Vitória da Conquista,412.07,0.0,0.0,412.07,30,False,False
T004674,LATAM,Salvador - São Paulo,752.98,0.0,0.0,752.98,22,False,False
T004675,GOL,Salvador - São Paulo,1561.04,348.33,0.0,1909.38,1,True,False
T004676,GOL,Salvador - Recife,714.82,0.0,0.0,714.82,3,False,False
T004677,LATAM,Salvador - Belo Horizonte,834.29,0.0,189.68,189.68,14,False,True
T004678,GOL,Salvador - Rio de Janeiro,1568.81,0.0,0.0,1568.81,2,False,False
T004679,GOL,Salvador - Brasília,1100.94,0.0,0.0,1100.94,1,False,False
T004680,Azul,Salvador - Brasília,1209.33,0.0,0.0,1209.33,0,False,False
T004681,GOL,Salvador - Recife,640.55,0.0,0.0,640.55,5,False,False
T004682,Azul,Salvador - Campinas,883.32,0.0,0.0,883.32,17,False,False
T004683,Azul,Salvador - Fortaleza,520.7,0.0,0.0,520.7,21,False,False
T004685,GOL,Salvador - Fortaleza,518.45,0.0,0.0,518.45,28,False,False
T004686,GOL,Salvador - Brasília,839.75,0.0,0.0,839.75,6,False,False
T004687,Azul,Salvador - Rio de Janeiro,1203.73,0.0,0.0,1203.73,15,False,False
T004688,GOL,Salvador - Recife,491.52,0.0,0.0,491.52,22,False,False
T004689,GOL,Salvador - Curitiba,1035.12,0.0,0.0,1035.12,6,False,False
T004691,Azul,Salvador - Curitiba,836.03,0.0,0.0,836.03,31,False,False
T004692,GOL,Salvador - Porto Alegre,1435.63,0.0,0.0,1435.63,1,False,False
T004693,Azul,Salvador - São Paulo,1206.24,176.64,0.0,1382.88,2,True,False
T004694,LATAM,Salvador - Recife,426.15,0.0,0.0,426.15,16,False,False
T004695,GOL,Salvador - Rio de Janeiro,687.97,0.0,0.0,687.97,10,False,False
T004696,Azul,Salvador - Belo Horizonte,1866.27,0.0,0.0,1866.27,3,False,False
T004697,GOL,Salvador - Brasília,1272.27,0.0,0.0,1272.27,1,False,False
T004698,LATAM,Salvador - Porto Alegre,1903.03,0.0,0.0,1903.03,1,False,False
T004699,Azul,Salvador - São Paulo,1145.56,0.0,0.0,1145.56,5,False,False
T004700,Azul,Salvador - Porto Alegre,1617.59,0.0,0.0,1617.59,2,False,False
T004701,LATAM,Salvador - Rio de Janeiro,771.97,0.0,0.0,771.97,13,False,False
T004702,LATAM,Salvador - São Paulo,1327.29,0.0,0.0,1327.29,6,False,False
T004703,Azul,Salvador - Curitiba,1290.46,0.0,0.0,1290.46,6,False,False
T004704,Azul,Salvador - Rio de Janeiro,857.61,0.0,0.0,857.61,11,False,False
T004705,GOL,Salvador - Brasília,1259.0,397.62,0.0,1656.61,0,True,False
T004706,GOL,Salvador - Brasília,1431.91,0.0,0.0,1431.91,2,False,False
T004707,GOL,Salvador - Manaus,1601.37,0.0,0.0,1601.37,3,False,False
T004708,LATAM,Salvador - Recife,857.28,0.0,0.0,857.28,3,False,False
T004709,GOL,Salvador - Recife,1207.12,0.0,253.06,253.06,0,False,True
T004710,GOL,Salvador - Brasília,490.29,0.0,0.0,490.29,24,False,False
T004711,GOL,Salvador - Curitiba,779.46,0.0,0.0,779.46,27,False,False
T004712,LATAM,Salvador - Aracaju,579.82,0.0,0.0,579.82,6,False,False
T004713,GOL,Salvador - São Paulo,1084.66,0.0,0.0,1084.66,5,False,False
T004714,Azul,Salvador - Fortaleza,806.98,0.0,0.0,806.98,15,False,False
T004715,GOL,Salvador - Belo Horizonte,911.81,273.58,0.0,1185.4,4,True,False
T004716,GOL,Salvador - Rio de Janeiro,647.68,0.0,0.0,647.68,20,False,False
T004718,GOL,Salvador - Recife,407.56,67.23,0.0,474.78,15,True,False
T004720,Azul,Salvador - Aracaju,406.64,0.0,0.0,406.64,4,False,False
T004721,LATAM,Salvador - São Paulo,1989.35,0.0,0.0,1989.35,0,False,False
T004722,LATAM,Salvador - São Paulo,1185.38,0.0,0.0,1185.38,10,False,False
T004723,LATAM,Salvador - São Paulo,1043.56,0.0,0.0,1043.56,10,False,False
T004724,GOL,Salvador - São Paulo,745.18,0.0,0.0,745.18,22,False,False
T004725,GOL,Salvador - Brasília,816.35,0.0,0.0,816.35,14,False,False
T004726,LATAM,Salvador - São Paulo,1491.54,0.0,0.0,1491.54,1,False,False
T004727,GOL,Salvador - Rio de Janeiro,1220.15,0.0,324.81,324.81,5,False,True
T004728,GOL,Salvador - Vitória da Conquista,566.22,0.0,0.0,566.22,5,False,False
T004729,LATAM,Salvador - Rio de Janeiro,1134.29,0.0,0.0,1134.29,1,False,False
T004730,Azul,Salvador - Brasília,819.4,0.0,0.0,819.4,36,False,False
T004731,LATAM,Salvador - Fortaleza,538.51,0.0,0.0,538.51,31,False,False
T004732,Azul,Salvador - Brasília,1085.26,0.0,0.0,1085.26,8,False,False
T004733,GOL,Salvador - Rio de Janeiro,2318.59,535.49,0.0,2854.08,2,True,False
T004734,GOL,Salvador - Vitória da Conquista,413.09,0.0,0.0,413.09,4,False,False
T004735,Azul,Salvador - São Paulo,689.43,0.0,0.0,689.43,22,False,False
T004736,GOL,Salvador - Campinas,866.55,0.0,0.0,866.55,18,False,False
T004738,LATAM,Salvador - Rio de Janeiro,897.79,0.0,124.53,124.53,9,False,True
T004739,GOL,Salvador - Campinas,1596.05,0.0,0.0,1596.05,2,False,False
T004740,GOL,Salvador - Vitória da Conquista,1015.62,0.0,0.0,1015.62,1,False,False
T004741,Azul Linhas Aéreas,Salvador - Fortaleza,586.86,0.0,0.0,586.86,26,False,False
T004742,Azul,Salvador - Recife,736.32,0.0,0.0,736.32,8,False,False
T004743,GOL,Salvador - Rio de Janeiro,562.25,0.0,0.0,562.25,25,False,False
T004744,LATAM,Salvador - Rio de Janeiro,754.71,0.0,0.0,754.71,14,False,False
T004745,GOL,Salvador - Curitiba,1702.23,0.0,0.0,1702.23,16,False,False
T004746,GOL,Salvador - Ilhéus,327.77,0.0,0.0,327.77,8,False,False
T004747,LATAM,Salvador - São Paulo,1223.54,0.0,0.0,1223.54,6,False,False
T004748,GOL,Salvador - Porto Alegre,1762.9,0.0,0.0,1762.9,4,False,False
T004749,LATAM,Salvador - Campinas,874.5,166.04,0.0,1040.54,12,True,False
T004750,GOL,Salvador - São Paulo,733.79,0.0,0.0,733.79,15,False,False
T004751,LATAM,Salvador - Fortaleza,1028.33,0.0,0.0,1028.33,3,False,False
T004752,LATAM,Salvador - Rio de Janeiro,872.59,0.0,0.0,872.59,6,False,False
T004753,Azul,Salvador - Vitória da Conquista,491.59,0.0,0.0,491.59,12,False,False
T004755,GOL,Salvador - Brasília,719.91,0.0,0.0,719.91,30,False,False
T004756,AZUL,Salvador - Recife,886.75,0.0,0.0,886.75,0,False,False
T004757,LATAM,Salvador - Belo Horizonte,1078.75,257.92,0.0,1336.68,0,True,False
T004759,LATAM,Salvador - São Paulo,1421.18,0.0,0.0,1421.18,0,False,False
T004760,GOL,Salvador - São Paulo,1482.25,0.0,0.0,1482.25,1,False,False
T004761,LATAM,Salvador - Recife,351.36,0.0,0.0,351.36,28,False,False
T004762,LATAM,Salvador - São Paulo,1238.25,0.0,0.0,1238.25,3,False,False
T004763,LATAM,Salvador - Rio de Janeiro,712.59,0.0,0.0,712.59,16,False,False
T004764,LATAM,Salvador - Rio de Janeiro,2184.47,0.0,0.0,2184.47,3,False,False
T004765,LATAM,Salvador - Campinas,1876.61,0.0,0.0,1876.61,4,False,False
T004766,Azul,Salvador - Porto Alegre,1983.34,0.0,0.0,1983.34,3,False,False
T004768,LATAM,Salvador - São Paulo,977.46,121.31,0.0,1098.77,4,True,False
T004769,GOL,Salvador - São Paulo,1755.94,410.48,0.0,2166.42,0,True,False
T004770,LATAM,Salvador - Fortaleza,853.4,0.0,0.0,853.4,2,False,False
T004771,GOL,Salvador - São Paulo,797.16,0.0,0.0,797.16,19,False,False
T004772,GOL,Salvador - São Paulo,1763.47,0.0,0.0,1763.47,1,False,False
T004773,GOL,Salvador - Fortaleza,919.93,0.0,0.0,919.93,12,False,False
T004774,GOL,Salvador - Brasília,786.28,0.0,0.0,786.28,25,False,False
T004775,Azul,Salvador - Porto Alegre,2727.63,456.66,0.0,3184.28,0,True,False
T004776,Azul,Salvador - Vitória da Conquista,693.97,0.0,0.0,693.97,6,False,False
T004777,GOL,Salvador - Fortaleza,1098.29,0.0,0.0,1098.29,3,False,False
T004778,LATAM,Salvador - Brasília,1634.52,0.0,0.0,1634.52,0,False,False
T004780,GOL,Salvador - Brasília,864.32,0.0,0.0,864.32,4,False,False
T004781,LATAM,Salvador - Belo Horizonte,526.72,0.0,0.0,526.72,23,False,False
T004782,GOL,Salvador - Rio de Janeiro,607.48,0.0,0.0,607.48,15,False,False
T004783,LATAM,Salvador - Brasília,953.79,0.0,0.0,953.79,12,False,False
T004784,GOL,Salvador - São Paulo,1626.84,0.0,0.0,1626.84,1,False,False
T004785,Azul,Salvador - Vitória da Conquista,363.41,0.0,0.0,363.41,36,False,False
T004786,Azul,Salvador - Porto Alegre,2166.76,0.0,0.0,2166.76,2,False,False
T004787,LATAM,Salvador - Rio de Janeiro,1445.03,0.0,0.0,1445.03,1,False,False
T004788,LATAM,Salvador - Fortaleza,1065.34,0.0,0.0,1065.34,1,False,False
T004789,GOL,Salvador - São Paulo,1436.72,0.0,0.0,1436.72,0,False,False
T004790,Azul,Salvador - Aracaju,343.9,0.0,0.0,343.9,24,False,False
T004791,GOL,Salvador - Brasília,1408.49,0.0,0.0,1408.49,12,False,False
T004792,Azul,Salvador - Brasília,1146.81,0.0,0.0,1146.81,1,False,False
T004793,LATAM,Salvador - Porto Alegre,1948.52,0.0,0.0,1948.52,0,False,False
T004794,Azul,Salvador - São Paulo,1742.13,0.0,0.0,1742.13,0,False,False
T004795,LATAM,Salvador - Recife,847.27,0.0,0.0,847.27,2,False,False
T004796,GOL,Salvador - Curitiba,1210.7,0.0,0.0,1210.7,6,False,False
T004798,LATAM,Salvador - Rio de Janeiro,1265.08,0.0,0.0,1265.08,0,False,False
T004801,,Salvador - Rio de Janeiro,1062.7,0.0,0.0,1062.7,5,False,False
T004803,Azul,Salvador - Rio de Janeiro,1242.37,0.0,0.0,1242.37,6,False,False
T004804,GOL,Salvador - Belo Horizonte,738.32,0.0,0.0,738.32,19,False,False
T004807,GOL,Salvador - Belo Horizonte,796.59,0.0,0.0,796.59,18,False,False
T004808,Azul,Salvador - Brasília,1194.72,0.0,0.0,1194.72,6,False,False
T004809,gol,Salvador - São Paulo,819.65,0.0,0.0,819.65,21,False,False
T004810,GOL,Salvador - São Paulo,1124.32,0.0,0.0,1124.32,14,False,False
T004812,Azul,Salvador - Belo Horizonte,1268.99,0.0,0.0,1268.99,2,False,False
T004813,GOL,Salvador - Rio de Janeiro,784.77,0.0,0.0,784.77,6,False,False
T004814,GOL,Salvador - Manaus,1588.95,0.0,0.0,1588.95,0,False,False
T004815,LATAM,Salvador - Rio de Janeiro,1848.98,0.0,0.0,1848.98,3,False,False
T004816,GOL,Salvador - Rio de Janeiro,808.76,0.0,0.0,808.76,9,False,False
T004817,GOL,Salvador - Rio de Janeiro,645.57,0.0,0.0,645.57,22,False,False
T004818,LATAM,Salvador - Curitiba,878.73,0.0,113.82,113.82,26,False,True
T004819,GOL,Salvador - Vitória da Conquista,757.67,0.0,0.0,757.67,2,False,False
T004820,LATAM,Salvador - São Paulo,819.9,0.0,0.0,819.9,28,False,False
T004821,GOL,Salvador - Manaus,1457.44,0.0,0.0,1457.44,11,False,False
T004822,LATAM,Salvador - São Paulo,989.54,0.0,0.0,989.54,6,False,False
T004823,LATAM,Salvador - Belo Horizonte,896.94,0.0,0.0,896.94,12,False,False
T004824,LATAM,Salvador - Vitória da Conquista,471.02,0.0,0.0,471.02,8,False,False
T004825,Azul,Salvador - Belo Horizonte,1131.19,0.0,190.84,190.84,3,False,True
T004826,LATAM,Salvador - Rio de Janeiro,612.75,0.0,0.0,612.75,26,False,False
T004827,LATAM,Salvador - Porto Alegre,1536.35,466.54,0.0,2002.89,12,True,False
T004828,LATAM,Salvador - Campinas,1195.16,0.0,0.0,1195.16,29,False,False
T004829,LATAM,Salvador - Rio de Janeiro,1043.71,0.0,0.0,1043.71,14,False,False
T004830,LATAM,Salvador - Fortaleza,1253.46,0.0,0.0,1253.46,0,False,False
T004831,LATAM,Salvador - São Paulo,940.84,0.0,0.0,940.84,5,False,False
T004832,LATAM,Salvador - Brasília,962.66,0.0,0.0,962.66,6,False,False
T004833,LATAM,Salvador - Manaus,1183.55,0.0,0.0,1183.55,16,False,False
T004834,LATAM,Salvador - Rio de Janeiro,828.59,0.0,0.0,828.59,32,False,False
T004835,Azul,Salvador - Rio de Janeiro,1389.2,0.0,0.0,1389.2,1,False,False
T004837,Azul Linhas Aéreas,Salvador - Rio de Janeiro,1102.97,0.0,0.0,1102.97,3,False,False
T004838,Azul,Salvador - Fortaleza,1228.3,0.0,0.0,1228.3,0,False,False
T004839,GOL,Salvador - Recife,407.21,0.0,0.0,407.21,18,False,False
T004840,gol,Salvador - Curitiba,1398.87,0.0,0.0,1398.87,14,False,False
T004841,LATAM,Salvador - São Paulo,862.7,0.0,0.0,862.7,26,False,False
T004843,GOL,Salvador - Porto Alegre,1797.08,0.0,0.0,1797.08,3,False,False
T004844,GOL,Salvador - Rio de Janeiro,934.23,0.0,0.0,934.23,4,False,False
T004845,Azul,Salvador - Recife,961.4,0.0,0.0,961.4,5,False,False
T004847,GOL,Salvador - Belo Horizonte,755.84,0.0,0.0,755.84,6,False,False
T004848,GOL,Salvador - Belo Horizonte,806.27,0.0,129.24,129.24,28,False,True
T004849,LATAM,Salvador - Brasília,1416.52,0.0,0.0,1416.52,5,False,False
T004851,Azul,Salvador - Curitiba,2122.93,0.0,415.68,415.68,0,False,True
T004852,GOL,Salvador - Brasília,1198.87,0.0,0.0,1198.87,0,False,False
T004853,GOL,Salvador - Recife,924.72,0.0,0.0,924.72,6,False,False
T004854,LATAM,Salvador - São Paulo,921.49,0.0,0.0,921.49,30,False,False
T004855,Azul,Salvador - São Paulo,999.37,0.0,0.0,999.37,9,False,False
T004856,GOL,Salvador - São Paulo,1311.92,0.0,0.0,1311.92,1,False,False
T004857,Azul,Salvador - São Paulo,917.91,0.0,0.0,917.91,6,False,False
T004859,LATAM,Salvador - Brasília,1342.31,0.0,0.0,1342.31,3,False,False
T004860,Azul,Salvador - Brasília,2081.17,0.0,0.0,2081.17,0,False,False
T004862,LATAM,Salvador - São Paulo,1141.99,0.0,0.0,1141.99,1,False,False
T004863,Azul,Salvador - Brasília,1850.63,0.0,0.0,1850.63,2,False,False
T004864,LATAM,Salvador - Vitória da Conquista,673.09,0.0,0.0,673.09,5,False,False
T004865,latam,Salvador - Porto Alegre,869.12,0.0,0.0,869.12,14,False,False
T004866,GOL,Salvador - Fortaleza,644.9,0.0,0.0,644.9,16,False,False
T004867,GOL,Salvador - Recife,466.28,0.0,0.0,466.28,11,False,False
T004868,LATAM,Salvador - Porto Alegre,1286.7,0.0,0.0,1286.7,0,False,False
T004869,Azul,Salvador - Rio de Janeiro,924.67,0.0,0.0,924.67,8,False,False
T004870,GOL,Salvador - São Paulo,1136.26,303.25,0.0,1439.51,2,True,False
T004872,Latam Airlines,Salvador - Rio de Janeiro,1150.91,262.16,0.0,1413.07,13,True,False
T004873,Azul,Salvador - Campinas,1428.79,0.0,0.0,1428.79,5,False,False
T004874,LATAM,Salvador - Recife,687.76,0.0,0.0,687.76,10,False,False
T004875,LATAM,Salvador - Porto Alegre,2511.12,0.0,0.0,2511.12,3,False,False
T004876,GOL,Salvador - São Paulo,1247.45,165.76,0.0,1413.21,1,True,False
T004877,GOL,Salvador - Belo Horizonte,578.95,0.0,0.0,578.95,34,False,False
T004878,LATAM,Salvador - Curitiba,1099.86,0.0,0.0,1099.86,3,False,False
T004879,Gol Linhas Aéreas,Salvador - Campinas,834.26,0.0,0.0,834.26,10,False,False
T004880,LATAM,Salvador - Belo Horizonte,804.02,0.0,0.0,804.02,18,False,False
T004881,GOL,Salvador - Recife,689.94,0.0,0.0,689.94,12,False,False
T004882,GOL,Salvador - Recife,925.17,0.0,0.0,925.17,1,False,False
T004884,GOL,Salvador - São Paulo,742.72,0.0,0.0,742.72,14,False,False
T004885,LATAM,Salvador - Belo Horizonte,702.91,0.0,98.95,98.95,17,False,True
T004886,Azul,Salvador - Brasília,2231.16,0.0,0.0,2231.16,3,False,False
T004887,GOL,Salvador - São Paulo,3354.84,0.0,0.0,3354.84,2,False,False
T004888,LATAM,Salvador - São Paulo,825.9,0.0,0.0,825.9,41,False,False
T004889,GOL,Salvador - Rio de Janeiro,1197.41,280.94,0.0,1478.35,1,True,False
T004890,LATAM,Salvador - Porto Alegre,1295.1,380.12,0.0,1675.23,12,True,False
T004891,Azul,Salvador - Porto Alegre,1521.78,0.0,0.0,1521.78,24,False,False
T004892,GOL,Salvador - São Paulo,1373.53,0.0,0.0,1373.53,5,False,False
T004893,GOL,Salvador - Brasília,776.31,0.0,0.0,776.31,4,False,False
T004895,LATAM,Salvador - São Paulo,1199.23,258.32,0.0,1457.54,2,True,False
T004896,LATAM,Salvador - Campinas,1766.22,0.0,0.0,1766.22,3,False,False
T004897,Azul,Salvador - Belo Horizonte,862.41,0.0,0.0,862.41,22,False,False
T004898,Azul,Salvador - Vitória da Conquista,467.83,0.0,0.0,467.83,18,False,False
T004899,LATAM,Salvador - Rio de Janeiro,505.68,0.0,0.0,505.68,31,False,False
T004900,GOL,Salvador - Brasília,1292.83,0.0,0.0,1292.83,10,False,False
T004901,GOL,Salvador - São Paulo,2496.88,0.0,0.0,2496.88,4,False,False
T004902,GOL,Salvador - Belo Horizonte,667.29,0.0,0.0,667.29,44,False,False
T004903,LATAM,Salvador - Brasília,922.16,0.0,0.0,922.16,6,False,False
T004904,GOL,Salvador - Brasília,741.58,0.0,0.0,741.58,25,False,False
T004905,GOL,Salvador - Fortaleza,559.88,0.0,0.0,559.88,11,False,False
T004906,Azul,Salvador - Brasília,1321.72,171.8,0.0,1493.52,1,True,False
T004907,LATAM,Salvador - Campinas,1025.92,0.0,0.0,1025.92,12,False,False
T004908,GOL,Salvador - Recife,617.37,0.0,0.0,617.37,19,False,False
T004909,Azul,Salvador - São Paulo,761.09,109.87,0.0,870.96,11,True,False
T004910,LATAM,Salvador - São Paulo,1028.0,0.0,0.0,1028.0,27,False,False
T004911,LATAM,Salvador - Curitiba,1855.89,0.0,0.0,1855.89,3,False,False
T004913,LATAM,Salvador - São Paulo,973.94,0.0,0.0,973.94,5,False,False
T004914,GOL,Salvador - Curitiba,1099.27,0.0,0.0,1099.27,5,False,False
T004915,GOL,Salvador - Rio de Janeiro,654.11,0.0,0.0,654.11,26,False,False
T004916,GOL,Salvador - Brasília,908.34,0.0,0.0,908.34,17,False,False
T004917,Azul,Salvador - Recife,505.28,0.0,0.0,505.28,22,False,False
T004918,GOL,Salvador - Fortaleza,768.6,0.0,0.0,768.6,12,False,False
T004919,LATAM,Salvador - Brasília,1581.01,0.0,0.0,1581.01,5,False,False
T004920,GOL,Salvador - São Paulo,865.09,0.0,0.0,865.09,14,False,False
T004921,LATAM,Salvador - Ilhéus,835.34,0.0,0.0,835.34,5,False,False
T004922,GOL,Salvador - Belo Horizonte,1742.74,0.0,0.0,1742.74,0,False,False
T004923,AZUL,Salvador - Curitiba,953.57,0.0,0.0,953.57,23,False,False
T004924,Azul,Salvador - Ilhéus,395.26,54.05,0.0,449.31,19,True,False
T004925,GOL,Salvador - Brasília,1181.37,0.0,0.0,1181.37,6,False,False
T004926,Azul,Salvador - Rio de Janeiro,918.85,0.0,0.0,918.85,15,False,False
T004927,LATAM,Salvador - Curitiba,1063.51,0.0,0.0,1063.51,14,False,False
T004929,LATAM,Salvador - Recife,958.02,243.71,0.0,1201.72,13,True,False
T004930,LATAM,Salvador - Rio de Janeiro,796.51,188.37,0.0,984.88,9,True,False
T004931,GOL,Salvador - São Paulo,1609.97,0.0,0.0,1609.97,0,False,False
T004932,LATAM,Salvador - Porto Alegre,1121.88,0.0,0.0,1121.88,17,False,False
T004933,Azul,Salvador - Brasília,1062.42,275.89,0.0,1338.31,9,True,False
T004934,LATAM,Salvador - Curitiba,744.72,0.0,0.0,744.72,37,False,False
T004936,Azul,Salvador - Fortaleza,654.84,0.0,0.0,654.84,9,False,False
T004937,Azul,Salvador - Belo Horizonte,995.58,0.0,0.0,995.58,13,False,False
T004939,Azul,Salvador - Fortaleza,1244.87,0.0,0.0,1244.87,0,False,False
T004940,Azul,Salvador - São Paulo,1402.15,0.0,0.0,1402.15,1,False,False
T004941,LATAM,Salvador - São Paulo,906.18,0.0,0.0,906.18,11,False,False
T004942,Azul,Salvador - Recife,1048.74,0.0,0.0,1048.74,3,False,False
T004944,GOL,Salvador - Rio de Janeiro,564.26,0.0,0.0,564.26,42,False,False
T004945,GOL,Salvador - São Paulo,1345.8,0.0,0.0,1345.8,2,False,False
T004946,GOL,Salvador - Rio de Janeiro,671.92,0.0,0.0,671.92,29,False,False
T004947,LATAM,Salvador - Porto Alegre,1065.4,146.66,0.0,1212.06,16,True,False
T004948,LATAM,Salvador - Rio de Janeiro,594.99,0.0,0.0,594.99,28,False,False
T004949,Azul,Salvador - Vitória da Conquista,613.99,111.23,0.0,725.23,7,True,False
T004950,GOL,Salvador - Fortaleza,936.76,0.0,0.0,936.76,2,False,False
T004951,GOL,Salvador - Fortaleza,1043.31,0.0,0.0,1043.31,3,False,False
T004952,GOL,Salvador - Curitiba,867.64,0.0,0.0,867.64,24,False,False
T004954,Azul,Salvador - Vitória da Conquista,398.64,0.0,0.0,398.64,13,False,False
T004955,LATAM,Salvador - Curitiba,1343.11,0.0,0.0,1343.11,19,False,False
T004956,LATAM,Salvador - São Paulo,1364.89,0.0,0.0,1364.89,1,False,False
T004957,LATAM,Salvador - São Paulo,1247.59,0.0,0.0,1247.59,26,False,False
T004958,LATAM,Salvador - Aracaju,499.02,0.0,0.0,499.02,7,False,False
T004959,LATAM,Salvador - Brasília,1204.36,0.0,0.0,1204.36,8,False,False
T004960,GOL,Salvador - Curitiba,1172.04,0.0,0.0,1172.04,1,False,False
T004963,LATAM,Salvador - Brasília,1756.48,0.0,0.0,1756.48,0,False,False
T004964,GOL,Salvador - Aracaju,499.88,0.0,0.0,499.88,1,False,False
T004965,LATAM,Salvador - Brasília,2067.21,0.0,0.0,2067.21,6,False,False
T004966,Azul,Salvador - São Paulo,802.85,0.0,0.0,802.85,38,False,False
T004967,LATAM,Salvador - São Paulo,1038.46,0.0,0.0,1038.46,5,False,False
T004968,GOL,Salvador - Rio de Janeiro,1394.56,0.0,0.0,1394.56,2,False,False
T004969,LATAM,Salvador - Curitiba,1273.13,0.0,0.0,1273.13,23,False,False
T004970,Azul,Salvador - São Paulo,689.12,0.0,0.0,689.12,30,False,False
T004971,Azul,Salvador - Porto Alegre,1326.66,0.0,0.0,1326.66,21,False,False
T004973,GOL,Salvador - Brasília,814.32,0.0,0.0,814.32,4,False,False
T004974,LATAM,Salvador - Rio de Janeiro,1019.11,0.0,0.0,1019.11,35,False,False
T004975,LATAM,Salvador - São Paulo,1371.64,0.0,0.0,1371.64,6,False,False
T004976,Azul,Salvador - Recife,1106.22,312.99,0.0,1419.21,4,True,False
T004977,GOL,Salvador - Curitiba,888.45,0.0,143.38,143.38,33,False,True
T004978,LATAM,Salvador - São Paulo,1744.18,0.0,0.0,1744.18,0,False,False
T004979,Azul,Salvador - Curitiba,809.39,0.0,0.0,809.39,29,False,False
T004980,GOL,Salvador - Fortaleza,704.91,0.0,0.0,704.91,11,False,False
T004981,GOL,Salvador - São Paulo,714.33,0.0,151.72,151.72,18,False,True
T004982,GOL,Salvador - Curitiba,1612.98,0.0,0.0,1612.98,1,False,False
T004984,GOL,Salvador - Recife,344.77,0.0,0.0,344.77,21,False,False
T004985,GOL,Salvador - São Paulo,1044.63,0.0,0.0,1044.63,19,False,False
T004986,LATAM,Salvador - Rio de Janeiro,790.14,0.0,0.0,790.14,15,False,False
T004987,LATAM,Salvador - Porto Alegre,1175.15,0.0,0.0,1175.15,5,False,False
T004988,Azul,Salvador - Fortaleza,575.88,0.0,0.0,575.88,19,False,False
T004989,GOL,Salvador - Aracaju,773.45,0.0,0.0,773.45,1,False,False
T004990,LATAM,Salvador - Rio de Janeiro,1119.92,0.0,0.0,1119.92,0,False,False
T004991,GOL,Salvador - Aracaju,617.66,169.97,0.0,787.63,6,True,False
T004993,LATAM,Salvador - Recife,467.25,0.0,0.0,467.25,37,False,False
T004994,LATAM,Salvador - Belo Horizonte,628.89,0.0,0.0,628.89,29,False,False
T004995,GOL,Salvador - São Paulo,568.63,0.0,0.0,568.63,19,False,False
T004996,GOL,Salvador - Porto Alegre,1983.89,0.0,0.0,1983.89,3,False,False
T004997,GOL,Salvador - Aracaju,774.42,0.0,0.0,774.42,2,False,False
T004998,gol,Salvador - Recife,457.9,0.0,0.0,457.9,8,False,False
T004999,Azul,Salvador - Brasília,1327.41,0.0,0.0,1327.41,6,False,False
T005000,LATAM,Salvador - São Paulo,1424.89,0.0,0.0,1424.89,4,False,False
