despesa_id,viagem_id,categoria,valor,data_despesa,reembolsavel
E0000001,T000001,Alimentação,303.87,2025-09-22,True
E0000002,T000001,Transporte terrestre,380.06,2025-09-22,True
E0000003,T000001,Ajuste de reembolso,8.01,2025-10-05,False
E0000004,T000002,Alimentação,216.46,2025-01-21,True
E0000005,T000002,Transporte terrestre,131.7,2025-01-21,True
E0000006,T000002,Ajuste de reembolso,-10.37,2025-01-24,False
E0000007,T000003,Alimentação,362.39,2025-03-11,True
E0000008,T000003,Transporte terrestre,210.17,2025-03-11,True
E0000009,T000003,Taxa,244.14,2025-03-11,True
E0000010,T000003,Ajuste de reembolso,4.84,2025-03-23,False
E0000011,T000004,Alimentação,225.25,2025-12-20,True
E0000012,T000004,Transporte terrestre,138.59,2025-12-20,True
E0000013,T000004,Ajuste de reembolso,-15.63,2026-01-04,False
E0000014,T000005,Alimentação,285.73,2024-04-28,True
E0000015,T000005,Transporte terrestre,177.26,2024-04-28,True
E0000016,T000005,Ajuste de reembolso,37.48,2024-05-06,False
E0000017,T000006,Alimentação,432.16,2024-08-12,True
E0000018,T000006,Transporte terrestre,283.84,2024-08-12,True
E0000019,T000006,Ajuste de reembolso,23.43,2024-08-24,False
E0000020,T000007,Alimentação,334.72,2025-06-12,True
E0000021,T000007,Transporte terrestre,251.77,2025-06-12,True
E0000022,T000007,Ajuste de reembolso,30.32,2025-06-23,False
E0000023,T000008,Alimentação,339.84,2024-03-25,True
E0000024,T000008,Transporte terrestre,190.48,2024-03-25,True
E0000025,T000008,Ajuste de reembolso,10.36,2024-04-02,False
E0000026,T000009,Alimentação,270.68,2025-08-25,True
E0000027,T000009,Transporte terrestre,299.4,2025-08-25,True
E0000028,T000009,Ajuste de reembolso,40.82,2025-09-01,False
E0000029,T000010,Alimentação,291.51,2024-11-25,True
E0000030,T000010,Transporte terrestre,124.16,2024-11-25,True
E0000031,T000010,Ajuste de reembolso,23.33,2024-12-07,False
E0000032,T000011,Alimentação,221.53,2025-08-01,True
E0000033,T000011,Transporte terrestre,151.99,2025-08-01,True
E0000034,T000011,Ajuste de reembolso,-6.63,2025-08-12,False
E0000035,T000012,Alimentação,428.41,2025-05-16,True
E0000036,T000012,Transporte terrestre,181.14,2025-05-16,True
E0000037,T000012,Ajuste de reembolso,33.53,2025-05-29,False
E0000038,T000013,Alimentação,178.8,2024-11-13,True
E0000039,T000013,Transporte terrestre,133.84,2024-11-13,True
E0000040,T000013,Ajuste de reembolso,21.62,2024-11-17,False
E0000041,T000014,Alimentação,313.58,2024-12-23,True
E0000042,T000014,Transporte terrestre,157.67,2024-12-23,True
E0000043,T000014,Ajuste de reembolso,-19.23,2025-01-14,False
E0000044,T000015,Alimentação,109.35,2025-01-20,True
E0000045,T000015,Transporte terrestre,69.18,2025-01-20,True
E0000046,T000015,Ajuste de reembolso,31.97,2025-02-03,False
E0000047,T000016,Alimentação,52.24,2024-10-12,True
E0000048,T000016,Transporte terrestre,61.52,2024-10-12,True
E0000049,T000016,Ajuste de reembolso,8.03,2024-10-18,False
E0000050,T000017,Alimentação,484.53,2025-08-26,True
E0000051,T000017,Transporte terrestre,216.92,2025-08-26,True
E0000052,T000017,Ajuste de reembolso,12.29,2025-09-03,False
E0000053,T000018,Alimentação,189.33,2024-11-29,True
E0000054,T000018,Transporte terrestre,105.95,2024-11-29,True
E0000055,T000018,Ajuste de reembolso,26.86,2024-12-10,False
E0000056,T000019,Alimentação,201.04,2025-10-12,True
E0000057,T000019,Transporte terrestre,206.88,2025-10-12,True
E0000058,T000019,Ajuste de reembolso,-9.23,2025-10-20,False
E0000059,T000020,Alimentação,202.8,2025-10-05,True
E0000060,T000020,Transporte terrestre,205.19,2025-10-05,True
E0000061,T000020,Taxa,219.75,2025-10-05,True
E0000062,T000020,Ajuste de reembolso,10.98,2025-10-12,False
E0000063,T000021,Alimentação,154.55,2024-03-27,True
E0000064,T000021,Transporte terrestre,193.96,2024-03-27,True
E0000065,T000021,Ajuste de reembolso,-20.71,2024-04-14,False
E0000066,T000022,Alimentação,888.35,2024-09-02,True
E0000067,T000022,Transporte terrestre,792.01,2024-09-02,True
E0000068,T000022,Ajuste de reembolso,6.59,2024-09-23,False
E0000069,T000023,Alimentação,176.69,2025-04-23,True
E0000070,T000023,Transporte terrestre,136.29,2025-04-23,True
E0000071,T000023,Ajuste de reembolso,40.77,2025-05-05,False
E0000072,T000024,Alimentação,228.93,2024-11-22,True
E0000073,T000024,Transporte terrestre,163.48,2024-11-22,True
E0000074,T000024,Ajuste de reembolso,-13.67,2024-12-01,False
E0000075,T000025,Alimentação,292.72,2025-02-14,True
E0000076,T000025,Transporte terrestre,201.49,2025-02-14,True
E0000077,T000025,Ajuste de reembolso,20.41,2025-02-23,False
E0000078,T000026,Alimentação,145.69,2025-03-02,True
E0000079,T000026,Transporte terrestre,41.5,2025-03-02,True
E0000080,T000026,Taxa,200.17,2025-03-02,True
E0000081,T000026,Ajuste de reembolso,22.88,2025-03-04,False
E0000082,T000027,Alimentação,864.48,2025-03-21,True
E0000083,T000027,Transporte terrestre,324.23,2025-03-21,True
E0000084,T000027,Ajuste de reembolso,38.94,2025-04-04,False
E0000085,T000028,Alimentação,107.65,2024-01-12,True
E0000086,T000028,Transporte terrestre,84.27,2024-01-12,True
E0000087,T000028,Ajuste de reembolso,24.7,2024-01-26,False
E0000088,T000029,Alimentação,416.42,2024-07-29,True
E0000089,T000029,Transporte terrestre,222.43,2024-07-29,True
E0000090,T000029,Ajuste de reembolso,-7.86,2024-08-06,False
E0000091,T000030,Alimentação,181.87,2025-03-18,True
E0000092,T000030,Transporte terrestre,300.42,2025-03-18,True
E0000093,T000030,Ajuste de reembolso,-6.31,2025-03-29,False
E0000094,T000031,Alimentação,172.87,2025-08-07,True
E0000095,T000031,Transporte terrestre,98.91,2025-08-07,True
E0000096,T000031,Ajuste de reembolso,20.39,2025-08-24,False
E0000097,T000032,Alimentação,405.63,2025-04-06,True
E0000098,T000032,Transporte terrestre,195.38,2025-04-06,True
E0000099,T000032,Ajuste de reembolso,-1.38,2025-04-14,False
E0000100,T000033,Alimentação,395.97,2025-04-23,True
E0000101,T000033,Transporte terrestre,424.2,2025-04-23,True
E0000102,T000033,Ajuste de reembolso,22.32,2025-05-03,False
E0000103,T000034,Alimentação,218.41,2025-11-09,True
E0000104,T000034,Transporte terrestre,172.01,2025-11-09,True
E0000105,T000034,Taxa,203.78,2025-11-09,True
E0000106,T000034,Ajuste de reembolso,38.08,2025-11-19,False
E0000107,T000035,Alimentação,211.65,2025-07-15,True
E0000108,T000035,Transporte terrestre,142.18,2025-07-15,True
E0000109,T000035,Ajuste de reembolso,-21.02,2025-07-25,False
E0000110,T000036,Alimentação,198.17,2025-11-26,True
E0000111,T000036,Transporte terrestre,209.58,2025-11-26,True
E0000112,T000036,Ajuste de reembolso,10.51,2025-12-05,False
E0000113,T000037,Alimentação,450.0,2024-05-13,True
E0000114,T000037,Transporte terrestre,214.5,2024-05-13,True
E0000115,T000037,Ajuste de reembolso,4.17,2024-05-28,False
E0000116,T000039,Alimentação,260.55,2025-04-27,True
E0000117,T000039,Transporte terrestre,196.98,2025-04-27,True
E0000118,T000039,Ajuste de reembolso,43.0,2025-05-08,False
E0000119,T000040,Alimentação,122.36,2024-02-05,True
E0000120,T000040,Transporte terrestre,129.36,2024-02-05,True
E0000121,T000040,Ajuste de reembolso,8.84,2024-02-11,False
E0000122,T000041,Alimentação,764.4,2025-04-04,True
E0000123,T000041,Transporte terrestre,602.56,2025-04-04,True
E0000124,T000041,Ajuste de reembolso,-20.67,2025-04-20,False
E0000125,T000042,Alimentação,326.3,2025-11-06,True
E0000126,T000042,Transporte terrestre,421.28,2025-11-06,True
E0000127,T000042,Ajuste de reembolso,-8.01,2025-11-20,False
E0000128,T000043,Alimentação,70.64,2025-10-06,True
E0000129,T000043,Transporte terrestre,42.53,2025-10-06,True
E0000130,T000043,Ajuste de reembolso,-0.06,2025-10-10,False
E0000131,T000044,Alimentação,313.13,2025-05-09,True
E0000132,T000044,Transporte terrestre,168.79,2025-05-09,True
E0000133,T000044,Ajuste de reembolso,35.64,2025-05-22,False
E0000134,T000045,Alimentação,324.75,2025-05-20,True
E0000135,T000045,Transporte terrestre,306.43,2025-05-20,True
E0000136,T000045,Ajuste de reembolso,-7.38,2025-05-31,False
E0000137,T000046,Alimentação,201.54,2024-04-17,True
E0000138,T000046,Transporte terrestre,136.73,2024-04-17,True
E0000139,T000046,Ajuste de reembolso,43.92,2024-04-28,False
E0000140,T000047,Alimentação,160.67,2024-09-02,True
E0000141,T000047,Transporte terrestre,84.82,2024-09-02,True
E0000142,T000047,Ajuste de reembolso,40.63,2024-09-13,False
E0000143,T000048,Alimentação,146.97,2024-11-17,True
E0000144,T000048,Transporte terrestre,142.5,2024-11-17,True
E0000145,T000048,Ajuste de reembolso,5.95,2024-11-28,False
E0000146,T000049,Alimentação,629.05,2025-05-30,True
E0000147,T000049,Transporte terrestre,312.65,2025-05-30,True
E0000148,T000049,Ajuste de reembolso,9.76,2025-06-06,False
E0000149,T000050,Alimentação,382.73,2025-11-23,True
E0000150,T000050,Transporte terrestre,269.48,2025-11-23,True
E0000151,T000050,Ajuste de reembolso,-21.59,2025-12-07,False
E0000152,T000051,Alimentação,273.42,2025-06-02,True
E0000153,T000051,Transporte terrestre,370.19,2025-06-02,True
E0000154,T000051,Ajuste de reembolso,39.81,2025-06-11,False
E0000155,T000052,Alimentação,802.64,2025-01-04,True
E0000156,T000052,Transporte terrestre,399.12,2025-01-04,True
E0000157,T000052,Ajuste de reembolso,25.57,2025-01-15,False
E0000158,T000053,Alimentação,279.17,2024-12-14,True
E0000159,T000053,Transporte terrestre,148.15,2024-12-14,True
E0000160,T000053,Ajuste de reembolso,20.92,2024-12-29,False
E0000161,T000054,Alimentação,300.16,2025-03-27,True
E0000162,T000054,Transporte terrestre,122.02,2025-03-27,True
E0000163,T000054,Ajuste de reembolso,-20.67,2025-04-05,False
E0000164,T000055,Alimentação,367.15,2025-02-02,True
E0000165,T000055,Transporte terrestre,139.44,2025-02-02,True
E0000166,T000055,Ajuste de reembolso,-20.99,2025-02-11,False
E0000167,T000056,Alimentação,318.52,2025-05-17,True
E0000168,T000056,Transporte terrestre,229.29,2025-05-17,True
E0000169,T000056,Ajuste de reembolso,-0.64,2025-06-03,False
E0000170,T000057,Alimentação,142.98,2024-02-06,True
E0000171,T000057,Transporte terrestre,81.07,2024-02-06,True
E0000172,T000057,Ajuste de reembolso,28.09,2024-02-21,False
E0000173,T000058,Alimentação,501.33,2025-09-05,True
E0000174,T000058,Transporte terrestre,240.71,2025-09-05,True
E0000175,T000058,Ajuste de reembolso,43.25,2025-09-13,False
E0000176,T000059,Alimentação,232.49,2024-11-11,True
E0000177,T000059,Transporte terrestre,198.13,2024-11-11,True
E0000178,T000059,Ajuste de reembolso,-6.68,2024-11-17,False
E0000179,T000060,Alimentação,67.51,2025-12-19,True
E0000180,T000060,Transporte terrestre,83.58,2025-12-19,True
E0000181,T000060,Ajuste de reembolso,28.06,2026-01-03,False
E0000182,T000061,Alimentação,335.19,2025-11-05,True
E0000183,T000061,Transporte terrestre,100.55,2025-11-05,True
E0000184,T000061,Estacionamento,85.62,2025-11-05,True
E0000185,T000061,Ajuste de reembolso,-23.59,2025-11-16,False
E0000186,T000062,Alimentação,499.66,2025-11-07,True
E0000187,T000062,Transporte terrestre,200.74,2025-11-07,True
E0000188,T000062,Ajuste de reembolso,18.71,2025-11-14,False
E0000189,T000063,Alimentação,144.44,2024-11-30,True
E0000190,T000063,Transporte terrestre,165.73,2024-11-30,True
E0000191,T000063,Ajuste de reembolso,2.37,2024-12-15,False
E0000192,T000064,Alimentação,250.06,2024-11-08,True
E0000193,T000064,Transporte terrestre,165.25,2024-11-08,True
E0000194,T000064,Ajuste de reembolso,4.3,2024-11-16,False
E0000195,T000065,Alimentação,215.87,2024-11-26,True
E0000196,T000065,Transporte terrestre,135.98,2024-11-26,True
E0000197,T000065,Ajuste de reembolso,1.21,2024-12-03,False
E0000198,T000066,Alimentação,303.51,2025-02-13,True
E0000199,T000066,Transporte terrestre,263.34,2025-02-13,True
E0000200,T000066,Ajuste de reembolso,14.2,2025-02-21,False
E0000201,T000067,Alimentação,264.63,2025-10-22,True
E0000202,T000067,Transporte terrestre,318.1,2025-10-22,True
E0000203,T000067,Ajuste de reembolso,-20.17,2025-10-29,False
E0000204,T000068,Alimentação,535.76,2024-03-29,True
E0000205,T000068,Transporte terrestre,402.74,2024-03-29,True
E0000206,T000068,Ajuste de reembolso,5.87,2024-04-10,False
E0000207,T000069,Alimentação,99.13,2024-03-05,True
E0000208,T000069,Transporte terrestre,134.64,2024-03-05,True
E0000209,T000069,Pedágio,184.99,2024-03-05,True
E0000210,T000069,Ajuste de reembolso,40.08,2024-03-18,False
E0000211,T000070,Alimentação,379.78,2024-07-06,True
E0000212,T000070,Transporte terrestre,181.37,2024-07-06,True
E0000213,T000070,Ajuste de reembolso,34.28,2024-07-19,False
E0000214,T000071,Alimentação,206.25,2025-07-09,True
E0000215,T000071,Transporte terrestre,108.58,2025-07-09,True
E0000216,T000071,Ajuste de reembolso,24.26,2025-07-17,False
E0000217,T000072,Alimentação,335.35,2025-08-06,True
E0000218,T000072,Transporte terrestre,448.09,2025-08-06,True
E0000219,T000072,Pedágio,78.64,2025-08-06,True
E0000220,T000072,Ajuste de reembolso,28.54,2025-08-24,False
E0000221,T000073,Alimentação,438.6,2024-08-29,True
E0000222,T000073,Transporte terrestre,291.0,2024-08-29,True
E0000223,T000073,Ajuste de reembolso,-6.25,2024-09-08,False
E0000224,T000074,Alimentação,407.76,2024-12-14,True
E0000225,T000074,Transporte terrestre,470.23,2024-12-14,True
E0000226,T000074,Ajuste de reembolso,12.03,2024-12-24,False
E0000227,T000075,Alimentação,369.04,2024-09-08,True
E0000228,T000075,Transporte terrestre,197.85,2024-09-08,True
E0000229,T000075,Pedágio,134.02,2024-09-08,True
E0000230,T000075,Ajuste de reembolso,42.34,2024-09-27,False
E0000231,T000076,Alimentação,138.17,2025-08-06,True
E0000232,T000076,Transporte terrestre,189.47,2025-08-06,True
E0000233,T000076,Ajuste de reembolso,-5.41,2025-08-17,False
E0000234,T000077,Alimentação,359.34,2024-05-14,True
E0000235,T000077,Transporte terrestre,217.99,2024-05-14,True
E0000236,T000077,Ajuste de reembolso,-12.28,2024-06-02,False
E0000237,T000079,Alimentação,644.84,2024-12-06,True
E0000238,T000079,Transporte terrestre,477.47,2024-12-06,True
E0000239,T000079,Ajuste de reembolso,4.6,2024-12-22,False
E0000240,T000080,Alimentação,202.4,2025-12-30,True
E0000241,T000080,Transporte terrestre,96.78,2025-12-30,True
E0000242,T000080,Ajuste de reembolso,-19.1,2026-01-11,False
E0000243,T000081,Alimentação,86.71,2025-08-20,True
E0000244,T000081,Transporte terrestre,58.42,2025-08-20,True
E0000245,T000081,Ajuste de reembolso,32.38,2025-08-27,False
E0000246,T000082,Alimentação,204.6,2025-08-05,True
E0000247,T000082,Transporte terrestre,113.79,2025-08-05,True
E0000248,T000082,Ajuste de reembolso,-23.72,2025-08-15,False
E0000249,T000083,Alimentação,285.99,2024-10-22,True
E0000250,T000083,Transporte terrestre,118.26,2024-10-22,True
E0000251,T000083,Ajuste de reembolso,27.13,2024-11-06,False
E0000252,T000084,Alimentação,329.21,2024-04-25,True
E0000253,T000084,Transporte terrestre,139.02,2024-04-25,True
E0000254,T000084,Ajuste de reembolso,-10.93,2024-05-04,False
E0000255,T000085,Alimentação,163.04,2024-09-21,True
E0000256,T000085,Transporte terrestre,92.44,2024-09-21,True
E0000257,T000085,Ajuste de reembolso,-24.02,2024-10-02,False
E0000258,T000087,Alimentação,192.92,2024-02-08,True
E0000259,T000087,Transporte terrestre,240.61,2024-02-08,True
E0000260,T000087,Ajuste de reembolso,42.85,2024-02-18,False
E0000261,T000088,Alimentação,431.25,2025-05-03,True
E0000262,T000088,Transporte terrestre,261.52,2025-05-03,True
E0000263,T000088,Ajuste de reembolso,11.74,2025-05-14,False
E0000264,T000090,Alimentação,140.39,2025-01-15,True
E0000265,T000090,Transporte terrestre,118.85,2025-01-15,True
E0000266,T000090,Ajuste de reembolso,20.78,2025-01-20,False
E0000267,T000091,Alimentação,390.29,2025-05-08,True
E0000268,T000091,Transporte terrestre,287.44,2025-05-08,True
E0000269,T000091,Ajuste de reembolso,-23.29,2025-05-16,False
E0000270,T000092,Alimentação,305.18,2024-07-26,True
E0000271,T000092,Transporte terrestre,127.23,2024-07-26,True
E0000272,T000092,Ajuste de reembolso,34.49,2024-08-04,False
E0000273,T000093,Alimentação,321.82,2025-01-06,True
E0000274,T000093,Transporte terrestre,188.27,2025-01-06,True
E0000275,T000093,Ajuste de reembolso,35.0,2025-01-09,False
E0000276,T000094,Alimentação,184.48,2025-09-24,True
E0000277,T000094,Transporte terrestre,112.02,2025-09-24,True
E0000278,T000094,Ajuste de reembolso,20.4,2025-10-04,False
E0000279,T000095,Alimentação,72.97,2024-05-14,True
E0000280,T000095,Transporte terrestre,69.96,2024-05-14,True
E0000281,T000095,Ajuste de reembolso,15.2,2024-05-19,False
E0000282,T000096,Alimentação,464.47,2024-10-04,True
E0000283,T000096,Transporte terrestre,265.33,2024-10-04,True
E0000284,T000096,Ajuste de reembolso,6.72,2024-10-18,False
E0000285,T000097,Alimentação,294.26,2024-07-01,True
E0000286,T000097,Transporte terrestre,158.04,2024-07-01,True
E0000287,T000097,Ajuste de reembolso,17.83,2024-07-13,False
E0000288,T000098,Alimentação,367.58,2024-09-12,True
E0000289,T000098,Transporte terrestre,370.91,2024-09-12,True
E0000290,T000098,Pedágio,67.15,2024-09-12,True
E0000291,T000098,Ajuste de reembolso,-10.34,2024-09-22,False
E0000292,T000099,Alimentação,116.8,2024-10-10,True
E0000293,T000099,Transporte terrestre,84.18,2024-10-10,True
E0000294,T000099,Ajuste de reembolso,5.69,2024-10-18,False
E0000295,T000101,Alimentação,108.31,2025-09-27,True
E0000296,T000101,Transporte terrestre,109.47,2025-09-27,True
E0000297,T000101,Ajuste de reembolso,15.53,2025-10-12,False
E0000298,T000102,Alimentação,271.44,2025-11-11,True
E0000299,T000102,Transporte terrestre,153.39,2025-11-11,True
E0000300,T000102,Ajuste de reembolso,-1.75,2025-12-01,False
E0000301,T000103,Alimentação,229.56,2024-04-09,True
E0000302,T000103,Transporte terrestre,122.23,2024-04-09,True
E0000303,T000103,Ajuste de reembolso,37.04,2024-04-20,False
E0000304,T000104,Alimentação,132.38,2024-04-04,True
E0000305,T000104,Transporte terrestre,46.19,2024-04-04,True
E0000306,T000104,Ajuste de reembolso,-1.18,2024-04-21,False
E0000307,T000105,Alimentação,248.28,2025-05-27,True
E0000308,T000105,Transporte terrestre,262.39,2025-05-27,True
E0000309,T000105,Ajuste de reembolso,22.77,2025-06-13,False
E0000310,T000106,Alimentação,160.52,2024-10-08,True
E0000311,T000106,Transporte terrestre,124.07,2024-10-08,True
E0000312,T000106,Ajuste de reembolso,19.17,2024-10-19,False
E0000313,T000107,Alimentação,41.54,2025-04-15,True
E0000314,T000107,Transporte terrestre,48.77,2025-04-15,True
E0000315,T000107,Ajuste de reembolso,-7.99,2025-04-20,False
E0000316,T000108,Alimentação,100.62,2024-05-03,True
E0000317,T000108,Transporte terrestre,70.0,2024-05-03,True
E0000318,T000108,Ajuste de reembolso,38.75,2024-05-13,False
E0000319,T000109,Alimentação,191.91,2024-08-18,True
E0000320,T000109,Transporte terrestre,290.43,2024-08-18,True
E0000321,T000109,Taxa,45.75,2024-08-18,True
E0000322,T000109,Ajuste de reembolso,20.55,2024-08-26,False
E0000323,T000110,Alimentação,122.92,2025-01-31,True
E0000324,T000110,Transporte terrestre,80.87,2025-01-31,True
E0000325,T000110,Ajuste de reembolso,-23.21,2025-02-04,False
E0000326,T000111,Alimentação,429.34,2025-01-24,True
E0000327,T000111,Transporte terrestre,496.04,2025-01-24,True
E0000328,T000111,Ajuste de reembolso,13.47,2025-02-04,False
E0000329,T000112,Alimentação,191.3,2024-05-05,True
E0000330,T000112,Transporte terrestre,273.5,2024-05-05,True
E0000331,T000112,Ajuste de reembolso,-21.39,2024-05-18,False
E0000332,T000113,Alimentação,134.87,2024-10-26,True
E0000333,T000113,Transporte terrestre,42.0,2024-10-26,True
E0000334,T000113,Ajuste de reembolso,6.54,2024-11-11,False
E0000335,T000114,Alimentação,80.98,2025-09-07,True
E0000336,T000114,Transporte terrestre,42.63,2025-09-07,True
E0000337,T000114,Ajuste de reembolso,39.17,2025-09-11,False
E0000338,T000115,Alimentação,103.33,2024-06-12,True
E0000339,T000115,Transporte terrestre,102.93,2024-06-12,True
E0000340,T000115,Ajuste de reembolso,-18.84,2024-06-23,False
E0000341,T000116,Alimentação,274.99,2024-01-04,True
E0000342,T000116,Transporte terrestre,400.74,2024-01-04,True
E0000343,T000116,Outros,77.73,2024-01-04,True
E0000344,T000116,Ajuste de reembolso,-24.7,2024-01-15,False
E0000345,T000117,Alimentação,199.36,2024-10-07,True
E0000346,T000117,Transporte terrestre,132.22,2024-10-07,True
E0000347,T000117,Ajuste de reembolso,-12.95,2024-10-19,False
E0000348,T000118,Alimentação,428.93,2024-09-26,True
E0000349,T000118,Transporte terrestre,406.15,2024-09-26,True
E0000350,T000118,Pedágio,36.09,2024-09-26,True
E0000351,T000118,Ajuste de reembolso,31.02,2024-10-11,False
E0000352,T000119,Alimentação,368.23,2025-06-08,True
E0000353,T000119,Transporte terrestre,129.9,2025-06-08,True
E0000354,T000119,Ajuste de reembolso,27.62,2025-06-13,False
E0000355,T000120,Alimentação,538.22,2024-11-01,True
E0000356,T000120,Transporte terrestre,264.85,2024-11-01,True
E0000357,T000120,Ajuste de reembolso,-12.55,2024-11-14,False
E0000358,T000121,Alimentação,287.51,2025-12-17,True
E0000359,T000121,Transporte terrestre,128.89,2025-12-17,True
E0000360,T000121,Ajuste de reembolso,25.82,2025-12-19,False
E0000361,T000122,Alimentação,185.64,2025-12-30,True
E0000362,T000122,Transporte terrestre,138.13,2025-12-30,True
E0000363,T000122,Pedágio,182.56,2025-12-30,True
E0000364,T000122,Ajuste de reembolso,5.64,2026-01-08,False
E0000365,T000123,Alimentação,241.42,2024-07-03,True
E0000366,T000123,Transporte terrestre,130.25,2024-07-03,True
E0000367,T000123,Ajuste de reembolso,-10.74,2024-07-17,False
E0000368,T000124,Alimentação,369.28,2025-04-28,True
E0000369,T000124,Transporte terrestre,222.46,2025-04-28,True
E0000370,T000124,Estacionamento,181.35,2025-04-28,True
E0000371,T000124,Ajuste de reembolso,-7.11,2025-05-06,False
E0000372,T000125,Alimentação,48.46,2024-06-12,True
E0000373,T000125,Transporte terrestre,54.83,2024-06-12,True
E0000374,T000125,Ajuste de reembolso,23.15,2024-06-24,False
E0000375,T000126,Alimentação,314.58,2024-10-20,True
E0000376,T000126,Transporte terrestre,166.99,2024-10-20,True
E0000377,T000126,Ajuste de reembolso,40.27,2024-10-28,False
E0000378,T000127,Alimentação,760.37,2025-11-02,True
E0000379,T000127,Transporte terrestre,370.07,2025-11-02,True
E0000380,T000127,Ajuste de reembolso,-24.59,2025-11-12,False
E0000381,T000128,Alimentação,688.09,2025-11-05,True
E0000382,T000128,Transporte terrestre,330.79,2025-11-05,True
E0000383,T000128,Ajuste de reembolso,15.12,2025-11-17,False
E0000384,T000129,Alimentação,173.44,2024-09-15,True
E0000385,T000129,Transporte terrestre,74.7,2024-09-15,True
E0000386,T000129,Taxa,97.45,2024-09-15,True
E0000387,T000129,Ajuste de reembolso,10.48,2024-09-21,False
E0000388,T000130,Alimentação,229.35,2024-09-23,True
E0000389,T000130,Transporte terrestre,214.36,2024-09-23,True
E0000390,T000130,Ajuste de reembolso,-0.98,2024-10-10,False
E0000391,T000131,Alimentação,235.31,2025-09-09,True
E0000392,T000131,Transporte terrestre,230.43,2025-09-09,True
E0000393,T000131,Pedágio,197.21,2025-09-09,True
E0000394,T000131,Ajuste de reembolso,-1.7,2025-09-21,False
E0000395,T000132,Alimentação,83.04,2024-09-24,True
E0000396,T000132,Transporte terrestre,52.01,2024-09-24,True
E0000397,T000132,Outros,275.65,2024-09-24,True
E0000398,T000132,Ajuste de reembolso,34.55,2024-09-29,False
E0000399,T000133,Alimentação,83.0,2024-08-30,True
E0000400,T000133,Transporte terrestre,54.9,2024-08-30,True
E0000401,T000133,Ajuste de reembolso,12.22,2024-09-13,False
E0000402,T000134,Alimentação,399.06,2025-02-14,True
E0000403,T000134,Transporte terrestre,167.6,2025-02-14,True
E0000404,T000134,Ajuste de reembolso,18.02,2025-02-22,False
E0000405,T000135,Alimentação,212.31,2025-10-24,True
E0000406,T000135,Transporte terrestre,222.37,2025-10-24,True
E0000407,T000135,Ajuste de reembolso,6.14,2025-11-03,False
E0000408,T000136,Alimentação,869.95,2024-05-31,True
E0000409,T000136,Transporte terrestre,762.86,2024-05-31,True
E0000410,T000136,Ajuste de reembolso,15.46,2024-06-17,False
E0000411,T000137,Alimentação,216.76,2024-09-29,True
E0000412,T000137,Transporte terrestre,136.02,2024-09-29,True
E0000413,T000137,Ajuste de reembolso,-21.24,2024-10-03,False
E0000414,T000138,Alimentação,194.83,2025-07-13,True
E0000415,T000138,Transporte terrestre,289.93,2025-07-13,True
E0000416,T000138,Taxa,51.8,2025-07-13,True
E0000417,T000138,Ajuste de reembolso,36.71,2025-07-18,False
E0000418,T000139,Alimentação,422.32,2024-08-12,True
E0000419,T000139,Transporte terrestre,173.93,2024-08-12,True
E0000420,T000139,Ajuste de reembolso,42.81,2024-08-19,False
E0000421,T000140,Alimentação,504.91,2025-07-14,True
E0000422,T000140,Transporte terrestre,214.96,2025-07-14,True
E0000423,T000140,Ajuste de reembolso,-22.37,2025-07-31,False
E0000424,T000141,Alimentação,484.02,2024-03-16,True
E0000425,T000141,Transporte terrestre,355.95,2024-03-16,True
E0000426,T000141,Ajuste de reembolso,3.98,2024-03-26,False
E0000427,T000142,Alimentação,294.95,2025-01-08,True
E0000428,T000142,Transporte terrestre,234.96,2025-01-08,True
E0000429,T000142,Ajuste de reembolso,23.07,2025-01-21,False
E0000430,T000143,Alimentação,334.21,2025-05-11,True
E0000431,T000143,Transporte terrestre,169.52,2025-05-11,True
E0000432,T000143,Ajuste de reembolso,-9.64,2025-05-21,False
E0000433,T000144,Alimentação,185.77,2025-11-13,True
E0000434,T000144,Transporte terrestre,90.38,2025-11-13,True
E0000435,T000144,Pedágio,75.58,2025-11-13,True
E0000436,T000144,Ajuste de reembolso,17.52,2025-11-15,False
E0000437,T000145,Alimentação,411.39,2024-08-21,True
E0000438,T000145,Transporte terrestre,399.98,2024-08-21,True
E0000439,T000145,Estacionamento,68.9,2024-08-21,True
E0000440,T000145,Ajuste de reembolso,7.54,2024-08-29,False
E0000441,T000146,Alimentação,201.39,2024-08-08,True
E0000442,T000146,Transporte terrestre,204.87,2024-08-08,True
E0000443,T000146,Ajuste de reembolso,-21.78,2024-08-17,False
E0000444,T000147,Alimentação,402.98,2024-07-05,True
E0000445,T000147,Transporte terrestre,153.31,2024-07-05,True
E0000446,T000147,Ajuste de reembolso,-21.81,2024-07-16,False
E0000447,T000148,Alimentação,99.91,2024-03-07,True
E0000448,T000148,Transporte terrestre,97.09,2024-03-07,True
E0000449,T000148,Ajuste de reembolso,-13.78,2024-03-13,False
E0000450,T000149,Alimentação,576.69,2025-09-01,True
E0000451,T000149,Transporte terrestre,273.09,2025-09-01,True
E0000452,T000149,Ajuste de reembolso,-20.73,2025-09-13,False
E0000453,T000150,Alimentação,427.54,2025-08-02,True
E0000454,T000150,Transporte terrestre,351.18,2025-08-02,True
E0000455,T000150,Ajuste de reembolso,-14.38,2025-08-23,False
E0000456,T000151,Alimentação,536.86,2024-09-27,True
E0000457,T000151,Transporte terrestre,484.37,2024-09-27,True
E0000458,T000151,Ajuste de reembolso,-9.23,2024-10-14,False
E0000459,T000152,Alimentação,227.47,2025-03-04,True
E0000460,T000152,Transporte terrestre,270.12,2025-03-04,True
E0000461,T000152,Ajuste de reembolso,34.93,2025-03-08,False
E0000462,T000153,Alimentação,91.0,2024-10-23,True
E0000463,T000153,Transporte terrestre,59.49,2024-10-23,True
E0000464,T000153,Ajuste de reembolso,33.46,2024-10-25,False
E0000465,T000154,Alimentação,481.96,2024-04-13,True
E0000466,T000154,Transporte terrestre,225.5,2024-04-13,True
E0000467,T000154,Ajuste de reembolso,25.76,2024-04-30,False
E0000468,T000155,Alimentação,181.94,2025-11-21,True
E0000469,T000155,Transporte terrestre,220.76,2025-11-21,True
E0000470,T000155,Ajuste de reembolso,6.59,2025-11-27,False
E0000471,T000156,Alimentação,46.59,2025-05-23,True
E0000472,T000156,Transporte terrestre,53.1,2025-05-23,True
E0000473,T000156,Ajuste de reembolso,-22.43,2025-06-02,False
E0000474,T000157,Alimentação,825.21,2024-05-29,True
E0000475,T000157,Transporte terrestre,322.74,2024-05-29,True
E0000476,T000157,Ajuste de reembolso,-4.71,2024-06-13,False
E0000477,T000158,Alimentação,356.75,2025-07-06,True
E0000478,T000158,Transporte terrestre,323.28,2025-07-06,True
E0000479,T000158,Ajuste de reembolso,32.29,2025-07-10,False
E0000480,T000159,Alimentação,580.76,2024-10-28,True
E0000481,T000159,Transporte terrestre,391.89,2024-10-28,True
E0000482,T000159,Ajuste de reembolso,36.94,2024-11-09,False
E0000483,T000160,Alimentação,93.02,2024-11-19,True
E0000484,T000160,Transporte terrestre,44.11,2024-11-19,True
E0000485,T000160,Ajuste de reembolso,10.33,2024-12-03,False
E0000486,T000161,Alimentação,565.82,2025-06-13,True
E0000487,T000161,Transporte terrestre,346.27,2025-06-13,True
E0000488,T000161,Ajuste de reembolso,-14.03,2025-06-18,False
E0000489,T000162,Alimentação,228.19,2025-05-25,True
E0000490,T000162,Transporte terrestre,247.61,2025-05-25,True
E0000491,T000162,Ajuste de reembolso,4.92,2025-06-03,False
E0000492,T000163,Alimentação,232.0,2025-09-30,True
E0000493,T000163,Transporte terrestre,170.48,2025-09-30,True
E0000494,T000163,Ajuste de reembolso,11.4,2025-10-14,False
E0000495,T000164,Alimentação,228.48,2024-11-05,True
E0000496,T000164,Transporte terrestre,146.47,2024-11-05,True
E0000497,T000164,Estacionamento,274.18,2024-11-05,True
E0000498,T000164,Ajuste de reembolso,-15.43,2024-11-10,False
E0000499,T000165,Alimentação,681.04,2025-03-26,True
E0000500,T000165,Transporte terrestre,405.36,2025-03-26,True
E0000501,T000165,Ajuste de reembolso,36.46,2025-04-02,False
E0000502,T000166,Alimentação,300.15,2025-05-10,True
E0000503,T000166,Transporte terrestre,115.16,2025-05-10,True
E0000504,T000166,Ajuste de reembolso,31.9,2025-05-28,False
E0000505,T000167,Alimentação,239.81,2024-11-29,True
E0000506,T000167,Transporte terrestre,208.43,2024-11-29,True
E0000507,T000167,Ajuste de reembolso,41.78,2024-12-02,False
E0000508,T000168,Alimentação,527.25,2025-12-23,True
E0000509,T000168,Transporte terrestre,199.45,2025-12-23,True
E0000510,T000168,Ajuste de reembolso,-13.77,2026-01-06,False
E0000511,T000169,Alimentação,101.45,2024-12-02,True
E0000512,T000169,Transporte terrestre,47.17,2024-12-02,True
E0000513,T000169,Ajuste de reembolso,7.86,2024-12-15,False
E0000514,T000170,Alimentação,565.96,2024-08-16,True
E0000515,T000170,Transporte terrestre,337.09,2024-08-16,True
E0000516,T000170,Ajuste de reembolso,-7.73,2024-08-30,False
E0000517,T000171,Alimentação,148.97,2025-09-13,True
E0000518,T000171,Transporte terrestre,186.27,2025-09-13,True
E0000519,T000171,Ajuste de reembolso,18.16,2025-09-24,False
E0000520,T000172,Alimentação,169.97,2025-04-25,True
E0000521,T000172,Transporte terrestre,116.4,2025-04-25,True
E0000522,T000172,Ajuste de reembolso,5.44,2025-05-09,False
E0000523,T000173,Alimentação,324.69,2024-07-01,True
E0000524,T000173,Transporte terrestre,132.04,2024-07-01,True
E0000525,T000173,Ajuste de reembolso,-7.86,2024-07-18,False
E0000526,T000174,Alimentação,127.86,2024-01-03,True
E0000527,T000174,Transporte terrestre,64.43,2024-01-03,True
E0000528,T000174,Ajuste de reembolso,-23.34,2024-01-16,False
E0000529,T000175,Alimentação,83.83,2025-04-13,True
E0000530,T000175,Transporte terrestre,80.36,2025-04-13,True
E0000531,T000175,Ajuste de reembolso,-15.49,2025-04-21,False
E0000532,T000176,Alimentação,453.04,2025-08-18,True
E0000533,T000176,Transporte terrestre,410.75,2025-08-18,True
E0000534,T000176,Ajuste de reembolso,40.95,2025-08-26,False
E0000535,T000177,Alimentação,259.72,2024-11-17,True
E0000536,T000177,Transporte terrestre,235.17,2024-11-17,True
E0000537,T000177,Ajuste de reembolso,-14.17,2024-11-30,False
E0000538,T000178,Alimentação,323.55,2025-04-12,True
E0000539,T000178,Transporte terrestre,354.95,2025-04-12,True
E0000540,T000178,Ajuste de reembolso,-18.12,2025-04-26,False
E0000541,T000179,Alimentação,854.6,2025-08-09,True
E0000542,T000179,Transporte terrestre,338.04,2025-08-09,True
E0000543,T000179,Ajuste de reembolso,-7.97,2025-08-22,False
E0000544,T000180,Alimentação,185.25,2025-05-16,True
E0000545,T000180,Transporte terrestre,195.32,2025-05-16,True
E0000546,T000180,Ajuste de reembolso,18.19,2025-05-25,False
E0000547,T000181,Alimentação,186.24,2024-11-18,True
E0000548,T000181,Transporte terrestre,211.36,2024-11-18,True
E0000549,T000181,Ajuste de reembolso,41.5,2024-11-28,False
E0000550,T000182,Alimentação,124.26,2024-08-04,True
E0000551,T000182,Transporte terrestre,60.72,2024-08-04,True
E0000552,T000182,Ajuste de reembolso,27.13,2024-08-09,False
E0000553,T000183,Alimentação,295.28,2025-12-04,True
E0000554,T000183,Transporte terrestre,155.61,2025-12-04,True
E0000555,T000183,Ajuste de reembolso,-15.23,2025-12-14,False
E0000556,T000184,Alimentação,611.5,2024-06-09,True
E0000557,T000184,Transporte terrestre,288.76,2024-06-09,True
E0000558,T000184,Taxa,115.42,2024-06-09,True
E0000559,T000184,Ajuste de reembolso,-20.6,2024-06-30,False
E0000560,T000185,Alimentação,302.49,2025-11-08,True
E0000561,T000185,Transporte terrestre,228.05,2025-11-08,True
E0000562,T000185,Ajuste de reembolso,31.59,2025-11-28,False
E0000563,T000186,Alimentação,301.17,2025-03-27,True
E0000564,T000186,Transporte terrestre,102.89,2025-03-27,True
E0000565,T000186,Ajuste de reembolso,25.61,2025-04-11,False
E0000566,T000187,Alimentação,987.85,2025-06-04,True
E0000567,T000187,Transporte terrestre,519.27,2025-06-04,True
E0000568,T000187,Ajuste de reembolso,13.5,2025-06-17,False
E0000569,T000188,Alimentação,320.49,2024-05-14,True
E0000570,T000188,Transporte terrestre,193.56,2024-05-14,True
E0000571,T000188,Ajuste de reembolso,-5.79,2024-05-30,False
E0000572,T000189,Alimentação,222.21,2025-03-23,True
E0000573,T000189,Transporte terrestre,176.08,2025-03-23,True
E0000574,T000189,Ajuste de reembolso,31.81,2025-04-05,False
E0000575,T000191,Alimentação,364.5,2025-06-28,True
E0000576,T000191,Transporte terrestre,152.63,2025-06-28,True
E0000577,T000191,Ajuste de reembolso,0.84,2025-07-10,False
E0000578,T000192,Alimentação,172.54,2025-09-20,True
E0000579,T000192,Transporte terrestre,112.98,2025-09-20,True
E0000580,T000192,Ajuste de reembolso,-16.91,2025-09-28,False
E0000581,T000193,Alimentação,119.97,2025-08-10,True
E0000582,T000193,Transporte terrestre,52.32,2025-08-10,True
E0000583,T000193,Ajuste de reembolso,-1.24,2025-08-17,False
E0000584,T000194,Alimentação,60.64,2024-07-22,True
E0000585,T000194,Transporte terrestre,91.29,2024-07-22,True
E0000586,T000194,Ajuste de reembolso,41.89,2024-08-04,False
E0000587,T000195,Alimentação,561.96,2024-08-25,True
E0000588,T000195,Transporte terrestre,388.65,2024-08-25,True
E0000589,T000195,Ajuste de reembolso,34.64,2024-09-12,False
E0000590,T000196,Alimentação,70.6,2025-06-19,True
E0000591,T000196,Transporte terrestre,67.59,2025-06-19,True
E0000592,T000196,Ajuste de reembolso,25.26,2025-06-24,False
E0000593,T000197,Alimentação,383.47,2025-01-04,True
E0000594,T000197,Transporte terrestre,426.39,2025-01-04,True
E0000595,T000197,Ajuste de reembolso,9.49,2025-01-15,False
E0000596,T000198,Alimentação,501.7,2025-10-06,True
E0000597,T000198,Transporte terrestre,465.81,2025-10-06,True
E0000598,T000198,Ajuste de reembolso,-11.3,2025-10-18,False
E0000599,T000199,Alimentação,431.51,2024-04-18,True
E0000600,T000199,Transporte terrestre,257.87,2024-04-18,True
E0000601,T000199,Ajuste de reembolso,44.1,2024-05-05,False
E0000602,T000200,Alimentação,218.68,2025-03-25,True
E0000603,T000200,Transporte terrestre,155.47,2025-03-25,True
E0000604,T000200,Ajuste de reembolso,0.05,2025-03-30,False
E0000605,T000201,Alimentação,98.83,2024-06-27,True
E0000606,T000201,Transporte terrestre,68.99,2024-06-27,True
E0000607,T000201,Ajuste de reembolso,33.03,2024-07-09,False
E0000608,T000202,Alimentação,286.49,2025-10-20,True
E0000609,T000202,Transporte terrestre,279.76,2025-10-20,True
E0000610,T000202,Ajuste de reembolso,-2.11,2025-10-27,False
E0000611,T000203,Alimentação,350.01,2025-11-04,True
E0000612,T000203,Transporte terrestre,408.56,2025-11-04,True
E0000613,T000203,Pedágio,111.95,2025-11-04,True
E0000614,T000203,Ajuste de reembolso,-1.21,2025-11-15,False
E0000615,T000204,Alimentação,205.97,2024-02-05,True
E0000616,T000204,Transporte terrestre,195.22,2024-02-05,True
E0000617,T000204,Ajuste de reembolso,-4.12,2024-02-13,False
E0000618,T000205,Alimentação,203.98,2025-02-14,True
E0000619,T000205,Transporte terrestre,125.16,2025-02-14,True
E0000620,T000205,Ajuste de reembolso,34.88,2025-02-17,False
E0000621,T000206,Alimentação,352.51,2025-12-31,True
E0000622,T000206,Transporte terrestre,144.15,2025-12-31,True
E0000623,T000206,Ajuste de reembolso,-18.24,2026-01-16,False
E0000624,T000207,Alimentação,558.0,2024-12-27,True
E0000625,T000207,Transporte terrestre,269.58,2024-12-27,True
E0000626,T000207,Taxa,195.2,2024-12-27,True
E0000627,T000207,Ajuste de reembolso,0.86,2025-01-07,False
E0000628,T000208,Alimentação,177.27,2024-08-23,True
E0000629,T000208,Transporte terrestre,292.51,2024-08-23,True
E0000630,T000208,Ajuste de reembolso,31.98,2024-09-03,False
E0000631,T000209,Alimentação,46.13,2025-01-21,True
E0000632,T000209,Transporte terrestre,70.92,2025-01-21,True
E0000633,T000209,Ajuste de reembolso,10.16,2025-02-09,False
E0000634,T000210,Alimentação,303.42,2025-06-22,True
E0000635,T000210,Transporte terrestre,106.44,2025-06-22,True
E0000636,T000210,Outros,49.49,2025-06-22,True
E0000637,T000210,Ajuste de reembolso,7.35,2025-07-07,False
E0000638,T000211,Alimentação,197.09,2025-07-31,True
E0000639,T000211,Transporte terrestre,223.97,2025-07-31,True
E0000640,T000211,Ajuste de reembolso,-17.13,2025-08-07,False
E0000641,T000212,Alimentação,481.22,2024-08-12,True
E0000642,T000212,Transporte terrestre,290.39,2024-08-12,True
E0000643,T000212,Estacionamento,123.02,2024-08-12,True
E0000644,T000212,Ajuste de reembolso,38.19,2024-08-20,False
E0000645,T000213,Alimentação,420.81,2024-07-12,True
E0000646,T000213,Transporte terrestre,317.65,2024-07-12,True
E0000647,T000213,Ajuste de reembolso,43.92,2024-07-16,False
E0000648,T000214,Alimentação,150.38,2025-12-16,True
E0000649,T000214,Transporte terrestre,137.42,2025-12-16,True
E0000650,T000214,Ajuste de reembolso,41.34,2026-01-03,False
E0000651,T000215,Alimentação,485.17,2025-01-09,True
E0000652,T000215,Transporte terrestre,269.78,2025-01-09,True
E0000653,T000215,Ajuste de reembolso,32.38,2025-01-17,False
E0000654,T000216,Alimentação,469.62,2024-06-09,True
E0000655,T000216,Transporte terrestre,341.49,2024-06-09,True
E0000656,T000216,Ajuste de reembolso,38.8,2024-06-17,False
E0000657,T000217,Alimentação,299.82,2024-11-18,True
E0000658,T000217,Transporte terrestre,93.06,2024-11-18,True
E0000659,T000217,Ajuste de reembolso,19.96,2024-12-03,False
E0000660,T000218,Alimentação,67.21,2024-11-25,True
E0000661,T000218,Transporte terrestre,62.73,2024-11-25,True
E0000662,T000218,Ajuste de reembolso,2.52,2024-12-22,False
E0000663,T000219,Alimentação,172.73,2024-04-29,True
E0000664,T000219,Transporte terrestre,101.5,2024-04-29,True
E0000665,T000219,Ajuste de reembolso,-6.29,2024-05-07,False
E0000666,T000220,Alimentação,467.02,2025-10-21,True
E0000667,T000220,Transporte terrestre,220.8,2025-10-21,True
E0000668,T000220,Ajuste de reembolso,4.93,2025-11-04,False
E0000669,T000221,Alimentação,178.55,2025-06-04,True
E0000670,T000221,Transporte terrestre,138.73,2025-06-04,True
E0000671,T000221,Ajuste de reembolso,8.84,2025-06-09,False
E0000672,T000222,Alimentação,337.17,2024-09-09,True
E0000673,T000222,Transporte terrestre,144.23,2024-09-09,True
E0000674,T000222,Ajuste de reembolso,31.3,2024-09-19,False
E0000675,T000223,Alimentação,98.08,2024-03-18,True
E0000676,T000223,Transporte terrestre,48.34,2024-03-18,True
E0000677,T000223,Ajuste de reembolso,33.78,2024-03-27,False
E0000678,T000224,Alimentação,534.54,2025-08-08,True
E0000679,T000224,Transporte terrestre,602.09,2025-08-08,True
E0000680,T000224,Estacionamento,193.81,2025-08-08,True
E0000681,T000224,Ajuste de reembolso,41.39,2025-08-22,False
E0000682,T000225,Alimentação,221.73,2025-06-05,True
E0000683,T000225,Transporte terrestre,159.29,2025-06-05,True
E0000684,T000225,Ajuste de reembolso,21.39,2025-06-24,False
E0000685,T000226,Alimentação,329.96,2025-09-02,True
E0000686,T000226,Transporte terrestre,207.46,2025-09-02,True
E0000687,T000226,Ajuste de reembolso,5.83,2025-09-15,False
E0000688,T000227,Alimentação,99.92,2025-10-31,True
E0000689,T000227,Transporte terrestre,73.77,2025-10-31,True
E0000690,T000227,Ajuste de reembolso,17.98,2025-11-06,False
E0000691,T000228,Alimentação,443.02,2025-05-16,True
E0000692,T000228,Transporte terrestre,354.67,2025-05-16,True
E0000693,T000228,Ajuste de reembolso,38.22,2025-06-08,False
E0000694,T000229,Alimentação,79.6,2025-11-01,True
E0000695,T000229,Transporte terrestre,48.91,2025-11-01,True
E0000696,T000229,Ajuste de reembolso,37.84,2025-11-08,False
E0000697,T000230,Alimentação,121.75,2025-05-31,True
E0000698,T000230,Transporte terrestre,64.68,2025-05-31,True
E0000699,T000230,Ajuste de reembolso,-11.33,2025-06-12,False
E0000700,T000231,Alimentação,634.96,2024-07-01,True
E0000701,T000231,Transporte terrestre,274.0,2024-07-01,True
E0000702,T000231,Ajuste de reembolso,40.18,2024-07-18,False
E0000703,T000232,Alimentação,269.72,2025-02-15,True
E0000704,T000232,Transporte terrestre,164.63,2025-02-15,True
E0000705,T000232,Estacionamento,275.21,2025-02-15,True
E0000706,T000232,Ajuste de reembolso,-9.1,2025-02-26,False
E0000707,T000233,Alimentação,553.95,2024-01-09,True
E0000708,T000233,Transporte terrestre,278.38,2024-01-09,True
E0000709,T000233,Pedágio,164.6,2024-01-09,True
E0000710,T000233,Ajuste de reembolso,40.21,2024-01-23,False
E0000711,T000234,Alimentação,165.41,2025-06-17,True
E0000712,T000234,Transporte terrestre,181.05,2025-06-17,True
E0000713,T000234,Ajuste de reembolso,41.1,2025-07-03,False
E0000714,T000235,Alimentação,92.16,2025-03-31,True
E0000715,T000235,Transporte terrestre,52.4,2025-03-31,True
E0000716,T000235,Ajuste de reembolso,-7.1,2025-04-19,False
E0000717,T000236,Alimentação,530.86,2025-01-12,True
E0000718,T000236,Transporte terrestre,425.22,2025-01-12,True
E0000719,T000236,Ajuste de reembolso,12.78,2025-01-28,False
E0000720,T000237,Alimentação,324.92,2025-03-05,True
E0000721,T000237,Transporte terrestre,175.15,2025-03-05,True
E0000722,T000237,Ajuste de reembolso,6.36,2025-03-13,False
E0000723,T000238,Alimentação,225.97,2024-07-13,True
E0000724,T000238,Transporte terrestre,201.33,2024-07-13,True
E0000725,T000238,Ajuste de reembolso,-6.24,2024-07-26,False
E0000726,T000239,Alimentação,541.79,2025-11-16,True
E0000727,T000239,Transporte terrestre,269.7,2025-11-16,True
E0000728,T000239,Estacionamento,130.86,2025-11-16,True
E0000729,T000239,Ajuste de reembolso,-15.31,2025-11-25,False
E0000730,T000240,Alimentação,272.28,2024-05-30,True
E0000731,T000240,Transporte terrestre,100.12,2024-05-30,True
E0000732,T000240,Ajuste de reembolso,27.33,2024-06-09,False
E0000733,T000241,Alimentação,254.97,2025-03-20,True
E0000734,T000241,Transporte terrestre,123.99,2025-03-20,True
E0000735,T000241,Ajuste de reembolso,2.52,2025-04-03,False
E0000736,T000243,Alimentação,117.1,2025-11-09,True
E0000737,T000243,Transporte terrestre,95.21,2025-11-09,True
E0000738,T000243,Pedágio,173.8,2025-11-09,True
E0000739,T000243,Ajuste de reembolso,33.24,2025-11-24,False
E0000740,T000244,Alimentação,212.8,2024-01-23,True
E0000741,T000244,Transporte terrestre,321.32,2024-01-23,True
E0000742,T000244,Taxa,220.45,2024-01-23,True
E0000743,T000244,Ajuste de reembolso,-16.81,2024-01-31,False
E0000744,T000245,Alimentação,227.55,2024-10-19,True
E0000745,T000245,Transporte terrestre,161.76,2024-10-19,True
E0000746,T000245,Ajuste de reembolso,-20.74,2024-11-02,False
E0000747,T000246,Alimentação,848.27,2025-12-13,True
E0000748,T000246,Transporte terrestre,470.42,2025-12-13,True
E0000749,T000246,Taxa,103.63,2025-12-13,True
E0000750,T000246,Ajuste de reembolso,20.91,2025-12-23,False
E0000751,T000247,Alimentação,499.64,2025-08-07,True
E0000752,T000247,Transporte terrestre,279.01,2025-08-07,True
E0000753,T000247,Estacionamento,141.31,2025-08-07,True
E0000754,T000247,Ajuste de reembolso,-17.27,2025-08-18,False
E0000755,T000248,Alimentação,228.29,2024-04-29,True
E0000756,T000248,Transporte terrestre,196.98,2024-04-29,True
E0000757,T000248,Ajuste de reembolso,-5.19,2024-05-09,False
E0000758,T000249,Alimentação,258.22,2024-07-31,True
E0000759,T000249,Transporte terrestre,214.27,2024-07-31,True
E0000760,T000249,Ajuste de reembolso,-23.72,2024-08-12,False
E0000761,T000250,Alimentação,335.5,2025-05-18,True
E0000762,T000250,Transporte terrestre,213.27,2025-05-18,True
E0000763,T000250,Ajuste de reembolso,-15.47,2025-05-31,False
E0000764,T000251,Alimentação,245.67,2025-07-05,True
E0000765,T000251,Transporte terrestre,131.73,2025-07-05,True
E0000766,T000251,Ajuste de reembolso,21.31,2025-07-07,False
E0000767,T000252,Alimentação,357.78,2025-06-06,True
E0000768,T000252,Transporte terrestre,270.93,2025-06-06,True
E0000769,T000252,Ajuste de reembolso,11.72,2025-06-12,False
E0000770,T000253,Alimentação,121.29,2024-05-02,True
E0000771,T000253,Transporte terrestre,66.75,2024-05-02,True
E0000772,T000253,Ajuste de reembolso,4.88,2024-05-09,False
E0000773,T000254,Alimentação,122.94,2024-08-13,True
E0000774,T000254,Transporte terrestre,68.55,2024-08-13,True
E0000775,T000254,Ajuste de reembolso,17.07,2024-08-28,False
E0000776,T000256,Alimentação,291.38,2024-08-27,True
E0000777,T000256,Transporte terrestre,292.33,2024-08-27,True
E0000778,T000256,Ajuste de reembolso,39.66,2024-09-13,False
E0000779,T000257,Alimentação,385.35,2025-05-23,True
E0000780,T000257,Transporte terrestre,136.37,2025-05-23,True
E0000781,T000257,Ajuste de reembolso,-22.76,2025-06-01,False
E0000782,T000258,Alimentação,185.93,2024-01-12,True
E0000783,T000258,Transporte terrestre,153.62,2024-01-12,True
E0000784,T000258,Ajuste de reembolso,30.09,2024-01-20,False
E0000785,T000259,Alimentação,172.87,2024-05-26,True
E0000786,T000259,Transporte terrestre,166.12,2024-05-26,True
E0000787,T000259,Ajuste de reembolso,12.62,2024-06-05,False
E0000788,T000260,Alimentação,150.98,2024-01-09,True
E0000789,T000260,Transporte terrestre,49.11,2024-01-09,True
E0000790,T000260,Ajuste de reembolso,2.48,2024-01-22,False
E0000791,T000261,Alimentação,173.59,2024-07-22,True
E0000792,T000261,Transporte terrestre,202.62,2024-07-22,True
E0000793,T000261,Ajuste de reembolso,25.86,2024-07-31,False
E0000794,T000262,Alimentação,287.9,2024-09-02,True
E0000795,T000262,Transporte terrestre,126.09,2024-09-02,True
E0000796,T000262,Ajuste de reembolso,36.63,2024-09-09,False
E0000797,T000263,Alimentação,195.98,2025-11-25,True
E0000798,T000263,Transporte terrestre,86.74,2025-11-25,True
E0000799,T000263,Ajuste de reembolso,14.76,2025-12-01,False
E0000800,T000264,Alimentação,85.59,2025-06-21,True
E0000801,T000264,Transporte terrestre,60.97,2025-06-21,True
E0000802,T000264,Ajuste de reembolso,36.75,2025-07-02,False
E0000803,T000265,Alimentação,405.68,2024-06-08,True
E0000804,T000265,Transporte terrestre,279.42,2024-06-08,True
E0000805,T000265,Estacionamento,155.24,2024-06-08,True
E0000806,T000265,Ajuste de reembolso,40.61,2024-06-23,False
E0000807,T000266,Alimentação,983.37,2025-04-25,True
E0000808,T000266,Transporte terrestre,393.08,2025-04-25,True
E0000809,T000266,Ajuste de reembolso,6.0,2025-05-14,False
E0000810,T000267,Alimentação,165.97,2025-04-08,True
E0000811,T000267,Transporte terrestre,122.79,2025-04-08,True
E0000812,T000267,Ajuste de reembolso,42.31,2025-04-15,False
E0000813,T000268,Alimentação,81.72,2024-01-18,True
E0000814,T000268,Transporte terrestre,106.55,2024-01-18,True
E0000815,T000268,Ajuste de reembolso,22.12,2024-01-20,False
E0000816,T000269,Alimentação,654.12,2024-06-30,True
E0000817,T000269,Transporte terrestre,433.15,2024-06-30,True
E0000818,T000269,Ajuste de reembolso,19.71,2024-07-17,False
E0000819,T000270,Alimentação,73.75,2024-07-31,True
E0000820,T000270,Transporte terrestre,49.37,2024-07-31,True
E0000821,T000270,Ajuste de reembolso,-24.38,2024-08-09,False
E0000822,T000271,Alimentação,258.22,2025-05-27,True
E0000823,T000271,Transporte terrestre,117.08,2025-05-27,True
E0000824,T000271,Ajuste de reembolso,-23.37,2025-05-30,False
E0000825,T000273,Alimentação,198.67,2024-07-18,True
E0000826,T000273,Transporte terrestre,177.9,2024-07-18,True
E0000827,T000273,Ajuste de reembolso,22.29,2024-07-30,False
E0000828,T000274,Alimentação,88.72,2025-05-07,True
E0000829,T000274,Transporte terrestre,58.63,2025-05-07,True
E0000830,T000274,Ajuste de reembolso,12.91,2025-05-17,False
E0000831,T000275,Alimentação,147.83,2025-03-25,True
E0000832,T000275,Transporte terrestre,242.45,2025-03-25,True
E0000833,T000275,Ajuste de reembolso,14.74,2025-04-04,False
E0000834,T000276,Alimentação,241.57,2025-11-24,True
E0000835,T000276,Transporte terrestre,166.86,2025-11-24,True
E0000836,T000276,Ajuste de reembolso,22.31,2025-11-27,False
E0000837,T000277,Alimentação,333.77,2024-11-17,True
E0000838,T000277,Transporte terrestre,395.34,2024-11-17,True
E0000839,T000277,Ajuste de reembolso,-3.78,2024-11-22,False
E0000840,T000278,Alimentação,98.5,2024-05-04,True
E0000841,T000278,Transporte terrestre,82.28,2024-05-04,True
E0000842,T000278,Ajuste de reembolso,-6.91,2024-05-14,False
E0000843,T000280,Alimentação,750.86,2025-07-01,True
E0000844,T000280,Transporte terrestre,458.96,2025-07-01,True
E0000845,T000280,Ajuste de reembolso,22.83,2025-07-22,False
E0000846,T000281,Alimentação,286.92,2024-12-24,True
E0000847,T000281,Transporte terrestre,241.9,2024-12-24,True
E0000848,T000281,Ajuste de reembolso,24.39,2025-01-04,False
E0000849,T000282,Alimentação,194.67,2024-11-30,True
E0000850,T000282,Transporte terrestre,188.42,2024-11-30,True
E0000851,T000282,Ajuste de reembolso,36.08,2024-12-12,False
E0000852,T000283,Alimentação,590.59,2024-10-19,True
E0000853,T000283,Transporte terrestre,521.34,2024-10-19,True
E0000854,T000283,Ajuste de reembolso,-12.98,2024-11-06,False
E0000855,T000284,Alimentação,508.89,2025-07-28,True
E0000856,T000284,Transporte terrestre,320.78,2025-07-28,True
E0000857,T000284,Ajuste de reembolso,-3.16,2025-08-03,False
E0000858,T000285,Alimentação,210.83,2024-05-30,True
E0000859,T000285,Transporte terrestre,112.0,2024-05-30,True
E0000860,T000285,Ajuste de reembolso,28.41,2024-06-08,False
E0000861,T000286,Alimentação,212.44,2025-07-18,True
E0000862,T000286,Transporte terrestre,116.47,2025-07-18,True
E0000863,T000286,Ajuste de reembolso,-8.22,2025-07-31,False
E0000864,T000287,Alimentação,62.54,2025-02-18,True
E0000865,T000287,Transporte terrestre,64.41,2025-02-18,True
E0000866,T000287,Ajuste de reembolso,-0.06,2025-02-20,False
E0000867,T000288,Alimentação,394.44,2025-02-25,True
E0000868,T000288,Transporte terrestre,172.89,2025-02-25,True
E0000869,T000288,Ajuste de reembolso,6.82,2025-03-04,False
E0000870,T000289,Alimentação,371.89,2025-07-09,True
E0000871,T000289,Transporte terrestre,256.7,2025-07-09,True
E0000872,T000289,Taxa,85.12,2025-07-09,True
E0000873,T000289,Ajuste de reembolso,16.08,2025-07-20,False
E0000874,T000290,Alimentação,524.25,2024-07-25,True
E0000875,T000290,Transporte terrestre,323.86,2024-07-25,True
E0000876,T000290,Ajuste de reembolso,-7.35,2024-08-01,False
E0000877,T000291,Alimentação,684.46,2025-10-19,True
E0000878,T000291,Transporte terrestre,360.44,2025-10-19,True
E0000879,T000291,Ajuste de reembolso,-19.87,2025-10-25,False
E0000880,T000292,Alimentação,308.73,2025-05-18,True
E0000881,T000292,Transporte terrestre,416.12,2025-05-18,True
E0000882,T000292,Ajuste de reembolso,-8.49,2025-06-03,False
E0000883,T000293,Alimentação,291.07,2025-11-19,True
E0000884,T000293,Transporte terrestre,190.53,2025-11-19,True
E0000885,T000293,Ajuste de reembolso,-20.99,2025-11-27,False
E0000886,T000294,Alimentação,354.36,2024-07-02,True
E0000887,T000294,Transporte terrestre,208.05,2024-07-02,True
E0000888,T000294,Ajuste de reembolso,-15.41,2024-07-14,False
E0000889,T000295,Alimentação,311.05,2025-04-19,True
E0000890,T000295,Transporte terrestre,320.91,2025-04-19,True
E0000891,T000295,Ajuste de reembolso,-21.38,2025-05-13,False
E0000892,T000296,Alimentação,264.69,2025-03-22,True
E0000893,T000296,Transporte terrestre,262.26,2025-03-22,True
E0000894,T000296,Ajuste de reembolso,-4.32,2025-04-07,False
E0000895,T000297,Alimentação,75.61,2024-03-25,True
E0000896,T000297,Transporte terrestre,42.84,2024-03-25,True
E0000897,T000297,Ajuste de reembolso,0.27,2024-03-31,False
E0000898,T000298,Alimentação,136.61,2024-03-08,True
E0000899,T000298,Transporte terrestre,54.65,2024-03-08,True
E0000900,T000298,Ajuste de reembolso,42.05,2024-03-15,False
E0000901,T000299,Alimentação,110.33,2025-09-20,True
E0000902,T000299,Transporte terrestre,106.94,2025-09-20,True
E0000903,T000299,Ajuste de reembolso,-16.1,2025-09-30,False
E0000904,T000300,Alimentação,55.95,2025-04-03,True
E0000905,T000300,Transporte terrestre,61.24,2025-04-03,True
E0000906,T000300,Ajuste de reembolso,-7.45,2025-04-18,False
E0000907,T000301,Alimentação,672.36,2024-10-02,True
E0000908,T000301,Transporte terrestre,603.24,2024-10-02,True
E0000909,T000301,Taxa,182.97,2024-10-02,True
E0000910,T000301,Ajuste de reembolso,-19.65,2024-10-10,False
E0000911,T000302,Alimentação,239.89,2025-06-25,True
E0000912,T000302,Transporte terrestre,297.29,2025-06-25,True
E0000913,T000302,Ajuste de reembolso,21.26,2025-07-07,False
E0000914,T000304,Alimentação,416.74,2024-06-16,True
E0000915,T000304,Transporte terrestre,342.25,2024-06-16,True
E0000916,T000304,Ajuste de reembolso,30.59,2024-07-03,False
E0000917,T000305,Alimentação,183.45,2025-10-15,True
E0000918,T000305,Transporte terrestre,178.96,2025-10-15,True
E0000919,T000305,Estacionamento,196.49,2025-10-15,True
E0000920,T000305,Ajuste de reembolso,11.3,2025-11-04,False
E0000921,T000306,Alimentação,69.1,2024-02-24,True
E0000922,T000306,Transporte terrestre,69.69,2024-02-24,True
E0000923,T000306,Outros,121.59,2024-02-24,True
E0000924,T000306,Ajuste de reembolso,-9.22,2024-03-13,False
E0000925,T000307,Alimentação,380.42,2024-02-07,True
E0000926,T000307,Transporte terrestre,193.9,2024-02-07,True
E0000927,T000307,Ajuste de reembolso,-2.68,2024-02-18,False
E0000928,T000308,Alimentação,277.46,2025-10-10,True
E0000929,T000308,Transporte terrestre,174.1,2025-10-10,True
E0000930,T000308,Estacionamento,201.78,2025-10-10,True
E0000931,T000308,Ajuste de reembolso,-10.66,2025-10-25,False
E0000932,T000309,Alimentação,146.39,2024-07-24,True
E0000933,T000309,Transporte terrestre,248.63,2024-07-24,True
E0000934,T000309,Ajuste de reembolso,6.24,2024-08-04,False
E0000935,T000310,Alimentação,99.81,2024-04-23,True
E0000936,T000310,Transporte terrestre,44.72,2024-04-23,True
E0000937,T000310,Pedágio,103.86,2024-04-23,True
E0000938,T000310,Ajuste de reembolso,44.02,2024-05-07,False
E0000939,T000311,Alimentação,642.36,2025-09-04,True
E0000940,T000311,Transporte terrestre,514.98,2025-09-04,True
E0000941,T000311,Ajuste de reembolso,25.76,2025-09-11,False
E0000942,T000312,Alimentação,483.59,2025-11-07,True
E0000943,T000312,Transporte terrestre,480.32,2025-11-07,True
E0000944,T000312,Ajuste de reembolso,44.96,2025-11-24,False
E0000945,T000313,Alimentação,469.65,2025-01-22,True
E0000946,T000313,Transporte terrestre,187.84,2025-01-22,True
E0000947,T000313,Pedágio,130.08,2025-01-22,True
E0000948,T000313,Ajuste de reembolso,43.02,2025-02-13,False
E0000949,T000314,Alimentação,502.12,2024-03-04,True
E0000950,T000314,Transporte terrestre,194.76,2024-03-04,True
E0000951,T000314,Outros,269.53,2024-03-04,True
E0000952,T000314,Ajuste de reembolso,31.65,2024-03-13,False
E0000953,T000315,Alimentação,289.98,2024-12-28,True
E0000954,T000315,Transporte terrestre,231.77,2024-12-28,True
E0000955,T000315,Ajuste de reembolso,-2.17,2025-01-05,False
E0000956,T000316,Alimentação,253.84,2025-11-12,True
E0000957,T000316,Transporte terrestre,192.77,2025-11-12,True
E0000958,T000316,Ajuste de reembolso,-21.76,2025-11-25,False
E0000959,T000317,Alimentação,192.47,2024-04-19,True
E0000960,T000317,Transporte terrestre,130.34,2024-04-19,True
E0000961,T000317,Ajuste de reembolso,32.85,2024-04-29,False
E0000962,T000318,Alimentação,274.07,2024-08-26,True
E0000963,T000318,Transporte terrestre,145.46,2024-08-26,True
E0000964,T000318,Ajuste de reembolso,-3.66,2024-09-14,False
E0000965,T000319,Alimentação,340.62,2024-03-24,True
E0000966,T000319,Transporte terrestre,257.93,2024-03-24,True
E0000967,T000319,Ajuste de reembolso,-25.0,2024-04-03,False
E0000968,T000320,Alimentação,506.98,2025-06-12,True
E0000969,T000320,Transporte terrestre,272.43,2025-06-12,True
E0000970,T000320,Ajuste de reembolso,-8.51,2025-06-23,False
E0000971,T000321,Alimentação,179.49,2024-02-14,True
E0000972,T000321,Transporte terrestre,137.72,2024-02-14,True
E0000973,T000321,Ajuste de reembolso,-7.97,2024-02-25,False
E0000974,T000322,Alimentação,302.86,2024-08-08,True
E0000975,T000322,Transporte terrestre,143.5,2024-08-08,True
E0000976,T000322,Ajuste de reembolso,37.42,2024-08-21,False
E0000977,T000323,Alimentação,71.39,2025-07-09,True
E0000978,T000323,Transporte terrestre,45.31,2025-07-09,True
E0000979,T000323,Ajuste de reembolso,-23.14,2025-07-25,False
E0000980,T000324,Alimentação,461.33,2025-06-08,True
E0000981,T000324,Transporte terrestre,189.91,2025-06-08,True
E0000982,T000324,Ajuste de reembolso,40.07,2025-07-07,False
E0000983,T000325,Alimentação,251.25,2025-12-06,True
E0000984,T000325,Transporte terrestre,191.1,2025-12-06,True
E0000985,T000325,Ajuste de reembolso,22.19,2025-12-21,False
E0000986,T000326,Alimentação,377.96,2024-05-25,True
E0000987,T000326,Transporte terrestre,166.97,2024-05-25,True
E0000988,T000326,Ajuste de reembolso,-23.47,2024-06-07,False
E0000989,T000327,Alimentação,472.19,2025-04-18,True
E0000990,T000327,Transporte terrestre,420.46,2025-04-18,True
E0000991,T000327,Ajuste de reembolso,22.03,2025-04-28,False
E0000992,T000328,Alimentação,257.89,2025-06-02,True
E0000993,T000328,Transporte terrestre,247.68,2025-06-02,True
E0000994,T000328,Ajuste de reembolso,-4.16,2025-06-23,False
E0000995,T000329,Alimentação,733.62,2025-10-27,True
E0000996,T000329,Transporte terrestre,269.29,2025-10-27,True
E0000997,T000329,Ajuste de reembolso,29.62,2025-10-31,False
E0000998,T000330,Alimentação,608.88,2025-04-12,True
E0000999,T000330,Transporte terrestre,854.07,2025-04-12,True
E0001000,T000330,Taxa,229.96,2025-04-12,True
E0001001,T000330,Ajuste de reembolso,-6.7,2025-04-24,False
E0001002,T000331,Alimentação,324.56,2025-12-25,True
E0001003,T000331,Transporte terrestre,256.27,2025-12-25,True
E0001004,T000331,Estacionamento,226.62,2025-12-25,True
E0001005,T000331,Ajuste de reembolso,-13.6,2026-01-02,False
E0001006,T000332,Alimentação,167.86,2024-02-26,True
E0001007,T000332,Transporte terrestre,135.08,2024-02-26,True
E0001008,T000332,Ajuste de reembolso,29.29,2024-03-13,False
E0001009,T000333,Alimentação,76.63,2024-12-03,True
E0001010,T000333,Transporte terrestre,43.66,2024-12-03,True
E0001011,T000333,Ajuste de reembolso,-1.46,2024-12-12,False
E0001012,T000334,Alimentação,161.07,2025-04-14,True
E0001013,T000334,Transporte terrestre,168.89,2025-04-14,True
E0001014,T000334,Ajuste de reembolso,22.87,2025-04-29,False
E0001015,T000335,Alimentação,523.08,2025-04-18,True
E0001016,T000335,Transporte terrestre,488.69,2025-04-18,True
E0001017,T000335,Ajuste de reembolso,-15.07,2025-05-01,False
E0001018,T000336,Alimentação,502.72,2025-05-15,True
E0001019,T000336,Transporte terrestre,411.41,2025-05-15,True
E0001020,T000336,Ajuste de reembolso,23.86,2025-05-25,False
E0001021,T000337,Alimentação,311.06,2025-04-19,True
E0001022,T000337,Transporte terrestre,295.99,2025-04-19,True
E0001023,T000337,Ajuste de reembolso,18.62,2025-04-23,False
E0001024,T000338,Alimentação,70.26,2024-03-26,True
E0001025,T000338,Transporte terrestre,93.5,2024-03-26,True
E0001026,T000338,Ajuste de reembolso,36.13,2024-04-09,False
E0001027,T000339,Alimentação,112.3,2025-01-10,True
E0001028,T000339,Transporte terrestre,59.41,2025-01-10,True
E0001029,T000339,Ajuste de reembolso,33.13,2025-01-20,False
E0001030,T000340,Alimentação,205.06,2025-04-04,True
E0001031,T000340,Transporte terrestre,321.78,2025-04-04,True
E0001032,T000340,Ajuste de reembolso,0.29,2025-04-25,False
E0001033,T000341,Alimentação,277.73,2025-11-11,True
E0001034,T000341,Transporte terrestre,114.51,2025-11-11,True
E0001035,T000341,Ajuste de reembolso,-12.03,2025-11-25,False
E0001036,T000342,Alimentação,302.36,2025-04-18,True
E0001037,T000342,Transporte terrestre,185.32,2025-04-18,True
E0001038,T000342,Ajuste de reembolso,26.64,2025-05-03,False
E0001039,T000343,Alimentação,256.06,2025-11-09,True
E0001040,T000343,Transporte terrestre,223.43,2025-11-09,True
E0001041,T000343,Ajuste de reembolso,-19.99,2025-11-18,False
E0001042,T000344,Alimentação,118.32,2024-09-18,True
E0001043,T000344,Transporte terrestre,75.82,2024-09-18,True
E0001044,T000344,Estacionamento,119.53,2024-09-18,True
E0001045,T000344,Ajuste de reembolso,25.72,2024-09-23,False
E0001046,T000345,Alimentação,686.19,2025-08-17,True
E0001047,T000345,Transporte terrestre,393.85,2025-08-17,True
E0001048,T000345,Ajuste de reembolso,-10.44,2025-08-27,False
E0001049,T000346,Alimentação,365.8,2024-02-17,True
E0001050,T000346,Transporte terrestre,234.34,2024-02-17,True
E0001051,T000346,Taxa,106.45,2024-02-17,True
E0001052,T000346,Ajuste de reembolso,35.9,2024-03-04,False
E0001053,T000347,Alimentação,177.65,2024-08-13,True
E0001054,T000347,Transporte terrestre,110.66,2024-08-13,True
E0001055,T000347,Ajuste de reembolso,-24.93,2024-08-23,False
E0001056,T000348,Alimentação,349.33,2024-09-27,True
E0001057,T000348,Transporte terrestre,227.62,2024-09-27,True
E0001058,T000348,Ajuste de reembolso,42.19,2024-10-02,False
E0001059,T000349,Alimentação,472.92,2024-06-06,True
E0001060,T000349,Transporte terrestre,174.56,2024-06-06,True
E0001061,T000349,Ajuste de reembolso,3.32,2024-06-19,False
E0001062,T000350,Alimentação,447.99,2024-10-16,True
E0001063,T000350,Transporte terrestre,306.77,2024-10-16,True
E0001064,T000350,Ajuste de reembolso,-12.34,2024-10-26,False
E0001065,T000351,Alimentação,258.63,2025-07-17,True
E0001066,T000351,Transporte terrestre,320.4,2025-07-17,True
E0001067,T000351,Ajuste de reembolso,3.25,2025-07-26,False
E0001068,T000352,Alimentação,204.42,2025-11-07,True
E0001069,T000352,Transporte terrestre,302.07,2025-11-07,True
E0001070,T000352,Ajuste de reembolso,26.7,2025-11-20,False
E0001071,T000353,Alimentação,231.05,2025-10-08,True
E0001072,T000353,Transporte terrestre,164.8,2025-10-08,True
E0001073,T000353,Ajuste de reembolso,-5.33,2025-10-16,False
E0001074,T000354,Alimentação,305.52,2024-11-04,True
E0001075,T000354,Transporte terrestre,193.9,2024-11-04,True
E0001076,T000354,Ajuste de reembolso,26.22,2024-11-18,False
E0001077,T000355,Alimentação,564.06,2025-02-18,True
E0001078,T000355,Transporte terrestre,212.76,2025-02-18,True
E0001079,T000355,Ajuste de reembolso,-17.52,2025-02-27,False
E0001080,T000356,Alimentação,71.8,2024-05-08,True
E0001081,T000356,Transporte terrestre,50.58,2024-05-08,True
E0001082,T000356,Ajuste de reembolso,29.67,2024-05-13,False
E0001083,T000357,Alimentação,318.69,2024-12-09,True
E0001084,T000357,Transporte terrestre,127.25,2024-12-09,True
E0001085,T000357,Ajuste de reembolso,-12.06,2024-12-21,False
E0001086,T000358,Alimentação,384.58,2024-07-05,True
E0001087,T000358,Transporte terrestre,146.25,2024-07-05,True
E0001088,T000358,Outros,186.68,2024-07-05,True
E0001089,T000358,Ajuste de reembolso,-20.38,2024-07-28,False
E0001090,T000359,Alimentação,308.01,2024-06-13,True
E0001091,T000359,Transporte terrestre,181.97,2024-06-13,True
E0001092,T000359,Ajuste de reembolso,-3.13,2024-06-29,False
E0001093,T000360,Alimentação,409.2,2025-10-08,True
E0001094,T000360,Transporte terrestre,289.03,2025-10-08,True
E0001095,T000360,Ajuste de reembolso,30.48,2025-10-20,False
E0001096,T000361,Alimentação,546.95,2025-08-29,True
E0001097,T000361,Transporte terrestre,304.29,2025-08-29,True
E0001098,T000361,Taxa,68.48,2025-08-29,True
E0001099,T000361,Ajuste de reembolso,22.86,2025-09-06,False
E0001100,T000362,Alimentação,302.04,2024-08-27,True
E0001101,T000362,Transporte terrestre,154.68,2024-08-27,True
E0001102,T000362,Estacionamento,170.14,2024-08-27,True
E0001103,T000362,Ajuste de reembolso,34.5,2024-09-14,False
E0001104,T000363,Alimentação,420.49,2025-04-23,True
E0001105,T000363,Transporte terrestre,158.27,2025-04-23,True
E0001106,T000363,Outros,204.65,2025-04-23,True
E0001107,T000363,Ajuste de reembolso,-1.56,2025-05-04,False
E0001108,T000364,Alimentação,344.71,2024-09-09,True
E0001109,T000364,Transporte terrestre,208.18,2024-09-09,True
E0001110,T000364,Ajuste de reembolso,26.53,2024-09-23,False
E0001111,T000365,Alimentação,199.0,2024-02-19,True
E0001112,T000365,Transporte terrestre,93.77,2024-02-19,True
E0001113,T000365,Ajuste de reembolso,42.21,2024-02-27,False
E0001114,T000366,Alimentação,108.54,2024-08-14,True
E0001115,T000366,Transporte terrestre,139.99,2024-08-14,True
E0001116,T000366,Ajuste de reembolso,25.14,2024-09-01,False
E0001117,T000367,Alimentação,659.85,2025-03-06,True
E0001118,T000367,Transporte terrestre,250.93,2025-03-06,True
E0001119,T000367,Taxa,53.92,2025-03-06,True
E0001120,T000367,Ajuste de reembolso,33.43,2025-03-24,False
E0001121,T000368,Alimentação,195.81,2024-10-08,True
E0001122,T000368,Transporte terrestre,118.35,2024-10-08,True
E0001123,T000368,Ajuste de reembolso,0.71,2024-10-18,False
E0001124,T000369,Alimentação,251.57,2024-10-25,True
E0001125,T000369,Transporte terrestre,122.34,2024-10-25,True
E0001126,T000369,Taxa,245.0,2024-10-25,True
E0001127,T000369,Ajuste de reembolso,18.67,2024-10-29,False
E0001128,T000370,Alimentação,441.14,2024-07-30,True
E0001129,T000370,Transporte terrestre,368.86,2024-07-30,True
E0001130,T000370,Ajuste de reembolso,9.09,2024-08-10,False
E0001131,T000371,Alimentação,338.22,2024-07-23,True
E0001132,T000371,Transporte terrestre,388.02,2024-07-23,True
E0001133,T000371,Ajuste de reembolso,-20.84,2024-08-01,False
E0001134,T000372,Alimentação,138.62,2024-12-30,True
E0001135,T000372,Transporte terrestre,130.7,2024-12-30,True
E0001136,T000372,Ajuste de reembolso,-10.71,2025-01-09,False
E0001137,T000373,Alimentação,258.18,2025-09-15,True
E0001138,T000373,Transporte terrestre,126.35,2025-09-15,True
E0001139,T000373,Ajuste de reembolso,28.45,2025-09-20,False
E0001140,T000374,Alimentação,192.65,2025-12-02,True
E0001141,T000374,Transporte terrestre,138.52,2025-12-02,True
E0001142,T000374,Outros,99.3,2025-12-02,True
E0001143,T000374,Ajuste de reembolso,-17.92,2025-12-10,False
E0001144,T000375,Alimentação,265.08,2025-06-30,True
E0001145,T000375,Transporte terrestre,376.84,2025-06-30,True
E0001146,T000375,Ajuste de reembolso,10.98,2025-07-07,False
E0001147,T000376,Alimentação,119.34,2025-01-11,True
E0001148,T000376,Transporte terrestre,58.65,2025-01-11,True
E0001149,T000376,Ajuste de reembolso,-10.08,2025-01-15,False
E0001150,T000377,Alimentação,192.62,2024-04-24,True
E0001151,T000377,Transporte terrestre,289.79,2024-04-24,True
E0001152,T000377,Ajuste de reembolso,3.3,2024-04-28,False
E0001153,T000378,Alimentação,78.24,2025-09-12,True
E0001154,T000378,Transporte terrestre,58.76,2025-09-12,True
E0001155,T000378,Ajuste de reembolso,2.29,2025-09-17,False
E0001156,T000379,Alimentação,271.25,2024-04-06,True
E0001157,T000379,Transporte terrestre,243.21,2024-04-06,True
E0001158,T000379,Ajuste de reembolso,-21.35,2024-04-15,False
E0001159,T000380,Alimentação,370.81,2024-05-17,True
E0001160,T000380,Transporte terrestre,205.92,2024-05-17,True
E0001161,T000380,Ajuste de reembolso,-16.99,2024-06-11,False
E0001162,T000381,Alimentação,232.08,2025-05-11,True
E0001163,T000381,Transporte terrestre,123.91,2025-05-11,True
E0001164,T000381,Ajuste de reembolso,41.4,2025-05-26,False
E0001165,T000382,Alimentação,251.24,2025-05-29,True
E0001166,T000382,Transporte terrestre,164.28,2025-05-29,True
E0001167,T000382,Ajuste de reembolso,22.19,2025-06-12,False
E0001168,T000383,Alimentação,87.07,2024-05-28,True
E0001169,T000383,Transporte terrestre,64.2,2024-05-28,True
E0001170,T000383,Ajuste de reembolso,-12.28,2024-06-03,False
E0001171,T000384,Alimentação,423.69,2024-06-06,True
E0001172,T000384,Transporte terrestre,251.17,2024-06-06,True
E0001173,T000384,Estacionamento,96.6,2024-06-06,True
E0001174,T000384,Ajuste de reembolso,-8.26,2024-06-25,False
E0001175,T000385,Alimentação,69.64,2025-04-06,True
E0001176,T000385,Transporte terrestre,41.36,2025-04-06,True
E0001177,T000385,Ajuste de reembolso,30.47,2025-04-18,False
E0001178,T000386,Alimentação,280.93,2025-03-19,True
E0001179,T000386,Transporte terrestre,220.87,2025-03-19,True
E0001180,T000386,Ajuste de reembolso,-5.5,2025-03-31,False
E0001181,T000387,Alimentação,72.08,2024-10-19,True
E0001182,T000387,Transporte terrestre,66.05,2024-10-19,True
E0001183,T000387,Ajuste de reembolso,2.46,2024-10-21,False
E0001184,T000388,Alimentação,58.76,2025-08-06,True
E0001185,T000388,Transporte terrestre,62.09,2025-08-06,True
E0001186,T000388,Taxa,140.69,2025-08-06,True
E0001187,T000388,Ajuste de reembolso,34.85,2025-08-13,False
E0001188,T000389,Alimentação,279.91,2025-09-12,True
E0001189,T000389,Transporte terrestre,103.71,2025-09-12,True
E0001190,T000389,Estacionamento,93.87,2025-09-12,True
E0001191,T000389,Ajuste de reembolso,-7.48,2025-09-30,False
E0001192,T000390,Alimentação,190.54,2024-11-17,True
E0001193,T000390,Transporte terrestre,179.25,2024-11-17,True
E0001194,T000390,Ajuste de reembolso,-19.75,2024-11-20,False
E0001195,T000391,Alimentação,334.4,2024-06-24,True
E0001196,T000391,Transporte terrestre,183.0,2024-06-24,True
E0001197,T000391,Ajuste de reembolso,8.38,2024-07-03,False
E0001198,T000392,Alimentação,149.39,2025-04-11,True
E0001199,T000392,Transporte terrestre,133.46,2025-04-11,True
E0001200,T000392,Outros,142.52,2025-04-11,True
E0001201,T000392,Ajuste de reembolso,14.04,2025-04-24,False
E0001202,T000393,Alimentação,290.56,2025-01-09,True
E0001203,T000393,Transporte terrestre,221.74,2025-01-09,True
E0001204,T000393,Ajuste de reembolso,2.47,2025-01-23,False
E0001205,T000394,Alimentação,355.88,2025-05-16,True
E0001206,T000394,Transporte terrestre,138.21,2025-05-16,True
E0001207,T000394,Ajuste de reembolso,17.04,2025-05-24,False
E0001208,T000395,Alimentação,721.64,2024-03-27,True
E0001209,T000395,Transporte terrestre,315.79,2024-03-27,True
E0001210,T000395,Estacionamento,248.46,2024-03-27,True
E0001211,T000395,Ajuste de reembolso,-2.08,2024-04-04,False
E0001212,T000396,Alimentação,274.03,2024-12-10,True
E0001213,T000396,Transporte terrestre,175.67,2024-12-10,True
E0001214,T000396,Ajuste de reembolso,34.16,2024-12-27,False
E0001215,T000397,Alimentação,215.69,2024-01-22,True
E0001216,T000397,Transporte terrestre,156.67,2024-01-22,True
E0001217,T000397,Ajuste de reembolso,31.67,2024-02-04,False
E0001218,T000398,Alimentação,438.35,2024-10-10,True
E0001219,T000398,Transporte terrestre,213.6,2024-10-10,True
E0001220,T000398,Ajuste de reembolso,3.81,2024-10-20,False
E0001221,T000399,Alimentação,281.39,2025-08-11,True
E0001222,T000399,Transporte terrestre,168.94,2025-08-11,True
E0001223,T000399,Ajuste de reembolso,10.01,2025-08-29,False
E0001224,T000400,Alimentação,388.1,2025-10-27,True
E0001225,T000400,Transporte terrestre,244.74,2025-10-27,True
E0001226,T000400,Outros,256.64,2025-10-27,True
E0001227,T000400,Ajuste de reembolso,-24.71,2025-11-10,False
E0001228,T000401,Alimentação,110.05,2024-11-29,True
E0001229,T000401,Transporte terrestre,63.17,2024-11-29,True
E0001230,T000401,Ajuste de reembolso,-22.17,2024-12-10,False
E0001231,T000402,Alimentação,115.12,2025-04-13,True
E0001232,T000402,Transporte terrestre,67.41,2025-04-13,True
E0001233,T000402,Ajuste de reembolso,6.41,2025-04-21,False
E0001234,T000403,Alimentação,308.81,2025-09-06,True
E0001235,T000403,Transporte terrestre,163.06,2025-09-06,True
E0001236,T000403,Ajuste de reembolso,-14.93,2025-09-17,False
E0001237,T000404,Alimentação,340.98,2025-04-21,True
E0001238,T000404,Transporte terrestre,358.95,2025-04-21,True
E0001239,T000404,Ajuste de reembolso,40.69,2025-05-02,False
E0001240,T000405,Alimentação,435.82,2024-02-18,True
E0001241,T000405,Transporte terrestre,175.23,2024-02-18,True
E0001242,T000405,Ajuste de reembolso,-7.19,2024-02-29,False
E0001243,T000406,Alimentação,225.8,2024-08-29,True
E0001244,T000406,Transporte terrestre,134.76,2024-08-29,True
E0001245,T000406,Ajuste de reembolso,40.44,2024-09-07,False
E0001246,T000407,Alimentação,228.16,2025-04-27,True
E0001247,T000407,Transporte terrestre,273.68,2025-04-27,True
E0001248,T000407,Ajuste de reembolso,6.4,2025-04-30,False
E0001249,T000408,Alimentação,253.53,2025-12-04,True
E0001250,T000408,Transporte terrestre,400.59,2025-12-04,True
E0001251,T000408,Ajuste de reembolso,11.97,2025-12-14,False
E0001252,T000409,Alimentação,306.32,2025-08-11,True
E0001253,T000409,Transporte terrestre,191.96,2025-08-11,True
E0001254,T000409,Ajuste de reembolso,42.63,2025-08-16,False
E0001255,T000410,Alimentação,179.16,2024-03-13,True
E0001256,T000410,Transporte terrestre,131.71,2024-03-13,True
E0001257,T000410,Ajuste de reembolso,15.38,2024-03-29,False
E0001258,T000411,Alimentação,268.97,2025-09-18,True
E0001259,T000411,Transporte terrestre,124.87,2025-09-18,True
E0001260,T000411,Ajuste de reembolso,-12.38,2025-10-02,False
E0001261,T000412,Alimentação,383.37,2024-08-19,True
E0001262,T000412,Transporte terrestre,231.75,2024-08-19,True
E0001263,T000412,Ajuste de reembolso,-19.23,2024-08-30,False
E0001264,T000413,Alimentação,388.42,2024-07-21,True
E0001265,T000413,Transporte terrestre,428.03,2024-07-21,True
E0001266,T000413,Ajuste de reembolso,-13.81,2024-08-11,False
E0001267,T000414,Alimentação,260.81,2025-04-19,True
E0001268,T000414,Transporte terrestre,143.17,2025-04-19,True
E0001269,T000414,Outros,85.0,2025-04-19,True
E0001270,T000414,Ajuste de reembolso,38.36,2025-04-27,False
E0001271,T000415,Alimentação,198.67,2024-05-27,True
E0001272,T000415,Transporte terrestre,101.09,2024-05-27,True
E0001273,T000415,Ajuste de reembolso,26.01,2024-06-05,False
E0001274,T000416,Alimentação,459.52,2025-05-09,True
E0001275,T000416,Transporte terrestre,194.9,2025-05-09,True
E0001276,T000416,Ajuste de reembolso,8.05,2025-05-19,False
E0001277,T000417,Alimentação,156.67,2024-06-14,True
E0001278,T000417,Transporte terrestre,94.5,2024-06-14,True
E0001279,T000417,Outros,195.63,2024-06-14,True
E0001280,T000417,Ajuste de reembolso,43.56,2024-06-19,False
E0001281,T000418,Alimentação,96.38,2024-04-07,True
E0001282,T000418,Transporte terrestre,85.92,2024-04-07,True
E0001283,T000418,Ajuste de reembolso,23.84,2024-04-24,False
E0001284,T000419,Alimentação,144.04,2024-06-25,True
E0001285,T000419,Transporte terrestre,146.73,2024-06-25,True
E0001286,T000419,Pedágio,65.6,2024-06-25,True
E0001287,T000419,Ajuste de reembolso,5.53,2024-07-05,False
E0001288,T000420,Alimentação,355.23,2024-06-30,True
E0001289,T000420,Transporte terrestre,331.39,2024-06-30,True
E0001290,T000420,Ajuste de reembolso,40.0,2024-07-10,False
E0001291,T000421,Alimentação,190.23,2024-10-05,True
E0001292,T000421,Transporte terrestre,151.73,2024-10-05,True
E0001293,T000421,Outros,149.93,2024-10-05,True
E0001294,T000421,Ajuste de reembolso,-17.98,2024-10-12,False
E0001295,T000422,Alimentação,151.08,2025-03-24,True
E0001296,T000422,Transporte terrestre,89.3,2025-03-24,True
E0001297,T000422,Estacionamento,190.76,2025-03-24,True
E0001298,T000422,Ajuste de reembolso,39.45,2025-04-03,False
E0001299,T000423,Alimentação,727.8,2025-05-06,True
E0001300,T000423,Transporte terrestre,182.78,2025-05-06,True
E0001301,T000423,Ajuste de reembolso,-21.54,2025-05-18,False
E0001302,T000424,Alimentação,259.4,2025-11-06,True
E0001303,T000424,Transporte terrestre,185.48,2025-11-06,True
E0001304,T000424,Estacionamento,227.43,2025-11-06,True
E0001305,T000424,Ajuste de reembolso,36.59,2025-11-19,False
E0001306,T000425,Alimentação,406.75,2025-10-05,True
E0001307,T000425,Transporte terrestre,209.54,2025-10-05,True
E0001308,T000425,Ajuste de reembolso,-2.44,2025-10-26,False
E0001309,T000426,Alimentação,165.97,2025-06-04,True
E0001310,T000426,Transporte terrestre,125.95,2025-06-04,True
E0001311,T000426,Ajuste de reembolso,-4.71,2025-06-13,False
E0001312,T000427,Alimentação,407.48,2025-01-04,True
E0001313,T000427,Transporte terrestre,284.4,2025-01-04,True
E0001314,T000427,Ajuste de reembolso,-5.7,2025-01-26,False
E0001315,T000428,Alimentação,167.28,2024-09-14,True
E0001316,T000428,Transporte terrestre,117.78,2024-09-14,True
E0001317,T000428,Ajuste de reembolso,-6.49,2024-09-28,False
E0001318,T000429,Alimentação,660.92,2024-04-27,True
E0001319,T000429,Transporte terrestre,174.18,2024-04-27,True
E0001320,T000429,Ajuste de reembolso,-9.85,2024-05-09,False
E0001321,T000430,Alimentação,143.68,2024-10-12,True
E0001322,T000430,Transporte terrestre,110.58,2024-10-12,True
E0001323,T000430,Ajuste de reembolso,4.78,2024-10-26,False
E0001324,T000431,Alimentação,396.65,2025-03-29,True
E0001325,T000431,Transporte terrestre,263.95,2025-03-29,True
E0001326,T000431,Estacionamento,121.02,2025-03-29,True
E0001327,T000431,Ajuste de reembolso,-16.01,2025-04-17,False
E0001328,T000432,Alimentação,233.66,2025-10-20,True
E0001329,T000432,Transporte terrestre,299.68,2025-10-20,True
E0001330,T000432,Ajuste de reembolso,-3.68,2025-10-30,False
E0001331,T000433,Alimentação,426.83,2024-09-15,True
E0001332,T000433,Transporte terrestre,151.64,2024-09-15,True
E0001333,T000433,Ajuste de reembolso,26.01,2024-09-27,False
E0001334,T000434,Alimentação,50.15,2025-09-02,True
E0001335,T000434,Transporte terrestre,65.84,2025-09-02,True
E0001336,T000434,Ajuste de reembolso,31.03,2025-09-19,False
E0001337,T000435,Alimentação,220.27,2024-10-09,True
E0001338,T000435,Transporte terrestre,153.14,2024-10-09,True
E0001339,T000435,Ajuste de reembolso,40.15,2024-10-24,False
E0001340,T000436,Alimentação,361.63,2025-08-31,True
E0001341,T000436,Transporte terrestre,243.57,2025-08-31,True
E0001342,T000436,Ajuste de reembolso,-23.4,2025-09-11,False
E0001343,T000437,Alimentação,120.47,2024-08-03,True
E0001344,T000437,Transporte terrestre,135.74,2024-08-03,True
E0001345,T000437,Ajuste de reembolso,-6.11,2024-08-18,False
E0001346,T000438,Alimentação,175.08,2025-07-08,True
E0001347,T000438,Transporte terrestre,206.76,2025-07-08,True
E0001348,T000438,Ajuste de reembolso,9.55,2025-07-10,False
E0001349,T000439,Alimentação,40.67,2025-11-08,True
E0001350,T000439,Transporte terrestre,86.47,2025-11-08,True
E0001351,T000439,Ajuste de reembolso,27.43,2025-11-18,False
E0001352,T000440,Alimentação,267.02,2024-09-29,True
E0001353,T000440,Transporte terrestre,192.73,2024-09-29,True
E0001354,T000440,Estacionamento,254.86,2024-09-29,True
E0001355,T000440,Ajuste de reembolso,-9.22,2024-10-13,False
E0001356,T000441,Alimentação,115.72,2025-04-16,True
E0001357,T000441,Transporte terrestre,220.09,2025-04-16,True
E0001358,T000441,Ajuste de reembolso,42.7,2025-04-28,False
E0001359,T000442,Alimentação,880.24,2025-01-23,True
E0001360,T000442,Transporte terrestre,601.79,2025-01-23,True
E0001361,T000442,Ajuste de reembolso,29.46,2025-02-09,False
E0001362,T000443,Alimentação,531.05,2024-09-04,True
E0001363,T000443,Transporte terrestre,247.93,2024-09-04,True
E0001364,T000443,Outros,58.65,2024-09-04,True
E0001365,T000443,Ajuste de reembolso,-20.87,2024-09-12,False
E0001366,T000444,Alimentação,99.64,2025-08-02,True
E0001367,T000444,Transporte terrestre,73.26,2025-08-02,True
E0001368,T000444,Ajuste de reembolso,3.24,2025-08-09,False
E0001369,T000445,Alimentação,181.54,2024-01-27,True
E0001370,T000445,Transporte terrestre,138.41,2024-01-27,True
E0001371,T000445,Ajuste de reembolso,30.54,2024-02-04,False
E0001372,T000446,Alimentação,297.87,2024-02-29,True
E0001373,T000446,Transporte terrestre,297.44,2024-02-29,True
E0001374,T000446,Ajuste de reembolso,-7.94,2024-03-11,False
E0001375,T000447,Alimentação,131.0,2025-12-21,True
E0001376,T000447,Transporte terrestre,134.14,2025-12-21,True
E0001377,T000447,Ajuste de reembolso,-4.37,2025-12-31,False
E0001378,T000448,Alimentação,589.04,2024-02-26,True
E0001379,T000448,Transporte terrestre,184.43,2024-02-26,True
E0001380,T000448,Ajuste de reembolso,26.02,2024-03-06,False
E0001381,T000449,Alimentação,189.47,2025-03-20,True
E0001382,T000449,Transporte terrestre,108.99,2025-03-20,True
E0001383,T000449,Ajuste de reembolso,-6.64,2025-03-24,False
E0001384,T000450,Alimentação,87.52,2025-09-03,True
E0001385,T000450,Transporte terrestre,69.31,2025-09-03,True
E0001386,T000450,Ajuste de reembolso,4.12,2025-09-15,False
E0001387,T000451,Alimentação,465.13,2025-02-08,True
E0001388,T000451,Transporte terrestre,326.83,2025-02-08,True
E0001389,T000451,Ajuste de reembolso,31.26,2025-02-26,False
E0001390,T000452,Alimentação,443.27,2024-07-30,True
E0001391,T000452,Transporte terrestre,240.79,2024-07-30,True
E0001392,T000452,Outros,129.74,2024-07-30,True
E0001393,T000452,Ajuste de reembolso,-20.61,2024-08-12,False
E0001394,T000453,Alimentação,570.64,2025-09-03,True
E0001395,T000453,Transporte terrestre,249.82,2025-09-03,True
E0001396,T000453,Outros,230.0,2025-09-03,True
E0001397,T000453,Ajuste de reembolso,-2.31,2025-09-23,False
E0001398,T000454,Alimentação,588.91,2025-04-06,True
E0001399,T000454,Transporte terrestre,166.17,2025-04-06,True
E0001400,T000454,Ajuste de reembolso,13.68,2025-04-10,False
E0001401,T000455,Alimentação,336.05,2025-04-04,True
E0001402,T000455,Transporte terrestre,284.16,2025-04-04,True
E0001403,T000455,Ajuste de reembolso,28.27,2025-04-21,False
E0001404,T000456,Alimentação,321.41,2024-07-19,True
E0001405,T000456,Transporte terrestre,210.47,2024-07-19,True
E0001406,T000456,Ajuste de reembolso,-11.29,2024-07-22,False
E0001407,T000457,Alimentação,746.06,2024-09-03,True
E0001408,T000457,Transporte terrestre,316.2,2024-09-03,True
E0001409,T000457,Ajuste de reembolso,35.94,2024-09-18,False
E0001410,T000458,Alimentação,138.27,2024-04-09,True
E0001411,T000458,Transporte terrestre,147.25,2024-04-09,True
E0001412,T000458,Ajuste de reembolso,7.15,2024-04-15,False
E0001413,T000459,Alimentação,140.87,2025-04-05,True
E0001414,T000459,Transporte terrestre,93.62,2025-04-05,True
E0001415,T000459,Ajuste de reembolso,11.64,2025-04-18,False
E0001416,T000460,Alimentação,418.33,2025-09-25,True
E0001417,T000460,Transporte terrestre,340.39,2025-09-25,True
E0001418,T000460,Ajuste de reembolso,5.39,2025-10-14,False
E0001419,T000461,Alimentação,163.93,2024-10-16,True
E0001420,T000461,Transporte terrestre,93.9,2024-10-16,True
E0001421,T000461,Ajuste de reembolso,29.01,2024-10-21,False
E0001422,T000462,Alimentação,312.64,2024-11-03,True
E0001423,T000462,Transporte terrestre,207.52,2024-11-03,True
E0001424,T000462,Estacionamento,201.04,2024-11-03,True
E0001425,T000462,Ajuste de reembolso,3.86,2024-11-13,False
E0001426,T000463,Alimentação,443.05,2024-11-01,True
E0001427,T000463,Transporte terrestre,334.46,2024-11-01,True
E0001428,T000463,Ajuste de reembolso,0.32,2024-11-11,False
E0001429,T000464,Alimentação,404.38,2024-08-25,True
E0001430,T000464,Transporte terrestre,495.37,2024-08-25,True
E0001431,T000464,Ajuste de reembolso,-5.63,2024-09-08,False
E0001432,T000465,Alimentação,194.93,2024-08-30,True
E0001433,T000465,Transporte terrestre,105.24,2024-08-30,True
E0001434,T000465,Ajuste de reembolso,-1.65,2024-09-05,False
E0001435,T000466,Alimentação,288.78,2024-02-19,True
E0001436,T000466,Transporte terrestre,166.3,2024-02-19,True
E0001437,T000466,Ajuste de reembolso,10.98,2024-02-27,False
E0001438,T000467,Alimentação,52.6,2025-03-16,True
E0001439,T000467,Transporte terrestre,43.17,2025-03-16,True
E0001440,T000467,Ajuste de reembolso,-23.39,2025-03-23,False
E0001441,T000468,Alimentação,349.57,2025-08-06,True
E0001442,T000468,Transporte terrestre,218.62,2025-08-06,True
E0001443,T000468,Ajuste de reembolso,-9.13,2025-08-19,False
E0001444,T000469,Alimentação,95.04,2024-01-24,True
E0001445,T000469,Transporte terrestre,189.66,2024-01-24,True
E0001446,T000469,Outros,171.66,2024-01-24,True
E0001447,T000469,Ajuste de reembolso,-7.88,2024-02-01,False
E0001448,T000470,Alimentação,95.82,2024-11-27,True
E0001449,T000470,Transporte terrestre,98.22,2024-11-27,True
E0001450,T000470,Ajuste de reembolso,-4.59,2024-12-09,False
E0001451,T000471,Alimentação,201.0,2024-07-05,True
E0001452,T000471,Transporte terrestre,207.43,2024-07-05,True
E0001453,T000471,Ajuste de reembolso,32.97,2024-07-19,False
E0001454,T000472,Alimentação,550.53,2024-07-27,True
E0001455,T000472,Transporte terrestre,330.62,2024-07-27,True
E0001456,T000472,Ajuste de reembolso,16.89,2024-08-01,False
E0001457,T000473,Alimentação,369.16,2025-07-01,True
E0001458,T000473,Transporte terrestre,83.03,2025-07-01,True
E0001459,T000473,Pedágio,156.76,2025-07-01,True
E0001460,T000473,Ajuste de reembolso,9.62,2025-07-14,False
E0001461,T000474,Alimentação,500.95,2024-01-31,True
E0001462,T000474,Transporte terrestre,242.58,2024-01-31,True
E0001463,T000474,Ajuste de reembolso,35.1,2024-02-08,False
E0001464,T000475,Alimentação,134.9,2024-12-06,True
E0001465,T000475,Transporte terrestre,294.13,2024-12-06,True
E0001466,T000475,Ajuste de reembolso,20.05,2024-12-21,False
E0001467,T000476,Alimentação,100.23,2024-09-25,True
E0001468,T000476,Transporte terrestre,89.24,2024-09-25,True
E0001469,T000476,Ajuste de reembolso,27.83,2024-09-29,False
E0001470,T000477,Alimentação,279.55,2024-07-18,True
E0001471,T000477,Transporte terrestre,260.11,2024-07-18,True
E0001472,T000477,Ajuste de reembolso,29.43,2024-07-30,False
E0001473,T000478,Alimentação,363.84,2025-03-24,True
E0001474,T000478,Transporte terrestre,166.79,2025-03-24,True
E0001475,T000478,Ajuste de reembolso,34.63,2025-04-12,False
E0001476,T000479,Alimentação,805.53,2024-01-14,True
E0001477,T000479,Transporte terrestre,208.41,2024-01-14,True
E0001478,T000479,Ajuste de reembolso,3.74,2024-01-19,False
E0001479,T000480,Alimentação,388.44,2024-06-24,True
E0001480,T000480,Transporte terrestre,177.05,2024-06-24,True
E0001481,T000480,Ajuste de reembolso,36.77,2024-07-01,False
E0001482,T000481,Alimentação,473.56,2025-05-22,True
E0001483,T000481,Transporte terrestre,280.47,2025-05-22,True
E0001484,T000481,Ajuste de reembolso,-15.45,2025-06-02,False
E0001485,T000482,Alimentação,179.98,2025-11-22,True
E0001486,T000482,Transporte terrestre,195.03,2025-11-22,True
E0001487,T000482,Ajuste de reembolso,15.48,2025-12-06,False
E0001488,T000483,Alimentação,225.08,2024-11-23,True
E0001489,T000483,Transporte terrestre,108.0,2024-11-23,True
E0001490,T000483,Ajuste de reembolso,-24.22,2024-12-04,False
E0001491,T000484,Alimentação,343.59,2024-01-06,True
E0001492,T000484,Transporte terrestre,200.61,2024-01-06,True
E0001493,T000484,Ajuste de reembolso,40.31,2024-01-19,False
E0001494,T000485,Alimentação,499.31,2025-10-31,True
E0001495,T000485,Transporte terrestre,300.72,2025-10-31,True
E0001496,T000485,Ajuste de reembolso,6.17,2025-11-11,False
E0001497,T000486,Alimentação,322.98,2025-05-03,True
E0001498,T000486,Transporte terrestre,291.03,2025-05-03,True
E0001499,T000486,Outros,181.86,2025-05-03,True
E0001500,T000486,Ajuste de reembolso,3.94,2025-05-20,False
E0001501,T000487,Alimentação,95.41,2024-10-19,True
E0001502,T000487,Transporte terrestre,53.51,2024-10-19,True
E0001503,T000487,Ajuste de reembolso,20.15,2024-10-21,False
E0001504,T000488,Alimentação,233.32,2024-09-07,True
E0001505,T000488,Transporte terrestre,99.15,2024-09-07,True
E0001506,T000488,Ajuste de reembolso,-15.85,2024-09-13,False
E0001507,T000489,Alimentação,308.72,2024-10-10,True
E0001508,T000489,Transporte terrestre,272.69,2024-10-10,True
E0001509,T000489,Ajuste de reembolso,28.6,2024-10-23,False
E0001510,T000490,Alimentação,301.18,2024-07-29,True
E0001511,T000490,Transporte terrestre,185.9,2024-07-29,True
E0001512,T000490,Ajuste de reembolso,42.78,2024-08-11,False
E0001513,T000491,Alimentação,580.95,2025-03-30,True
E0001514,T000491,Transporte terrestre,368.95,2025-03-30,True
E0001515,T000491,Ajuste de reembolso,41.72,2025-04-08,False
E0001516,T000492,Alimentação,347.53,2025-03-25,True
E0001517,T000492,Transporte terrestre,206.86,2025-03-25,True
E0001518,T000492,Taxa,109.15,2025-03-25,True
E0001519,T000492,Ajuste de reembolso,40.1,2025-04-04,False
E0001520,T000493,Alimentação,268.47,2025-01-27,True
E0001521,T000493,Transporte terrestre,125.84,2025-01-27,True
E0001522,T000493,Ajuste de reembolso,26.17,2025-02-06,False
E0001523,T000494,Alimentação,272.12,2025-11-01,True
E0001524,T000494,Transporte terrestre,235.15,2025-11-01,True
E0001525,T000494,Ajuste de reembolso,-24.18,2025-11-12,False
E0001526,T000495,Alimentação,88.37,2025-08-26,True
E0001527,T000495,Transporte terrestre,56.68,2025-08-26,True
E0001528,T000495,Ajuste de reembolso,33.68,2025-09-10,False
E0001529,T000496,Alimentação,465.97,2025-06-26,True
E0001530,T000496,Transporte terrestre,184.3,2025-06-26,True
E0001531,T000496,Outros,62.31,2025-06-26,True
E0001532,T000496,Ajuste de reembolso,-1.74,2025-07-11,False
E0001533,T000497,Alimentação,233.46,2024-12-03,True
E0001534,T000497,Transporte terrestre,186.76,2024-12-03,True
E0001535,T000497,Ajuste de reembolso,40.46,2024-12-13,False
E0001536,T000498,Alimentação,161.82,2024-06-17,True
E0001537,T000498,Transporte terrestre,95.65,2024-06-17,True
E0001538,T000498,Pedágio,116.66,2024-06-17,True
E0001539,T000498,Ajuste de reembolso,12.12,2024-06-30,False
E0001540,T000499,Alimentação,132.62,2025-10-26,True
E0001541,T000499,Transporte terrestre,72.58,2025-10-26,True
E0001542,T000499,Ajuste de reembolso,-9.76,2025-11-17,False
E0001543,T000500,Alimentação,345.58,2024-07-25,True
E0001544,T000500,Transporte terrestre,210.86,2024-07-25,True
E0001545,T000500,Ajuste de reembolso,-5.7,2024-08-05,False
E0001546,T000501,Alimentação,263.25,2024-10-02,True
E0001547,T000501,Transporte terrestre,185.35,2024-10-02,True
E0001548,T000501,Ajuste de reembolso,-17.15,2024-10-08,False
E0001549,T000502,Alimentação,70.22,2024-12-29,True
E0001550,T000502,Transporte terrestre,61.27,2024-12-29,True
E0001551,T000502,Ajuste de reembolso,-24.6,2025-01-13,False
E0001552,T000503,Alimentação,1063.45,2024-07-20,True
E0001553,T000503,Transporte terrestre,390.59,2024-07-20,True
E0001554,T000503,Ajuste de reembolso,14.56,2024-08-03,False
E0001555,T000504,Alimentação,344.97,2024-10-14,True
E0001556,T000504,Transporte terrestre,228.96,2024-10-14,True
E0001557,T000504,Ajuste de reembolso,22.97,2024-10-31,False
E0001558,T000505,Alimentação,75.73,2025-04-04,True
E0001559,T000505,Transporte terrestre,72.12,2025-04-04,True
E0001560,T000505,Ajuste de reembolso,4.26,2025-04-22,False
E0001561,T000506,Alimentação,249.47,2024-03-24,True
E0001562,T000506,Transporte terrestre,140.22,2024-03-24,True
E0001563,T000506,Pedágio,62.21,2024-03-24,True
E0001564,T000506,Ajuste de reembolso,17.14,2024-04-03,False
E0001565,T000507,Alimentação,213.28,2024-09-30,True
E0001566,T000507,Transporte terrestre,387.94,2024-09-30,True
E0001567,T000507,Ajuste de reembolso,-17.65,2024-10-15,False
E0001568,T000508,Alimentação,238.3,2024-11-22,True
E0001569,T000508,Transporte terrestre,171.94,2024-11-22,True
E0001570,T000508,Ajuste de reembolso,28.09,2024-12-07,False
E0001571,T000509,Alimentação,79.52,2025-06-18,True
E0001572,T000509,Transporte terrestre,72.98,2025-06-18,True
E0001573,T000509,Ajuste de reembolso,5.26,2025-06-25,False
E0001574,T000510,Alimentação,145.57,2024-09-23,True
E0001575,T000510,Transporte terrestre,46.1,2024-09-23,True
E0001576,T000510,Ajuste de reembolso,28.92,2024-10-03,False
E0001577,T000511,Alimentação,335.74,2024-08-16,True
E0001578,T000511,Transporte terrestre,411.58,2024-08-16,True
E0001579,T000511,Ajuste de reembolso,-22.79,2024-09-02,False
E0001580,T000512,Alimentação,188.4,2025-07-11,True
E0001581,T000512,Transporte terrestre,109.4,2025-07-11,True
E0001582,T000512,Ajuste de reembolso,10.81,2025-07-27,False
E0001583,T000513,Alimentação,455.53,2024-09-08,True
E0001584,T000513,Transporte terrestre,593.91,2024-09-08,True
E0001585,T000513,Taxa,146.11,2024-09-08,True
E0001586,T000513,Ajuste de reembolso,-12.83,2024-09-21,False
E0001587,T000514,Alimentação,930.55,2025-02-27,True
E0001588,T000514,Transporte terrestre,453.17,2025-02-27,True
E0001589,T000514,Ajuste de reembolso,-9.62,2025-03-12,False
E0001590,T000515,Alimentação,549.91,2024-01-24,True
E0001591,T000515,Transporte terrestre,230.17,2024-01-24,True
E0001592,T000515,Ajuste de reembolso,14.65,2024-01-29,False
E0001593,T000516,Alimentação,98.02,2024-10-28,True
E0001594,T000516,Transporte terrestre,212.3,2024-10-28,True
E0001595,T000516,Ajuste de reembolso,-22.54,2024-11-09,False
E0001596,T000517,Alimentação,301.85,2025-03-25,True
E0001597,T000517,Transporte terrestre,156.65,2025-03-25,True
E0001598,T000517,Ajuste de reembolso,37.53,2025-04-05,False
E0001599,T000518,Alimentação,333.35,2024-06-16,True
E0001600,T000518,Transporte terrestre,177.41,2024-06-16,True
E0001601,T000518,Pedágio,179.51,2024-06-16,True
E0001602,T000518,Ajuste de reembolso,18.72,2024-07-06,False
E0001603,T000519,Alimentação,216.05,2025-04-25,True
E0001604,T000519,Transporte terrestre,115.57,2025-04-25,True
E0001605,T000519,Ajuste de reembolso,-3.07,2025-05-02,False
E0001606,T000520,Alimentação,147.32,2025-05-01,True
E0001607,T000520,Transporte terrestre,101.92,2025-05-01,True
E0001608,T000520,Ajuste de reembolso,27.79,2025-05-05,False
E0001609,T000521,Alimentação,62.13,2024-09-08,True
E0001610,T000521,Transporte terrestre,96.04,2024-09-08,True
E0001611,T000521,Estacionamento,201.28,2024-09-08,True
E0001612,T000521,Ajuste de reembolso,36.74,2024-09-23,False
E0001613,T000522,Alimentação,606.27,2025-12-07,True
E0001614,T000522,Transporte terrestre,190.9,2025-12-07,True
E0001615,T000522,Pedágio,275.14,2025-12-07,True
E0001616,T000522,Ajuste de reembolso,31.68,2025-12-20,False
E0001617,T000523,Alimentação,58.98,2024-10-15,True
E0001618,T000523,Transporte terrestre,61.31,2024-10-15,True
E0001619,T000523,Ajuste de reembolso,39.81,2024-10-25,False
E0001620,T000524,Alimentação,101.06,2025-03-09,True
E0001621,T000524,Transporte terrestre,160.83,2025-03-09,True
E0001622,T000524,Ajuste de reembolso,-13.68,2025-03-20,False
E0001623,T000525,Alimentação,292.47,2024-03-22,True
E0001624,T000525,Transporte terrestre,260.21,2024-03-22,True
E0001625,T000525,Ajuste de reembolso,41.73,2024-04-06,False
E0001626,T000526,Alimentação,422.35,2024-07-25,True
E0001627,T000526,Transporte terrestre,203.63,2024-07-25,True
E0001628,T000526,Ajuste de reembolso,23.09,2024-08-02,False
E0001629,T000527,Alimentação,390.74,2024-05-11,True
E0001630,T000527,Transporte terrestre,409.04,2024-05-11,True
E0001631,T000527,Ajuste de reembolso,30.27,2024-05-22,False
E0001632,T000528,Alimentação,67.62,2025-08-16,True
E0001633,T000528,Transporte terrestre,50.02,2025-08-16,True
E0001634,T000528,Ajuste de reembolso,37.06,2025-08-25,False
E0001635,T000529,Alimentação,87.39,2025-07-29,True
E0001636,T000529,Transporte terrestre,48.61,2025-07-29,True
E0001637,T000529,Ajuste de reembolso,37.48,2025-08-04,False
E0001638,T000530,Alimentação,730.19,2025-05-23,True
E0001639,T000530,Transporte terrestre,596.45,2025-05-23,True
E0001640,T000530,Ajuste de reembolso,16.54,2025-06-09,False
E0001641,T000531,Alimentação,323.5,2024-05-14,True
E0001642,T000531,Transporte terrestre,198.07,2024-05-14,True
E0001643,T000531,Taxa,187.64,2024-05-14,True
E0001644,T000531,Ajuste de reembolso,19.41,2024-05-23,False
E0001645,T000532,Alimentação,221.42,2025-01-09,True
E0001646,T000532,Transporte terrestre,145.06,2025-01-09,True
E0001647,T000532,Ajuste de reembolso,27.35,2025-01-26,False
E0001648,T000533,Alimentação,124.17,2025-03-24,True
E0001649,T000533,Transporte terrestre,99.06,2025-03-24,True
E0001650,T000533,Ajuste de reembolso,27.63,2025-04-05,False
E0001651,T000534,Alimentação,94.61,2024-02-13,True
E0001652,T000534,Transporte terrestre,58.84,2024-02-13,True
E0001653,T000534,Pedágio,168.01,2024-02-13,True
E0001654,T000534,Ajuste de reembolso,-22.56,2024-02-27,False
E0001655,T000535,Alimentação,122.24,2025-05-09,True
E0001656,T000535,Transporte terrestre,66.01,2025-05-09,True
E0001657,T000535,Ajuste de reembolso,-10.39,2025-05-25,False
E0001658,T000536,Alimentação,116.36,2024-08-15,True
E0001659,T000536,Transporte terrestre,54.02,2024-08-15,True
E0001660,T000536,Pedágio,135.58,2024-08-15,True
E0001661,T000536,Ajuste de reembolso,34.3,2024-08-30,False
E0001662,T000537,Alimentação,84.2,2025-03-28,True
E0001663,T000537,Transporte terrestre,47.25,2025-03-28,True
E0001664,T000537,Ajuste de reembolso,43.46,2025-04-10,False
E0001665,T000539,Alimentação,252.48,2024-04-11,True
E0001666,T000539,Transporte terrestre,135.27,2024-04-11,True
E0001667,T000539,Ajuste de reembolso,-3.79,2024-04-26,False
E0001668,T000540,Alimentação,237.82,2025-03-27,True
E0001669,T000540,Transporte terrestre,421.79,2025-03-27,True
E0001670,T000540,Ajuste de reembolso,21.3,2025-04-02,False
E0001671,T000541,Alimentação,248.83,2025-02-06,True
E0001672,T000541,Transporte terrestre,174.65,2025-02-06,True
E0001673,T000541,Ajuste de reembolso,30.01,2025-02-11,False
E0001674,T000542,Alimentação,258.96,2024-07-18,True
E0001675,T000542,Transporte terrestre,127.05,2024-07-18,True
E0001676,T000542,Pedágio,147.2,2024-07-18,True
E0001677,T000542,Ajuste de reembolso,44.27,2024-08-02,False
E0001678,T000543,Alimentação,753.41,2025-03-16,True
E0001679,T000543,Transporte terrestre,522.86,2025-03-16,True
E0001680,T000543,Ajuste de reembolso,26.56,2025-04-02,False
E0001681,T000544,Alimentação,202.73,2024-02-20,True
E0001682,T000544,Transporte terrestre,179.1,2024-02-20,True
E0001683,T000544,Ajuste de reembolso,25.3,2024-02-28,False
E0001684,T000545,Alimentação,124.33,2025-11-07,True
E0001685,T000545,Transporte terrestre,230.32,2025-11-07,True
E0001686,T000545,Ajuste de reembolso,4.58,2025-11-11,False
E0001687,T000546,Alimentação,146.28,2024-03-17,True
E0001688,T000546,Transporte terrestre,44.55,2024-03-17,True
E0001689,T000546,Ajuste de reembolso,20.79,2024-03-26,False
E0001690,T000547,Alimentação,401.98,2025-08-02,True
E0001691,T000547,Transporte terrestre,189.03,2025-08-02,True
E0001692,T000547,Outros,155.26,2025-08-02,True
E0001693,T000547,Ajuste de reembolso,-2.7,2025-08-11,False
E0001694,T000548,Alimentação,125.61,2024-01-01,True
E0001695,T000548,Transporte terrestre,123.29,2024-01-01,True
E0001696,T000548,Ajuste de reembolso,32.58,2024-01-03,False
E0001697,T000549,Alimentação,373.73,2025-04-18,True
E0001698,T000549,Transporte terrestre,287.37,2025-04-18,True
E0001699,T000549,Ajuste de reembolso,-12.55,2025-04-24,False
E0001700,T000550,Alimentação,301.76,2025-10-09,True
E0001701,T000550,Transporte terrestre,226.86,2025-10-09,True
E0001702,T000550,Ajuste de reembolso,43.59,2025-10-14,False
E0001703,T000551,Alimentação,250.35,2024-03-14,True
E0001704,T000551,Transporte terrestre,201.81,2024-03-14,True
E0001705,T000551,Ajuste de reembolso,25.0,2024-03-28,False
E0001706,T000552,Alimentação,269.15,2024-06-18,True
E0001707,T000552,Transporte terrestre,206.01,2024-06-18,True
E0001708,T000552,Estacionamento,109.17,2024-06-18,True
E0001709,T000552,Ajuste de reembolso,-8.67,2024-07-09,False
E0001710,T000553,Alimentação,139.78,2025-11-24,True
E0001711,T000553,Transporte terrestre,106.11,2025-11-24,True
E0001712,T000553,Ajuste de reembolso,28.69,2025-12-14,False
E0001713,T000554,Alimentação,379.88,2025-03-22,True
E0001714,T000554,Transporte terrestre,405.39,2025-03-22,True
E0001715,T000554,Ajuste de reembolso,-3.12,2025-04-05,False
E0001716,T000555,Alimentação,393.4,2024-07-05,True
E0001717,T000555,Transporte terrestre,309.82,2024-07-05,True
E0001718,T000555,Ajuste de reembolso,30.22,2024-07-16,False
E0001719,T000556,Alimentação,72.72,2024-06-01,True
E0001720,T000556,Transporte terrestre,69.76,2024-06-01,True
E0001721,T000556,Ajuste de reembolso,3.64,2024-06-12,False
E0001722,T000557,Alimentação,218.98,2024-05-12,True
E0001723,T000557,Transporte terrestre,307.74,2024-05-12,True
E0001724,T000557,Ajuste de reembolso,-12.33,2024-05-17,False
E0001725,T000558,Alimentação,77.71,2024-03-14,True
E0001726,T000558,Transporte terrestre,104.29,2024-03-14,True
E0001727,T000558,Ajuste de reembolso,-21.7,2024-03-22,False
E0001728,T000559,Alimentação,489.57,2025-08-12,True
E0001729,T000559,Transporte terrestre,235.26,2025-08-12,True
E0001730,T000559,Ajuste de reembolso,19.47,2025-08-17,False
E0001731,T000560,Alimentação,420.87,2024-10-09,True
E0001732,T000560,Transporte terrestre,277.65,2024-10-09,True
E0001733,T000560,Ajuste de reembolso,43.87,2024-10-22,False
E0001734,T000561,Alimentação,463.61,2024-04-01,True
E0001735,T000561,Transporte terrestre,273.64,2024-04-01,True
E0001736,T000561,Ajuste de reembolso,37.17,2024-04-18,False
E0001737,T000562,Alimentação,300.7,2024-07-30,True
E0001738,T000562,Transporte terrestre,113.58,2024-07-30,True
E0001739,T000562,Ajuste de reembolso,7.42,2024-08-03,False
E0001740,T000563,Alimentação,273.44,2024-09-09,True
E0001741,T000563,Transporte terrestre,170.14,2024-09-09,True
E0001742,T000563,Ajuste de reembolso,24.33,2024-09-23,False
E0001743,T000564,Alimentação,126.54,2024-03-12,True
E0001744,T000564,Transporte terrestre,61.28,2024-03-12,True
E0001745,T000564,Ajuste de reembolso,27.2,2024-03-22,False
E0001746,T000565,Alimentação,84.15,2025-01-01,True
E0001747,T000565,Transporte terrestre,64.73,2025-01-01,True
E0001748,T000565,Ajuste de reembolso,-1.12,2025-01-13,False
E0001749,T000566,Alimentação,234.18,2024-08-22,True
E0001750,T000566,Transporte terrestre,323.83,2024-08-22,True
E0001751,T000566,Ajuste de reembolso,-19.0,2024-09-07,False
E0001752,T000567,Alimentação,106.69,2024-09-29,True
E0001753,T000567,Transporte terrestre,149.19,2024-09-29,True
E0001754,T000567,Ajuste de reembolso,8.37,2024-10-11,False
E0001755,T000568,Alimentação,176.41,2025-11-16,True
E0001756,T000568,Transporte terrestre,97.5,2025-11-16,True
E0001757,T000568,Ajuste de reembolso,-13.2,2025-11-22,False
E0001758,T000569,Alimentação,79.83,2024-12-15,True
E0001759,T000569,Transporte terrestre,113.93,2024-12-15,True
E0001760,T000569,Taxa,210.41,2024-12-15,True
E0001761,T000569,Ajuste de reembolso,37.55,2024-12-26,False
E0001762,T000570,Alimentação,253.43,2025-10-14,True
E0001763,T000570,Transporte terrestre,296.77,2025-10-14,True
E0001764,T000570,Ajuste de reembolso,-9.73,2025-10-26,False
E0001765,T000571,Alimentação,534.13,2025-12-15,True
E0001766,T000571,Transporte terrestre,167.89,2025-12-15,True
E0001767,T000571,Ajuste de reembolso,-10.08,2025-12-25,False
E0001768,T000572,Alimentação,649.97,2024-05-08,True
E0001769,T000572,Transporte terrestre,790.54,2024-05-08,True
E0001770,T000572,Ajuste de reembolso,-13.49,2024-05-28,False
E0001771,T000573,Alimentação,48.21,2024-03-30,True
E0001772,T000573,Transporte terrestre,44.09,2024-03-30,True
E0001773,T000573,Ajuste de reembolso,-6.97,2024-04-16,False
E0001774,T000574,Alimentação,94.0,2024-03-01,True
E0001775,T000574,Transporte terrestre,61.92,2024-03-01,True
E0001776,T000574,Ajuste de reembolso,-24.06,2024-03-15,False
E0001777,T000575,Alimentação,758.76,2025-06-17,True
E0001778,T000575,Transporte terrestre,392.4,2025-06-17,True
E0001779,T000575,Ajuste de reembolso,42.21,2025-06-23,False
E0001780,T000576,Alimentação,112.07,2024-09-26,True
E0001781,T000576,Transporte terrestre,49.9,2024-09-26,True
E0001782,T000576,Ajuste de reembolso,-23.39,2024-10-19,False
E0001783,T000577,Alimentação,423.96,2024-04-16,True
E0001784,T000577,Transporte terrestre,396.18,2024-04-16,True
E0001785,T000577,Ajuste de reembolso,30.03,2024-05-02,False
E0001786,T000578,Alimentação,45.8,2024-11-08,True
E0001787,T000578,Transporte terrestre,71.61,2024-11-08,True
E0001788,T000578,Ajuste de reembolso,37.03,2024-11-20,False
E0001789,T000579,Alimentação,69.4,2024-09-19,True
E0001790,T000579,Transporte terrestre,72.13,2024-09-19,True
E0001791,T000579,Ajuste de reembolso,-17.94,2024-10-05,False
E0001792,T000580,Alimentação,538.38,2024-09-07,True
E0001793,T000580,Transporte terrestre,277.49,2024-09-07,True
E0001794,T000580,Ajuste de reembolso,36.34,2024-09-22,False
E0001795,T000581,Alimentação,786.94,2025-04-30,True
E0001796,T000581,Transporte terrestre,417.1,2025-04-30,True
E0001797,T000581,Ajuste de reembolso,-1.02,2025-05-12,False
E0001798,T000582,Alimentação,232.97,2024-07-08,True
E0001799,T000582,Transporte terrestre,114.97,2024-07-08,True
E0001800,T000582,Ajuste de reembolso,5.42,2024-07-15,False
E0001801,T000583,Alimentação,262.43,2025-09-21,True
E0001802,T000583,Transporte terrestre,114.9,2025-09-21,True
E0001803,T000583,Ajuste de reembolso,-10.27,2025-10-06,False
E0001804,T000584,Alimentação,265.9,2025-04-11,True
E0001805,T000584,Transporte terrestre,194.29,2025-04-11,True
E0001806,T000584,Taxa,221.83,2025-04-11,True
E0001807,T000584,Ajuste de reembolso,23.23,2025-04-20,False
E0001808,T000585,Alimentação,483.25,2024-12-16,True
E0001809,T000585,Transporte terrestre,247.51,2024-12-16,True
E0001810,T000585,Ajuste de reembolso,-7.85,2024-12-25,False
E0001811,T000586,Alimentação,349.19,2025-08-17,True
E0001812,T000586,Transporte terrestre,184.7,2025-08-17,True
E0001813,T000586,Ajuste de reembolso,18.26,2025-09-02,False
E0001814,T000587,Alimentação,116.71,2025-05-21,True
E0001815,T000587,Transporte terrestre,95.63,2025-05-21,True
E0001816,T000587,Ajuste de reembolso,6.62,2025-06-04,False
E0001817,T000589,Alimentação,340.87,2024-04-30,True
E0001818,T000589,Transporte terrestre,156.69,2024-04-30,True
E0001819,T000589,Ajuste de reembolso,36.16,2024-05-11,False
E0001820,T000590,Alimentação,284.59,2025-04-16,True
E0001821,T000590,Transporte terrestre,212.08,2025-04-16,True
E0001822,T000590,Outros,275.23,2025-04-16,True
E0001823,T000590,Ajuste de reembolso,-22.12,2025-04-24,False
E0001824,T000591,Alimentação,336.45,2025-08-31,True
E0001825,T000591,Transporte terrestre,239.67,2025-08-31,True
E0001826,T000591,Ajuste de reembolso,-11.58,2025-09-10,False
E0001827,T000592,Alimentação,72.62,2025-08-12,True
E0001828,T000592,Transporte terrestre,61.71,2025-08-12,True
E0001829,T000592,Taxa,230.71,2025-08-12,True
E0001830,T000592,Ajuste de reembolso,38.87,2025-08-19,False
E0001831,T000593,Alimentação,356.69,2025-07-02,True
E0001832,T000593,Transporte terrestre,257.13,2025-07-02,True
E0001833,T000593,Ajuste de reembolso,35.5,2025-07-10,False
E0001834,T000594,Alimentação,365.01,2024-07-29,True
E0001835,T000594,Transporte terrestre,125.4,2024-07-29,True
E0001836,T000594,Estacionamento,278.67,2024-07-29,True
E0001837,T000594,Ajuste de reembolso,-23.61,2024-08-18,False
E0001838,T000595,Alimentação,328.69,2024-03-02,True
E0001839,T000595,Transporte terrestre,209.78,2024-03-02,True
E0001840,T000595,Ajuste de reembolso,11.5,2024-03-21,False
E0001841,T000597,Alimentação,387.81,2025-11-26,True
E0001842,T000597,Transporte terrestre,366.44,2025-11-26,True
E0001843,T000597,Ajuste de reembolso,-12.37,2025-12-10,False
E0001844,T000598,Alimentação,172.76,2024-02-28,True
E0001845,T000598,Transporte terrestre,248.79,2024-02-28,True
E0001846,T000598,Ajuste de reembolso,25.24,2024-03-16,False
E0001847,T000599,Alimentação,184.19,2025-06-22,True
E0001848,T000599,Transporte terrestre,213.15,2025-06-22,True
E0001849,T000599,Taxa,68.42,2025-06-22,True
E0001850,T000599,Ajuste de reembolso,11.0,2025-07-01,False
E0001851,T000600,Alimentação,96.53,2025-09-26,True
E0001852,T000600,Transporte terrestre,84.35,2025-09-26,True
E0001853,T000600,Ajuste de reembolso,10.35,2025-10-06,False
E0001854,T000601,Alimentação,212.71,2024-11-06,True
E0001855,T000601,Transporte terrestre,169.76,2024-11-06,True
E0001856,T000601,Ajuste de reembolso,-8.83,2024-11-18,False
E0001857,T000602,Alimentação,435.04,2025-08-27,True
E0001858,T000602,Transporte terrestre,422.32,2025-08-27,True
E0001859,T000602,Ajuste de reembolso,-24.74,2025-09-12,False
E0001860,T000603,Alimentação,476.12,2024-01-11,True
E0001861,T000603,Transporte terrestre,283.89,2024-01-11,True
E0001862,T000603,Taxa,172.53,2024-01-11,True
E0001863,T000603,Ajuste de reembolso,12.03,2024-01-17,False
E0001864,T000604,Alimentação,749.88,2025-06-01,True
E0001865,T000604,Transporte terrestre,347.9,2025-06-01,True
E0001866,T000604,Ajuste de reembolso,-10.12,2025-06-16,False
E0001867,T000605,Alimentação,97.81,2025-06-09,True
E0001868,T000605,Transporte terrestre,90.25,2025-06-09,True
E0001869,T000605,Ajuste de reembolso,14.78,2025-06-23,False
E0001870,T000606,Alimentação,211.86,2024-01-02,True
E0001871,T000606,Transporte terrestre,85.21,2024-01-02,True
E0001872,T000606,Ajuste de reembolso,29.06,2024-01-11,False
E0001873,T000607,Alimentação,447.76,2025-03-27,True
E0001874,T000607,Transporte terrestre,464.6,2025-03-27,True
E0001875,T000607,Ajuste de reembolso,13.18,2025-04-12,False
E0001876,T000608,Alimentação,422.67,2025-03-10,True
E0001877,T000608,Transporte terrestre,180.83,2025-03-10,True
E0001878,T000608,Ajuste de reembolso,5.68,2025-03-23,False
E0001879,T000609,Alimentação,303.76,2025-02-10,True
E0001880,T000609,Transporte terrestre,214.49,2025-02-10,True
E0001881,T000609,Ajuste de reembolso,31.08,2025-02-26,False
E0001882,T000610,Alimentação,286.79,2025-03-03,True
E0001883,T000610,Transporte terrestre,236.98,2025-03-03,True
E0001884,T000610,Estacionamento,123.92,2025-03-03,True
E0001885,T000610,Ajuste de reembolso,42.4,2025-03-19,False
E0001886,T000611,Alimentação,338.1,2024-11-30,True
E0001887,T000611,Transporte terrestre,130.94,2024-11-30,True
E0001888,T000611,Ajuste de reembolso,39.49,2024-12-12,False
E0001889,T000612,Alimentação,177.55,2024-11-20,True
E0001890,T000612,Transporte terrestre,120.79,2024-11-20,True
E0001891,T000612,Ajuste de reembolso,7.41,2024-11-30,False
E0001892,T000613,Alimentação,156.45,2025-09-26,True
E0001893,T000613,Transporte terrestre,94.28,2025-09-26,True
E0001894,T000613,Ajuste de reembolso,18.75,2025-10-06,False
E0001895,T000614,Alimentação,493.01,2025-02-09,True
E0001896,T000614,Transporte terrestre,148.45,2025-02-09,True
E0001897,T000614,Ajuste de reembolso,22.06,2025-02-19,False
E0001898,T000615,Alimentação,643.44,2025-08-11,True
E0001899,T000615,Transporte terrestre,324.35,2025-08-11,True
E0001900,T000615,Ajuste de reembolso,13.99,2025-08-16,False
E0001901,T000616,Alimentação,240.73,2025-11-14,True
E0001902,T000616,Transporte terrestre,230.3,2025-11-14,True
E0001903,T000616,Ajuste de reembolso,-7.88,2025-11-25,False
E0001904,T000617,Alimentação,651.96,2024-05-25,True
E0001905,T000617,Transporte terrestre,424.21,2024-05-25,True
E0001906,T000617,Ajuste de reembolso,41.44,2024-06-13,False
E0001907,T000618,Alimentação,98.98,2024-05-19,True
E0001908,T000618,Transporte terrestre,141.42,2024-05-19,True
E0001909,T000618,Ajuste de reembolso,10.96,2024-05-31,False
E0001910,T000619,Alimentação,210.29,2024-10-12,True
E0001911,T000619,Transporte terrestre,83.78,2024-10-12,True
E0001912,T000619,Ajuste de reembolso,9.23,2024-10-24,False
E0001913,T000620,Alimentação,304.63,2025-06-15,True
E0001914,T000620,Transporte terrestre,190.49,2025-06-15,True
E0001915,T000620,Ajuste de reembolso,-9.37,2025-06-20,False
E0001916,T000621,Alimentação,362.69,2025-05-30,True
E0001917,T000621,Transporte terrestre,205.86,2025-05-30,True
E0001918,T000621,Ajuste de reembolso,36.97,2025-06-14,False
E0001919,T000622,Alimentação,316.16,2025-06-26,True
E0001920,T000622,Transporte terrestre,156.39,2025-06-26,True
E0001921,T000622,Ajuste de reembolso,-5.78,2025-07-07,False
E0001922,T000623,Alimentação,397.83,2025-04-29,True
E0001923,T000623,Transporte terrestre,333.57,2025-04-29,True
E0001924,T000623,Ajuste de reembolso,40.75,2025-05-09,False
E0001925,T000624,Alimentação,159.14,2025-03-10,True
E0001926,T000624,Transporte terrestre,185.26,2025-03-10,True
E0001927,T000624,Ajuste de reembolso,0.86,2025-03-25,False
E0001928,T000625,Alimentação,99.0,2025-09-15,True
E0001929,T000625,Transporte terrestre,57.51,2025-09-15,True
E0001930,T000625,Ajuste de reembolso,3.42,2025-09-27,False
E0001931,T000626,Alimentação,346.42,2024-09-24,True
E0001932,T000626,Transporte terrestre,166.17,2024-09-24,True
E0001933,T000626,Ajuste de reembolso,16.91,2024-10-02,False
E0001934,T000627,Alimentação,179.39,2025-07-24,True
E0001935,T000627,Transporte terrestre,138.58,2025-07-24,True
E0001936,T000627,Ajuste de reembolso,3.07,2025-08-08,False
E0001937,T000628,Alimentação,687.05,2025-11-13,True
E0001938,T000628,Transporte terrestre,288.73,2025-11-13,True
E0001939,T000628,Ajuste de reembolso,4.22,2025-11-26,False
E0001940,T000629,Alimentação,309.08,2024-09-15,True
E0001941,T000629,Transporte terrestre,313.0,2024-09-15,True
E0001942,T000629,Ajuste de reembolso,11.99,2024-09-29,False
E0001943,T000630,Alimentação,519.2,2025-06-16,True
E0001944,T000630,Transporte terrestre,516.3,2025-06-16,True
E0001945,T000630,Ajuste de reembolso,39.1,2025-06-27,False
E0001946,T000631,Alimentação,375.0,2025-08-20,True
E0001947,T000631,Transporte terrestre,405.72,2025-08-20,True
E0001948,T000631,Taxa,85.95,2025-08-20,True
E0001949,T000631,Ajuste de reembolso,-15.08,2025-09-01,False
E0001950,T000632,Alimentação,275.82,2025-09-21,True
E0001951,T000632,Transporte terrestre,214.69,2025-09-21,True
E0001952,T000632,Ajuste de reembolso,12.94,2025-09-29,False
E0001953,T000633,Alimentação,264.65,2025-05-16,True
E0001954,T000633,Transporte terrestre,387.11,2025-05-16,True
E0001955,T000633,Ajuste de reembolso,-5.99,2025-06-01,False
E0001956,T000634,Alimentação,755.24,2025-02-03,True
E0001957,T000634,Transporte terrestre,342.61,2025-02-03,True
E0001958,T000634,Ajuste de reembolso,-6.59,2025-02-10,False
E0001959,T000635,Alimentação,130.28,2024-10-08,True
E0001960,T000635,Transporte terrestre,55.11,2024-10-08,True
E0001961,T000635,Ajuste de reembolso,19.12,2024-10-16,False
E0001962,T000636,Alimentação,151.84,2024-04-11,True
E0001963,T000636,Transporte terrestre,65.16,2024-04-11,True
E0001964,T000636,Ajuste de reembolso,-0.56,2024-04-26,False
E0001965,T000637,Alimentação,99.78,2024-04-19,True
E0001966,T000637,Transporte terrestre,77.12,2024-04-19,True
E0001967,T000637,Ajuste de reembolso,-3.77,2024-05-01,False
E0001968,T000638,Alimentação,180.45,2025-04-17,True
E0001969,T000638,Transporte terrestre,95.63,2025-04-17,True
E0001970,T000638,Ajuste de reembolso,3.04,2025-04-29,False
E0001971,T000639,Alimentação,142.23,2025-07-26,True
E0001972,T000639,Transporte terrestre,102.41,2025-07-26,True
E0001973,T000639,Ajuste de reembolso,19.55,2025-08-05,False
E0001974,T000640,Alimentação,236.63,2025-02-05,True
E0001975,T000640,Transporte terrestre,84.54,2025-02-05,True
E0001976,T000640,Taxa,222.74,2025-02-05,True
E0001977,T000640,Ajuste de reembolso,37.23,2025-02-09,False
E0001978,T000641,Alimentação,277.82,2024-10-04,True
E0001979,T000641,Transporte terrestre,544.69,2024-10-04,True
E0001980,T000641,Ajuste de reembolso,5.93,2024-10-20,False
E0001981,T000642,Alimentação,227.23,2024-05-16,True
E0001982,T000642,Transporte terrestre,112.87,2024-05-16,True
E0001983,T000642,Ajuste de reembolso,1.39,2024-05-31,False
E0001984,T000643,Alimentação,91.16,2024-03-08,True
E0001985,T000643,Transporte terrestre,56.49,2024-03-08,True
E0001986,T000643,Ajuste de reembolso,-23.12,2024-03-15,False
E0001987,T000644,Alimentação,418.17,2025-10-20,True
E0001988,T000644,Transporte terrestre,246.88,2025-10-20,True
E0001989,T000644,Ajuste de reembolso,16.92,2025-11-02,False
E0001990,T000645,Alimentação,219.52,2024-01-22,True
E0001991,T000645,Transporte terrestre,99.64,2024-01-22,True
E0001992,T000645,Ajuste de reembolso,23.57,2024-02-04,False
E0001993,T000646,Alimentação,118.59,2025-07-01,True
E0001994,T000646,Transporte terrestre,60.97,2025-07-01,True
E0001995,T000646,Ajuste de reembolso,-16.63,2025-07-03,False
E0001996,T000647,Alimentação,264.9,2025-04-19,True
E0001997,T000647,Transporte terrestre,422.61,2025-04-19,True
E0001998,T000647,Ajuste de reembolso,33.24,2025-05-09,False
E0001999,T000648,Alimentação,355.12,2025-10-28,True
E0002000,T000648,Transporte terrestre,243.01,2025-10-28,True
E0002001,T000648,Ajuste de reembolso,23.06,2025-11-11,False
E0002002,T000649,Alimentação,256.67,2024-01-29,True
E0002003,T000649,Transporte terrestre,122.83,2024-01-29,True
E0002004,T000649,Ajuste de reembolso,-9.88,2024-02-04,False
E0002005,T000650,Alimentação,413.11,2024-03-24,True
E0002006,T000650,Transporte terrestre,297.83,2024-03-24,True
E0002007,T000650,Ajuste de reembolso,8.94,2024-04-05,False
E0002008,T000651,Alimentação,83.57,2024-10-26,True
E0002009,T000651,Transporte terrestre,56.1,2024-10-26,True
E0002010,T000651,Ajuste de reembolso,-0.54,2024-11-06,False
E0002011,T000652,Alimentação,303.91,2024-04-28,True
E0002012,T000652,Transporte terrestre,264.25,2024-04-28,True
E0002013,T000652,Ajuste de reembolso,42.2,2024-05-07,False
E0002014,T000653,Alimentação,486.64,2024-06-20,True
E0002015,T000653,Transporte terrestre,365.64,2024-06-20,True
E0002016,T000653,Ajuste de reembolso,35.78,2024-07-06,False
E0002017,T000654,Alimentação,310.51,2025-08-20,True
E0002018,T000654,Transporte terrestre,207.8,2025-08-20,True
E0002019,T000654,Ajuste de reembolso,-9.08,2025-09-02,False
E0002020,T000655,Alimentação,479.2,2025-06-22,True
E0002021,T000655,Transporte terrestre,285.15,2025-06-22,True
E0002022,T000655,Ajuste de reembolso,29.03,2025-07-12,False
E0002023,T000656,Alimentação,89.16,2024-10-17,True
E0002024,T000656,Transporte terrestre,91.91,2024-10-17,True
E0002025,T000656,Ajuste de reembolso,30.15,2024-10-25,False
E0002026,T000657,Alimentação,246.02,2025-03-14,True
E0002027,T000657,Transporte terrestre,208.76,2025-03-14,True
E0002028,T000657,Ajuste de reembolso,-12.16,2025-03-19,False
E0002029,T000658,Alimentação,256.61,2025-06-07,True
E0002030,T000658,Transporte terrestre,142.46,2025-06-07,True
E0002031,T000658,Ajuste de reembolso,33.26,2025-06-19,False
E0002032,T000659,Alimentação,398.94,2025-09-15,True
E0002033,T000659,Transporte terrestre,185.78,2025-09-15,True
E0002034,T000659,Outros,235.03,2025-09-15,True
E0002035,T000659,Ajuste de reembolso,21.87,2025-09-30,False
E0002036,T000660,Alimentação,71.33,2024-10-19,True
E0002037,T000660,Transporte terrestre,55.06,2024-10-19,True
E0002038,T000660,Ajuste de reembolso,41.16,2024-10-28,False
E0002039,T000661,Alimentação,449.39,2025-02-13,True
E0002040,T000661,Transporte terrestre,275.94,2025-02-13,True
E0002041,T000661,Pedágio,207.03,2025-02-13,True
E0002042,T000661,Ajuste de reembolso,-9.26,2025-02-28,False
E0002043,T000662,Alimentação,93.13,2024-04-01,True
E0002044,T000662,Transporte terrestre,104.74,2024-04-01,True
E0002045,T000662,Ajuste de reembolso,-23.46,2024-04-11,False
E0002046,T000663,Alimentação,115.82,2024-08-11,True
E0002047,T000663,Transporte terrestre,60.82,2024-08-11,True
E0002048,T000663,Ajuste de reembolso,-5.88,2024-08-18,False
E0002049,T000664,Alimentação,248.45,2025-11-21,True
E0002050,T000664,Transporte terrestre,213.91,2025-11-21,True
E0002051,T000664,Ajuste de reembolso,-14.57,2025-11-28,False
E0002052,T000665,Alimentação,233.88,2025-08-23,True
E0002053,T000665,Transporte terrestre,117.08,2025-08-23,True
E0002054,T000665,Ajuste de reembolso,16.16,2025-09-07,False
E0002055,T000666,Alimentação,58.91,2025-10-02,True
E0002056,T000666,Transporte terrestre,55.91,2025-10-02,True
E0002057,T000666,Ajuste de reembolso,41.75,2025-10-18,False
E0002058,T000667,Alimentação,420.59,2025-04-22,True
E0002059,T000667,Transporte terrestre,260.24,2025-04-22,True
E0002060,T000667,Ajuste de reembolso,13.05,2025-04-30,False
E0002061,T000668,Alimentação,606.68,2024-12-31,True
E0002062,T000668,Transporte terrestre,425.51,2024-12-31,True
E0002063,T000668,Ajuste de reembolso,24.3,2025-01-09,False
E0002064,T000669,Alimentação,75.94,2024-10-15,True
E0002065,T000669,Transporte terrestre,63.71,2024-10-15,True
E0002066,T000669,Estacionamento,141.32,2024-10-15,True
E0002067,T000669,Ajuste de reembolso,-19.24,2024-10-29,False
E0002068,T000670,Alimentação,420.01,2024-05-27,True
E0002069,T000670,Transporte terrestre,300.69,2024-05-27,True
E0002070,T000670,Ajuste de reembolso,33.01,2024-06-07,False
E0002071,T000671,Alimentação,239.0,2025-08-05,True
E0002072,T000671,Transporte terrestre,177.92,2025-08-05,True
E0002073,T000671,Ajuste de reembolso,6.25,2025-08-21,False
E0002074,T000673,Alimentação,470.84,2025-08-21,True
E0002075,T000673,Transporte terrestre,242.54,2025-08-21,True
E0002076,T000673,Ajuste de reembolso,9.55,2025-08-28,False
E0002077,T000674,Alimentação,348.51,2024-06-15,True
E0002078,T000674,Transporte terrestre,223.71,2024-06-15,True
E0002079,T000674,Ajuste de reembolso,-4.94,2024-06-26,False
E0002080,T000676,Alimentação,197.77,2025-05-29,True
E0002081,T000676,Transporte terrestre,196.13,2025-05-29,True
E0002082,T000676,Ajuste de reembolso,-0.62,2025-06-17,False
E0002083,T000677,Alimentação,592.01,2024-11-09,True
E0002084,T000677,Transporte terrestre,591.99,2024-11-09,True
E0002085,T000677,Ajuste de reembolso,9.02,2024-11-26,False
E0002086,T000678,Alimentação,285.53,2024-08-11,True
E0002087,T000678,Transporte terrestre,139.66,2024-08-11,True
E0002088,T000678,Ajuste de reembolso,23.86,2024-08-23,False
E0002089,T000679,Alimentação,171.43,2025-08-04,True
E0002090,T000679,Transporte terrestre,342.13,2025-08-04,True
E0002091,T000679,Ajuste de reembolso,-17.55,2025-08-16,False
E0002092,T000680,Alimentação,271.94,2024-12-11,True
E0002093,T000680,Transporte terrestre,210.8,2024-12-11,True
E0002094,T000680,Ajuste de reembolso,29.92,2024-12-23,False
E0002095,T000681,Alimentação,504.11,2025-01-26,True
E0002096,T000681,Transporte terrestre,441.3,2025-01-26,True
E0002097,T000681,Ajuste de reembolso,38.67,2025-02-09,False
E0002098,T000682,Alimentação,86.71,2024-09-02,True
E0002099,T000682,Transporte terrestre,42.39,2024-09-02,True
E0002100,T000682,Ajuste de reembolso,3.57,2024-09-07,False
E0002101,T000683,Alimentação,1071.37,2025-06-03,True
E0002102,T000683,Transporte terrestre,539.5,2025-06-03,True
E0002103,T000683,Ajuste de reembolso,-18.04,2025-06-20,False
E0002104,T000685,Alimentação,534.72,2025-05-23,True
E0002105,T000685,Transporte terrestre,367.95,2025-05-23,True
E0002106,T000685,Ajuste de reembolso,-13.44,2025-06-10,False
E0002107,T000686,Alimentação,325.57,2025-08-28,True
E0002108,T000686,Transporte terrestre,379.79,2025-08-28,True
E0002109,T000686,Ajuste de reembolso,3.58,2025-09-04,False
E0002110,T000687,Alimentação,145.66,2025-11-10,True
E0002111,T000687,Transporte terrestre,64.8,2025-11-10,True
E0002112,T000687,Ajuste de reembolso,-24.36,2025-11-12,False
E0002113,T000688,Alimentação,456.05,2025-03-10,True
E0002114,T000688,Transporte terrestre,311.54,2025-03-10,True
E0002115,T000688,Ajuste de reembolso,34.67,2025-03-19,False
E0002116,T000689,Alimentação,230.17,2025-10-12,True
E0002117,T000689,Transporte terrestre,171.72,2025-10-12,True
E0002118,T000689,Ajuste de reembolso,32.65,2025-10-28,False
E0002119,T000690,Alimentação,287.46,2025-09-03,True
E0002120,T000690,Transporte terrestre,220.33,2025-09-03,True
E0002121,T000690,Ajuste de reembolso,16.48,2025-09-10,False
E0002122,T000691,Alimentação,341.32,2025-04-23,True
E0002123,T000691,Transporte terrestre,353.71,2025-04-23,True
E0002124,T000691,Ajuste de reembolso,24.59,2025-05-03,False
E0002125,T000692,Alimentação,550.68,2024-11-22,True
E0002126,T000692,Transporte terrestre,256.89,2024-11-22,True
E0002127,T000692,Ajuste de reembolso,8.22,2024-12-18,False
E0002128,T000693,Alimentação,76.43,2025-09-22,True
E0002129,T000693,Transporte terrestre,70.25,2025-09-22,True
E0002130,T000693,Ajuste de reembolso,15.77,2025-09-25,False
E0002131,T000694,Alimentação,1149.0,2025-05-17,True
E0002132,T000694,Transporte terrestre,400.59,2025-05-17,True
E0002133,T000694,Ajuste de reembolso,-11.75,2025-05-28,False
E0002134,T000695,Alimentação,85.74,2024-07-19,True
E0002135,T000695,Transporte terrestre,58.24,2024-07-19,True
E0002136,T000695,Ajuste de reembolso,26.83,2024-08-01,False
E0002137,T000696,Alimentação,312.11,2024-06-04,True
E0002138,T000696,Transporte terrestre,265.62,2024-06-04,True
E0002139,T000696,Ajuste de reembolso,26.92,2024-06-07,False
E0002140,T000697,Alimentação,219.24,2024-06-10,True
E0002141,T000697,Transporte terrestre,536.13,2024-06-10,True
E0002142,T000697,Ajuste de reembolso,-20.24,2024-06-28,False
E0002143,T000698,Alimentação,499.07,2024-06-10,True
E0002144,T000698,Transporte terrestre,206.58,2024-06-10,True
E0002145,T000698,Outros,208.16,2024-06-10,True
E0002146,T000698,Ajuste de reembolso,-1.82,2024-06-22,False
E0002147,T000699,Alimentação,197.67,2024-11-30,True
E0002148,T000699,Transporte terrestre,120.4,2024-11-30,True
E0002149,T000699,Ajuste de reembolso,22.29,2024-12-08,False
E0002150,T000700,Alimentação,165.4,2024-04-03,True
E0002151,T000700,Transporte terrestre,184.42,2024-04-03,True
E0002152,T000700,Ajuste de reembolso,-4.96,2024-04-16,False
E0002153,T000701,Alimentação,284.81,2024-06-07,True
E0002154,T000701,Transporte terrestre,311.31,2024-06-07,True
E0002155,T000701,Estacionamento,131.16,2024-06-07,True
E0002156,T000701,Ajuste de reembolso,-1.87,2024-06-21,False
E0002157,T000702,Alimentação,325.35,2025-04-01,True
E0002158,T000702,Transporte terrestre,352.56,2025-04-01,True
E0002159,T000702,Ajuste de reembolso,19.11,2025-04-14,False
E0002160,T000703,Alimentação,179.41,2024-09-09,True
E0002161,T000703,Transporte terrestre,257.48,2024-09-09,True
E0002162,T000703,Ajuste de reembolso,14.44,2024-09-20,False
E0002163,T000704,Alimentação,496.28,2025-10-13,True
E0002164,T000704,Transporte terrestre,316.58,2025-10-13,True
E0002165,T000704,Ajuste de reembolso,27.02,2025-10-27,False
E0002166,T000705,Alimentação,271.38,2025-11-07,True
E0002167,T000705,Transporte terrestre,114.14,2025-11-07,True
E0002168,T000705,Ajuste de reembolso,19.16,2025-12-01,False
E0002169,T000706,Alimentação,273.72,2024-08-04,True
E0002170,T000706,Transporte terrestre,295.94,2024-08-04,True
E0002171,T000706,Ajuste de reembolso,8.33,2024-08-16,False
E0002172,T000707,Alimentação,130.63,2025-12-28,True
E0002173,T000707,Transporte terrestre,64.92,2025-12-28,True
E0002174,T000707,Ajuste de reembolso,-5.77,2026-01-07,False
E0002175,T000708,Alimentação,715.17,2025-12-02,True
E0002176,T000708,Transporte terrestre,311.13,2025-12-02,True
E0002177,T000708,Outros,110.71,2025-12-02,True
E0002178,T000708,Ajuste de reembolso,-4.76,2025-12-19,False
E0002179,T000709,Alimentação,1002.57,2025-09-03,True
E0002180,T000709,Transporte terrestre,256.98,2025-09-03,True
E0002181,T000709,Ajuste de reembolso,32.32,2025-09-09,False
E0002182,T000710,Alimentação,112.7,2025-11-09,True
E0002183,T000710,Transporte terrestre,94.58,2025-11-09,True
E0002184,T000710,Ajuste de reembolso,-18.14,2025-11-13,False
E0002185,T000711,Alimentação,147.76,2025-05-21,True
E0002186,T000711,Transporte terrestre,130.84,2025-05-21,True
E0002187,T000711,Ajuste de reembolso,35.75,2025-06-06,False
E0002188,T000712,Alimentação,257.17,2025-11-21,True
E0002189,T000712,Transporte terrestre,258.72,2025-11-21,True
E0002190,T000712,Ajuste de reembolso,11.27,2025-11-28,False
E0002191,T000713,Alimentação,142.34,2024-11-08,True
E0002192,T000713,Transporte terrestre,148.0,2024-11-08,True
E0002193,T000713,Ajuste de reembolso,19.63,2024-11-18,False
E0002194,T000714,Alimentação,469.81,2024-11-10,True
E0002195,T000714,Transporte terrestre,440.67,2024-11-10,True
E0002196,T000714,Pedágio,158.33,2024-11-10,True
E0002197,T000714,Ajuste de reembolso,25.54,2024-11-22,False
E0002198,T000715,Alimentação,304.35,2024-04-24,True
E0002199,T000715,Transporte terrestre,169.96,2024-04-24,True
E0002200,T000715,Ajuste de reembolso,21.72,2024-05-09,False
E0002201,T000716,Alimentação,372.17,2024-01-04,True
E0002202,T000716,Transporte terrestre,185.3,2024-01-04,True
E0002203,T000716,Ajuste de reembolso,14.09,2024-01-10,False
E0002204,T000717,Alimentação,514.88,2024-09-06,True
E0002205,T000717,Transporte terrestre,278.98,2024-09-06,True
E0002206,T000717,Ajuste de reembolso,38.54,2024-09-15,False
E0002207,T000718,Alimentação,272.12,2025-05-21,True
E0002208,T000718,Transporte terrestre,137.39,2025-05-21,True
E0002209,T000718,Ajuste de reembolso,-9.3,2025-05-26,False
E0002210,T000719,Alimentação,378.22,2024-12-28,True
E0002211,T000719,Transporte terrestre,156.23,2024-12-28,True
E0002212,T000719,Ajuste de reembolso,-21.2,2025-01-04,False
E0002213,T000720,Alimentação,288.84,2025-07-17,True
E0002214,T000720,Transporte terrestre,135.29,2025-07-17,True
E0002215,T000720,Ajuste de reembolso,8.49,2025-07-25,False
E0002216,T000721,Alimentação,206.28,2025-05-20,True
E0002217,T000721,Transporte terrestre,98.62,2025-05-20,True
E0002218,T000721,Ajuste de reembolso,23.31,2025-05-31,False
E0002219,T000722,Alimentação,97.44,2024-10-17,True
E0002220,T000722,Transporte terrestre,68.66,2024-10-17,True
E0002221,T000722,Ajuste de reembolso,-7.77,2024-10-29,False
E0002222,T000723,Alimentação,1297.3,2025-09-24,True
E0002223,T000723,Transporte terrestre,648.36,2025-09-24,True
E0002224,T000723,Ajuste de reembolso,-6.17,2025-10-04,False
E0002225,T000724,Alimentação,139.36,2024-03-08,True
E0002226,T000724,Transporte terrestre,117.88,2024-03-08,True
E0002227,T000724,Ajuste de reembolso,19.34,2024-03-18,False
E0002228,T000725,Alimentação,269.66,2025-08-10,True
E0002229,T000725,Transporte terrestre,173.11,2025-08-10,True
E0002230,T000725,Ajuste de reembolso,16.56,2025-08-18,False
E0002231,T000726,Alimentação,227.35,2024-09-08,True
E0002232,T000726,Transporte terrestre,183.74,2024-09-08,True
E0002233,T000726,Ajuste de reembolso,-18.61,2024-09-23,False
E0002234,T000727,Alimentação,365.01,2024-03-31,True
E0002235,T000727,Transporte terrestre,187.95,2024-03-31,True
E0002236,T000727,Outros,57.23,2024-03-31,True
E0002237,T000727,Ajuste de reembolso,42.93,2024-04-11,False
E0002238,T000728,Alimentação,292.61,2024-08-28,True
E0002239,T000728,Transporte terrestre,259.42,2024-08-28,True
E0002240,T000728,Ajuste de reembolso,26.22,2024-09-16,False
E0002241,T000729,Alimentação,224.19,2025-11-07,True
E0002242,T000729,Transporte terrestre,153.51,2025-11-07,True
E0002243,T000729,Ajuste de reembolso,24.57,2025-11-12,False
E0002244,T000730,Alimentação,81.81,2024-03-29,True
E0002245,T000730,Transporte terrestre,98.37,2024-03-29,True
E0002246,T000730,Ajuste de reembolso,-22.43,2024-04-15,False
E0002247,T000732,Alimentação,279.34,2025-08-24,True
E0002248,T000732,Transporte terrestre,125.04,2025-08-24,True
E0002249,T000732,Ajuste de reembolso,-3.36,2025-08-27,False
E0002250,T000733,Alimentação,466.41,2025-11-19,True
E0002251,T000733,Transporte terrestre,275.21,2025-11-19,True
E0002252,T000733,Ajuste de reembolso,-9.97,2025-12-03,False
E0002253,T000734,Alimentação,86.49,2024-04-05,True
E0002254,T000734,Transporte terrestre,106.1,2024-04-05,True
E0002255,T000734,Ajuste de reembolso,39.99,2024-04-19,False
E0002256,T000735,Alimentação,561.61,2024-12-09,True
E0002257,T000735,Transporte terrestre,391.72,2024-12-09,True
E0002258,T000735,Ajuste de reembolso,8.68,2024-12-22,False
E0002259,T000736,Alimentação,235.61,2025-01-15,True
E0002260,T000736,Transporte terrestre,315.47,2025-01-15,True
E0002261,T000736,Ajuste de reembolso,8.55,2025-01-19,False
E0002262,T000737,Alimentação,639.4,2024-08-16,True
E0002263,T000737,Transporte terrestre,430.75,2024-08-16,True
E0002264,T000737,Ajuste de reembolso,39.35,2024-08-23,False
E0002265,T000738,Alimentação,320.35,2025-04-19,True
E0002266,T000738,Transporte terrestre,172.76,2025-04-19,True
E0002267,T000738,Ajuste de reembolso,17.86,2025-05-12,False
E0002268,T000739,Alimentação,76.68,2024-03-08,True
E0002269,T000739,Transporte terrestre,107.97,2024-03-08,True
E0002270,T000739,Ajuste de reembolso,30.08,2024-03-14,False
E0002271,T000740,Alimentação,652.28,2025-10-19,True
E0002272,T000740,Transporte terrestre,292.32,2025-10-19,True
E0002273,T000740,Ajuste de reembolso,23.88,2025-11-01,False
E0002274,T000741,Alimentação,181.27,2025-01-30,True
E0002275,T000741,Transporte terrestre,223.11,2025-01-30,True
E0002276,T000741,Ajuste de reembolso,13.01,2025-02-10,False
E0002277,T000742,Alimentação,101.87,2025-05-11,True
E0002278,T000742,Transporte terrestre,43.84,2025-05-11,True
E0002279,T000742,Ajuste de reembolso,44.46,2025-05-24,False
E0002280,T000743,Alimentação,549.65,2024-09-25,True
E0002281,T000743,Transporte terrestre,295.7,2024-09-25,True
E0002282,T000743,Outros,71.21,2024-09-25,True
E0002283,T000743,Ajuste de reembolso,-13.81,2024-09-29,False
E0002284,T000744,Alimentação,261.27,2025-01-26,True
E0002285,T000744,Transporte terrestre,203.29,2025-01-26,True
E0002286,T000744,Estacionamento,99.23,2025-01-26,True
E0002287,T000744,Ajuste de reembolso,38.53,2025-02-11,False
E0002288,T000745,Alimentação,80.42,2025-07-31,True
E0002289,T000745,Transporte terrestre,70.61,2025-07-31,True
E0002290,T000745,Ajuste de reembolso,-0.12,2025-08-05,False
E0002291,T000746,Alimentação,79.61,2024-08-26,True
E0002292,T000746,Transporte terrestre,60.66,2024-08-26,True
E0002293,T000746,Ajuste de reembolso,39.65,2024-08-29,False
E0002294,T000747,Alimentação,301.41,2024-04-10,True
E0002295,T000747,Transporte terrestre,282.92,2024-04-10,True
E0002296,T000747,Ajuste de reembolso,-18.76,2024-04-21,False
E0002297,T000748,Alimentação,606.96,2025-05-20,True
E0002298,T000748,Transporte terrestre,329.82,2025-05-20,True
E0002299,T000748,Ajuste de reembolso,-24.02,2025-06-04,False
E0002300,T000749,Alimentação,99.86,2024-06-06,True
E0002301,T000749,Transporte terrestre,57.12,2024-06-06,True
E0002302,T000749,Ajuste de reembolso,22.21,2024-06-10,False
E0002303,T000750,Alimentação,431.45,2025-09-19,True
E0002304,T000750,Transporte terrestre,686.27,2025-09-19,True
E0002305,T000750,Ajuste de reembolso,33.85,2025-09-29,False
E0002306,T000751,Alimentação,490.18,2025-09-29,True
E0002307,T000751,Transporte terrestre,394.63,2025-09-29,True
E0002308,T000751,Ajuste de reembolso,28.9,2025-10-06,False
E0002309,T000752,Alimentação,294.65,2025-07-12,True
E0002310,T000752,Transporte terrestre,196.14,2025-07-12,True
E0002311,T000752,Ajuste de reembolso,5.65,2025-07-16,False
E0002312,T000753,Alimentação,513.18,2024-10-26,True
E0002313,T000753,Transporte terrestre,180.02,2024-10-26,True
E0002314,T000753,Ajuste de reembolso,-14.87,2024-11-09,False
E0002315,T000754,Alimentação,211.96,2025-10-22,True
E0002316,T000754,Transporte terrestre,149.63,2025-10-22,True
E0002317,T000754,Ajuste de reembolso,5.87,2025-11-03,False
E0002318,T000755,Alimentação,57.94,2025-05-10,True
E0002319,T000755,Transporte terrestre,69.47,2025-05-10,True
E0002320,T000755,Ajuste de reembolso,3.92,2025-05-17,False
E0002321,T000756,Alimentação,109.37,2025-07-29,True
E0002322,T000756,Transporte terrestre,130.37,2025-07-29,True
E0002323,T000756,Estacionamento,74.74,2025-07-29,True
E0002324,T000756,Ajuste de reembolso,19.47,2025-08-11,False
E0002325,T000757,Alimentação,252.61,2025-08-27,True
E0002326,T000757,Transporte terrestre,99.62,2025-08-27,True
E0002327,T000757,Ajuste de reembolso,37.77,2025-09-03,False
E0002328,T000758,Alimentação,577.24,2025-03-05,True
E0002329,T000758,Transporte terrestre,225.94,2025-03-05,True
E0002330,T000758,Ajuste de reembolso,28.88,2025-03-15,False
E0002331,T000759,Alimentação,746.78,2024-12-06,True
E0002332,T000759,Transporte terrestre,362.44,2024-12-06,True
E0002333,T000759,Ajuste de reembolso,31.0,2024-12-19,False
E0002334,T000760,Alimentação,476.12,2025-10-18,True
E0002335,T000760,Transporte terrestre,384.3,2025-10-18,True
E0002336,T000760,Ajuste de reembolso,33.17,2025-10-24,False
E0002337,T000761,Alimentação,168.49,2025-09-20,True
E0002338,T000761,Transporte terrestre,215.41,2025-09-20,True
E0002339,T000761,Ajuste de reembolso,19.33,2025-09-29,False
E0002340,T000762,Alimentação,258.39,2025-02-09,True
E0002341,T000762,Transporte terrestre,218.67,2025-02-09,True
E0002342,T000762,Ajuste de reembolso,10.94,2025-02-19,False
E0002343,T000763,Alimentação,467.15,2024-04-12,True
E0002344,T000763,Transporte terrestre,198.92,2024-04-12,True
E0002345,T000763,Ajuste de reembolso,10.55,2024-05-01,False
E0002346,T000764,Alimentação,255.45,2024-04-07,True
E0002347,T000764,Transporte terrestre,217.18,2024-04-07,True
E0002348,T000764,Ajuste de reembolso,-4.37,2024-04-24,False
E0002349,T000765,Alimentação,386.4,2024-12-20,True
E0002350,T000765,Transporte terrestre,262.15,2024-12-20,True
E0002351,T000765,Ajuste de reembolso,42.59,2024-12-30,False
E0002352,T000766,Alimentação,250.5,2024-08-08,True
E0002353,T000766,Transporte terrestre,183.8,2024-08-08,True
E0002354,T000766,Ajuste de reembolso,1.61,2024-08-18,False
E0002355,T000767,Alimentação,199.94,2025-11-16,True
E0002356,T000767,Transporte terrestre,182.16,2025-11-16,True
E0002357,T000767,Ajuste de reembolso,-22.4,2025-11-28,False
E0002358,T000768,Alimentação,392.9,2024-09-12,True
E0002359,T000768,Transporte terrestre,185.39,2024-09-12,True
E0002360,T000768,Ajuste de reembolso,25.79,2024-09-20,False
E0002361,T000769,Alimentação,516.75,2024-09-30,True
E0002362,T000769,Transporte terrestre,507.23,2024-09-30,True
E0002363,T000769,Ajuste de reembolso,8.06,2024-10-14,False
E0002364,T000770,Alimentação,239.31,2025-01-05,True
E0002365,T000770,Transporte terrestre,130.79,2025-01-05,True
E0002366,T000770,Ajuste de reembolso,-7.72,2025-01-09,False
E0002367,T000771,Alimentação,253.27,2024-04-19,True
E0002368,T000771,Transporte terrestre,143.85,2024-04-19,True
E0002369,T000771,Ajuste de reembolso,43.77,2024-04-29,False
E0002370,T000772,Alimentação,75.51,2025-08-25,True
E0002371,T000772,Transporte terrestre,66.12,2025-08-25,True
E0002372,T000772,Ajuste de reembolso,22.97,2025-09-08,False
E0002373,T000773,Alimentação,277.57,2025-03-22,True
E0002374,T000773,Transporte terrestre,279.52,2025-03-22,True
E0002375,T000773,Ajuste de reembolso,-17.65,2025-03-25,False
E0002376,T000774,Alimentação,89.22,2025-10-04,True
E0002377,T000774,Transporte terrestre,72.54,2025-10-04,True
E0002378,T000774,Ajuste de reembolso,29.94,2025-10-09,False
E0002379,T000775,Alimentação,761.84,2025-07-18,True
E0002380,T000775,Transporte terrestre,411.81,2025-07-18,True
E0002381,T000775,Estacionamento,206.95,2025-07-18,True
E0002382,T000775,Ajuste de reembolso,-14.32,2025-08-04,False
E0002383,T000776,Alimentação,694.86,2025-05-11,True
E0002384,T000776,Transporte terrestre,572.89,2025-05-11,True
E0002385,T000776,Ajuste de reembolso,6.26,2025-05-20,False
E0002386,T000777,Alimentação,520.95,2024-03-15,True
E0002387,T000777,Transporte terrestre,279.3,2024-03-15,True
E0002388,T000777,Ajuste de reembolso,31.06,2024-03-30,False
E0002389,T000778,Alimentação,274.61,2025-04-30,True
E0002390,T000778,Transporte terrestre,227.89,2025-04-30,True
E0002391,T000778,Ajuste de reembolso,-4.02,2025-05-07,False
E0002392,T000779,Alimentação,251.21,2025-10-08,True
E0002393,T000779,Transporte terrestre,169.42,2025-10-08,True
E0002394,T000779,Ajuste de reembolso,17.31,2025-10-18,False
E0002395,T000780,Alimentação,122.32,2025-06-14,True
E0002396,T000780,Transporte terrestre,146.53,2025-06-14,True
E0002397,T000780,Ajuste de reembolso,40.82,2025-06-24,False
E0002398,T000781,Alimentação,241.83,2025-08-24,True
E0002399,T000781,Transporte terrestre,201.77,2025-08-24,True
E0002400,T000781,Ajuste de reembolso,-0.37,2025-09-12,False
E0002401,T000782,Alimentação,491.37,2024-10-17,True
E0002402,T000782,Transporte terrestre,260.83,2024-10-17,True
E0002403,T000782,Estacionamento,267.4,2024-10-17,True
E0002404,T000782,Ajuste de reembolso,-24.88,2024-10-27,False
E0002405,T000783,Alimentação,427.42,2025-01-20,True
E0002406,T000783,Transporte terrestre,209.22,2025-01-20,True
E0002407,T000783,Ajuste de reembolso,-19.79,2025-01-30,False
E0002408,T000784,Alimentação,651.08,2024-08-28,True
E0002409,T000784,Transporte terrestre,601.36,2024-08-28,True
E0002410,T000784,Ajuste de reembolso,33.17,2024-09-10,False
E0002411,T000785,Alimentação,202.01,2025-07-18,True
E0002412,T000785,Transporte terrestre,57.69,2025-07-18,True
E0002413,T000785,Ajuste de reembolso,30.74,2025-07-22,False
E0002414,T000786,Alimentação,468.24,2025-01-07,True
E0002415,T000786,Transporte terrestre,222.91,2025-01-07,True
E0002416,T000786,Ajuste de reembolso,35.02,2025-01-25,False
E0002417,T000787,Alimentação,428.44,2025-12-19,True
E0002418,T000787,Transporte terrestre,251.74,2025-12-19,True
E0002419,T000787,Ajuste de reembolso,-10.32,2025-12-23,False
E0002420,T000788,Alimentação,320.05,2025-07-10,True
E0002421,T000788,Transporte terrestre,105.41,2025-07-10,True
E0002422,T000788,Ajuste de reembolso,18.45,2025-07-19,False
E0002423,T000789,Alimentação,349.11,2025-08-21,True
E0002424,T000789,Transporte terrestre,454.21,2025-08-21,True
E0002425,T000789,Estacionamento,192.52,2025-08-21,True
E0002426,T000789,Ajuste de reembolso,37.68,2025-09-11,False
E0002427,T000790,Alimentação,218.45,2025-02-01,True
E0002428,T000790,Transporte terrestre,83.32,2025-02-01,True
E0002429,T000790,Ajuste de reembolso,12.17,2025-02-06,False
E0002430,T000791,Alimentação,42.6,2025-09-01,True
E0002431,T000791,Transporte terrestre,105.51,2025-09-01,True
E0002432,T000791,Ajuste de reembolso,14.75,2025-09-15,False
E0002433,T000792,Alimentação,340.35,2024-11-02,True
E0002434,T000792,Transporte terrestre,341.65,2024-11-02,True
E0002435,T000792,Taxa,49.67,2024-11-02,True
E0002436,T000792,Ajuste de reembolso,-23.64,2024-11-12,False
E0002437,T000795,Alimentação,481.83,2024-09-22,True
E0002438,T000795,Transporte terrestre,263.27,2024-09-22,True
E0002439,T000795,Ajuste de reembolso,-2.6,2024-09-26,False
E0002440,T000796,Alimentação,122.64,2024-04-06,True
E0002441,T000796,Transporte terrestre,45.17,2024-04-06,True
E0002442,T000796,Ajuste de reembolso,25.49,2024-04-23,False
E0002443,T000797,Alimentação,87.55,2025-12-25,True
E0002444,T000797,Transporte terrestre,54.52,2025-12-25,True
E0002445,T000797,Ajuste de reembolso,-4.96,2026-01-10,False
E0002446,T000798,Alimentação,270.31,2025-09-09,True
E0002447,T000798,Transporte terrestre,173.57,2025-09-09,True
E0002448,T000798,Ajuste de reembolso,35.41,2025-09-18,False
E0002449,T000799,Alimentação,533.06,2024-03-13,True
E0002450,T000799,Transporte terrestre,364.39,2024-03-13,True
E0002451,T000799,Ajuste de reembolso,33.73,2024-04-01,False
E0002452,T000800,Alimentação,556.88,2024-08-30,True
E0002453,T000800,Transporte terrestre,307.28,2024-08-30,True
E0002454,T000800,Ajuste de reembolso,-22.68,2024-09-08,False
E0002455,T000801,Alimentação,394.97,2024-05-15,True
E0002456,T000801,Transporte terrestre,359.36,2024-05-15,True
E0002457,T000801,Pedágio,57.67,2024-05-15,True
E0002458,T000801,Ajuste de reembolso,39.92,2024-05-24,False
E0002459,T000802,Alimentação,150.25,2025-08-11,True
E0002460,T000802,Transporte terrestre,147.63,2025-08-11,True
E0002461,T000802,Ajuste de reembolso,25.18,2025-08-25,False
E0002462,T000803,Alimentação,129.75,2024-10-17,True
E0002463,T000803,Transporte terrestre,120.48,2024-10-17,True
E0002464,T000803,Ajuste de reembolso,31.78,2024-10-26,False
E0002465,T000804,Alimentação,400.01,2025-04-12,True
E0002466,T000804,Transporte terrestre,274.23,2025-04-12,True
E0002467,T000804,Estacionamento,275.54,2025-04-12,True
E0002468,T000804,Ajuste de reembolso,38.47,2025-04-21,False
E0002469,T000805,Alimentação,709.56,2024-11-04,True
E0002470,T000805,Transporte terrestre,685.14,2024-11-04,True
E0002471,T000805,Outros,272.13,2024-11-04,True
E0002472,T000805,Ajuste de reembolso,20.63,2024-11-24,False
E0002473,T000806,Alimentação,316.04,2025-08-06,True
E0002474,T000806,Transporte terrestre,317.99,2025-08-06,True
E0002475,T000806,Ajuste de reembolso,12.78,2025-08-13,False
E0002476,T000807,Alimentação,485.06,2024-09-03,True
E0002477,T000807,Transporte terrestre,370.21,2024-09-03,True
E0002478,T000807,Ajuste de reembolso,36.49,2024-09-13,False
E0002479,T000808,Alimentação,406.94,2024-08-01,True
E0002480,T000808,Transporte terrestre,227.22,2024-08-01,True
E0002481,T000808,Ajuste de reembolso,-22.05,2024-08-09,False
E0002482,T000809,Alimentação,270.74,2025-09-03,True
E0002483,T000809,Transporte terrestre,496.03,2025-09-03,True
E0002484,T000809,Ajuste de reembolso,-8.82,2025-09-08,False
E0002485,T000810,Alimentação,227.56,2024-02-07,True
E0002486,T000810,Transporte terrestre,147.04,2024-02-07,True
E0002487,T000810,Ajuste de reembolso,-21.7,2024-02-15,False
E0002488,T000811,Alimentação,140.88,2025-04-28,True
E0002489,T000811,Transporte terrestre,69.62,2025-04-28,True
E0002490,T000811,Pedágio,96.34,2025-04-28,True
E0002491,T000811,Ajuste de reembolso,19.9,2025-05-02,False
E0002492,T000812,Alimentação,757.48,2024-04-23,True
E0002493,T000812,Transporte terrestre,550.17,2024-04-23,True
E0002494,T000812,Ajuste de reembolso,-16.46,2024-05-11,False
E0002495,T000813,Alimentação,93.25,2025-06-03,True
E0002496,T000813,Transporte terrestre,110.84,2025-06-03,True
E0002497,T000813,Ajuste de reembolso,30.52,2025-06-10,False
E0002498,T000814,Alimentação,191.63,2024-11-29,True
E0002499,T000814,Transporte terrestre,135.64,2024-11-29,True
E0002500,T000814,Ajuste de reembolso,-5.95,2024-12-10,False
E0002501,T000815,Alimentação,111.73,2025-08-03,True
E0002502,T000815,Transporte terrestre,105.31,2025-08-03,True
E0002503,T000815,Ajuste de reembolso,27.87,2025-08-06,False
E0002504,T000816,Alimentação,227.04,2025-04-04,True
E0002505,T000816,Transporte terrestre,121.88,2025-04-04,True
E0002506,T000816,Ajuste de reembolso,13.15,2025-04-16,False
E0002507,T000817,Alimentação,168.04,2024-12-27,True
E0002508,T000817,Transporte terrestre,142.45,2024-12-27,True
E0002509,T000817,Ajuste de reembolso,5.38,2025-01-04,False
E0002510,T000818,Alimentação,451.58,2024-11-30,True
E0002511,T000818,Transporte terrestre,295.82,2024-11-30,True
E0002512,T000818,Ajuste de reembolso,6.67,2024-12-18,False
E0002513,T000819,Alimentação,72.0,2024-10-17,True
E0002514,T000819,Transporte terrestre,59.07,2024-10-17,True
E0002515,T000819,Ajuste de reembolso,-20.54,2024-11-01,False
E0002516,T000820,Alimentação,275.44,2025-06-09,True
E0002517,T000820,Transporte terrestre,151.5,2025-06-09,True
E0002518,T000820,Ajuste de reembolso,5.25,2025-06-26,False
E0002519,T000821,Alimentação,389.47,2024-10-30,True
E0002520,T000821,Transporte terrestre,237.47,2024-10-30,True
E0002521,T000821,Ajuste de reembolso,39.49,2024-11-17,False
E0002522,T000822,Alimentação,733.0,2024-07-19,True
E0002523,T000822,Transporte terrestre,430.32,2024-07-19,True
E0002524,T000822,Ajuste de reembolso,34.65,2024-07-25,False
E0002525,T000823,Alimentação,205.26,2025-03-10,True
E0002526,T000823,Transporte terrestre,179.47,2025-03-10,True
E0002527,T000823,Ajuste de reembolso,11.99,2025-03-19,False
E0002528,T000824,Alimentação,130.2,2025-08-26,True
E0002529,T000824,Transporte terrestre,46.79,2025-08-26,True
E0002530,T000824,Ajuste de reembolso,-24.58,2025-09-08,False
E0002531,T000825,Alimentação,1102.82,2025-04-19,True
E0002532,T000825,Transporte terrestre,624.92,2025-04-19,True
E0002533,T000825,Ajuste de reembolso,40.23,2025-04-25,False
E0002534,T000826,Alimentação,86.79,2025-10-06,True
E0002535,T000826,Transporte terrestre,87.62,2025-10-06,True
E0002536,T000826,Ajuste de reembolso,30.29,2025-10-16,False
E0002537,T000827,Alimentação,220.21,2025-11-25,True
E0002538,T000827,Transporte terrestre,169.97,2025-11-25,True
E0002539,T000827,Ajuste de reembolso,4.08,2025-11-28,False
E0002540,T000828,Alimentação,90.33,2025-07-11,True
E0002541,T000828,Transporte terrestre,72.55,2025-07-11,True
E0002542,T000828,Ajuste de reembolso,32.04,2025-07-21,False
E0002543,T000829,Alimentação,130.13,2024-05-03,True
E0002544,T000829,Transporte terrestre,84.27,2024-05-03,True
E0002545,T000829,Ajuste de reembolso,-1.38,2024-05-19,False
E0002546,T000830,Alimentação,248.39,2024-12-26,True
E0002547,T000830,Transporte terrestre,136.36,2024-12-26,True
E0002548,T000830,Outros,77.44,2024-12-26,True
E0002549,T000830,Ajuste de reembolso,-9.51,2025-01-08,False
E0002550,T000831,Alimentação,180.63,2024-09-25,True
E0002551,T000831,Transporte terrestre,95.93,2024-09-25,True
E0002552,T000831,Ajuste de reembolso,4.45,2024-10-06,False
E0002553,T000832,Alimentação,265.36,2025-09-12,True
E0002554,T000832,Transporte terrestre,125.57,2025-09-12,True
E0002555,T000832,Ajuste de reembolso,3.34,2025-09-26,False
E0002556,T000833,Alimentação,827.5,2025-04-15,True
E0002557,T000833,Transporte terrestre,373.48,2025-04-15,True
E0002558,T000833,Ajuste de reembolso,-24.64,2025-05-02,False
E0002559,T000834,Alimentação,505.55,2025-10-03,True
E0002560,T000834,Transporte terrestre,244.55,2025-10-03,True
E0002561,T000834,Ajuste de reembolso,29.66,2025-10-15,False
E0002562,T000835,Alimentação,106.39,2024-11-17,True
E0002563,T000835,Transporte terrestre,55.89,2024-11-17,True
E0002564,T000835,Ajuste de reembolso,-7.71,2024-11-25,False
E0002565,T000836,Alimentação,319.74,2024-05-28,True
E0002566,T000836,Transporte terrestre,162.41,2024-05-28,True
E0002567,T000836,Ajuste de reembolso,29.14,2024-06-11,False
E0002568,T000837,Alimentação,350.74,2024-09-20,True
E0002569,T000837,Transporte terrestre,287.26,2024-09-20,True
E0002570,T000837,Ajuste de reembolso,-8.6,2024-09-30,False
E0002571,T000838,Alimentação,334.16,2024-10-13,True
E0002572,T000838,Transporte terrestre,231.51,2024-10-13,True
E0002573,T000838,Ajuste de reembolso,-15.17,2024-10-18,False
E0002574,T000839,Alimentação,504.7,2024-09-23,True
E0002575,T000839,Transporte terrestre,283.76,2024-09-23,True
E0002576,T000839,Taxa,69.56,2024-09-23,True
E0002577,T000839,Ajuste de reembolso,26.29,2024-10-02,False
E0002578,T000840,Alimentação,441.5,2025-05-13,True
E0002579,T000840,Transporte terrestre,204.65,2025-05-13,True
E0002580,T000840,Ajuste de reembolso,23.06,2025-05-17,False
E0002581,T000841,Alimentação,317.42,2025-03-08,True
E0002582,T000841,Transporte terrestre,221.87,2025-03-08,True
E0002583,T000841,Ajuste de reembolso,-19.88,2025-03-22,False
E0002584,T000842,Alimentação,69.49,2024-06-24,True
E0002585,T000842,Transporte terrestre,58.63,2024-06-24,True
E0002586,T000842,Ajuste de reembolso,33.05,2024-07-09,False
E0002587,T000843,Alimentação,108.43,2024-08-18,True
E0002588,T000843,Transporte terrestre,72.68,2024-08-18,True
E0002589,T000843,Ajuste de reembolso,-22.83,2024-08-31,False
E0002590,T000844,Alimentação,525.42,2025-04-19,True
E0002591,T000844,Transporte terrestre,246.73,2025-04-19,True
E0002592,T000844,Estacionamento,211.09,2025-04-19,True
E0002593,T000844,Ajuste de reembolso,36.09,2025-05-07,False
E0002594,T000845,Alimentação,172.62,2024-11-01,True
E0002595,T000845,Transporte terrestre,178.63,2024-11-01,True
E0002596,T000845,Ajuste de reembolso,27.68,2024-11-17,False
E0002597,T000846,Alimentação,241.24,2024-05-02,True
E0002598,T000846,Transporte terrestre,194.28,2024-05-02,True
E0002599,T000846,Ajuste de reembolso,42.74,2024-05-14,False
E0002600,T000847,Alimentação,175.07,2024-06-04,True
E0002601,T000847,Transporte terrestre,210.5,2024-06-04,True
E0002602,T000847,Pedágio,259.82,2024-06-04,True
E0002603,T000847,Ajuste de reembolso,-5.51,2024-06-15,False
E0002604,T000849,Alimentação,225.98,2024-02-05,True
E0002605,T000849,Transporte terrestre,111.42,2024-02-05,True
E0002606,T000849,Ajuste de reembolso,35.94,2024-02-12,False
E0002607,T000850,Alimentação,232.57,2025-04-27,True
E0002608,T000850,Transporte terrestre,161.5,2025-04-27,True
E0002609,T000850,Ajuste de reembolso,37.11,2025-05-18,False
E0002610,T000851,Alimentação,320.55,2024-09-24,True
E0002611,T000851,Transporte terrestre,317.09,2024-09-24,True
E0002612,T000851,Ajuste de reembolso,6.1,2024-10-05,False
E0002613,T000852,Alimentação,156.53,2025-10-29,True
E0002614,T000852,Transporte terrestre,186.62,2025-10-29,True
E0002615,T000852,Ajuste de reembolso,-2.9,2025-11-06,False
E0002616,T000853,Alimentação,74.92,2025-10-17,True
E0002617,T000853,Transporte terrestre,66.64,2025-10-17,True
E0002618,T000853,Ajuste de reembolso,-10.91,2025-11-02,False
E0002619,T000854,Alimentação,69.51,2025-10-05,True
E0002620,T000854,Transporte terrestre,71.4,2025-10-05,True
E0002621,T000854,Ajuste de reembolso,22.96,2025-10-22,False
E0002622,T000855,Alimentação,713.0,2024-10-07,True
E0002623,T000855,Transporte terrestre,346.62,2024-10-07,True
E0002624,T000855,Ajuste de reembolso,43.59,2024-10-20,False
E0002625,T000856,Alimentação,110.68,2025-04-10,True
E0002626,T000856,Transporte terrestre,67.7,2025-04-10,True
E0002627,T000856,Ajuste de reembolso,-15.32,2025-04-28,False
E0002628,T000857,Alimentação,256.12,2024-06-05,True
E0002629,T000857,Transporte terrestre,147.53,2024-06-05,True
E0002630,T000857,Ajuste de reembolso,21.96,2024-06-16,False
E0002631,T000859,Alimentação,267.88,2024-06-03,True
E0002632,T000859,Transporte terrestre,138.33,2024-06-03,True
E0002633,T000859,Ajuste de reembolso,-6.26,2024-06-05,False
E0002634,T000861,Alimentação,280.99,2025-06-01,True
E0002635,T000861,Transporte terrestre,194.52,2025-06-01,True
E0002636,T000861,Ajuste de reembolso,15.95,2025-06-10,False
E0002637,T000862,Alimentação,491.98,2024-11-04,True
E0002638,T000862,Transporte terrestre,161.09,2024-11-04,True
E0002639,T000862,Ajuste de reembolso,42.28,2024-11-15,False
E0002640,T000863,Alimentação,361.98,2024-10-24,True
E0002641,T000863,Transporte terrestre,233.45,2024-10-24,True
E0002642,T000863,Ajuste de reembolso,28.63,2024-11-05,False
E0002643,T000864,Alimentação,198.28,2024-08-01,True
E0002644,T000864,Transporte terrestre,202.79,2024-08-01,True
E0002645,T000864,Ajuste de reembolso,23.46,2024-08-15,False
E0002646,T000865,Alimentação,626.83,2024-03-31,True
E0002647,T000865,Transporte terrestre,492.7,2024-03-31,True
E0002648,T000865,Ajuste de reembolso,15.83,2024-04-14,False
E0002649,T000866,Alimentação,241.82,2024-10-16,True
E0002650,T000866,Transporte terrestre,96.3,2024-10-16,True
E0002651,T000866,Ajuste de reembolso,21.2,2024-11-03,False
E0002652,T000867,Alimentação,118.57,2024-03-02,True
E0002653,T000867,Transporte terrestre,76.51,2024-03-02,True
E0002654,T000867,Ajuste de reembolso,1.74,2024-03-17,False
E0002655,T000868,Alimentação,495.33,2025-09-12,True
E0002656,T000868,Transporte terrestre,402.13,2025-09-12,True
E0002657,T000868,Ajuste de reembolso,13.22,2025-09-26,False
E0002658,T000869,Alimentação,153.97,2025-03-25,True
E0002659,T000869,Transporte terrestre,103.03,2025-03-25,True
E0002660,T000869,Ajuste de reembolso,3.12,2025-04-06,False
E0002661,T000870,Alimentação,374.31,2025-12-22,True
E0002662,T000870,Transporte terrestre,185.17,2025-12-22,True
E0002663,T000870,Ajuste de reembolso,-16.86,2025-12-29,False
E0002664,T000871,Alimentação,339.61,2024-11-18,True
E0002665,T000871,Transporte terrestre,352.88,2024-11-18,True
E0002666,T000871,Ajuste de reembolso,28.11,2024-11-24,False
E0002667,T000872,Alimentação,213.74,2025-12-20,True
E0002668,T000872,Transporte terrestre,284.14,2025-12-20,True
E0002669,T000872,Ajuste de reembolso,33.38,2026-01-01,False
E0002670,T000874,Alimentação,532.17,2025-11-27,True
E0002671,T000874,Transporte terrestre,306.31,2025-11-27,True
E0002672,T000874,Ajuste de reembolso,34.73,2025-12-11,False
E0002673,T000875,Alimentação,438.32,2024-04-24,True
E0002674,T000875,Transporte terrestre,224.36,2024-04-24,True
E0002675,T000875,Ajuste de reembolso,12.7,2024-05-02,False
E0002676,T000876,Alimentação,708.2,2024-11-11,True
E0002677,T000876,Transporte terrestre,383.97,2024-11-11,True
E0002678,T000876,Ajuste de reembolso,-0.85,2024-11-24,False
E0002679,T000877,Alimentação,470.34,2025-01-06,True
E0002680,T000877,Transporte terrestre,199.27,2025-01-06,True
E0002681,T000877,Ajuste de reembolso,-16.63,2025-01-20,False
E0002682,T000878,Alimentação,429.61,2024-01-24,True
E0002683,T000878,Transporte terrestre,253.61,2024-01-24,True
E0002684,T000878,Ajuste de reembolso,-9.37,2024-01-30,False
E0002685,T000879,Alimentação,293.57,2025-10-17,True
E0002686,T000879,Transporte terrestre,198.27,2025-10-17,True
E0002687,T000879,Ajuste de reembolso,-1.99,2025-10-28,False
E0002688,T000880,Alimentação,1095.95,2025-02-04,True
E0002689,T000880,Transporte terrestre,384.41,2025-02-04,True
E0002690,T000880,Estacionamento,89.19,2025-02-04,True
E0002691,T000880,Ajuste de reembolso,37.17,2025-02-24,False
E0002692,T000881,Alimentação,130.71,2025-09-01,True
E0002693,T000881,Transporte terrestre,132.44,2025-09-01,True
E0002694,T000881,Ajuste de reembolso,17.38,2025-09-17,False
E0002695,T000882,Alimentação,338.85,2024-02-26,True
E0002696,T000882,Transporte terrestre,365.01,2024-02-26,True
E0002697,T000882,Ajuste de reembolso,-5.17,2024-03-05,False
E0002698,T000883,Alimentação,312.7,2025-11-15,True
E0002699,T000883,Transporte terrestre,317.29,2025-11-15,True
E0002700,T000883,Ajuste de reembolso,-9.6,2025-11-25,False
E0002701,T000884,Alimentação,150.71,2024-08-06,True
E0002702,T000884,Transporte terrestre,109.79,2024-08-06,True
E0002703,T000884,Ajuste de reembolso,-0.98,2024-08-13,False
E0002704,T000885,Alimentação,224.87,2025-05-12,True
E0002705,T000885,Transporte terrestre,138.88,2025-05-12,True
E0002706,T000885,Ajuste de reembolso,26.9,2025-05-25,False
E0002707,T000886,Alimentação,839.41,2025-12-05,True
E0002708,T000886,Transporte terrestre,308.19,2025-12-05,True
E0002709,T000886,Ajuste de reembolso,-11.27,2025-12-21,False
E0002710,T000887,Alimentação,197.16,2025-10-10,True
E0002711,T000887,Transporte terrestre,101.23,2025-10-10,True
E0002712,T000887,Ajuste de reembolso,37.57,2025-10-23,False
E0002713,T000888,Alimentação,560.05,2024-10-22,True
E0002714,T000888,Transporte terrestre,190.09,2024-10-22,True
E0002715,T000888,Ajuste de reembolso,-16.46,2024-10-31,False
E0002716,T000889,Alimentação,350.98,2025-06-04,True
E0002717,T000889,Transporte terrestre,225.71,2025-06-04,True
E0002718,T000889,Ajuste de reembolso,30.08,2025-06-16,False
E0002719,T000890,Alimentação,475.62,2024-04-29,True
E0002720,T000890,Transporte terrestre,366.65,2024-04-29,True
E0002721,T000890,Estacionamento,63.37,2024-04-29,True
E0002722,T000890,Ajuste de reembolso,-17.56,2024-05-13,False
E0002723,T000891,Alimentação,294.0,2025-02-01,True
E0002724,T000891,Transporte terrestre,186.28,2025-02-01,True
E0002725,T000891,Ajuste de reembolso,42.08,2025-02-10,False
E0002726,T000892,Alimentação,268.62,2025-10-12,True
E0002727,T000892,Transporte terrestre,130.53,2025-10-12,True
E0002728,T000892,Ajuste de reembolso,-18.74,2025-10-22,False
E0002729,T000893,Alimentação,212.87,2024-06-20,True
E0002730,T000893,Transporte terrestre,205.91,2024-06-20,True
E0002731,T000893,Ajuste de reembolso,-21.74,2024-06-30,False
E0002732,T000894,Alimentação,105.74,2025-02-08,True
E0002733,T000894,Transporte terrestre,76.99,2025-02-08,True
E0002734,T000894,Ajuste de reembolso,0.1,2025-02-17,False
E0002735,T000895,Alimentação,380.09,2025-11-29,True
E0002736,T000895,Transporte terrestre,267.59,2025-11-29,True
E0002737,T000895,Estacionamento,239.8,2025-11-29,True
E0002738,T000895,Ajuste de reembolso,24.18,2025-12-22,False
E0002739,T000896,Alimentação,579.34,2024-08-28,True
E0002740,T000896,Transporte terrestre,288.5,2024-08-28,True
E0002741,T000896,Ajuste de reembolso,-8.97,2024-09-04,False
E0002742,T000897,Alimentação,98.95,2025-06-25,True
E0002743,T000897,Transporte terrestre,89.27,2025-06-25,True
E0002744,T000897,Ajuste de reembolso,12.71,2025-07-10,False
E0002745,T000898,Alimentação,116.59,2025-11-03,True
E0002746,T000898,Transporte terrestre,148.22,2025-11-03,True
E0002747,T000898,Ajuste de reembolso,-2.56,2025-11-14,False
E0002748,T000899,Alimentação,109.98,2025-10-17,True
E0002749,T000899,Transporte terrestre,55.3,2025-10-17,True
E0002750,T000899,Taxa,76.61,2025-10-17,True
E0002751,T000899,Ajuste de reembolso,-20.33,2025-11-01,False
E0002752,T000900,Alimentação,189.25,2025-03-29,True
E0002753,T000900,Transporte terrestre,108.88,2025-03-29,True
E0002754,T000900,Outros,127.5,2025-03-29,True
E0002755,T000900,Ajuste de reembolso,-1.57,2025-04-10,False
E0002756,T000901,Alimentação,378.0,2025-04-23,True
E0002757,T000901,Transporte terrestre,373.62,2025-04-23,True
E0002758,T000901,Ajuste de reembolso,26.97,2025-05-05,False
E0002759,T000902,Alimentação,125.14,2025-11-15,True
E0002760,T000902,Transporte terrestre,59.03,2025-11-15,True
E0002761,T000902,Ajuste de reembolso,36.92,2025-11-28,False
E0002762,T000903,Alimentação,281.2,2024-03-18,True
E0002763,T000903,Transporte terrestre,299.52,2024-03-18,True
E0002764,T000903,Ajuste de reembolso,35.01,2024-03-29,False
E0002765,T000904,Alimentação,212.61,2024-12-03,True
E0002766,T000904,Transporte terrestre,129.89,2024-12-03,True
E0002767,T000904,Estacionamento,160.82,2024-12-03,True
E0002768,T000904,Ajuste de reembolso,12.38,2024-12-15,False
E0002769,T000905,Alimentação,147.58,2024-06-06,True
E0002770,T000905,Transporte terrestre,106.32,2024-06-06,True
E0002771,T000905,Estacionamento,127.49,2024-06-06,True
E0002772,T000905,Ajuste de reembolso,12.03,2024-06-09,False
E0002773,T000906,Alimentação,322.24,2024-09-22,True
E0002774,T000906,Transporte terrestre,320.34,2024-09-22,True
E0002775,T000906,Ajuste de reembolso,18.88,2024-10-08,False
E0002776,T000907,Alimentação,828.8,2024-03-14,True
E0002777,T000907,Transporte terrestre,380.3,2024-03-14,True
E0002778,T000907,Ajuste de reembolso,-7.1,2024-04-01,False
E0002779,T000908,Alimentação,214.94,2024-11-01,True
E0002780,T000908,Transporte terrestre,199.64,2024-11-01,True
E0002781,T000908,Ajuste de reembolso,29.02,2024-11-19,False
E0002782,T000909,Alimentação,102.66,2025-10-29,True
E0002783,T000909,Transporte terrestre,93.82,2025-10-29,True
E0002784,T000909,Ajuste de reembolso,-2.24,2025-11-08,False
E0002785,T000910,Alimentação,249.8,2024-06-18,True
E0002786,T000910,Transporte terrestre,124.16,2024-06-18,True
E0002787,T000910,Estacionamento,216.64,2024-06-18,True
E0002788,T000910,Ajuste de reembolso,-2.81,2024-06-30,False
E0002789,T000911,Alimentação,970.1,2025-02-19,True
E0002790,T000911,Transporte terrestre,397.96,2025-02-19,True
E0002791,T000911,Outros,47.55,2025-02-19,True
E0002792,T000911,Ajuste de reembolso,35.8,2025-03-06,False
E0002793,T000912,Alimentação,344.45,2024-01-10,True
E0002794,T000912,Transporte terrestre,175.9,2024-01-10,True
E0002795,T000912,Taxa,149.96,2024-01-10,True
E0002796,T000912,Ajuste de reembolso,-17.61,2024-01-14,False
E0002797,T000913,Alimentação,265.68,2025-07-13,True
E0002798,T000913,Transporte terrestre,154.26,2025-07-13,True
E0002799,T000913,Ajuste de reembolso,2.72,2025-07-26,False
E0002800,T000914,Alimentação,151.38,2025-04-12,True
E0002801,T000914,Transporte terrestre,158.06,2025-04-12,True
E0002802,T000914,Ajuste de reembolso,19.79,2025-04-18,False
E0002803,T000915,Alimentação,550.69,2024-11-12,True
E0002804,T000915,Transporte terrestre,269.54,2024-11-12,True
E0002805,T000915,Ajuste de reembolso,14.01,2024-11-28,False
E0002806,T000916,Alimentação,420.91,2024-04-27,True
E0002807,T000916,Transporte terrestre,308.18,2024-04-27,True
E0002808,T000916,Ajuste de reembolso,-2.61,2024-05-06,False
E0002809,T000917,Alimentação,141.81,2024-01-06,True
E0002810,T000917,Transporte terrestre,68.27,2024-01-06,True
E0002811,T000917,Ajuste de reembolso,-15.3,2024-01-21,False
E0002812,T000918,Alimentação,529.25,2025-05-03,True
E0002813,T000918,Transporte terrestre,246.28,2025-05-03,True
E0002814,T000918,Ajuste de reembolso,32.92,2025-05-12,False
E0002815,T000919,Alimentação,284.31,2024-06-12,True
E0002816,T000919,Transporte terrestre,201.53,2024-06-12,True
E0002817,T000919,Ajuste de reembolso,38.33,2024-06-24,False
E0002818,T000920,Alimentação,286.26,2024-12-30,True
E0002819,T000920,Transporte terrestre,239.32,2024-12-30,True
E0002820,T000920,Ajuste de reembolso,42.88,2025-01-09,False
E0002821,T000921,Alimentação,238.05,2024-12-11,True
E0002822,T000921,Transporte terrestre,197.01,2024-12-11,True
E0002823,T000921,Ajuste de reembolso,43.82,2024-12-30,False
E0002824,T000922,Alimentação,311.58,2024-01-23,True
E0002825,T000922,Transporte terrestre,156.77,2024-01-23,True
E0002826,T000922,Ajuste de reembolso,-15.21,2024-02-06,False
E0002827,T000923,Alimentação,342.05,2025-04-11,True
E0002828,T000923,Transporte terrestre,166.86,2025-04-11,True
E0002829,T000923,Ajuste de reembolso,35.15,2025-04-27,False
E0002830,T000924,Alimentação,302.81,2025-09-25,True
E0002831,T000924,Transporte terrestre,86.68,2025-09-25,True
E0002832,T000924,Ajuste de reembolso,22.21,2025-10-01,False
E0002833,T000925,Alimentação,449.94,2024-04-30,True
E0002834,T000925,Transporte terrestre,201.27,2024-04-30,True
E0002835,T000925,Ajuste de reembolso,26.76,2024-05-10,False
E0002836,T000926,Alimentação,171.45,2025-07-01,True
E0002837,T000926,Transporte terrestre,123.22,2025-07-01,True
E0002838,T000926,Ajuste de reembolso,-14.09,2025-07-08,False
E0002839,T000927,Alimentação,179.99,2025-04-21,True
E0002840,T000927,Transporte terrestre,144.31,2025-04-21,True
E0002841,T000927,Taxa,227.93,2025-04-21,True
E0002842,T000927,Ajuste de reembolso,-20.71,2025-05-04,False
E0002843,T000928,Alimentação,139.52,2025-04-14,True
E0002844,T000928,Transporte terrestre,188.32,2025-04-14,True
E0002845,T000928,Outros,267.86,2025-04-14,True
E0002846,T000928,Ajuste de reembolso,32.62,2025-04-18,False
E0002847,T000929,Alimentação,465.86,2024-09-14,True
E0002848,T000929,Transporte terrestre,270.58,2024-09-14,True
E0002849,T000929,Ajuste de reembolso,8.98,2024-09-26,False
E0002850,T000930,Alimentação,428.24,2024-06-07,True
E0002851,T000930,Transporte terrestre,246.9,2024-06-07,True
E0002852,T000930,Ajuste de reembolso,2.64,2024-06-22,False
E0002853,T000931,Alimentação,277.73,2025-04-03,True
E0002854,T000931,Transporte terrestre,196.98,2025-04-03,True
E0002855,T000931,Ajuste de reembolso,-14.69,2025-04-13,False
E0002856,T000932,Alimentação,139.61,2024-02-01,True
E0002857,T000932,Transporte terrestre,187.13,2024-02-01,True
E0002858,T000932,Ajuste de reembolso,-5.48,2024-02-13,False
E0002859,T000933,Alimentação,446.09,2024-11-18,True
E0002860,T000933,Transporte terrestre,337.45,2024-11-18,True
E0002861,T000933,Ajuste de reembolso,-13.72,2024-12-07,False
E0002862,T000934,Alimentação,206.61,2025-01-21,True
E0002863,T000934,Transporte terrestre,174.72,2025-01-21,True
E0002864,T000934,Ajuste de reembolso,34.1,2025-01-25,False
E0002865,T000935,Alimentação,395.76,2024-04-03,True
E0002866,T000935,Transporte terrestre,176.02,2024-04-03,True
E0002867,T000935,Ajuste de reembolso,-19.33,2024-04-18,False
E0002868,T000936,Alimentação,110.58,2024-06-04,True
E0002869,T000936,Transporte terrestre,63.49,2024-06-04,True
E0002870,T000936,Ajuste de reembolso,28.93,2024-06-11,False
E0002871,T000937,Alimentação,90.96,2024-06-23,True
E0002872,T000937,Transporte terrestre,72.69,2024-06-23,True
E0002873,T000937,Ajuste de reembolso,-7.41,2024-06-29,False
E0002874,T000938,Alimentação,318.51,2024-05-19,True
E0002875,T000938,Transporte terrestre,251.96,2024-05-19,True
E0002876,T000938,Outros,62.62,2024-05-19,True
E0002877,T000938,Ajuste de reembolso,23.61,2024-05-28,False
E0002878,T000939,Alimentação,397.96,2025-07-23,True
E0002879,T000939,Transporte terrestre,214.28,2025-07-23,True
E0002880,T000939,Taxa,202.54,2025-07-23,True
E0002881,T000939,Ajuste de reembolso,-8.8,2025-07-26,False
E0002882,T000940,Alimentação,294.24,2025-05-27,True
E0002883,T000940,Transporte terrestre,336.78,2025-05-27,True
E0002884,T000940,Ajuste de reembolso,30.75,2025-06-09,False
E0002885,T000941,Alimentação,287.24,2025-07-26,True
E0002886,T000941,Transporte terrestre,86.25,2025-07-26,True
E0002887,T000941,Ajuste de reembolso,9.47,2025-08-07,False
E0002888,T000942,Alimentação,554.84,2024-08-31,True
E0002889,T000942,Transporte terrestre,261.92,2024-08-31,True
E0002890,T000942,Ajuste de reembolso,22.8,2024-09-20,False
E0002891,T000943,Alimentação,343.14,2024-04-16,True
E0002892,T000943,Transporte terrestre,272.94,2024-04-16,True
E0002893,T000943,Ajuste de reembolso,-6.8,2024-04-29,False
E0002894,T000945,Alimentação,679.06,2024-02-15,True
E0002895,T000945,Transporte terrestre,351.21,2024-02-15,True
E0002896,T000945,Ajuste de reembolso,-9.85,2024-02-28,False
E0002897,T000946,Alimentação,207.17,2025-08-26,True
E0002898,T000946,Transporte terrestre,356.3,2025-08-26,True
E0002899,T000946,Ajuste de reembolso,43.87,2025-09-11,False
E0002900,T000947,Alimentação,87.87,2025-05-10,True
E0002901,T000947,Transporte terrestre,128.85,2025-05-10,True
E0002902,T000947,Ajuste de reembolso,36.84,2025-05-21,False
E0002903,T000948,Alimentação,130.59,2025-06-18,True
E0002904,T000948,Transporte terrestre,74.78,2025-06-18,True
E0002905,T000948,Ajuste de reembolso,-3.66,2025-06-29,False
E0002906,T000949,Alimentação,166.39,2024-04-01,True
E0002907,T000949,Transporte terrestre,109.72,2024-04-01,True
E0002908,T000949,Ajuste de reembolso,-16.31,2024-04-04,False
E0002909,T000950,Alimentação,103.87,2024-07-24,True
E0002910,T000950,Transporte terrestre,51.42,2024-07-24,True
E0002911,T000950,Ajuste de reembolso,25.95,2024-08-08,False
E0002912,T000951,Alimentação,613.91,2024-03-23,True
E0002913,T000951,Transporte terrestre,250.8,2024-03-23,True
E0002914,T000951,Ajuste de reembolso,13.85,2024-04-03,False
E0002915,T000952,Alimentação,85.13,2025-03-06,True
E0002916,T000952,Transporte terrestre,73.25,2025-03-06,True
E0002917,T000952,Ajuste de reembolso,32.89,2025-03-18,False
E0002918,T000953,Alimentação,348.0,2024-08-16,True
E0002919,T000953,Transporte terrestre,223.57,2024-08-16,True
E0002920,T000953,Ajuste de reembolso,38.75,2024-09-03,False
E0002921,T000954,Alimentação,382.76,2025-10-03,True
E0002922,T000954,Transporte terrestre,215.34,2025-10-03,True
E0002923,T000954,Ajuste de reembolso,2.52,2025-10-10,False
E0002924,T000955,Alimentação,231.44,2024-11-10,True
E0002925,T000955,Transporte terrestre,103.6,2024-11-10,True
E0002926,T000955,Ajuste de reembolso,8.18,2024-11-21,False
E0002927,T000956,Alimentação,1131.63,2024-11-30,True
E0002928,T000956,Transporte terrestre,611.09,2024-11-30,True
E0002929,T000956,Ajuste de reembolso,39.76,2024-12-24,False
E0002930,T000957,Alimentação,111.81,2025-08-19,True
E0002931,T000957,Transporte terrestre,77.28,2025-08-19,True
E0002932,T000957,Ajuste de reembolso,31.82,2025-09-02,False
E0002933,T000958,Alimentação,341.12,2025-05-08,True
E0002934,T000958,Transporte terrestre,175.48,2025-05-08,True
E0002935,T000958,Pedágio,244.46,2025-05-08,True
E0002936,T000958,Ajuste de reembolso,-2.72,2025-05-21,False
E0002937,T000959,Alimentação,398.59,2024-07-28,True
E0002938,T000959,Transporte terrestre,257.82,2024-07-28,True
E0002939,T000959,Ajuste de reembolso,26.8,2024-08-10,False
E0002940,T000961,Alimentação,99.01,2025-08-22,True
E0002941,T000961,Transporte terrestre,59.28,2025-08-22,True
E0002942,T000961,Ajuste de reembolso,-13.95,2025-09-01,False
E0002943,T000962,Alimentação,61.52,2025-10-12,True
E0002944,T000962,Transporte terrestre,89.96,2025-10-12,True
E0002945,T000962,Ajuste de reembolso,-13.41,2025-10-24,False
E0002946,T000963,Alimentação,111.61,2024-04-12,True
E0002947,T000963,Transporte terrestre,100.42,2024-04-12,True
E0002948,T000963,Ajuste de reembolso,-17.08,2024-04-21,False
E0002949,T000964,Alimentação,431.89,2025-05-02,True
E0002950,T000964,Transporte terrestre,373.94,2025-05-02,True
E0002951,T000964,Pedágio,274.51,2025-05-02,True
E0002952,T000964,Ajuste de reembolso,-21.31,2025-05-16,False
E0002953,T000965,Alimentação,537.68,2025-02-14,True
E0002954,T000965,Transporte terrestre,331.78,2025-02-14,True
E0002955,T000965,Ajuste de reembolso,-8.85,2025-02-25,False
E0002956,T000966,Alimentação,277.13,2025-06-21,True
E0002957,T000966,Transporte terrestre,452.45,2025-06-21,True
E0002958,T000966,Ajuste de reembolso,-17.4,2025-07-02,False
E0002959,T000967,Alimentação,291.61,2025-06-02,True
E0002960,T000967,Transporte terrestre,115.18,2025-06-02,True
E0002961,T000967,Outros,36.05,2025-06-02,True
E0002962,T000967,Ajuste de reembolso,-13.46,2025-06-15,False
E0002963,T000968,Alimentação,786.35,2024-10-05,True
E0002964,T000968,Transporte terrestre,647.88,2024-10-05,True
E0002965,T000968,Ajuste de reembolso,36.02,2024-10-24,False
E0002966,T000969,Alimentação,296.13,2024-09-26,True
E0002967,T000969,Transporte terrestre,128.83,2024-09-26,True
E0002968,T000969,Pedágio,108.8,2024-09-26,True
E0002969,T000969,Ajuste de reembolso,35.98,2024-10-13,False
E0002970,T000970,Alimentação,360.71,2024-08-14,True
E0002971,T000970,Transporte terrestre,257.95,2024-08-14,True
E0002972,T000970,Ajuste de reembolso,-3.01,2024-08-28,False
E0002973,T000971,Alimentação,397.07,2025-12-08,True
E0002974,T000971,Transporte terrestre,332.27,2025-12-08,True
E0002975,T000971,Ajuste de reembolso,30.74,2025-12-24,False
E0002976,T000972,Alimentação,319.59,2025-09-17,True
E0002977,T000972,Transporte terrestre,216.91,2025-09-17,True
E0002978,T000972,Ajuste de reembolso,8.63,2025-09-25,False
E0002979,T000973,Alimentação,355.53,2024-10-08,True
E0002980,T000973,Transporte terrestre,331.32,2024-10-08,True
E0002981,T000973,Ajuste de reembolso,38.79,2024-10-15,False
E0002982,T000974,Alimentação,303.41,2024-06-01,True
E0002983,T000974,Transporte terrestre,172.95,2024-06-01,True
E0002984,T000974,Ajuste de reembolso,29.84,2024-06-07,False
E0002985,T000975,Alimentação,497.71,2025-02-02,True
E0002986,T000975,Transporte terrestre,262.79,2025-02-02,True
E0002987,T000975,Ajuste de reembolso,14.47,2025-02-14,False
E0002988,T000976,Alimentação,144.52,2025-10-15,True
E0002989,T000976,Transporte terrestre,133.49,2025-10-15,True
E0002990,T000976,Ajuste de reembolso,-5.87,2025-10-25,False
E0002991,T000977,Alimentação,230.99,2024-08-11,True
E0002992,T000977,Transporte terrestre,129.5,2024-08-11,True
E0002993,T000977,Ajuste de reembolso,7.46,2024-08-22,False
E0002994,T000978,Alimentação,328.69,2024-05-11,True
E0002995,T000978,Transporte terrestre,153.98,2024-05-11,True
E0002996,T000978,Ajuste de reembolso,5.49,2024-05-17,False
E0002997,T000979,Alimentação,650.9,2025-10-27,True
E0002998,T000979,Transporte terrestre,371.24,2025-10-27,True
E0002999,T000979,Ajuste de reembolso,23.12,2025-11-11,False
E0003000,T000980,Alimentação,156.35,2025-08-03,True
E0003001,T000980,Transporte terrestre,78.94,2025-08-03,True
E0003002,T000980,Ajuste de reembolso,32.44,2025-08-14,False
E0003003,T000981,Alimentação,215.08,2024-11-01,True
E0003004,T000981,Transporte terrestre,269.52,2024-11-01,True
E0003005,T000981,Ajuste de reembolso,-6.47,2024-11-10,False
E0003006,T000982,Alimentação,284.72,2024-05-19,True
E0003007,T000982,Transporte terrestre,176.34,2024-05-19,True
E0003008,T000982,Ajuste de reembolso,30.23,2024-06-04,False
E0003009,T000983,Alimentação,131.97,2024-04-30,True
E0003010,T000983,Transporte terrestre,52.3,2024-04-30,True
E0003011,T000983,Ajuste de reembolso,28.29,2024-05-12,False
E0003012,T000984,Alimentação,218.74,2025-02-07,True
E0003013,T000984,Transporte terrestre,141.82,2025-02-07,True
E0003014,T000984,Ajuste de reembolso,37.16,2025-02-15,False
E0003015,T000985,Alimentação,172.86,2024-11-08,True
E0003016,T000985,Transporte terrestre,125.31,2024-11-08,True
E0003017,T000985,Ajuste de reembolso,-25.0,2024-11-13,False
E0003018,T000986,Alimentação,695.91,2024-10-16,True
E0003019,T000986,Transporte terrestre,794.33,2024-10-16,True
E0003020,T000986,Ajuste de reembolso,10.18,2024-11-02,False
E0003021,T000987,Alimentação,226.39,2024-11-24,True
E0003022,T000987,Transporte terrestre,270.17,2024-11-24,True
E0003023,T000987,Ajuste de reembolso,-6.49,2024-12-08,False
E0003024,T000988,Alimentação,143.56,2024-04-11,True
E0003025,T000988,Transporte terrestre,102.32,2024-04-11,True
E0003026,T000988,Ajuste de reembolso,-17.75,2024-04-21,False
E0003027,T000989,Alimentação,396.7,2025-05-04,True
E0003028,T000989,Transporte terrestre,218.52,2025-05-04,True
E0003029,T000989,Ajuste de reembolso,33.16,2025-05-11,False
E0003030,T000990,Alimentação,197.19,2025-12-06,True
E0003031,T000990,Transporte terrestre,187.38,2025-12-06,True
E0003032,T000990,Ajuste de reembolso,22.28,2025-12-13,False
E0003033,T000991,Alimentação,354.06,2025-02-02,True
E0003034,T000991,Transporte terrestre,130.74,2025-02-02,True
E0003035,T000991,Ajuste de reembolso,39.26,2025-02-08,False
E0003036,T000992,Alimentação,444.05,2025-07-14,True
E0003037,T000992,Transporte terrestre,464.21,2025-07-14,True
E0003038,T000992,Ajuste de reembolso,15.12,2025-07-30,False
E0003039,T000993,Alimentação,413.94,2025-03-12,True
E0003040,T000993,Transporte terrestre,399.63,2025-03-12,True
E0003041,T000993,Ajuste de reembolso,-4.34,2025-04-01,False
E0003042,T000994,Alimentação,336.24,2025-08-05,True
E0003043,T000994,Transporte terrestre,169.44,2025-08-05,True
E0003044,T000994,Ajuste de reembolso,44.58,2025-08-19,False
E0003045,T000995,Alimentação,206.03,2025-09-02,True
E0003046,T000995,Transporte terrestre,206.04,2025-09-02,True
E0003047,T000995,Ajuste de reembolso,21.02,2025-09-13,False
E0003048,T000996,Alimentação,202.89,2025-01-27,True
E0003049,T000996,Transporte terrestre,277.43,2025-01-27,True
E0003050,T000996,Ajuste de reembolso,40.39,2025-02-08,False
E0003051,T000997,Alimentação,358.63,2025-10-26,True
E0003052,T000997,Transporte terrestre,309.44,2025-10-26,True
E0003053,T000997,Ajuste de reembolso,23.16,2025-11-16,False
E0003054,T000998,Alimentação,96.19,2025-12-16,True
E0003055,T000998,Transporte terrestre,72.04,2025-12-16,True
E0003056,T000998,Ajuste de reembolso,29.11,2026-01-04,False
E0003057,T000999,Alimentação,346.39,2024-09-05,True
E0003058,T000999,Transporte terrestre,243.19,2024-09-05,True
E0003059,T000999,Ajuste de reembolso,17.58,2024-09-19,False
E0003060,T001000,Alimentação,582.45,2025-10-26,True
E0003061,T001000,Transporte terrestre,254.92,2025-10-26,True
E0003062,T001000,Ajuste de reembolso,-3.21,2025-11-10,False
E0003063,T001001,Alimentação,118.1,2025-06-27,True
E0003064,T001001,Transporte terrestre,73.4,2025-06-27,True
E0003065,T001001,Pedágio,71.54,2025-06-27,True
E0003066,T001001,Ajuste de reembolso,31.2,2025-07-13,False
E0003067,T001002,Alimentação,603.59,2025-11-11,True
E0003068,T001002,Transporte terrestre,379.06,2025-11-11,True
E0003069,T001002,Ajuste de reembolso,-18.26,2025-11-22,False
E0003070,T001003,Alimentação,466.86,2024-12-16,True
E0003071,T001003,Transporte terrestre,199.55,2024-12-16,True
E0003072,T001003,Ajuste de reembolso,25.24,2024-12-30,False
E0003073,T001004,Alimentação,111.51,2025-10-17,True
E0003074,T001004,Transporte terrestre,72.99,2025-10-17,True
E0003075,T001004,Ajuste de reembolso,25.89,2025-10-22,False
E0003076,T001005,Alimentação,165.11,2025-05-31,True
E0003077,T001005,Transporte terrestre,170.23,2025-05-31,True
E0003078,T001005,Taxa,169.11,2025-05-31,True
E0003079,T001005,Ajuste de reembolso,-12.87,2025-06-20,False
E0003080,T001006,Alimentação,412.55,2025-05-22,True
E0003081,T001006,Transporte terrestre,232.31,2025-05-22,True
E0003082,T001006,Ajuste de reembolso,3.18,2025-06-16,False
E0003083,T001007,Alimentação,322.84,2024-03-10,True
E0003084,T001007,Transporte terrestre,175.96,2024-03-10,True
E0003085,T001007,Ajuste de reembolso,31.88,2024-03-20,False
E0003086,T001008,Alimentação,245.45,2024-07-06,True
E0003087,T001008,Transporte terrestre,174.74,2024-07-06,True
E0003088,T001008,Taxa,241.39,2024-07-06,True
E0003089,T001008,Ajuste de reembolso,43.29,2024-07-17,False
E0003090,T001009,Alimentação,312.08,2025-05-22,True
E0003091,T001009,Transporte terrestre,300.44,2025-05-22,True
E0003092,T001009,Ajuste de reembolso,-20.94,2025-06-01,False
E0003093,T001010,Alimentação,230.39,2025-10-17,True
E0003094,T001010,Transporte terrestre,258.17,2025-10-17,True
E0003095,T001010,Ajuste de reembolso,35.8,2025-10-31,False
E0003096,T001011,Alimentação,484.2,2025-09-29,True
E0003097,T001011,Transporte terrestre,189.51,2025-09-29,True
E0003098,T001011,Ajuste de reembolso,-15.95,2025-10-19,False
E0003099,T001012,Alimentação,166.96,2024-05-21,True
E0003100,T001012,Transporte terrestre,103.07,2024-05-21,True
E0003101,T001012,Ajuste de reembolso,-9.39,2024-06-01,False
E0003102,T001013,Alimentação,110.7,2025-10-04,True
E0003103,T001013,Transporte terrestre,60.31,2025-10-04,True
E0003104,T001013,Ajuste de reembolso,2.63,2025-10-12,False
E0003105,T001014,Alimentação,485.64,2025-01-28,True
E0003106,T001014,Transporte terrestre,420.0,2025-01-28,True
E0003107,T001014,Ajuste de reembolso,19.49,2025-02-16,False
E0003108,T001015,Alimentação,611.23,2024-04-11,True
E0003109,T001015,Transporte terrestre,444.62,2024-04-11,True
E0003110,T001015,Ajuste de reembolso,18.22,2024-05-03,False
E0003111,T001016,Alimentação,523.49,2024-06-27,True
E0003112,T001016,Transporte terrestre,234.87,2024-06-27,True
E0003113,T001016,Ajuste de reembolso,38.66,2024-07-09,False
E0003114,T001017,Alimentação,484.18,2024-10-14,True
E0003115,T001017,Transporte terrestre,360.59,2024-10-14,True
E0003116,T001017,Ajuste de reembolso,32.56,2024-10-29,False
E0003117,T001019,Alimentação,154.23,2024-08-12,True
E0003118,T001019,Transporte terrestre,430.58,2024-08-12,True
E0003119,T001019,Ajuste de reembolso,-15.69,2024-08-25,False
E0003120,T001020,Alimentação,815.47,2024-11-23,True
E0003121,T001020,Transporte terrestre,377.82,2024-11-23,True
E0003122,T001020,Estacionamento,91.56,2024-11-23,True
E0003123,T001020,Ajuste de reembolso,-16.78,2024-12-03,False
E0003124,T001021,Alimentação,197.86,2024-04-16,True
E0003125,T001021,Transporte terrestre,155.58,2024-04-16,True
E0003126,T001021,Ajuste de reembolso,-2.72,2024-04-18,False
E0003127,T001022,Alimentação,581.44,2025-01-31,True
E0003128,T001022,Transporte terrestre,306.98,2025-01-31,True
E0003129,T001022,Ajuste de reembolso,34.85,2025-02-13,False
E0003130,T001023,Alimentação,362.42,2025-12-27,True
E0003131,T001023,Transporte terrestre,187.78,2025-12-27,True
E0003132,T001023,Estacionamento,66.21,2025-12-27,True
E0003133,T001023,Ajuste de reembolso,-4.59,2026-01-12,False
E0003134,T001024,Alimentação,90.84,2025-10-17,True
E0003135,T001024,Transporte terrestre,78.7,2025-10-17,True
E0003136,T001024,Ajuste de reembolso,25.05,2025-10-24,False
E0003137,T001025,Alimentação,219.62,2025-12-08,True
E0003138,T001025,Transporte terrestre,218.59,2025-12-08,True
E0003139,T001025,Ajuste de reembolso,-22.52,2025-12-29,False
E0003140,T001026,Alimentação,205.74,2024-08-20,True
E0003141,T001026,Transporte terrestre,192.87,2024-08-20,True
E0003142,T001026,Ajuste de reembolso,-15.24,2024-08-26,False
E0003143,T001027,Alimentação,89.53,2025-11-22,True
E0003144,T001027,Transporte terrestre,48.91,2025-11-22,True
E0003145,T001027,Taxa,119.65,2025-11-22,True
E0003146,T001027,Ajuste de reembolso,-13.45,2025-12-03,False
E0003147,T001028,Alimentação,369.15,2025-11-05,True
E0003148,T001028,Transporte terrestre,216.24,2025-11-05,True
E0003149,T001028,Ajuste de reembolso,8.75,2025-11-08,False
E0003150,T001029,Alimentação,580.82,2024-11-18,True
E0003151,T001029,Transporte terrestre,255.25,2024-11-18,True
E0003152,T001029,Taxa,242.43,2024-11-18,True
E0003153,T001029,Ajuste de reembolso,17.35,2024-12-01,False
E0003154,T001030,Alimentação,143.43,2024-04-27,True
E0003155,T001030,Transporte terrestre,118.12,2024-04-27,True
E0003156,T001030,Taxa,200.09,2024-04-27,True
E0003157,T001030,Ajuste de reembolso,3.81,2024-05-08,False
E0003158,T001031,Alimentação,164.23,2024-06-23,True
E0003159,T001031,Transporte terrestre,143.41,2024-06-23,True
E0003160,T001031,Ajuste de reembolso,-14.13,2024-07-03,False
E0003161,T001032,Alimentação,216.34,2024-03-12,True
E0003162,T001032,Transporte terrestre,89.08,2024-03-12,True
E0003163,T001032,Ajuste de reembolso,3.46,2024-03-18,False
E0003164,T001033,Alimentação,619.41,2025-09-11,True
E0003165,T001033,Transporte terrestre,250.26,2025-09-11,True
E0003166,T001033,Pedágio,81.3,2025-09-11,True
E0003167,T001033,Ajuste de reembolso,27.85,2025-09-28,False
E0003168,T001035,Alimentação,600.04,2025-07-16,True
E0003169,T001035,Transporte terrestre,469.33,2025-07-16,True
E0003170,T001035,Ajuste de reembolso,23.46,2025-07-26,False
E0003171,T001036,Alimentação,153.75,2024-12-03,True
E0003172,T001036,Transporte terrestre,144.35,2024-12-03,True
E0003173,T001036,Ajuste de reembolso,36.33,2024-12-19,False
E0003174,T001037,Alimentação,186.85,2025-09-23,True
E0003175,T001037,Transporte terrestre,92.06,2025-09-23,True
E0003176,T001037,Ajuste de reembolso,9.02,2025-10-01,False
E0003177,T001038,Alimentação,99.23,2024-09-19,True
E0003178,T001038,Transporte terrestre,42.52,2024-09-19,True
E0003179,T001038,Ajuste de reembolso,1.8,2024-09-27,False
E0003180,T001039,Alimentação,141.88,2025-09-12,True
E0003181,T001039,Transporte terrestre,117.5,2025-09-12,True
E0003182,T001039,Ajuste de reembolso,-18.74,2025-09-22,False
E0003183,T001040,Alimentação,522.69,2025-04-16,True
E0003184,T001040,Transporte terrestre,418.25,2025-04-16,True
E0003185,T001040,Ajuste de reembolso,40.14,2025-04-25,False
E0003186,T001041,Alimentação,392.85,2024-11-11,True
E0003187,T001041,Transporte terrestre,291.67,2024-11-11,True
E0003188,T001041,Ajuste de reembolso,-14.84,2024-11-16,False
E0003189,T001042,Alimentação,492.8,2025-09-03,True
E0003190,T001042,Transporte terrestre,177.71,2025-09-03,True
E0003191,T001042,Ajuste de reembolso,-21.55,2025-09-11,False
E0003192,T001043,Alimentação,181.0,2025-11-07,True
E0003193,T001043,Transporte terrestre,78.92,2025-11-07,True
E0003194,T001043,Pedágio,39.9,2025-11-07,True
E0003195,T001043,Ajuste de reembolso,21.26,2025-11-14,False
E0003196,T001044,Alimentação,129.92,2024-04-30,True
E0003197,T001044,Transporte terrestre,115.44,2024-04-30,True
E0003198,T001044,Taxa,196.61,2024-04-30,True
E0003199,T001044,Ajuste de reembolso,-3.0,2024-05-07,False
E0003200,T001045,Alimentação,56.1,2025-12-04,True
E0003201,T001045,Transporte terrestre,56.67,2025-12-04,True
E0003202,T001045,Ajuste de reembolso,4.02,2025-12-13,False
E0003203,T001046,Alimentação,179.12,2024-08-20,True
E0003204,T001046,Transporte terrestre,136.28,2024-08-20,True
E0003205,T001046,Ajuste de reembolso,43.3,2024-08-31,False
E0003206,T001047,Alimentação,327.4,2024-07-10,True
E0003207,T001047,Transporte terrestre,463.83,2024-07-10,True
E0003208,T001047,Ajuste de reembolso,44.76,2024-07-20,False
E0003209,T001048,Alimentação,261.91,2024-05-28,True
E0003210,T001048,Transporte terrestre,185.96,2024-05-28,True
E0003211,T001048,Ajuste de reembolso,41.56,2024-06-21,False
E0003212,T001049,Alimentação,345.72,2024-09-03,True
E0003213,T001049,Transporte terrestre,196.04,2024-09-03,True
E0003214,T001049,Taxa,267.39,2024-09-03,True
E0003215,T001049,Ajuste de reembolso,26.87,2024-09-12,False
E0003216,T001050,Alimentação,186.83,2024-01-10,True
E0003217,T001050,Transporte terrestre,105.65,2024-01-10,True
E0003218,T001050,Pedágio,41.92,2024-01-10,True
E0003219,T001050,Ajuste de reembolso,-3.59,2024-01-22,False
E0003220,T001051,Alimentação,307.27,2025-10-06,True
E0003221,T001051,Transporte terrestre,358.06,2025-10-06,True
E0003222,T001051,Ajuste de reembolso,16.12,2025-10-19,False
E0003223,T001052,Alimentação,168.23,2024-05-17,True
E0003224,T001052,Transporte terrestre,142.34,2024-05-17,True
E0003225,T001052,Ajuste de reembolso,24.28,2024-05-26,False
E0003226,T001053,Alimentação,197.41,2025-02-27,True
E0003227,T001053,Transporte terrestre,190.82,2025-02-27,True
E0003228,T001053,Ajuste de reembolso,13.24,2025-03-16,False
E0003229,T001055,Alimentação,91.91,2024-08-05,True
E0003230,T001055,Transporte terrestre,45.97,2024-08-05,True
E0003231,T001055,Ajuste de reembolso,41.13,2024-08-07,False
E0003232,T001056,Alimentação,326.74,2024-08-18,True
E0003233,T001056,Transporte terrestre,245.21,2024-08-18,True
E0003234,T001056,Pedágio,220.52,2024-08-18,True
E0003235,T001056,Ajuste de reembolso,14.16,2024-08-23,False
E0003236,T001057,Alimentação,437.16,2024-03-18,True
E0003237,T001057,Transporte terrestre,237.34,2024-03-18,True
E0003238,T001057,Ajuste de reembolso,36.29,2024-04-03,False
E0003239,T001058,Alimentação,103.47,2025-09-17,True
E0003240,T001058,Transporte terrestre,68.73,2025-09-17,True
E0003241,T001058,Ajuste de reembolso,42.69,2025-10-02,False
E0003242,T001059,Alimentação,429.6,2025-06-01,True
E0003243,T001059,Transporte terrestre,167.14,2025-06-01,True
E0003244,T001059,Ajuste de reembolso,0.08,2025-06-11,False
E0003245,T001060,Alimentação,103.8,2024-12-11,True
E0003246,T001060,Transporte terrestre,52.81,2024-12-11,True
E0003247,T001060,Ajuste de reembolso,2.37,2024-12-20,False
E0003248,T001061,Alimentação,292.3,2025-06-29,True
E0003249,T001061,Transporte terrestre,406.51,2025-06-29,True
E0003250,T001061,Outros,262.42,2025-06-29,True
E0003251,T001061,Ajuste de reembolso,-21.85,2025-07-11,False
E0003252,T001062,Alimentação,399.37,2025-10-28,True
E0003253,T001062,Transporte terrestre,276.53,2025-10-28,True
E0003254,T001062,Ajuste de reembolso,22.71,2025-11-11,False
E0003255,T001063,Alimentação,279.47,2024-01-16,True
E0003256,T001063,Transporte terrestre,208.67,2024-01-16,True
E0003257,T001063,Ajuste de reembolso,42.75,2024-01-24,False
E0003258,T001064,Alimentação,172.89,2025-09-16,True
E0003259,T001064,Transporte terrestre,181.69,2025-09-16,True
E0003260,T001064,Ajuste de reembolso,31.12,2025-09-26,False
E0003261,T001065,Alimentação,147.41,2024-07-10,True
E0003262,T001065,Transporte terrestre,103.97,2024-07-10,True
E0003263,T001065,Ajuste de reembolso,-19.32,2024-07-19,False
E0003264,T001066,Alimentação,189.02,2025-07-22,True
E0003265,T001066,Transporte terrestre,135.91,2025-07-22,True
E0003266,T001066,Ajuste de reembolso,-18.95,2025-07-31,False
E0003267,T001067,Alimentação,244.53,2025-03-17,True
E0003268,T001067,Transporte terrestre,145.81,2025-03-17,True
E0003269,T001067,Ajuste de reembolso,-3.04,2025-03-20,False
E0003270,T001068,Alimentação,264.86,2024-09-13,True
E0003271,T001068,Transporte terrestre,129.87,2024-09-13,True
E0003272,T001068,Ajuste de reembolso,-7.51,2024-09-19,False
E0003273,T001069,Alimentação,253.62,2024-05-01,True
E0003274,T001069,Transporte terrestre,200.84,2024-05-01,True
E0003275,T001069,Pedágio,62.55,2024-05-01,True
E0003276,T001069,Ajuste de reembolso,23.75,2024-05-13,False
E0003277,T001070,Alimentação,192.83,2025-12-10,True
E0003278,T001070,Transporte terrestre,127.98,2025-12-10,True
E0003279,T001070,Ajuste de reembolso,11.93,2025-12-18,False
E0003280,T001071,Alimentação,49.41,2025-04-06,True
E0003281,T001071,Transporte terrestre,68.92,2025-04-06,True
E0003282,T001071,Ajuste de reembolso,4.06,2025-04-20,False
E0003283,T001073,Alimentação,566.55,2024-06-30,True
E0003284,T001073,Transporte terrestre,257.04,2024-06-30,True
E0003285,T001073,Ajuste de reembolso,-21.13,2024-07-16,False
E0003286,T001074,Alimentação,215.16,2025-10-24,True
E0003287,T001074,Transporte terrestre,146.12,2025-10-24,True
E0003288,T001074,Pedágio,38.88,2025-10-24,True
E0003289,T001074,Ajuste de reembolso,-24.79,2025-10-31,False
E0003290,T001075,Alimentação,275.05,2025-05-12,True
E0003291,T001075,Transporte terrestre,175.06,2025-05-12,True
E0003292,T001075,Ajuste de reembolso,23.18,2025-05-22,False
E0003293,T001076,Alimentação,310.81,2024-12-09,True
E0003294,T001076,Transporte terrestre,243.69,2024-12-09,True
E0003295,T001076,Ajuste de reembolso,-17.29,2024-12-17,False
E0003296,T001077,Alimentação,325.1,2024-10-08,True
E0003297,T001077,Transporte terrestre,133.54,2024-10-08,True
E0003298,T001077,Ajuste de reembolso,5.97,2024-10-24,False
E0003299,T001078,Alimentação,166.27,2024-10-20,True
E0003300,T001078,Transporte terrestre,134.75,2024-10-20,True
E0003301,T001078,Taxa,68.15,2024-10-20,True
E0003302,T001078,Ajuste de reembolso,-20.23,2024-10-26,False
E0003303,T001079,Alimentação,202.89,2024-06-24,True
E0003304,T001079,Transporte terrestre,92.24,2024-06-24,True
E0003305,T001079,Ajuste de reembolso,-20.13,2024-07-08,False
E0003306,T001080,Alimentação,335.73,2025-06-20,True
E0003307,T001080,Transporte terrestre,206.34,2025-06-20,True
E0003308,T001080,Ajuste de reembolso,6.9,2025-07-06,False
E0003309,T001081,Alimentação,393.01,2025-10-10,True
E0003310,T001081,Transporte terrestre,235.49,2025-10-10,True
E0003311,T001081,Ajuste de reembolso,20.22,2025-10-17,False
E0003312,T001082,Alimentação,431.77,2024-08-31,True
E0003313,T001082,Transporte terrestre,288.43,2024-08-31,True
E0003314,T001082,Ajuste de reembolso,5.0,2024-09-21,False
E0003315,T001083,Alimentação,176.56,2024-03-08,True
E0003316,T001083,Transporte terrestre,131.54,2024-03-08,True
E0003317,T001083,Pedágio,183.07,2024-03-08,True
E0003318,T001083,Ajuste de reembolso,-10.4,2024-03-11,False
E0003319,T001084,Alimentação,351.37,2025-04-07,True
E0003320,T001084,Transporte terrestre,216.39,2025-04-07,True
E0003321,T001084,Ajuste de reembolso,18.77,2025-04-24,False
E0003322,T001085,Alimentação,507.46,2024-09-13,True
E0003323,T001085,Transporte terrestre,262.61,2024-09-13,True
E0003324,T001085,Ajuste de reembolso,34.0,2024-09-26,False
E0003325,T001086,Alimentação,94.13,2025-09-28,True
E0003326,T001086,Transporte terrestre,127.67,2025-09-28,True
E0003327,T001086,Ajuste de reembolso,20.38,2025-10-13,False
E0003328,T001087,Alimentação,117.51,2025-12-23,True
E0003329,T001087,Transporte terrestre,52.74,2025-12-23,True
E0003330,T001087,Ajuste de reembolso,25.13,2026-01-01,False
E0003331,T001088,Alimentação,80.83,2025-01-02,True
E0003332,T001088,Transporte terrestre,60.68,2025-01-02,True
E0003333,T001088,Ajuste de reembolso,-24.24,2025-01-09,False
E0003334,T001089,Alimentação,57.66,2024-01-28,True
E0003335,T001089,Transporte terrestre,55.58,2024-01-28,True
E0003336,T001089,Ajuste de reembolso,-3.24,2024-02-06,False
E0003337,T001090,Alimentação,271.33,2024-12-28,True
E0003338,T001090,Transporte terrestre,212.86,2024-12-28,True
E0003339,T001090,Outros,192.52,2024-12-28,True
E0003340,T001090,Ajuste de reembolso,-8.04,2025-01-07,False
E0003341,T001091,Alimentação,332.65,2025-10-09,True
E0003342,T001091,Transporte terrestre,143.46,2025-10-09,True
E0003343,T001091,Ajuste de reembolso,39.58,2025-10-16,False
E0003344,T001092,Alimentação,77.3,2025-10-03,True
E0003345,T001092,Transporte terrestre,46.46,2025-10-03,True
E0003346,T001092,Outros,196.53,2025-10-03,True
E0003347,T001092,Ajuste de reembolso,44.57,2025-10-07,False
E0003348,T001093,Alimentação,271.6,2024-11-18,True
E0003349,T001093,Transporte terrestre,196.74,2024-11-18,True
E0003350,T001093,Ajuste de reembolso,-6.25,2024-12-02,False
E0003351,T001094,Alimentação,481.49,2024-08-24,True
E0003352,T001094,Transporte terrestre,364.25,2024-08-24,True
E0003353,T001094,Ajuste de reembolso,-24.43,2024-09-06,False
E0003354,T001095,Alimentação,212.83,2025-11-18,True
E0003355,T001095,Transporte terrestre,226.15,2025-11-18,True
E0003356,T001095,Ajuste de reembolso,-21.75,2025-12-04,False
E0003357,T001096,Alimentação,430.42,2025-12-24,True
E0003358,T001096,Transporte terrestre,390.35,2025-12-24,True
E0003359,T001096,Ajuste de reembolso,5.49,2026-01-08,False
E0003360,T001097,Alimentação,357.12,2024-08-17,True
E0003361,T001097,Transporte terrestre,273.65,2024-08-17,True
E0003362,T001097,Ajuste de reembolso,41.62,2024-08-29,False
E0003363,T001098,Alimentação,255.59,2025-06-05,True
E0003364,T001098,Transporte terrestre,132.16,2025-06-05,True
E0003365,T001098,Ajuste de reembolso,-3.49,2025-06-17,False
E0003366,T001099,Alimentação,227.92,2025-11-19,True
E0003367,T001099,Transporte terrestre,291.77,2025-11-19,True
E0003368,T001099,Ajuste de reembolso,11.1,2025-11-30,False
E0003369,T001100,Alimentação,359.72,2025-10-02,True
E0003370,T001100,Transporte terrestre,232.28,2025-10-02,True
E0003371,T001100,Ajuste de reembolso,21.76,2025-10-07,False
E0003372,T001101,Alimentação,272.08,2024-05-05,True
E0003373,T001101,Transporte terrestre,82.98,2024-05-05,True
E0003374,T001101,Ajuste de reembolso,7.23,2024-05-22,False
E0003375,T001102,Alimentação,350.83,2025-05-05,True
E0003376,T001102,Transporte terrestre,386.01,2025-05-05,True
E0003377,T001102,Ajuste de reembolso,42.96,2025-05-21,False
E0003378,T001103,Alimentação,78.98,2025-06-27,True
E0003379,T001103,Transporte terrestre,69.9,2025-06-27,True
E0003380,T001103,Ajuste de reembolso,12.57,2025-07-06,False
E0003381,T001104,Alimentação,105.82,2025-02-12,True
E0003382,T001104,Transporte terrestre,116.57,2025-02-12,True
E0003383,T001104,Ajuste de reembolso,10.67,2025-02-23,False
E0003384,T001105,Alimentação,83.95,2025-02-23,True
E0003385,T001105,Transporte terrestre,72.18,2025-02-23,True
E0003386,T001105,Outros,149.55,2025-02-23,True
E0003387,T001105,Ajuste de reembolso,11.92,2025-03-08,False
E0003388,T001106,Alimentação,210.59,2024-08-23,True
E0003389,T001106,Transporte terrestre,136.44,2024-08-23,True
E0003390,T001106,Ajuste de reembolso,41.74,2024-09-07,False
E0003391,T001107,Alimentação,330.5,2024-08-23,True
E0003392,T001107,Transporte terrestre,185.25,2024-08-23,True
E0003393,T001107,Ajuste de reembolso,33.6,2024-09-10,False
E0003394,T001108,Alimentação,101.28,2025-06-05,True
E0003395,T001108,Transporte terrestre,94.02,2025-06-05,True
E0003396,T001108,Ajuste de reembolso,15.85,2025-06-19,False
E0003397,T001109,Alimentação,160.75,2025-05-12,True
E0003398,T001109,Transporte terrestre,136.08,2025-05-12,True
E0003399,T001109,Ajuste de reembolso,31.1,2025-05-29,False
E0003400,T001110,Alimentação,674.81,2025-09-17,True
E0003401,T001110,Transporte terrestre,366.97,2025-09-17,True
E0003402,T001110,Ajuste de reembolso,-6.2,2025-10-01,False
E0003403,T001111,Alimentação,387.25,2025-08-27,True
E0003404,T001111,Transporte terrestre,337.16,2025-08-27,True
E0003405,T001111,Ajuste de reembolso,23.18,2025-09-12,False
E0003406,T001112,Alimentação,446.24,2024-02-23,True
E0003407,T001112,Transporte terrestre,247.84,2024-02-23,True
E0003408,T001112,Ajuste de reembolso,-2.34,2024-03-05,False
E0003409,T001113,Alimentação,770.54,2025-06-22,True
E0003410,T001113,Transporte terrestre,543.3,2025-06-22,True
E0003411,T001113,Ajuste de reembolso,27.63,2025-07-04,False
E0003412,T001114,Alimentação,751.53,2024-01-02,True
E0003413,T001114,Transporte terrestre,337.08,2024-01-02,True
E0003414,T001114,Ajuste de reembolso,11.71,2024-01-17,False
E0003415,T001115,Alimentação,116.67,2025-10-15,True
E0003416,T001115,Transporte terrestre,120.74,2025-10-15,True
E0003417,T001115,Ajuste de reembolso,-14.03,2025-10-20,False
E0003418,T001116,Alimentação,483.75,2024-06-20,True
E0003419,T001116,Transporte terrestre,408.74,2024-06-20,True
E0003420,T001116,Ajuste de reembolso,34.23,2024-06-29,False
E0003421,T001117,Alimentação,342.16,2024-03-25,True
E0003422,T001117,Transporte terrestre,323.38,2024-03-25,True
E0003423,T001117,Ajuste de reembolso,44.93,2024-04-06,False
E0003424,T001118,Alimentação,363.31,2025-07-28,True
E0003425,T001118,Transporte terrestre,224.07,2025-07-28,True
E0003426,T001118,Ajuste de reembolso,30.77,2025-08-09,False
E0003427,T001119,Alimentação,233.54,2024-09-04,True
E0003428,T001119,Transporte terrestre,187.82,2024-09-04,True
E0003429,T001119,Estacionamento,189.32,2024-09-04,True
E0003430,T001119,Ajuste de reembolso,12.55,2024-09-20,False
E0003431,T001120,Alimentação,413.2,2024-11-23,True
E0003432,T001120,Transporte terrestre,353.35,2024-11-23,True
E0003433,T001120,Ajuste de reembolso,-11.5,2024-12-03,False
E0003434,T001121,Alimentação,182.64,2025-11-27,True
E0003435,T001121,Transporte terrestre,55.11,2025-11-27,True
E0003436,T001121,Ajuste de reembolso,7.06,2025-12-04,False
E0003437,T001122,Alimentação,439.22,2025-09-14,True
E0003438,T001122,Transporte terrestre,124.77,2025-09-14,True
E0003439,T001122,Ajuste de reembolso,-2.9,2025-09-22,False
E0003440,T001123,Alimentação,414.48,2025-05-01,True
E0003441,T001123,Transporte terrestre,219.09,2025-05-01,True
E0003442,T001123,Ajuste de reembolso,37.3,2025-05-20,False
E0003443,T001124,Alimentação,217.27,2025-06-09,True
E0003444,T001124,Transporte terrestre,123.34,2025-06-09,True
E0003445,T001124,Ajuste de reembolso,20.74,2025-06-18,False
E0003446,T001125,Alimentação,121.89,2024-09-07,True
E0003447,T001125,Transporte terrestre,105.76,2024-09-07,True
E0003448,T001125,Outros,272.94,2024-09-07,True
E0003449,T001125,Ajuste de reembolso,14.25,2024-09-24,False
E0003450,T001126,Alimentação,263.99,2024-10-08,True
E0003451,T001126,Transporte terrestre,248.94,2024-10-08,True
E0003452,T001126,Ajuste de reembolso,11.84,2024-10-25,False
E0003453,T001127,Alimentação,89.1,2025-06-11,True
E0003454,T001127,Transporte terrestre,42.13,2025-06-11,True
E0003455,T001127,Ajuste de reembolso,11.81,2025-06-13,False
E0003456,T001128,Alimentação,166.67,2025-01-09,True
E0003457,T001128,Transporte terrestre,149.58,2025-01-09,True
E0003458,T001128,Ajuste de reembolso,20.79,2025-01-17,False
E0003459,T001129,Alimentação,123.52,2024-08-26,True
E0003460,T001129,Transporte terrestre,96.79,2024-08-26,True
E0003461,T001129,Ajuste de reembolso,34.93,2024-09-12,False
E0003462,T001130,Alimentação,125.65,2025-10-17,True
E0003463,T001130,Transporte terrestre,58.97,2025-10-17,True
E0003464,T001130,Ajuste de reembolso,-9.91,2025-10-24,False
E0003465,T001131,Alimentação,423.12,2024-10-31,True
E0003466,T001131,Transporte terrestre,282.3,2024-10-31,True
E0003467,T001131,Ajuste de reembolso,29.28,2024-11-10,False
E0003468,T001132,Alimentação,715.28,2025-01-13,True
E0003469,T001132,Transporte terrestre,387.74,2025-01-13,True
E0003470,T001132,Taxa,48.86,2025-01-13,True
E0003471,T001132,Ajuste de reembolso,24.06,2025-02-02,False
E0003472,T001133,Alimentação,359.2,2024-02-22,True
E0003473,T001133,Transporte terrestre,265.02,2024-02-22,True
E0003474,T001133,Ajuste de reembolso,7.91,2024-03-02,False
E0003475,T001134,Alimentação,433.97,2024-07-24,True
E0003476,T001134,Transporte terrestre,228.45,2024-07-24,True
E0003477,T001134,Ajuste de reembolso,32.86,2024-08-04,False
E0003478,T001135,Alimentação,333.78,2025-04-04,True
E0003479,T001135,Transporte terrestre,203.83,2025-04-04,True
E0003480,T001135,Ajuste de reembolso,43.61,2025-04-14,False
E0003481,T001136,Alimentação,260.04,2025-06-13,True
E0003482,T001136,Transporte terrestre,131.03,2025-06-13,True
E0003483,T001136,Ajuste de reembolso,2.09,2025-06-22,False
E0003484,T001137,Alimentação,96.92,2025-05-03,True
E0003485,T001137,Transporte terrestre,146.46,2025-05-03,True
E0003486,T001137,Ajuste de reembolso,-19.68,2025-05-07,False
E0003487,T001138,Alimentação,106.69,2025-11-27,True
E0003488,T001138,Transporte terrestre,83.32,2025-11-27,True
E0003489,T001138,Ajuste de reembolso,-14.47,2025-12-12,False
E0003490,T001139,Alimentação,239.13,2025-02-04,True
E0003491,T001139,Transporte terrestre,149.59,2025-02-04,True
E0003492,T001139,Ajuste de reembolso,-12.63,2025-02-09,False
E0003493,T001140,Alimentação,402.43,2025-10-01,True
E0003494,T001140,Transporte terrestre,244.88,2025-10-01,True
E0003495,T001140,Ajuste de reembolso,39.31,2025-10-06,False
E0003496,T001141,Alimentação,313.64,2025-11-07,True
E0003497,T001141,Transporte terrestre,404.06,2025-11-07,True
E0003498,T001141,Ajuste de reembolso,-22.9,2025-11-20,False
E0003499,T001142,Alimentação,436.02,2024-02-14,True
E0003500,T001142,Transporte terrestre,170.11,2024-02-14,True
E0003501,T001142,Ajuste de reembolso,40.12,2024-03-09,False
E0003502,T001143,Alimentação,358.8,2025-06-26,True
E0003503,T001143,Transporte terrestre,270.0,2025-06-26,True
E0003504,T001143,Ajuste de reembolso,40.56,2025-07-06,False
E0003505,T001144,Alimentação,262.01,2024-04-28,True
E0003506,T001144,Transporte terrestre,152.28,2024-04-28,True
E0003507,T001144,Ajuste de reembolso,-20.09,2024-04-30,False
E0003508,T001145,Alimentação,325.48,2025-08-10,True
E0003509,T001145,Transporte terrestre,321.18,2025-08-10,True
E0003510,T001145,Ajuste de reembolso,-0.86,2025-08-23,False
E0003511,T001146,Alimentação,568.41,2024-04-15,True
E0003512,T001146,Transporte terrestre,333.5,2024-04-15,True
E0003513,T001146,Ajuste de reembolso,20.49,2024-04-27,False
E0003514,T001147,Alimentação,519.06,2024-03-28,True
E0003515,T001147,Transporte terrestre,238.24,2024-03-28,True
E0003516,T001147,Ajuste de reembolso,18.87,2024-04-08,False
E0003517,T001148,Alimentação,364.68,2024-01-10,True
E0003518,T001148,Transporte terrestre,202.13,2024-01-10,True
E0003519,T001148,Ajuste de reembolso,8.32,2024-01-19,False
E0003520,T001149,Alimentação,158.31,2024-09-02,True
E0003521,T001149,Transporte terrestre,64.09,2024-09-02,True
E0003522,T001149,Ajuste de reembolso,13.74,2024-09-12,False
E0003523,T001150,Alimentação,265.51,2025-10-28,True
E0003524,T001150,Transporte terrestre,176.17,2025-10-28,True
E0003525,T001150,Ajuste de reembolso,24.75,2025-11-05,False
E0003526,T001151,Alimentação,653.2,2025-07-03,True
E0003527,T001151,Transporte terrestre,509.52,2025-07-03,True
E0003528,T001151,Outros,87.77,2025-07-03,True
E0003529,T001151,Ajuste de reembolso,39.13,2025-07-11,False
E0003530,T001152,Alimentação,308.22,2025-07-27,True
E0003531,T001152,Transporte terrestre,174.68,2025-07-27,True
E0003532,T001152,Ajuste de reembolso,-21.34,2025-08-11,False
E0003533,T001153,Alimentação,226.32,2024-10-14,True
E0003534,T001153,Transporte terrestre,91.31,2024-10-14,True
E0003535,T001153,Ajuste de reembolso,14.4,2024-10-28,False
E0003536,T001154,Alimentação,92.9,2024-04-07,True
E0003537,T001154,Transporte terrestre,51.26,2024-04-07,True
E0003538,T001154,Ajuste de reembolso,17.65,2024-04-17,False
E0003539,T001155,Alimentação,246.62,2025-04-20,True
E0003540,T001155,Transporte terrestre,189.24,2025-04-20,True
E0003541,T001155,Ajuste de reembolso,24.7,2025-05-02,False
E0003542,T001156,Alimentação,214.47,2024-12-30,True
E0003543,T001156,Transporte terrestre,205.41,2024-12-30,True
E0003544,T001156,Ajuste de reembolso,8.1,2025-01-10,False
E0003545,T001157,Alimentação,613.7,2024-05-18,True
E0003546,T001157,Transporte terrestre,397.81,2024-05-18,True
E0003547,T001157,Ajuste de reembolso,24.91,2024-06-03,False
E0003548,T001159,Alimentação,603.29,2025-10-17,True
E0003549,T001159,Transporte terrestre,476.64,2025-10-17,True
E0003550,T001159,Ajuste de reembolso,26.56,2025-11-01,False
E0003551,T001160,Alimentação,471.61,2024-10-19,True
E0003552,T001160,Transporte terrestre,536.18,2024-10-19,True
E0003553,T001160,Ajuste de reembolso,-21.55,2024-10-28,False
E0003554,T001161,Alimentação,135.33,2024-03-29,True
E0003555,T001161,Transporte terrestre,90.15,2024-03-29,True
E0003556,T001161,Outros,154.53,2024-03-29,True
E0003557,T001161,Ajuste de reembolso,-4.45,2024-04-11,False
E0003558,T001162,Alimentação,91.05,2025-11-01,True
E0003559,T001162,Transporte terrestre,78.94,2025-11-01,True
E0003560,T001162,Ajuste de reembolso,-11.58,2025-11-11,False
E0003561,T001164,Alimentação,385.28,2025-08-01,True
E0003562,T001164,Transporte terrestre,270.57,2025-08-01,True
E0003563,T001164,Estacionamento,258.11,2025-08-01,True
E0003564,T001164,Ajuste de reembolso,-24.29,2025-08-05,False
E0003565,T001165,Alimentação,411.11,2024-03-26,True
E0003566,T001165,Transporte terrestre,260.27,2024-03-26,True
E0003567,T001165,Ajuste de reembolso,36.11,2024-04-05,False
E0003568,T001166,Alimentação,580.84,2024-11-25,True
E0003569,T001166,Transporte terrestre,340.98,2024-11-25,True
E0003570,T001166,Ajuste de reembolso,24.59,2024-12-10,False
E0003571,T001167,Alimentação,80.27,2024-09-29,True
E0003572,T001167,Transporte terrestre,60.93,2024-09-29,True
E0003573,T001167,Ajuste de reembolso,-24.24,2024-10-09,False
E0003574,T001168,Alimentação,274.96,2024-08-25,True
E0003575,T001168,Transporte terrestre,88.38,2024-08-25,True
E0003576,T001168,Ajuste de reembolso,-1.12,2024-09-02,False
E0003577,T001169,Alimentação,513.42,2024-04-16,True
E0003578,T001169,Transporte terrestre,199.0,2024-04-16,True
E0003579,T001169,Ajuste de reembolso,39.91,2024-04-20,False
E0003580,T001170,Alimentação,265.09,2025-09-03,True
E0003581,T001170,Transporte terrestre,204.34,2025-09-03,True
E0003582,T001170,Ajuste de reembolso,25.81,2025-09-15,False
E0003583,T001171,Alimentação,195.9,2024-07-14,True
E0003584,T001171,Transporte terrestre,124.9,2024-07-14,True
E0003585,T001171,Ajuste de reembolso,-16.0,2024-07-20,False
E0003586,T001172,Alimentação,539.49,2024-06-14,True
E0003587,T001172,Transporte terrestre,220.84,2024-06-14,True
E0003588,T001172,Ajuste de reembolso,35.82,2024-06-27,False
E0003589,T001174,Alimentação,735.76,2025-11-06,True
E0003590,T001174,Transporte terrestre,566.34,2025-11-06,True
E0003591,T001174,Ajuste de reembolso,6.4,2025-11-27,False
E0003592,T001175,Alimentação,361.65,2025-03-29,True
E0003593,T001175,Transporte terrestre,338.96,2025-03-29,True
E0003594,T001175,Taxa,265.76,2025-03-29,True
E0003595,T001175,Ajuste de reembolso,34.07,2025-04-11,False
E0003596,T001176,Alimentação,563.07,2025-06-26,True
E0003597,T001176,Transporte terrestre,393.13,2025-06-26,True
E0003598,T001176,Ajuste de reembolso,11.67,2025-07-16,False
E0003599,T001177,Alimentação,182.22,2024-05-17,True
E0003600,T001177,Transporte terrestre,160.11,2024-05-17,True
E0003601,T001177,Ajuste de reembolso,33.25,2024-05-25,False
E0003602,T001178,Alimentação,1827.2,2024-05-15,True
E0003603,T001178,Transporte terrestre,608.78,2024-05-15,True
E0003604,T001178,Taxa,135.42,2024-05-15,True
E0003605,T001178,Ajuste de reembolso,39.16,2024-05-31,False
E0003606,T001179,Alimentação,133.8,2025-06-07,True
E0003607,T001179,Transporte terrestre,46.4,2025-06-07,True
E0003608,T001179,Ajuste de reembolso,-15.92,2025-06-12,False
E0003609,T001180,Alimentação,480.2,2025-09-24,True
E0003610,T001180,Transporte terrestre,351.01,2025-09-24,True
E0003611,T001180,Ajuste de reembolso,42.45,2025-10-10,False
E0003612,T001181,Alimentação,277.13,2024-05-16,True
E0003613,T001181,Transporte terrestre,241.58,2024-05-16,True
E0003614,T001181,Taxa,210.49,2024-05-16,True
E0003615,T001181,Ajuste de reembolso,-5.07,2024-05-26,False
E0003616,T001182,Alimentação,95.58,2025-12-04,True
E0003617,T001182,Transporte terrestre,61.61,2025-12-04,True
E0003618,T001182,Ajuste de reembolso,12.8,2025-12-17,False
E0003619,T001183,Alimentação,186.89,2025-05-24,True
E0003620,T001183,Transporte terrestre,96.82,2025-05-24,True
E0003621,T001183,Ajuste de reembolso,37.15,2025-06-06,False
E0003622,T001184,Alimentação,254.13,2024-09-03,True
E0003623,T001184,Transporte terrestre,129.69,2024-09-03,True
E0003624,T001184,Ajuste de reembolso,39.96,2024-09-13,False
E0003625,T001185,Alimentação,724.93,2025-04-04,True
E0003626,T001185,Transporte terrestre,367.59,2025-04-04,True
E0003627,T001185,Ajuste de reembolso,23.31,2025-04-14,False
E0003628,T001186,Alimentação,124.13,2024-07-26,True
E0003629,T001186,Transporte terrestre,127.77,2024-07-26,True
E0003630,T001186,Ajuste de reembolso,2.92,2024-08-08,False
E0003631,T001187,Alimentação,188.21,2025-10-26,True
E0003632,T001187,Transporte terrestre,107.53,2025-10-26,True
E0003633,T001187,Ajuste de reembolso,-21.14,2025-10-31,False
E0003634,T001188,Alimentação,393.32,2024-07-01,True
E0003635,T001188,Transporte terrestre,243.84,2024-07-01,True
E0003636,T001188,Ajuste de reembolso,38.56,2024-07-15,False
E0003637,T001189,Alimentação,148.88,2025-03-03,True
E0003638,T001189,Transporte terrestre,139.15,2025-03-03,True
E0003639,T001189,Ajuste de reembolso,-23.22,2025-03-12,False
E0003640,T001190,Alimentação,596.6,2024-10-01,True
E0003641,T001190,Transporte terrestre,311.77,2024-10-01,True
E0003642,T001190,Ajuste de reembolso,-13.32,2024-10-14,False
E0003643,T001191,Alimentação,269.35,2025-08-24,True
E0003644,T001191,Transporte terrestre,217.48,2025-08-24,True
E0003645,T001191,Ajuste de reembolso,25.28,2025-09-08,False
E0003646,T001192,Alimentação,759.88,2024-09-10,True
E0003647,T001192,Transporte terrestre,431.33,2024-09-10,True
E0003648,T001192,Ajuste de reembolso,1.36,2024-09-29,False
E0003649,T001193,Alimentação,221.89,2024-11-30,True
E0003650,T001193,Transporte terrestre,319.04,2024-11-30,True
E0003651,T001193,Ajuste de reembolso,17.81,2024-12-04,False
E0003652,T001194,Alimentação,158.15,2025-04-22,True
E0003653,T001194,Transporte terrestre,164.12,2025-04-22,True
E0003654,T001194,Ajuste de reembolso,8.26,2025-04-30,False
E0003655,T001195,Alimentação,269.85,2025-06-13,True
E0003656,T001195,Transporte terrestre,293.48,2025-06-13,True
E0003657,T001195,Ajuste de reembolso,-13.71,2025-06-16,False
E0003658,T001196,Alimentação,45.98,2024-11-20,True
E0003659,T001196,Transporte terrestre,72.76,2024-11-20,True
E0003660,T001196,Ajuste de reembolso,12.55,2024-11-29,False
E0003661,T001197,Alimentação,221.95,2025-11-03,True
E0003662,T001197,Transporte terrestre,316.06,2025-11-03,True
E0003663,T001197,Ajuste de reembolso,-20.78,2025-11-11,False
E0003664,T001198,Alimentação,294.6,2024-09-30,True
E0003665,T001198,Transporte terrestre,325.84,2024-09-30,True
E0003666,T001198,Ajuste de reembolso,12.72,2024-10-13,False
E0003667,T001199,Alimentação,120.17,2024-07-22,True
E0003668,T001199,Transporte terrestre,99.66,2024-07-22,True
E0003669,T001199,Ajuste de reembolso,-6.94,2024-08-06,False
E0003670,T001200,Alimentação,257.86,2025-09-20,True
E0003671,T001200,Transporte terrestre,100.57,2025-09-20,True
E0003672,T001200,Estacionamento,65.68,2025-09-20,True
E0003673,T001200,Ajuste de reembolso,-15.66,2025-09-25,False
E0003674,T001201,Alimentação,476.52,2025-03-11,True
E0003675,T001201,Transporte terrestre,351.11,2025-03-11,True
E0003676,T001201,Ajuste de reembolso,8.8,2025-03-23,False
E0003677,T001202,Alimentação,489.11,2024-08-17,True
E0003678,T001202,Transporte terrestre,509.87,2024-08-17,True
E0003679,T001202,Ajuste de reembolso,18.59,2024-09-06,False
E0003680,T001203,Alimentação,116.55,2024-10-21,True
E0003681,T001203,Transporte terrestre,52.14,2024-10-21,True
E0003682,T001203,Ajuste de reembolso,28.25,2024-11-04,False
E0003683,T001204,Alimentação,434.41,2025-11-26,True
E0003684,T001204,Transporte terrestre,160.93,2025-11-26,True
E0003685,T001204,Ajuste de reembolso,37.64,2025-11-28,False
E0003686,T001205,Alimentação,219.45,2024-06-21,True
E0003687,T001205,Transporte terrestre,93.09,2024-06-21,True
E0003688,T001205,Estacionamento,221.97,2024-06-21,True
E0003689,T001205,Ajuste de reembolso,-13.83,2024-06-25,False
E0003690,T001206,Alimentação,705.75,2024-02-17,True
E0003691,T001206,Transporte terrestre,246.32,2024-02-17,True
E0003692,T001206,Ajuste de reembolso,-9.41,2024-02-22,False
E0003693,T001207,Alimentação,176.01,2025-10-08,True
E0003694,T001207,Transporte terrestre,131.74,2025-10-08,True
E0003695,T001207,Ajuste de reembolso,9.51,2025-10-28,False
E0003696,T001208,Alimentação,327.7,2024-08-12,True
E0003697,T001208,Transporte terrestre,245.23,2024-08-12,True
E0003698,T001208,Taxa,230.03,2024-08-12,True
E0003699,T001208,Ajuste de reembolso,18.67,2024-08-17,False
E0003700,T001209,Alimentação,193.33,2025-07-02,True
E0003701,T001209,Transporte terrestre,189.16,2025-07-02,True
E0003702,T001209,Ajuste de reembolso,-11.92,2025-07-10,False
E0003703,T001210,Alimentação,242.12,2025-02-21,True
E0003704,T001210,Transporte terrestre,300.55,2025-02-21,True
E0003705,T001210,Ajuste de reembolso,34.29,2025-03-02,False
E0003706,T001211,Alimentação,577.26,2024-12-21,True
E0003707,T001211,Transporte terrestre,180.46,2024-12-21,True
E0003708,T001211,Ajuste de reembolso,-13.66,2024-12-29,False
E0003709,T001212,Alimentação,124.27,2024-10-12,True
E0003710,T001212,Transporte terrestre,85.14,2024-10-12,True
E0003711,T001212,Ajuste de reembolso,-9.56,2024-10-14,False
E0003712,T001213,Alimentação,209.24,2024-10-22,True
E0003713,T001213,Transporte terrestre,91.86,2024-10-22,True
E0003714,T001213,Estacionamento,78.79,2024-10-22,True
E0003715,T001213,Ajuste de reembolso,22.35,2024-10-27,False
E0003716,T001214,Alimentação,379.12,2025-07-09,True
E0003717,T001214,Transporte terrestre,385.38,2025-07-09,True
E0003718,T001214,Ajuste de reembolso,26.16,2025-07-29,False
E0003719,T001215,Alimentação,690.61,2025-09-08,True
E0003720,T001215,Transporte terrestre,212.16,2025-09-08,True
E0003721,T001215,Ajuste de reembolso,-10.05,2025-09-17,False
E0003722,T001216,Alimentação,52.18,2025-11-30,True
E0003723,T001216,Transporte terrestre,69.32,2025-11-30,True
E0003724,T001216,Ajuste de reembolso,36.06,2025-12-18,False
E0003725,T001217,Alimentação,156.08,2025-12-06,True
E0003726,T001217,Transporte terrestre,126.79,2025-12-06,True
E0003727,T001217,Outros,53.24,2025-12-06,True
E0003728,T001217,Ajuste de reembolso,-21.13,2025-12-10,False
E0003729,T001218,Alimentação,98.19,2024-08-24,True
E0003730,T001218,Transporte terrestre,107.1,2024-08-24,True
E0003731,T001218,Ajuste de reembolso,12.05,2024-09-04,False
E0003732,T001219,Alimentação,283.36,2024-07-17,True
E0003733,T001219,Transporte terrestre,317.15,2024-07-17,True
E0003734,T001219,Taxa,202.6,2024-07-17,True
E0003735,T001219,Ajuste de reembolso,-22.55,2024-07-27,False
E0003736,T001221,Alimentação,689.33,2025-02-03,True
E0003737,T001221,Transporte terrestre,277.07,2025-02-03,True
E0003738,T001221,Ajuste de reembolso,-12.37,2025-02-12,False
E0003739,T001222,Alimentação,477.76,2025-04-05,True
E0003740,T001222,Transporte terrestre,217.92,2025-04-05,True
E0003741,T001222,Outros,273.57,2025-04-05,True
E0003742,T001222,Ajuste de reembolso,20.5,2025-04-21,False
E0003743,T001223,Alimentação,342.52,2024-09-15,True
E0003744,T001223,Transporte terrestre,156.48,2024-09-15,True
E0003745,T001223,Pedágio,161.85,2024-09-15,True
E0003746,T001223,Ajuste de reembolso,-3.56,2024-09-27,False
E0003747,T001224,Alimentação,312.42,2024-06-06,True
E0003748,T001224,Transporte terrestre,282.07,2024-06-06,True
E0003749,T001224,Ajuste de reembolso,1.54,2024-06-18,False
E0003750,T001225,Alimentação,92.9,2025-02-20,True
E0003751,T001225,Transporte terrestre,72.96,2025-02-20,True
E0003752,T001225,Ajuste de reembolso,21.92,2025-02-27,False
E0003753,T001226,Alimentação,269.16,2024-06-22,True
E0003754,T001226,Transporte terrestre,319.09,2024-06-22,True
E0003755,T001226,Ajuste de reembolso,34.07,2024-07-04,False
E0003756,T001227,Alimentação,204.75,2024-12-01,True
E0003757,T001227,Transporte terrestre,219.08,2024-12-01,True
E0003758,T001227,Taxa,204.58,2024-12-01,True
E0003759,T001227,Ajuste de reembolso,16.21,2024-12-06,False
E0003760,T001228,Alimentação,181.32,2025-10-05,True
E0003761,T001228,Transporte terrestre,132.92,2025-10-05,True
E0003762,T001228,Ajuste de reembolso,10.65,2025-10-09,False
E0003763,T001229,Alimentação,140.69,2025-04-19,True
E0003764,T001229,Transporte terrestre,71.98,2025-04-19,True
E0003765,T001229,Ajuste de reembolso,-5.25,2025-04-25,False
E0003766,T001230,Alimentação,147.28,2025-06-29,True
E0003767,T001230,Transporte terrestre,134.93,2025-06-29,True
E0003768,T001230,Ajuste de reembolso,-17.28,2025-07-03,False
E0003769,T001232,Alimentação,237.52,2025-06-17,True
E0003770,T001232,Transporte terrestre,162.99,2025-06-17,True
E0003771,T001232,Ajuste de reembolso,44.61,2025-06-28,False
E0003772,T001233,Alimentação,575.76,2025-09-21,True
E0003773,T001233,Transporte terrestre,500.82,2025-09-21,True
E0003774,T001233,Ajuste de reembolso,16.57,2025-10-05,False
E0003775,T001234,Alimentação,302.64,2025-05-17,True
E0003776,T001234,Transporte terrestre,239.04,2025-05-17,True
E0003777,T001234,Ajuste de reembolso,28.4,2025-05-27,False
E0003778,T001235,Alimentação,626.58,2024-10-29,True
E0003779,T001235,Transporte terrestre,325.05,2024-10-29,True
E0003780,T001235,Ajuste de reembolso,-13.65,2024-11-04,False
E0003781,T001236,Alimentação,688.12,2024-05-01,True
E0003782,T001236,Transporte terrestre,343.24,2024-05-01,True
E0003783,T001236,Taxa,80.8,2024-05-01,True
E0003784,T001236,Ajuste de reembolso,35.49,2024-05-16,False
E0003785,T001237,Alimentação,102.82,2024-01-18,True
E0003786,T001237,Transporte terrestre,44.36,2024-01-18,True
E0003787,T001237,Ajuste de reembolso,22.3,2024-01-29,False
E0003788,T001238,Alimentação,246.3,2024-02-17,True
E0003789,T001238,Transporte terrestre,105.43,2024-02-17,True
E0003790,T001238,Ajuste de reembolso,14.32,2024-03-01,False
E0003791,T001239,Alimentação,256.65,2025-09-27,True
E0003792,T001239,Transporte terrestre,187.22,2025-09-27,True
E0003793,T001239,Ajuste de reembolso,25.15,2025-10-05,False
E0003794,T001240,Alimentação,156.7,2025-04-11,True
E0003795,T001240,Transporte terrestre,161.96,2025-04-11,True
E0003796,T001240,Ajuste de reembolso,-4.66,2025-04-21,False
E0003797,T001242,Alimentação,471.56,2025-09-22,True
E0003798,T001242,Transporte terrestre,476.71,2025-09-22,True
E0003799,T001242,Ajuste de reembolso,2.8,2025-10-05,False
E0003800,T001243,Alimentação,504.91,2025-03-27,True
E0003801,T001243,Transporte terrestre,283.95,2025-03-27,True
E0003802,T001243,Ajuste de reembolso,11.56,2025-04-09,False
E0003803,T001245,Alimentação,530.48,2024-07-08,True
E0003804,T001245,Transporte terrestre,317.08,2024-07-08,True
E0003805,T001245,Ajuste de reembolso,-21.49,2024-07-26,False
E0003806,T001246,Alimentação,124.71,2024-12-10,True
E0003807,T001246,Transporte terrestre,104.08,2024-12-10,True
E0003808,T001246,Ajuste de reembolso,-5.58,2024-12-19,False
E0003809,T001247,Alimentação,619.99,2025-11-29,True
E0003810,T001247,Transporte terrestre,312.42,2025-11-29,True
E0003811,T001247,Ajuste de reembolso,29.35,2025-12-20,False
E0003812,T001249,Alimentação,249.28,2025-09-08,True
E0003813,T001249,Transporte terrestre,191.83,2025-09-08,True
E0003814,T001249,Ajuste de reembolso,17.22,2025-09-24,False
E0003815,T001250,Alimentação,101.75,2025-12-03,True
E0003816,T001250,Transporte terrestre,49.55,2025-12-03,True
E0003817,T001250,Ajuste de reembolso,33.68,2025-12-15,False
E0003818,T001251,Alimentação,131.94,2025-05-15,True
E0003819,T001251,Transporte terrestre,55.95,2025-05-15,True
E0003820,T001251,Outros,88.63,2025-05-15,True
E0003821,T001251,Ajuste de reembolso,18.55,2025-06-03,False
E0003822,T001252,Alimentação,435.93,2025-11-14,True
E0003823,T001252,Transporte terrestre,238.27,2025-11-14,True
E0003824,T001252,Estacionamento,126.92,2025-11-14,True
E0003825,T001252,Ajuste de reembolso,-7.81,2025-11-24,False
E0003826,T001253,Alimentação,302.26,2024-08-24,True
E0003827,T001253,Transporte terrestre,211.5,2024-08-24,True
E0003828,T001253,Taxa,247.51,2024-08-24,True
E0003829,T001253,Ajuste de reembolso,-5.08,2024-09-02,False
E0003830,T001254,Alimentação,296.02,2025-02-10,True
E0003831,T001254,Transporte terrestre,362.71,2025-02-10,True
E0003832,T001254,Ajuste de reembolso,12.88,2025-02-24,False
E0003833,T001255,Alimentação,278.29,2025-08-08,True
E0003834,T001255,Transporte terrestre,86.84,2025-08-08,True
E0003835,T001255,Ajuste de reembolso,26.44,2025-08-14,False
E0003836,T001256,Alimentação,604.61,2025-08-20,True
E0003837,T001256,Transporte terrestre,278.61,2025-08-20,True
E0003838,T001256,Ajuste de reembolso,-19.04,2025-09-06,False
E0003839,T001257,Alimentação,157.31,2024-05-01,True
E0003840,T001257,Transporte terrestre,99.99,2024-05-01,True
E0003841,T001257,Ajuste de reembolso,21.71,2024-05-11,False
E0003842,T001258,Alimentação,593.19,2024-07-24,True
E0003843,T001258,Transporte terrestre,525.84,2024-07-24,True
E0003844,T001258,Ajuste de reembolso,12.98,2024-08-11,False
E0003845,T001259,Alimentação,118.75,2025-05-07,True
E0003846,T001259,Transporte terrestre,41.97,2025-05-07,True
E0003847,T001259,Ajuste de reembolso,35.99,2025-05-13,False
E0003848,T001260,Alimentação,113.04,2025-01-06,True
E0003849,T001260,Transporte terrestre,57.28,2025-01-06,True
E0003850,T001260,Outros,205.17,2025-01-06,True
E0003851,T001260,Ajuste de reembolso,2.65,2025-01-12,False
E0003852,T001261,Alimentação,776.61,2024-06-02,True
E0003853,T001261,Transporte terrestre,434.08,2024-06-02,True
E0003854,T001261,Ajuste de reembolso,-13.94,2024-06-08,False
E0003855,T001262,Alimentação,168.76,2024-04-01,True
E0003856,T001262,Transporte terrestre,128.3,2024-04-01,True
E0003857,T001262,Ajuste de reembolso,5.25,2024-04-03,False
E0003858,T001263,Alimentação,132.32,2025-01-10,True
E0003859,T001263,Transporte terrestre,63.98,2025-01-10,True
E0003860,T001263,Outros,204.98,2025-01-10,True
E0003861,T001263,Ajuste de reembolso,16.44,2025-01-24,False
E0003862,T001264,Alimentação,122.28,2024-03-01,True
E0003863,T001264,Transporte terrestre,56.75,2024-03-01,True
E0003864,T001264,Ajuste de reembolso,21.65,2024-03-12,False
E0003865,T001265,Alimentação,93.61,2025-07-30,True
E0003866,T001265,Transporte terrestre,209.75,2025-07-30,True
E0003867,T001265,Ajuste de reembolso,-0.64,2025-08-06,False
E0003868,T001266,Alimentação,149.31,2024-03-19,True
E0003869,T001266,Transporte terrestre,54.29,2024-03-19,True
E0003870,T001266,Outros,51.19,2024-03-19,True
E0003871,T001266,Ajuste de reembolso,2.57,2024-03-25,False
E0003872,T001267,Alimentação,126.71,2025-02-25,True
E0003873,T001267,Transporte terrestre,63.49,2025-02-25,True
E0003874,T001267,Ajuste de reembolso,-13.72,2025-03-07,False
E0003875,T001268,Alimentação,440.28,2025-01-13,True
E0003876,T001268,Transporte terrestre,442.39,2025-01-13,True
E0003877,T001268,Ajuste de reembolso,-16.73,2025-02-02,False
E0003878,T001269,Alimentação,239.68,2025-12-08,True
E0003879,T001269,Transporte terrestre,117.9,2025-12-08,True
E0003880,T001269,Ajuste de reembolso,13.58,2025-12-25,False
E0003881,T001270,Alimentação,107.45,2025-03-06,True
E0003882,T001270,Transporte terrestre,47.01,2025-03-06,True
E0003883,T001270,Ajuste de reembolso,-20.3,2025-03-15,False
E0003884,T001271,Alimentação,748.26,2024-09-06,True
E0003885,T001271,Transporte terrestre,237.72,2024-09-06,True
E0003886,T001271,Ajuste de reembolso,0.55,2024-09-12,False
E0003887,T001272,Alimentação,279.47,2024-03-22,True
E0003888,T001272,Transporte terrestre,288.69,2024-03-22,True
E0003889,T001272,Ajuste de reembolso,24.45,2024-03-29,False
E0003890,T001273,Alimentação,226.13,2025-10-15,True
E0003891,T001273,Transporte terrestre,170.93,2025-10-15,True
E0003892,T001273,Outros,249.47,2025-10-15,True
E0003893,T001273,Ajuste de reembolso,10.66,2025-10-29,False
E0003894,T001274,Alimentação,337.01,2024-10-16,True
E0003895,T001274,Transporte terrestre,192.62,2024-10-16,True
E0003896,T001274,Outros,86.29,2024-10-16,True
E0003897,T001274,Ajuste de reembolso,10.64,2024-10-22,False
E0003898,T001275,Alimentação,276.4,2025-06-28,True
E0003899,T001275,Transporte terrestre,190.3,2025-06-28,True
E0003900,T001275,Ajuste de reembolso,31.62,2025-07-08,False
E0003901,T001276,Alimentação,339.12,2025-07-28,True
E0003902,T001276,Transporte terrestre,193.03,2025-07-28,True
E0003903,T001276,Ajuste de reembolso,-15.92,2025-08-06,False
E0003904,T001277,Alimentação,1070.23,2025-04-23,True
E0003905,T001277,Transporte terrestre,515.96,2025-04-23,True
E0003906,T001277,Ajuste de reembolso,5.41,2025-05-11,False
E0003907,T001278,Alimentação,323.78,2024-03-04,True
E0003908,T001278,Transporte terrestre,139.59,2024-03-04,True
E0003909,T001278,Estacionamento,262.58,2024-03-04,True
E0003910,T001278,Ajuste de reembolso,37.74,2024-03-16,False
E0003911,T001279,Alimentação,492.44,2025-01-18,True
E0003912,T001279,Transporte terrestre,308.42,2025-01-18,True
E0003913,T001279,Ajuste de reembolso,14.67,2025-01-24,False
E0003914,T001280,Alimentação,279.87,2024-10-09,True
E0003915,T001280,Transporte terrestre,198.13,2024-10-09,True
E0003916,T001280,Ajuste de reembolso,-24.73,2024-10-14,False
E0003917,T001282,Alimentação,278.84,2024-10-02,True
E0003918,T001282,Transporte terrestre,116.94,2024-10-02,True
E0003919,T001282,Ajuste de reembolso,-15.65,2024-10-13,False
E0003920,T001283,Alimentação,243.66,2025-11-26,True
E0003921,T001283,Transporte terrestre,265.45,2025-11-26,True
E0003922,T001283,Ajuste de reembolso,-24.71,2025-12-08,False
E0003923,T001284,Alimentação,127.36,2025-01-06,True
E0003924,T001284,Transporte terrestre,145.98,2025-01-06,True
E0003925,T001284,Ajuste de reembolso,17.24,2025-01-15,False
E0003926,T001285,Alimentação,398.85,2024-08-19,True
E0003927,T001285,Transporte terrestre,220.42,2024-08-19,True
E0003928,T001285,Ajuste de reembolso,40.74,2024-08-30,False
E0003929,T001286,Alimentação,504.98,2025-02-23,True
E0003930,T001286,Transporte terrestre,323.36,2025-02-23,True
E0003931,T001286,Ajuste de reembolso,-1.16,2025-03-12,False
E0003932,T001287,Alimentação,163.62,2024-04-07,True
E0003933,T001287,Transporte terrestre,160.08,2024-04-07,True
E0003934,T001287,Ajuste de reembolso,36.13,2024-04-16,False
E0003935,T001288,Alimentação,278.02,2025-02-05,True
E0003936,T001288,Transporte terrestre,216.56,2025-02-05,True
E0003937,T001288,Pedágio,126.69,2025-02-05,True
E0003938,T001288,Ajuste de reembolso,-24.7,2025-02-16,False
E0003939,T001289,Alimentação,117.3,2024-10-06,True
E0003940,T001289,Transporte terrestre,51.27,2024-10-06,True
E0003941,T001289,Ajuste de reembolso,18.78,2024-10-13,False
E0003942,T001290,Alimentação,636.44,2024-06-11,True
E0003943,T001290,Transporte terrestre,302.18,2024-06-11,True
E0003944,T001290,Ajuste de reembolso,-1.72,2024-06-17,False
E0003945,T001291,Alimentação,103.98,2024-11-24,True
E0003946,T001291,Transporte terrestre,67.3,2024-11-24,True
E0003947,T001291,Ajuste de reembolso,-8.59,2024-12-04,False
E0003948,T001292,Alimentação,147.25,2025-03-24,True
E0003949,T001292,Transporte terrestre,41.81,2025-03-24,True
E0003950,T001292,Ajuste de reembolso,33.41,2025-03-28,False
E0003951,T001293,Alimentação,1031.69,2025-06-07,True
E0003952,T001293,Transporte terrestre,482.95,2025-06-07,True
E0003953,T001293,Ajuste de reembolso,6.19,2025-06-19,False
E0003954,T001294,Alimentação,300.13,2024-12-12,True
E0003955,T001294,Transporte terrestre,312.73,2024-12-12,True
E0003956,T001294,Outros,216.7,2024-12-12,True
E0003957,T001294,Ajuste de reembolso,34.16,2024-12-20,False
E0003958,T001295,Alimentação,197.04,2024-08-03,True
E0003959,T001295,Transporte terrestre,145.16,2024-08-03,True
E0003960,T001295,Ajuste de reembolso,13.39,2024-08-15,False
E0003961,T001296,Alimentação,196.26,2024-05-18,True
E0003962,T001296,Transporte terrestre,127.99,2024-05-18,True
E0003963,T001296,Taxa,247.06,2024-05-18,True
E0003964,T001296,Ajuste de reembolso,-17.48,2024-05-26,False
E0003965,T001297,Alimentação,312.26,2025-04-23,True
E0003966,T001297,Transporte terrestre,316.14,2025-04-23,True
E0003967,T001297,Outros,249.0,2025-04-23,True
E0003968,T001297,Ajuste de reembolso,37.07,2025-05-05,False
E0003969,T001298,Alimentação,167.65,2025-03-16,True
E0003970,T001298,Transporte terrestre,144.78,2025-03-16,True
E0003971,T001298,Ajuste de reembolso,40.71,2025-03-27,False
E0003972,T001299,Alimentação,947.26,2025-06-10,True
E0003973,T001299,Transporte terrestre,611.69,2025-06-10,True
E0003974,T001299,Ajuste de reembolso,18.63,2025-06-23,False
E0003975,T001300,Alimentação,124.23,2025-08-08,True
E0003976,T001300,Transporte terrestre,45.27,2025-08-08,True
E0003977,T001300,Ajuste de reembolso,42.37,2025-08-23,False
E0003978,T001301,Alimentação,275.07,2024-05-31,True
E0003979,T001301,Transporte terrestre,157.63,2024-05-31,True
E0003980,T001301,Ajuste de reembolso,24.98,2024-06-04,False
E0003981,T001302,Alimentação,268.93,2024-06-16,True
E0003982,T001302,Transporte terrestre,101.74,2024-06-16,True
E0003983,T001302,Ajuste de reembolso,-16.25,2024-07-03,False
E0003984,T001303,Alimentação,510.79,2024-10-04,True
E0003985,T001303,Transporte terrestre,470.4,2024-10-04,True
E0003986,T001303,Ajuste de reembolso,-24.31,2024-10-16,False
E0003987,T001304,Alimentação,382.99,2024-02-01,True
E0003988,T001304,Transporte terrestre,309.53,2024-02-01,True
E0003989,T001304,Ajuste de reembolso,-24.68,2024-02-10,False
E0003990,T001305,Alimentação,133.54,2025-09-03,True
E0003991,T001305,Transporte terrestre,54.2,2025-09-03,True
E0003992,T001305,Ajuste de reembolso,-9.84,2025-09-15,False
E0003993,T001306,Alimentação,120.88,2024-12-01,True
E0003994,T001306,Transporte terrestre,75.84,2024-12-01,True
E0003995,T001306,Ajuste de reembolso,-15.32,2024-12-18,False
E0003996,T001307,Alimentação,232.01,2024-08-25,True
E0003997,T001307,Transporte terrestre,213.67,2024-08-25,True
E0003998,T001307,Ajuste de reembolso,22.73,2024-08-31,False
E0003999,T001308,Alimentação,83.25,2025-11-06,True
E0004000,T001308,Transporte terrestre,59.89,2025-11-06,True
E0004001,T001308,Ajuste de reembolso,11.79,2025-11-20,False
E0004002,T001310,Alimentação,160.25,2025-07-16,True
E0004003,T001310,Transporte terrestre,62.66,2025-07-16,True
E0004004,T001310,Ajuste de reembolso,32.58,2025-08-01,False
E0004005,T001311,Alimentação,348.45,2025-07-18,True
E0004006,T001311,Transporte terrestre,128.26,2025-07-18,True
E0004007,T001311,Ajuste de reembolso,-23.57,2025-07-25,False
E0004008,T001312,Alimentação,139.66,2024-05-31,True
E0004009,T001312,Transporte terrestre,193.58,2024-05-31,True
E0004010,T001312,Ajuste de reembolso,21.78,2024-06-14,False
E0004011,T001313,Alimentação,217.42,2024-11-15,True
E0004012,T001313,Transporte terrestre,391.47,2024-11-15,True
E0004013,T001313,Taxa,133.02,2024-11-15,True
E0004014,T001313,Ajuste de reembolso,2.4,2024-11-19,False
E0004015,T001314,Alimentação,380.41,2025-06-21,True
E0004016,T001314,Transporte terrestre,259.35,2025-06-21,True
E0004017,T001314,Taxa,177.9,2025-06-21,True
E0004018,T001314,Ajuste de reembolso,25.78,2025-06-28,False
E0004019,T001315,Alimentação,374.9,2025-04-17,True
E0004020,T001315,Transporte terrestre,208.22,2025-04-17,True
E0004021,T001315,Ajuste de reembolso,8.8,2025-04-23,False
E0004022,T001316,Alimentação,760.67,2025-06-06,True
E0004023,T001316,Transporte terrestre,394.56,2025-06-06,True
E0004024,T001316,Ajuste de reembolso,-15.35,2025-06-24,False
E0004025,T001317,Alimentação,272.19,2024-10-24,True
E0004026,T001317,Transporte terrestre,287.2,2024-10-24,True
E0004027,T001317,Pedágio,233.88,2024-10-24,True
E0004028,T001317,Ajuste de reembolso,43.91,2024-11-02,False
E0004029,T001318,Alimentação,262.53,2025-08-17,True
E0004030,T001318,Transporte terrestre,209.21,2025-08-17,True
E0004031,T001318,Ajuste de reembolso,-19.7,2025-09-02,False
E0004032,T001319,Alimentação,317.6,2024-10-19,True
E0004033,T001319,Transporte terrestre,161.81,2024-10-19,True
E0004034,T001319,Taxa,133.56,2024-10-19,True
E0004035,T001319,Ajuste de reembolso,-3.03,2024-10-28,False
E0004036,T001320,Alimentação,389.18,2025-06-29,True
E0004037,T001320,Transporte terrestre,360.18,2025-06-29,True
E0004038,T001320,Ajuste de reembolso,19.03,2025-07-07,False
E0004039,T001321,Alimentação,704.97,2025-05-26,True
E0004040,T001321,Transporte terrestre,842.45,2025-05-26,True
E0004041,T001321,Ajuste de reembolso,-16.28,2025-06-23,False
E0004042,T001322,Alimentação,380.97,2025-03-11,True
E0004043,T001322,Transporte terrestre,426.15,2025-03-11,True
E0004044,T001322,Ajuste de reembolso,18.47,2025-03-15,False
E0004045,T001323,Alimentação,279.2,2025-08-09,True
E0004046,T001323,Transporte terrestre,198.28,2025-08-09,True
E0004047,T001323,Ajuste de reembolso,19.8,2025-08-19,False
E0004048,T001324,Alimentação,404.68,2025-01-18,True
E0004049,T001324,Transporte terrestre,373.27,2025-01-18,True
E0004050,T001324,Pedágio,257.95,2025-01-18,True
E0004051,T001324,Ajuste de reembolso,-18.35,2025-02-06,False
E0004052,T001325,Alimentação,307.46,2025-12-26,True
E0004053,T001325,Transporte terrestre,204.96,2025-12-26,True
E0004054,T001325,Pedágio,157.72,2025-12-26,True
E0004055,T001325,Ajuste de reembolso,-17.47,2026-01-05,False
E0004056,T001326,Alimentação,258.17,2024-03-02,True
E0004057,T001326,Transporte terrestre,84.54,2024-03-02,True
E0004058,T001326,Ajuste de reembolso,-20.75,2024-03-10,False
E0004059,T001327,Alimentação,155.46,2024-08-05,True
E0004060,T001327,Transporte terrestre,299.02,2024-08-05,True
E0004061,T001327,Ajuste de reembolso,35.84,2024-08-08,False
E0004062,T001328,Alimentação,403.7,2024-11-24,True
E0004063,T001328,Transporte terrestre,237.03,2024-11-24,True
E0004064,T001328,Ajuste de reembolso,8.89,2024-12-03,False
E0004065,T001329,Alimentação,103.31,2024-07-09,True
E0004066,T001329,Transporte terrestre,126.13,2024-07-09,True
E0004067,T001329,Ajuste de reembolso,-15.85,2024-07-17,False
E0004068,T001330,Alimentação,255.2,2025-01-06,True
E0004069,T001330,Transporte terrestre,296.69,2025-01-06,True
E0004070,T001330,Ajuste de reembolso,22.18,2025-01-15,False
E0004071,T001331,Alimentação,1256.56,2025-11-28,True
E0004072,T001331,Transporte terrestre,699.84,2025-11-28,True
E0004073,T001331,Ajuste de reembolso,7.05,2025-12-10,False
E0004074,T001333,Alimentação,203.22,2024-10-14,True
E0004075,T001333,Transporte terrestre,204.74,2024-10-14,True
E0004076,T001333,Outros,263.37,2024-10-14,True
E0004077,T001333,Ajuste de reembolso,-23.38,2024-10-22,False
E0004078,T001334,Alimentação,54.76,2025-05-16,True
E0004079,T001334,Transporte terrestre,49.15,2025-05-16,True
E0004080,T001334,Ajuste de reembolso,-20.22,2025-05-19,False
E0004081,T001335,Alimentação,220.23,2024-02-23,True
E0004082,T001335,Transporte terrestre,240.92,2024-02-23,True
E0004083,T001335,Ajuste de reembolso,12.47,2024-03-04,False
E0004084,T001336,Alimentação,306.85,2024-07-10,True
E0004085,T001336,Transporte terrestre,315.12,2024-07-10,True
E0004086,T001336,Ajuste de reembolso,-10.97,2024-07-15,False
E0004087,T001337,Alimentação,486.97,2024-06-26,True
E0004088,T001337,Transporte terrestre,355.2,2024-06-26,True
E0004089,T001337,Ajuste de reembolso,15.27,2024-07-04,False
E0004090,T001338,Alimentação,258.71,2024-11-13,True
E0004091,T001338,Transporte terrestre,193.6,2024-11-13,True
E0004092,T001338,Ajuste de reembolso,24.62,2024-11-26,False
E0004093,T001339,Alimentação,153.62,2025-05-18,True
E0004094,T001339,Transporte terrestre,145.23,2025-05-18,True
E0004095,T001339,Ajuste de reembolso,-4.06,2025-05-30,False
E0004096,T001340,Alimentação,240.42,2024-01-09,True
E0004097,T001340,Transporte terrestre,160.04,2024-01-09,True
E0004098,T001340,Ajuste de reembolso,-8.5,2024-01-22,False
E0004099,T001341,Alimentação,275.34,2024-11-02,True
E0004100,T001341,Transporte terrestre,316.96,2024-11-02,True
E0004101,T001341,Estacionamento,36.04,2024-11-02,True
E0004102,T001341,Ajuste de reembolso,39.35,2024-11-07,False
E0004103,T001342,Alimentação,101.21,2024-12-27,True
E0004104,T001342,Transporte terrestre,70.62,2024-12-27,True
E0004105,T001342,Ajuste de reembolso,-11.98,2025-01-04,False
E0004106,T001343,Alimentação,647.07,2025-06-23,True
E0004107,T001343,Transporte terrestre,260.11,2025-06-23,True
E0004108,T001343,Ajuste de reembolso,16.33,2025-07-03,False
E0004109,T001344,Alimentação,77.29,2025-11-17,True
E0004110,T001344,Transporte terrestre,69.76,2025-11-17,True
E0004111,T001344,Outros,99.36,2025-11-17,True
E0004112,T001344,Ajuste de reembolso,-18.36,2025-12-03,False
E0004113,T001345,Alimentação,141.36,2024-08-21,True
E0004114,T001345,Transporte terrestre,105.86,2024-08-21,True
E0004115,T001345,Ajuste de reembolso,12.37,2024-09-03,False
E0004116,T001346,Alimentação,72.93,2024-03-03,True
E0004117,T001346,Transporte terrestre,58.89,2024-03-03,True
E0004118,T001346,Ajuste de reembolso,-2.25,2024-03-10,False
E0004119,T001347,Alimentação,191.74,2024-11-09,True
E0004120,T001347,Transporte terrestre,209.24,2024-11-09,True
E0004121,T001347,Ajuste de reembolso,6.74,2024-11-13,False
E0004122,T001348,Alimentação,563.69,2024-12-22,True
E0004123,T001348,Transporte terrestre,237.28,2024-12-22,True
E0004124,T001348,Ajuste de reembolso,2.57,2025-01-02,False
E0004125,T001349,Alimentação,316.14,2025-12-25,True
E0004126,T001349,Transporte terrestre,213.82,2025-12-25,True
E0004127,T001349,Ajuste de reembolso,-2.12,2026-01-02,False
E0004128,T001350,Alimentação,391.44,2025-01-10,True
E0004129,T001350,Transporte terrestre,212.79,2025-01-10,True
E0004130,T001350,Ajuste de reembolso,10.96,2025-01-23,False
E0004131,T001351,Alimentação,217.4,2025-01-01,True
E0004132,T001351,Transporte terrestre,148.28,2025-01-01,True
E0004133,T001351,Ajuste de reembolso,26.66,2025-01-11,False
E0004134,T001352,Alimentação,257.15,2025-10-14,True
E0004135,T001352,Transporte terrestre,431.17,2025-10-14,True
E0004136,T001352,Ajuste de reembolso,-12.22,2025-10-22,False
E0004137,T001353,Alimentação,207.77,2024-01-14,True
E0004138,T001353,Transporte terrestre,136.59,2024-01-14,True
E0004139,T001353,Ajuste de reembolso,22.13,2024-02-02,False
E0004140,T001354,Alimentação,347.61,2025-04-18,True
E0004141,T001354,Transporte terrestre,319.59,2025-04-18,True
E0004142,T001354,Taxa,92.65,2025-04-18,True
E0004143,T001354,Ajuste de reembolso,-23.53,2025-04-26,False
E0004144,T001355,Alimentação,641.81,2024-09-26,True
E0004145,T001355,Transporte terrestre,213.6,2024-09-26,True
E0004146,T001355,Ajuste de reembolso,0.74,2024-10-13,False
E0004147,T001356,Alimentação,87.08,2024-12-21,True
E0004148,T001356,Transporte terrestre,73.75,2024-12-21,True
E0004149,T001356,Ajuste de reembolso,7.93,2024-12-31,False
E0004150,T001357,Alimentação,207.07,2025-01-18,True
E0004151,T001357,Transporte terrestre,148.1,2025-01-18,True
E0004152,T001357,Ajuste de reembolso,-12.18,2025-01-31,False
E0004153,T001358,Alimentação,590.04,2025-06-08,True
E0004154,T001358,Transporte terrestre,220.91,2025-06-08,True
E0004155,T001358,Ajuste de reembolso,11.26,2025-06-13,False
E0004156,T001359,Alimentação,360.87,2024-02-09,True
E0004157,T001359,Transporte terrestre,201.62,2024-02-09,True
E0004158,T001359,Ajuste de reembolso,-1.64,2024-02-26,False
E0004159,T001360,Alimentação,285.31,2025-12-26,True
E0004160,T001360,Transporte terrestre,148.62,2025-12-26,True
E0004161,T001360,Ajuste de reembolso,25.88,2026-01-05,False
E0004162,T001361,Alimentação,847.52,2024-01-11,True
E0004163,T001361,Transporte terrestre,238.16,2024-01-11,True
E0004164,T001361,Ajuste de reembolso,9.06,2024-01-25,False
E0004165,T001362,Alimentação,181.32,2024-06-27,True
E0004166,T001362,Transporte terrestre,296.85,2024-06-27,True
E0004167,T001362,Ajuste de reembolso,42.34,2024-07-01,False
E0004168,T001363,Alimentação,367.39,2024-09-26,True
E0004169,T001363,Transporte terrestre,268.85,2024-09-26,True
E0004170,T001363,Ajuste de reembolso,-3.03,2024-10-04,False
E0004171,T001364,Alimentação,249.5,2025-11-14,True
E0004172,T001364,Transporte terrestre,168.07,2025-11-14,True
E0004173,T001364,Ajuste de reembolso,17.61,2025-11-18,False
E0004174,T001365,Alimentação,320.04,2024-10-28,True
E0004175,T001365,Transporte terrestre,184.35,2024-10-28,True
E0004176,T001365,Ajuste de reembolso,15.12,2024-11-08,False
E0004177,T001366,Alimentação,601.55,2024-11-20,True
E0004178,T001366,Transporte terrestre,264.43,2024-11-20,True
E0004179,T001366,Ajuste de reembolso,-13.99,2024-12-04,False
E0004180,T001367,Alimentação,433.3,2024-09-24,True
E0004181,T001367,Transporte terrestre,261.51,2024-09-24,True
E0004182,T001367,Outros,47.4,2024-09-24,True
E0004183,T001367,Ajuste de reembolso,2.85,2024-10-08,False
E0004184,T001368,Alimentação,94.83,2025-06-09,True
E0004185,T001368,Transporte terrestre,44.23,2025-06-09,True
E0004186,T001368,Pedágio,241.38,2025-06-09,True
E0004187,T001368,Ajuste de reembolso,20.78,2025-06-21,False
E0004188,T001369,Alimentação,287.59,2024-04-26,True
E0004189,T001369,Transporte terrestre,220.3,2024-04-26,True
E0004190,T001369,Ajuste de reembolso,34.42,2024-05-07,False
E0004191,T001370,Alimentação,447.05,2024-06-22,True
E0004192,T001370,Transporte terrestre,266.38,2024-06-22,True
E0004193,T001370,Ajuste de reembolso,26.74,2024-07-14,False
E0004194,T001371,Alimentação,496.77,2025-09-17,True
E0004195,T001371,Transporte terrestre,176.48,2025-09-17,True
E0004196,T001371,Ajuste de reembolso,5.95,2025-09-25,False
E0004197,T001372,Alimentação,252.24,2024-06-02,True
E0004198,T001372,Transporte terrestre,209.48,2024-06-02,True
E0004199,T001372,Ajuste de reembolso,39.77,2024-06-17,False
E0004200,T001373,Alimentação,350.77,2025-04-02,True
E0004201,T001373,Transporte terrestre,222.22,2025-04-02,True
E0004202,T001373,Outros,113.35,2025-04-02,True
E0004203,T001373,Ajuste de reembolso,-12.08,2025-04-15,False
E0004204,T001374,Alimentação,301.08,2025-05-07,True
E0004205,T001374,Transporte terrestre,215.15,2025-05-07,True
E0004206,T001374,Outros,175.1,2025-05-07,True
E0004207,T001374,Ajuste de reembolso,-8.92,2025-05-19,False
E0004208,T001375,Alimentação,404.26,2025-11-05,True
E0004209,T001375,Transporte terrestre,277.75,2025-11-05,True
E0004210,T001375,Ajuste de reembolso,-8.35,2025-11-27,False
E0004211,T001376,Alimentação,241.11,2024-03-10,True
E0004212,T001376,Transporte terrestre,153.16,2024-03-10,True
E0004213,T001376,Ajuste de reembolso,12.15,2024-03-20,False
E0004214,T001377,Alimentação,279.11,2025-11-30,True
E0004215,T001377,Transporte terrestre,213.54,2025-11-30,True
E0004216,T001377,Ajuste de reembolso,11.91,2025-12-04,False
E0004217,T001378,Alimentação,262.77,2024-11-17,True
E0004218,T001378,Transporte terrestre,111.92,2024-11-17,True
E0004219,T001378,Ajuste de reembolso,7.06,2024-12-03,False
E0004220,T001379,Alimentação,188.19,2025-08-07,True
E0004221,T001379,Transporte terrestre,202.92,2025-08-07,True
E0004222,T001379,Ajuste de reembolso,8.33,2025-08-15,False
E0004223,T001380,Alimentação,276.89,2025-11-23,True
E0004224,T001380,Transporte terrestre,373.9,2025-11-23,True
E0004225,T001380,Ajuste de reembolso,42.66,2025-12-05,False
E0004226,T001381,Alimentação,755.56,2025-11-26,True
E0004227,T001381,Transporte terrestre,345.23,2025-11-26,True
E0004228,T001381,Ajuste de reembolso,28.66,2025-12-02,False
E0004229,T001382,Alimentação,295.73,2024-07-19,True
E0004230,T001382,Transporte terrestre,268.97,2024-07-19,True
E0004231,T001382,Ajuste de reembolso,4.21,2024-08-10,False
E0004232,T001383,Alimentação,204.49,2025-07-08,True
E0004233,T001383,Transporte terrestre,89.18,2025-07-08,True
E0004234,T001383,Ajuste de reembolso,8.95,2025-07-22,False
E0004235,T001384,Alimentação,426.14,2024-11-19,True
E0004236,T001384,Transporte terrestre,299.55,2024-11-19,True
E0004237,T001384,Ajuste de reembolso,-5.69,2024-12-05,False
E0004238,T001385,Alimentação,307.82,2025-06-06,True
E0004239,T001385,Transporte terrestre,146.33,2025-06-06,True
E0004240,T001385,Taxa,55.47,2025-06-06,True
E0004241,T001385,Ajuste de reembolso,-1.39,2025-06-17,False
E0004242,T001386,Alimentação,97.51,2025-03-21,True
E0004243,T001386,Transporte terrestre,133.89,2025-03-21,True
E0004244,T001386,Taxa,53.32,2025-03-21,True
E0004245,T001386,Ajuste de reembolso,44.67,2025-03-31,False
E0004246,T001387,Alimentação,242.18,2024-03-14,True
E0004247,T001387,Transporte terrestre,143.76,2024-03-14,True
E0004248,T001387,Ajuste de reembolso,38.72,2024-03-25,False
E0004249,T001388,Alimentação,251.55,2025-10-01,True
E0004250,T001388,Transporte terrestre,136.67,2025-10-01,True
E0004251,T001388,Ajuste de reembolso,-14.84,2025-10-14,False
E0004252,T001389,Alimentação,219.54,2024-05-15,True
E0004253,T001389,Transporte terrestre,128.02,2024-05-15,True
E0004254,T001389,Ajuste de reembolso,-1.53,2024-05-28,False
E0004255,T001390,Alimentação,272.27,2025-10-11,True
E0004256,T001390,Transporte terrestre,165.77,2025-10-11,True
E0004257,T001390,Ajuste de reembolso,2.16,2025-10-21,False
E0004258,T001391,Alimentação,556.18,2024-09-21,True
E0004259,T001391,Transporte terrestre,287.99,2024-09-21,True
E0004260,T001391,Outros,142.13,2024-09-21,True
E0004261,T001391,Ajuste de reembolso,-4.04,2024-10-07,False
E0004262,T001392,Alimentação,408.17,2025-01-19,True
E0004263,T001392,Transporte terrestre,229.21,2025-01-19,True
E0004264,T001392,Ajuste de reembolso,41.39,2025-01-23,False
E0004265,T001393,Alimentação,417.62,2025-03-14,True
E0004266,T001393,Transporte terrestre,262.86,2025-03-14,True
E0004267,T001393,Outros,129.75,2025-03-14,True
E0004268,T001393,Ajuste de reembolso,23.26,2025-03-28,False
E0004269,T001394,Alimentação,102.73,2025-05-27,True
E0004270,T001394,Transporte terrestre,92.12,2025-05-27,True
E0004271,T001394,Ajuste de reembolso,5.58,2025-06-06,False
E0004272,T001395,Alimentação,487.26,2025-09-17,True
E0004273,T001395,Transporte terrestre,212.45,2025-09-17,True
E0004274,T001395,Pedágio,50.2,2025-09-17,True
E0004275,T001395,Ajuste de reembolso,22.0,2025-10-06,False
E0004276,T001396,Alimentação,721.87,2024-03-22,True
E0004277,T001396,Transporte terrestre,209.3,2024-03-22,True
E0004278,T001396,Ajuste de reembolso,8.45,2024-04-08,False
E0004279,T001397,Alimentação,741.15,2024-11-14,True
E0004280,T001397,Transporte terrestre,985.01,2024-11-14,True
E0004281,T001397,Ajuste de reembolso,35.17,2024-12-16,False
E0004282,T001398,Alimentação,205.6,2025-04-17,True
E0004283,T001398,Transporte terrestre,186.2,2025-04-17,True
E0004284,T001398,Ajuste de reembolso,-7.8,2025-04-22,False
E0004285,T001399,Alimentação,273.45,2025-05-07,True
E0004286,T001399,Transporte terrestre,424.22,2025-05-07,True
E0004287,T001399,Estacionamento,128.88,2025-05-07,True
E0004288,T001399,Ajuste de reembolso,32.14,2025-05-19,False
E0004289,T001400,Alimentação,288.41,2024-03-10,True
E0004290,T001400,Transporte terrestre,133.3,2024-03-10,True
E0004291,T001400,Ajuste de reembolso,-22.62,2024-03-18,False
E0004292,T001401,Alimentação,211.23,2025-11-02,True
E0004293,T001401,Transporte terrestre,163.6,2025-11-02,True
E0004294,T001401,Taxa,207.56,2025-11-02,True
E0004295,T001401,Ajuste de reembolso,-1.7,2025-11-12,False
E0004296,T001402,Alimentação,378.95,2024-08-13,True
E0004297,T001402,Transporte terrestre,573.95,2024-08-13,True
E0004298,T001402,Ajuste de reembolso,41.81,2024-08-23,False
E0004299,T001403,Alimentação,402.81,2025-10-26,True
E0004300,T001403,Transporte terrestre,155.48,2025-10-26,True
E0004301,T001403,Ajuste de reembolso,33.3,2025-11-07,False
E0004302,T001404,Alimentação,262.56,2024-10-10,True
E0004303,T001404,Transporte terrestre,139.15,2024-10-10,True
E0004304,T001404,Ajuste de reembolso,-8.67,2024-10-20,False
E0004305,T001405,Alimentação,691.1,2024-07-14,True
E0004306,T001405,Transporte terrestre,441.82,2024-07-14,True
E0004307,T001405,Ajuste de reembolso,-13.21,2024-07-24,False
E0004308,T001406,Alimentação,368.81,2025-05-09,True
E0004309,T001406,Transporte terrestre,205.02,2025-05-09,True
E0004310,T001406,Ajuste de reembolso,16.87,2025-05-14,False
E0004311,T001407,Alimentação,163.24,2025-03-01,True
E0004312,T001407,Transporte terrestre,142.66,2025-03-01,True
E0004313,T001407,Ajuste de reembolso,10.74,2025-03-12,False
E0004314,T001408,Alimentação,283.41,2024-04-21,True
E0004315,T001408,Transporte terrestre,155.3,2024-04-21,True
E0004316,T001408,Ajuste de reembolso,-11.04,2024-05-02,False
E0004317,T001409,Alimentação,77.12,2025-06-06,True
E0004318,T001409,Transporte terrestre,60.58,2025-06-06,True
E0004319,T001409,Ajuste de reembolso,-7.92,2025-06-15,False
E0004320,T001410,Alimentação,107.86,2024-09-10,True
E0004321,T001410,Transporte terrestre,101.71,2024-09-10,True
E0004322,T001410,Ajuste de reembolso,17.93,2024-09-23,False
E0004323,T001411,Alimentação,428.07,2025-07-15,True
E0004324,T001411,Transporte terrestre,458.85,2025-07-15,True
E0004325,T001411,Ajuste de reembolso,32.94,2025-07-30,False
E0004326,T001412,Alimentação,108.29,2024-02-05,True
E0004327,T001412,Transporte terrestre,60.2,2024-02-05,True
E0004328,T001412,Ajuste de reembolso,-24.07,2024-02-19,False
E0004329,T001413,Alimentação,357.51,2025-03-08,True
E0004330,T001413,Transporte terrestre,215.32,2025-03-08,True
E0004331,T001413,Ajuste de reembolso,-6.76,2025-03-15,False
E0004332,T001414,Alimentação,81.24,2024-07-18,True
E0004333,T001414,Transporte terrestre,62.02,2024-07-18,True
E0004334,T001414,Ajuste de reembolso,26.67,2024-07-20,False
E0004335,T001415,Alimentação,242.21,2024-06-12,True
E0004336,T001415,Transporte terrestre,255.14,2024-06-12,True
E0004337,T001415,Ajuste de reembolso,2.6,2024-06-21,False
E0004338,T001416,Alimentação,124.62,2024-08-19,True
E0004339,T001416,Transporte terrestre,70.98,2024-08-19,True
E0004340,T001416,Ajuste de reembolso,8.66,2024-08-28,False
E0004341,T001417,Alimentação,509.32,2024-10-17,True
E0004342,T001417,Transporte terrestre,215.46,2024-10-17,True
E0004343,T001417,Ajuste de reembolso,23.41,2024-10-31,False
E0004344,T001418,Alimentação,214.94,2024-06-10,True
E0004345,T001418,Transporte terrestre,226.05,2024-06-10,True
E0004346,T001418,Ajuste de reembolso,-21.01,2024-06-17,False
E0004347,T001420,Alimentação,379.3,2024-04-11,True
E0004348,T001420,Transporte terrestre,278.2,2024-04-11,True
E0004349,T001420,Ajuste de reembolso,2.95,2024-04-25,False
E0004350,T001421,Alimentação,225.47,2025-08-21,True
E0004351,T001421,Transporte terrestre,166.57,2025-08-21,True
E0004352,T001421,Outros,219.15,2025-08-21,True
E0004353,T001421,Ajuste de reembolso,-24.87,2025-08-31,False
E0004354,T001422,Alimentação,256.56,2025-05-30,True
E0004355,T001422,Transporte terrestre,234.39,2025-05-30,True
E0004356,T001422,Estacionamento,120.18,2025-05-30,True
E0004357,T001422,Ajuste de reembolso,39.47,2025-06-09,False
E0004358,T001423,Alimentação,208.29,2025-09-24,True
E0004359,T001423,Transporte terrestre,259.4,2025-09-24,True
E0004360,T001423,Taxa,62.6,2025-09-24,True
E0004361,T001423,Ajuste de reembolso,24.66,2025-10-05,False
E0004362,T001424,Alimentação,618.46,2025-07-20,True
E0004363,T001424,Transporte terrestre,489.64,2025-07-20,True
E0004364,T001424,Ajuste de reembolso,-7.98,2025-08-01,False
E0004365,T001425,Alimentação,185.66,2025-03-23,True
E0004366,T001425,Transporte terrestre,135.07,2025-03-23,True
E0004367,T001425,Ajuste de reembolso,26.16,2025-04-09,False
E0004368,T001426,Alimentação,305.38,2025-06-24,True
E0004369,T001426,Transporte terrestre,300.45,2025-06-24,True
E0004370,T001426,Taxa,140.42,2025-06-24,True
E0004371,T001426,Ajuste de reembolso,14.26,2025-07-05,False
E0004372,T001427,Alimentação,379.12,2024-08-20,True
E0004373,T001427,Transporte terrestre,444.41,2024-08-20,True
E0004374,T001427,Ajuste de reembolso,-15.34,2024-09-04,False
E0004375,T001428,Alimentação,113.49,2025-01-11,True
E0004376,T001428,Transporte terrestre,42.28,2025-01-11,True
E0004377,T001428,Ajuste de reembolso,11.8,2025-01-19,False
E0004378,T001429,Alimentação,826.48,2024-03-07,True
E0004379,T001429,Transporte terrestre,500.53,2024-03-07,True
E0004380,T001429,Ajuste de reembolso,32.62,2024-03-19,False
E0004381,T001430,Alimentação,133.07,2024-11-11,True
E0004382,T001430,Transporte terrestre,51.75,2024-11-11,True
E0004383,T001430,Ajuste de reembolso,-3.11,2024-11-20,False
E0004384,T001431,Alimentação,518.41,2025-05-01,True
E0004385,T001431,Transporte terrestre,526.83,2025-05-01,True
E0004386,T001431,Ajuste de reembolso,-18.16,2025-05-14,False
E0004387,T001432,Alimentação,459.32,2024-02-20,True
E0004388,T001432,Transporte terrestre,337.93,2024-02-20,True
E0004389,T001432,Ajuste de reembolso,-19.71,2024-02-25,False
E0004390,T001433,Alimentação,327.29,2024-03-20,True
E0004391,T001433,Transporte terrestre,395.69,2024-03-20,True
E0004392,T001433,Estacionamento,82.13,2024-03-20,True
E0004393,T001433,Ajuste de reembolso,-9.39,2024-04-04,False
E0004394,T001434,Alimentação,256.78,2025-10-22,True
E0004395,T001434,Transporte terrestre,175.82,2025-10-22,True
E0004396,T001434,Ajuste de reembolso,30.3,2025-11-10,False
E0004397,T001435,Alimentação,268.61,2025-10-19,True
E0004398,T001435,Transporte terrestre,262.02,2025-10-19,True
E0004399,T001435,Ajuste de reembolso,39.28,2025-10-31,False
E0004400,T001436,Alimentação,102.75,2025-05-06,True
E0004401,T001436,Transporte terrestre,68.1,2025-05-06,True
E0004402,T001436,Ajuste de reembolso,10.0,2025-05-20,False
E0004403,T001437,Alimentação,386.62,2024-11-14,True
E0004404,T001437,Transporte terrestre,280.06,2024-11-14,True
E0004405,T001437,Ajuste de reembolso,-13.06,2024-11-24,False
E0004406,T001438,Alimentação,135.83,2024-09-16,True
E0004407,T001438,Transporte terrestre,115.85,2024-09-16,True
E0004408,T001438,Ajuste de reembolso,-0.58,2024-09-26,False
E0004409,T001439,Alimentação,256.8,2024-11-22,True
E0004410,T001439,Transporte terrestre,182.72,2024-11-22,True
E0004411,T001439,Ajuste de reembolso,16.84,2024-11-29,False
E0004412,T001440,Alimentação,196.38,2024-02-08,True
E0004413,T001440,Transporte terrestre,185.97,2024-02-08,True
E0004414,T001440,Outros,102.34,2024-02-08,True
E0004415,T001440,Ajuste de reembolso,42.87,2024-02-15,False
E0004416,T001441,Alimentação,100.31,2025-01-07,True
E0004417,T001441,Transporte terrestre,50.06,2025-01-07,True
E0004418,T001441,Ajuste de reembolso,30.3,2025-01-26,False
E0004419,T001442,Alimentação,119.86,2025-06-28,True
E0004420,T001442,Transporte terrestre,43.81,2025-06-28,True
E0004421,T001442,Estacionamento,263.88,2025-06-28,True
E0004422,T001442,Ajuste de reembolso,-9.96,2025-07-07,False
E0004423,T001443,Alimentação,89.24,2024-01-16,True
E0004424,T001443,Transporte terrestre,88.99,2024-01-16,True
E0004425,T001443,Ajuste de reembolso,-15.46,2024-01-30,False
E0004426,T001444,Alimentação,74.43,2025-03-27,True
E0004427,T001444,Transporte terrestre,83.63,2025-03-27,True
E0004428,T001444,Ajuste de reembolso,-17.4,2025-04-07,False
E0004429,T001445,Alimentação,307.37,2024-07-07,True
E0004430,T001445,Transporte terrestre,186.5,2024-07-07,True
E0004431,T001445,Ajuste de reembolso,3.58,2024-07-13,False
E0004432,T001446,Alimentação,186.01,2025-07-09,True
E0004433,T001446,Transporte terrestre,120.48,2025-07-09,True
E0004434,T001446,Ajuste de reembolso,36.55,2025-07-17,False
E0004435,T001447,Alimentação,342.8,2025-01-05,True
E0004436,T001447,Transporte terrestre,229.9,2025-01-05,True
E0004437,T001447,Outros,141.85,2025-01-05,True
E0004438,T001447,Ajuste de reembolso,24.08,2025-01-14,False
E0004439,T001448,Alimentação,514.96,2024-09-23,True
E0004440,T001448,Transporte terrestre,187.4,2024-09-23,True
E0004441,T001448,Ajuste de reembolso,31.38,2024-10-04,False
E0004442,T001449,Alimentação,330.23,2025-03-08,True
E0004443,T001449,Transporte terrestre,264.63,2025-03-08,True
E0004444,T001449,Ajuste de reembolso,20.0,2025-03-22,False
E0004445,T001450,Alimentação,277.45,2024-09-13,True
E0004446,T001450,Transporte terrestre,476.99,2024-09-13,True
E0004447,T001450,Ajuste de reembolso,33.5,2024-09-28,False
E0004448,T001451,Alimentação,88.27,2024-07-07,True
E0004449,T001451,Transporte terrestre,97.45,2024-07-07,True
E0004450,T001451,Ajuste de reembolso,-1.13,2024-07-21,False
E0004451,T001452,Alimentação,509.5,2024-02-25,True
E0004452,T001452,Transporte terrestre,253.53,2024-02-25,True
E0004453,T001452,Pedágio,269.81,2024-02-25,True
E0004454,T001452,Ajuste de reembolso,-11.82,2024-03-12,False
E0004455,T001453,Alimentação,197.19,2024-03-24,True
E0004456,T001453,Transporte terrestre,147.95,2024-03-24,True
E0004457,T001453,Ajuste de reembolso,-20.13,2024-03-26,False
E0004458,T001454,Alimentação,347.41,2024-12-27,True
E0004459,T001454,Transporte terrestre,251.33,2024-12-27,True
E0004460,T001454,Pedágio,235.29,2024-12-27,True
E0004461,T001454,Ajuste de reembolso,14.47,2025-01-03,False
E0004462,T001455,Alimentação,183.99,2025-07-01,True
E0004463,T001455,Transporte terrestre,130.04,2025-07-01,True
E0004464,T001455,Outros,39.12,2025-07-01,True
E0004465,T001455,Ajuste de reembolso,23.57,2025-07-05,False
E0004466,T001456,Alimentação,834.31,2025-10-22,True
E0004467,T001456,Transporte terrestre,475.16,2025-10-22,True
E0004468,T001456,Ajuste de reembolso,14.6,2025-11-04,False
E0004469,T001457,Alimentação,571.29,2024-11-22,True
E0004470,T001457,Transporte terrestre,314.6,2024-11-22,True
E0004471,T001457,Ajuste de reembolso,25.94,2024-11-30,False
E0004472,T001459,Alimentação,152.93,2024-11-23,True
E0004473,T001459,Transporte terrestre,49.48,2024-11-23,True
E0004474,T001459,Ajuste de reembolso,12.05,2024-12-12,False
E0004475,T001460,Alimentação,267.9,2024-11-07,True
E0004476,T001460,Transporte terrestre,270.4,2024-11-07,True
E0004477,T001460,Ajuste de reembolso,15.26,2024-11-21,False
E0004478,T001461,Alimentação,499.89,2024-02-08,True
E0004479,T001461,Transporte terrestre,269.1,2024-02-08,True
E0004480,T001461,Pedágio,270.95,2024-02-08,True
E0004481,T001461,Ajuste de reembolso,-5.65,2024-02-20,False
E0004482,T001462,Alimentação,397.05,2025-05-30,True
E0004483,T001462,Transporte terrestre,232.46,2025-05-30,True
E0004484,T001462,Taxa,170.2,2025-05-30,True
E0004485,T001462,Ajuste de reembolso,25.96,2025-06-05,False
E0004486,T001463,Alimentação,736.14,2024-08-21,True
E0004487,T001463,Transporte terrestre,403.51,2024-08-21,True
E0004488,T001463,Ajuste de reembolso,9.04,2024-08-28,False
E0004489,T001465,Alimentação,160.4,2024-02-15,True
E0004490,T001465,Transporte terrestre,103.57,2024-02-15,True
E0004491,T001465,Pedágio,239.11,2024-02-15,True
E0004492,T001465,Ajuste de reembolso,-16.05,2024-02-26,False
E0004493,T001466,Alimentação,379.62,2025-08-02,True
E0004494,T001466,Transporte terrestre,145.5,2025-08-02,True
E0004495,T001466,Ajuste de reembolso,42.06,2025-08-10,False
E0004496,T001467,Alimentação,304.0,2025-06-29,True
E0004497,T001467,Transporte terrestre,96.39,2025-06-29,True
E0004498,T001467,Ajuste de reembolso,27.05,2025-07-03,False
E0004499,T001468,Alimentação,45.62,2024-07-18,True
E0004500,T001468,Transporte terrestre,50.26,2024-07-18,True
E0004501,T001468,Ajuste de reembolso,2.35,2024-07-26,False
E0004502,T001469,Alimentação,117.96,2025-10-29,True
E0004503,T001469,Transporte terrestre,97.72,2025-10-29,True
E0004504,T001469,Ajuste de reembolso,27.99,2025-11-05,False
E0004505,T001470,Alimentação,640.44,2024-03-05,True
E0004506,T001470,Transporte terrestre,656.2,2024-03-05,True
E0004507,T001470,Ajuste de reembolso,-24.07,2024-03-20,False
E0004508,T001471,Alimentação,175.89,2024-01-14,True
E0004509,T001471,Transporte terrestre,277.81,2024-01-14,True
E0004510,T001471,Ajuste de reembolso,23.68,2024-02-02,False
E0004511,T001472,Alimentação,219.32,2025-06-04,True
E0004512,T001472,Transporte terrestre,273.28,2025-06-04,True
E0004513,T001472,Ajuste de reembolso,17.97,2025-06-19,False
E0004514,T001473,Alimentação,411.28,2025-06-21,True
E0004515,T001473,Transporte terrestre,173.38,2025-06-21,True
E0004516,T001473,Ajuste de reembolso,22.72,2025-06-30,False
E0004517,T001474,Alimentação,359.89,2025-11-09,True
E0004518,T001474,Transporte terrestre,136.91,2025-11-09,True
E0004519,T001474,Ajuste de reembolso,-21.41,2025-11-12,False
E0004520,T001475,Alimentação,80.85,2024-09-10,True
E0004521,T001475,Transporte terrestre,62.97,2024-09-10,True
E0004522,T001475,Taxa,227.88,2024-09-10,True
E0004523,T001475,Ajuste de reembolso,16.54,2024-09-26,False
E0004524,T001476,Alimentação,218.84,2024-08-04,True
E0004525,T001476,Transporte terrestre,218.78,2024-08-04,True
E0004526,T001476,Ajuste de reembolso,-11.3,2024-08-15,False
E0004527,T001477,Alimentação,100.41,2024-02-08,True
E0004528,T001477,Transporte terrestre,72.11,2024-02-08,True
E0004529,T001477,Ajuste de reembolso,-3.68,2024-02-22,False
E0004530,T001478,Alimentação,212.85,2025-05-25,True
E0004531,T001478,Transporte terrestre,121.35,2025-05-25,True
E0004532,T001478,Ajuste de reembolso,-11.29,2025-06-02,False
E0004533,T001479,Alimentação,160.47,2024-10-01,True
E0004534,T001479,Transporte terrestre,206.91,2024-10-01,True
E0004535,T001479,Taxa,100.94,2024-10-01,True
E0004536,T001479,Ajuste de reembolso,28.78,2024-10-16,False
E0004537,T001480,Alimentação,104.88,2024-09-29,True
E0004538,T001480,Transporte terrestre,47.3,2024-09-29,True
E0004539,T001480,Pedágio,257.81,2024-09-29,True
E0004540,T001480,Ajuste de reembolso,-20.68,2024-10-14,False
E0004541,T001481,Alimentação,229.67,2024-06-29,True
E0004542,T001481,Transporte terrestre,144.84,2024-06-29,True
E0004543,T001481,Pedágio,164.2,2024-06-29,True
E0004544,T001481,Ajuste de reembolso,20.98,2024-07-14,False
E0004545,T001482,Alimentação,389.23,2025-12-08,True
E0004546,T001482,Transporte terrestre,269.75,2025-12-08,True
E0004547,T001482,Ajuste de reembolso,21.47,2025-12-22,False
E0004548,T001483,Alimentação,44.69,2024-11-22,True
E0004549,T001483,Transporte terrestre,53.49,2024-11-22,True
E0004550,T001483,Ajuste de reembolso,8.85,2024-12-01,False
E0004551,T001484,Alimentação,1073.17,2024-11-15,True
E0004552,T001484,Transporte terrestre,568.04,2024-11-15,True
E0004553,T001484,Ajuste de reembolso,36.95,2024-11-30,False
E0004554,T001485,Alimentação,318.92,2024-01-12,True
E0004555,T001485,Transporte terrestre,196.69,2024-01-12,True
E0004556,T001485,Ajuste de reembolso,42.5,2024-01-27,False
E0004557,T001486,Alimentação,190.87,2025-09-09,True
E0004558,T001486,Transporte terrestre,125.51,2025-09-09,True
E0004559,T001486,Ajuste de reembolso,-18.22,2025-09-21,False
E0004560,T001487,Alimentação,125.82,2025-10-13,True
E0004561,T001487,Transporte terrestre,94.92,2025-10-13,True
E0004562,T001487,Ajuste de reembolso,-5.13,2025-10-23,False
E0004563,T001488,Alimentação,185.52,2024-04-01,True
E0004564,T001488,Transporte terrestre,115.54,2024-04-01,True
E0004565,T001488,Ajuste de reembolso,40.01,2024-04-08,False
E0004566,T001489,Alimentação,200.61,2025-06-23,True
E0004567,T001489,Transporte terrestre,108.45,2025-06-23,True
E0004568,T001489,Ajuste de reembolso,44.83,2025-07-11,False
E0004569,T001490,Alimentação,538.7,2024-11-29,True
E0004570,T001490,Transporte terrestre,348.62,2024-11-29,True
E0004571,T001490,Ajuste de reembolso,36.47,2024-12-10,False
E0004572,T001491,Alimentação,78.0,2024-11-13,True
E0004573,T001491,Transporte terrestre,64.74,2024-11-13,True
E0004574,T001491,Ajuste de reembolso,9.08,2024-11-23,False
E0004575,T001492,Alimentação,719.4,2024-03-06,True
E0004576,T001492,Transporte terrestre,420.8,2024-03-06,True
E0004577,T001492,Ajuste de reembolso,5.19,2024-03-13,False
E0004578,T001493,Alimentação,316.91,2024-01-01,True
E0004579,T001493,Transporte terrestre,190.64,2024-01-01,True
E0004580,T001493,Estacionamento,116.09,2024-01-01,True
E0004581,T001493,Ajuste de reembolso,-23.29,2024-01-13,False
E0004582,T001494,Alimentação,83.91,2025-02-11,True
E0004583,T001494,Transporte terrestre,67.02,2025-02-11,True
E0004584,T001494,Ajuste de reembolso,12.72,2025-02-16,False
E0004585,T001495,Alimentação,168.75,2024-09-30,True
E0004586,T001495,Transporte terrestre,106.43,2024-09-30,True
E0004587,T001495,Ajuste de reembolso,32.27,2024-10-15,False
E0004588,T001496,Alimentação,166.07,2025-09-30,True
E0004589,T001496,Transporte terrestre,94.48,2025-09-30,True
E0004590,T001496,Ajuste de reembolso,38.04,2025-10-11,False
E0004591,T001497,Alimentação,128.68,2025-07-09,True
E0004592,T001497,Transporte terrestre,67.05,2025-07-09,True
E0004593,T001497,Ajuste de reembolso,22.98,2025-07-21,False
E0004594,T001498,Alimentação,541.72,2025-05-10,True
E0004595,T001498,Transporte terrestre,295.0,2025-05-10,True
E0004596,T001498,Ajuste de reembolso,30.04,2025-05-22,False
E0004597,T001499,Alimentação,138.75,2025-04-07,True
E0004598,T001499,Transporte terrestre,146.44,2025-04-07,True
E0004599,T001499,Ajuste de reembolso,37.83,2025-04-21,False
E0004600,T001500,Alimentação,42.17,2024-01-05,True
E0004601,T001500,Transporte terrestre,70.92,2024-01-05,True
E0004602,T001500,Ajuste de reembolso,12.58,2024-01-17,False
E0004603,T001501,Alimentação,352.99,2025-02-22,True
E0004604,T001501,Transporte terrestre,380.21,2025-02-22,True
E0004605,T001501,Ajuste de reembolso,31.02,2025-03-04,False
E0004606,T001502,Alimentação,371.84,2025-08-13,True
E0004607,T001502,Transporte terrestre,330.76,2025-08-13,True
E0004608,T001502,Ajuste de reembolso,-7.07,2025-08-31,False
E0004609,T001503,Alimentação,532.53,2025-03-15,True
E0004610,T001503,Transporte terrestre,265.08,2025-03-15,True
E0004611,T001503,Ajuste de reembolso,-7.74,2025-03-28,False
E0004612,T001504,Alimentação,505.2,2024-10-27,True
E0004613,T001504,Transporte terrestre,265.81,2024-10-27,True
E0004614,T001504,Ajuste de reembolso,31.77,2024-10-31,False
E0004615,T001505,Alimentação,324.18,2025-09-23,True
E0004616,T001505,Transporte terrestre,131.88,2025-09-23,True
E0004617,T001505,Ajuste de reembolso,-22.43,2025-10-06,False
E0004618,T001506,Alimentação,362.11,2025-09-05,True
E0004619,T001506,Transporte terrestre,487.84,2025-09-05,True
E0004620,T001506,Ajuste de reembolso,-15.73,2025-09-16,False
E0004621,T001507,Alimentação,676.47,2025-01-24,True
E0004622,T001507,Transporte terrestre,350.6,2025-01-24,True
E0004623,T001507,Ajuste de reembolso,31.68,2025-02-02,False
E0004624,T001508,Alimentação,486.3,2025-05-15,True
E0004625,T001508,Transporte terrestre,391.9,2025-05-15,True
E0004626,T001508,Ajuste de reembolso,-0.53,2025-05-28,False
E0004627,T001509,Alimentação,328.97,2025-12-19,True
E0004628,T001509,Transporte terrestre,204.71,2025-12-19,True
E0004629,T001509,Ajuste de reembolso,43.06,2026-01-10,False
E0004630,T001510,Alimentação,180.62,2024-04-21,True
E0004631,T001510,Transporte terrestre,121.85,2024-04-21,True
E0004632,T001510,Ajuste de reembolso,23.14,2024-05-05,False
E0004633,T001511,Alimentação,794.83,2024-09-06,True
E0004634,T001511,Transporte terrestre,394.86,2024-09-06,True
E0004635,T001511,Ajuste de reembolso,-13.12,2024-09-12,False
E0004636,T001512,Alimentação,112.41,2024-04-19,True
E0004637,T001512,Transporte terrestre,54.13,2024-04-19,True
E0004638,T001512,Ajuste de reembolso,-8.18,2024-04-24,False
E0004639,T001513,Alimentação,312.89,2025-11-26,True
E0004640,T001513,Transporte terrestre,161.48,2025-11-26,True
E0004641,T001513,Outros,217.99,2025-11-26,True
E0004642,T001513,Ajuste de reembolso,5.7,2025-12-01,False
E0004643,T001514,Alimentação,103.24,2025-01-14,True
E0004644,T001514,Transporte terrestre,68.86,2025-01-14,True
E0004645,T001514,Ajuste de reembolso,13.85,2025-01-21,False
E0004646,T001515,Alimentação,333.31,2024-07-05,True
E0004647,T001515,Transporte terrestre,179.17,2024-07-05,True
E0004648,T001515,Estacionamento,274.7,2024-07-05,True
E0004649,T001515,Ajuste de reembolso,-2.51,2024-07-14,False
E0004650,T001516,Alimentação,1026.06,2024-08-06,True
E0004651,T001516,Transporte terrestre,676.09,2024-08-06,True
E0004652,T001516,Ajuste de reembolso,36.74,2024-08-21,False
E0004653,T001517,Alimentação,1207.28,2024-09-16,True
E0004654,T001517,Transporte terrestre,643.28,2024-09-16,True
E0004655,T001517,Ajuste de reembolso,8.81,2024-10-01,False
E0004656,T001518,Alimentação,383.57,2025-07-24,True
E0004657,T001518,Transporte terrestre,150.6,2025-07-24,True
E0004658,T001518,Ajuste de reembolso,42.6,2025-08-03,False
E0004659,T001519,Alimentação,322.32,2024-05-12,True
E0004660,T001519,Transporte terrestre,305.4,2024-05-12,True
E0004661,T001519,Ajuste de reembolso,6.04,2024-05-27,False
E0004662,T001520,Alimentação,258.87,2024-04-05,True
E0004663,T001520,Transporte terrestre,146.32,2024-04-05,True
E0004664,T001520,Ajuste de reembolso,33.39,2024-04-11,False
E0004665,T001521,Alimentação,351.88,2025-04-09,True
E0004666,T001521,Transporte terrestre,253.47,2025-04-09,True
E0004667,T001521,Ajuste de reembolso,42.96,2025-04-16,False
E0004668,T001522,Alimentação,262.65,2025-02-01,True
E0004669,T001522,Transporte terrestre,216.46,2025-02-01,True
E0004670,T001522,Ajuste de reembolso,-15.47,2025-02-18,False
E0004671,T001523,Alimentação,251.32,2025-05-25,True
E0004672,T001523,Transporte terrestre,129.12,2025-05-25,True
E0004673,T001523,Ajuste de reembolso,-3.76,2025-06-09,False
E0004674,T001524,Alimentação,107.91,2025-12-08,True
E0004675,T001524,Transporte terrestre,85.21,2025-12-08,True
E0004676,T001524,Ajuste de reembolso,32.11,2025-12-28,False
E0004677,T001525,Alimentação,234.28,2025-12-30,True
E0004678,T001525,Transporte terrestre,209.82,2025-12-30,True
E0004679,T001525,Ajuste de reembolso,19.85,2026-01-08,False
E0004680,T001526,Alimentação,385.73,2025-08-02,True
E0004681,T001526,Transporte terrestre,253.72,2025-08-02,True
E0004682,T001526,Ajuste de reembolso,-21.17,2025-08-11,False
E0004683,T001527,Alimentação,269.92,2024-04-20,True
E0004684,T001527,Transporte terrestre,131.34,2024-04-20,True
E0004685,T001527,Ajuste de reembolso,29.99,2024-05-08,False
E0004686,T001528,Alimentação,368.79,2024-09-14,True
E0004687,T001528,Transporte terrestre,291.29,2024-09-14,True
E0004688,T001528,Ajuste de reembolso,38.47,2024-09-29,False
E0004689,T001529,Alimentação,188.61,2025-08-30,True
E0004690,T001529,Transporte terrestre,137.17,2025-08-30,True
E0004691,T001529,Ajuste de reembolso,4.19,2025-09-10,False
E0004692,T001530,Alimentação,118.55,2024-05-06,True
E0004693,T001530,Transporte terrestre,92.7,2024-05-06,True
E0004694,T001530,Ajuste de reembolso,-4.9,2024-05-16,False
E0004695,T001531,Alimentação,205.37,2025-05-31,True
E0004696,T001531,Transporte terrestre,201.59,2025-05-31,True
E0004697,T001531,Ajuste de reembolso,-8.92,2025-06-13,False
E0004698,T001532,Alimentação,306.83,2024-08-30,True
E0004699,T001532,Transporte terrestre,152.67,2024-08-30,True
E0004700,T001532,Ajuste de reembolso,17.6,2024-09-14,False
E0004701,T001533,Alimentação,138.6,2025-12-09,True
E0004702,T001533,Transporte terrestre,62.19,2025-12-09,True
E0004703,T001533,Ajuste de reembolso,33.6,2025-12-20,False
E0004704,T001534,Alimentação,446.23,2025-03-09,True
E0004705,T001534,Transporte terrestre,229.5,2025-03-09,True
E0004706,T001534,Ajuste de reembolso,-1.57,2025-03-14,False
E0004707,T001535,Alimentação,242.63,2025-06-01,True
E0004708,T001535,Transporte terrestre,144.0,2025-06-01,True
E0004709,T001535,Ajuste de reembolso,25.97,2025-06-15,False
E0004710,T001536,Alimentação,204.34,2025-05-20,True
E0004711,T001536,Transporte terrestre,213.47,2025-05-20,True
E0004712,T001536,Ajuste de reembolso,21.33,2025-05-31,False
E0004713,T001537,Alimentação,240.52,2024-08-05,True
E0004714,T001537,Transporte terrestre,84.02,2024-08-05,True
E0004715,T001537,Ajuste de reembolso,-2.44,2024-08-18,False
E0004716,T001538,Alimentação,225.24,2024-01-01,True
E0004717,T001538,Transporte terrestre,135.26,2024-01-01,True
E0004718,T001538,Ajuste de reembolso,-0.93,2024-01-06,False
E0004719,T001539,Alimentação,204.93,2024-05-16,True
E0004720,T001539,Transporte terrestre,122.32,2024-05-16,True
E0004721,T001539,Ajuste de reembolso,15.56,2024-05-26,False
E0004722,T001541,Alimentação,104.2,2024-10-21,True
E0004723,T001541,Transporte terrestre,102.45,2024-10-21,True
E0004724,T001541,Ajuste de reembolso,-17.74,2024-10-31,False
E0004725,T001542,Alimentação,107.46,2024-07-06,True
E0004726,T001542,Transporte terrestre,70.32,2024-07-06,True
E0004727,T001542,Ajuste de reembolso,36.57,2024-07-11,False
E0004728,T001543,Alimentação,53.32,2024-08-04,True
E0004729,T001543,Transporte terrestre,45.57,2024-08-04,True
E0004730,T001543,Ajuste de reembolso,17.49,2024-08-14,False
E0004731,T001544,Alimentação,160.3,2025-09-04,True
E0004732,T001544,Transporte terrestre,114.54,2025-09-04,True
E0004733,T001544,Ajuste de reembolso,2.74,2025-09-13,False
E0004734,T001545,Alimentação,322.6,2025-03-25,True
E0004735,T001545,Transporte terrestre,478.21,2025-03-25,True
E0004736,T001545,Ajuste de reembolso,20.21,2025-04-11,False
E0004737,T001546,Alimentação,442.9,2024-11-10,True
E0004738,T001546,Transporte terrestre,382.72,2024-11-10,True
E0004739,T001546,Ajuste de reembolso,17.15,2024-11-23,False
E0004740,T001548,Alimentação,664.73,2025-10-08,True
E0004741,T001548,Transporte terrestre,298.92,2025-10-08,True
E0004742,T001548,Ajuste de reembolso,4.5,2025-10-15,False
E0004743,T001549,Alimentação,427.5,2024-04-02,True
E0004744,T001549,Transporte terrestre,293.94,2024-04-02,True
E0004745,T001549,Ajuste de reembolso,-1.15,2024-04-15,False
E0004746,T001550,Alimentação,386.91,2025-09-27,True
E0004747,T001550,Transporte terrestre,237.86,2025-09-27,True
E0004748,T001550,Ajuste de reembolso,11.69,2025-10-08,False
E0004749,T001551,Alimentação,89.18,2024-03-05,True
E0004750,T001551,Transporte terrestre,124.98,2024-03-05,True
E0004751,T001551,Ajuste de reembolso,44.88,2024-03-19,False
E0004752,T001552,Alimentação,55.52,2024-09-20,True
E0004753,T001552,Transporte terrestre,71.32,2024-09-20,True
E0004754,T001552,Ajuste de reembolso,8.15,2024-10-06,False
E0004755,T001553,Alimentação,308.02,2025-10-29,True
E0004756,T001553,Transporte terrestre,301.02,2025-10-29,True
E0004757,T001553,Ajuste de reembolso,32.04,2025-11-10,False
E0004758,T001554,Alimentação,654.93,2025-11-29,True
E0004759,T001554,Transporte terrestre,261.85,2025-11-29,True
E0004760,T001554,Ajuste de reembolso,21.73,2025-12-09,False
E0004761,T001555,Alimentação,150.22,2025-04-09,True
E0004762,T001555,Transporte terrestre,87.24,2025-04-09,True
E0004763,T001555,Ajuste de reembolso,44.24,2025-04-27,False
E0004764,T001556,Alimentação,396.05,2025-10-24,True
E0004765,T001556,Transporte terrestre,199.22,2025-10-24,True
E0004766,T001556,Ajuste de reembolso,-15.66,2025-11-10,False
E0004767,T001557,Alimentação,434.64,2025-08-30,True
E0004768,T001557,Transporte terrestre,405.17,2025-08-30,True
E0004769,T001557,Ajuste de reembolso,-2.95,2025-09-06,False
E0004770,T001558,Alimentação,293.72,2024-01-09,True
E0004771,T001558,Transporte terrestre,221.07,2024-01-09,True
E0004772,T001558,Ajuste de reembolso,-16.65,2024-01-23,False
E0004773,T001559,Alimentação,228.5,2025-01-30,True
E0004774,T001559,Transporte terrestre,123.56,2025-01-30,True
E0004775,T001559,Ajuste de reembolso,-24.73,2025-02-09,False
E0004776,T001560,Alimentação,522.3,2024-02-27,True
E0004777,T001560,Transporte terrestre,224.95,2024-02-27,True
E0004778,T001560,Outros,195.47,2024-02-27,True
E0004779,T001560,Ajuste de reembolso,17.32,2024-03-13,False
E0004780,T001561,Alimentação,383.36,2024-03-21,True
E0004781,T001561,Transporte terrestre,429.38,2024-03-21,True
E0004782,T001561,Ajuste de reembolso,14.49,2024-04-03,False
E0004783,T001562,Alimentação,984.61,2025-05-22,True
E0004784,T001562,Transporte terrestre,491.96,2025-05-22,True
E0004785,T001562,Outros,187.82,2025-05-22,True
E0004786,T001562,Ajuste de reembolso,17.79,2025-06-10,False
E0004787,T001563,Alimentação,188.73,2025-02-19,True
E0004788,T001563,Transporte terrestre,126.78,2025-02-19,True
E0004789,T001563,Ajuste de reembolso,-24.79,2025-03-04,False
E0004790,T001564,Alimentação,397.69,2025-06-13,True
E0004791,T001564,Transporte terrestre,256.65,2025-06-13,True
E0004792,T001564,Ajuste de reembolso,-17.87,2025-06-23,False
E0004793,T001565,Alimentação,116.15,2025-10-01,True
E0004794,T001565,Transporte terrestre,113.38,2025-10-01,True
E0004795,T001565,Ajuste de reembolso,34.14,2025-10-07,False
E0004796,T001566,Alimentação,1132.67,2025-01-25,True
E0004797,T001566,Transporte terrestre,451.19,2025-01-25,True
E0004798,T001566,Ajuste de reembolso,16.81,2025-02-13,False
E0004799,T001567,Alimentação,116.25,2024-10-14,True
E0004800,T001567,Transporte terrestre,61.71,2024-10-14,True
E0004801,T001567,Ajuste de reembolso,-19.46,2024-10-31,False
E0004802,T001568,Alimentação,337.36,2025-10-10,True
E0004803,T001568,Transporte terrestre,152.1,2025-10-10,True
E0004804,T001568,Ajuste de reembolso,-5.32,2025-10-24,False
E0004805,T001569,Alimentação,180.34,2024-12-12,True
E0004806,T001569,Transporte terrestre,144.5,2024-12-12,True
E0004807,T001569,Outros,181.08,2024-12-12,True
E0004808,T001569,Ajuste de reembolso,35.34,2024-12-16,False
E0004809,T001570,Alimentação,105.69,2025-09-02,True
E0004810,T001570,Transporte terrestre,80.37,2025-09-02,True
E0004811,T001570,Ajuste de reembolso,-10.96,2025-09-19,False
E0004812,T001571,Alimentação,715.43,2025-10-24,True
E0004813,T001571,Transporte terrestre,228.23,2025-10-24,True
E0004814,T001571,Ajuste de reembolso,6.28,2025-11-05,False
E0004815,T001572,Alimentação,180.97,2025-10-23,True
E0004816,T001572,Transporte terrestre,111.12,2025-10-23,True
E0004817,T001572,Ajuste de reembolso,4.37,2025-11-09,False
E0004818,T001573,Alimentação,164.93,2024-06-06,True
E0004819,T001573,Transporte terrestre,138.54,2024-06-06,True
E0004820,T001573,Ajuste de reembolso,35.98,2024-06-22,False
E0004821,T001574,Alimentação,487.72,2025-06-26,True
E0004822,T001574,Transporte terrestre,363.61,2025-06-26,True
E0004823,T001574,Ajuste de reembolso,38.68,2025-07-09,False
E0004824,T001575,Alimentação,54.45,2024-03-08,True
E0004825,T001575,Transporte terrestre,48.92,2024-03-08,True
E0004826,T001575,Outros,158.16,2024-03-08,True
E0004827,T001575,Ajuste de reembolso,14.59,2024-03-19,False
E0004828,T001576,Alimentação,200.88,2024-10-10,True
E0004829,T001576,Transporte terrestre,184.25,2024-10-10,True
E0004830,T001576,Pedágio,165.08,2024-10-10,True
E0004831,T001576,Ajuste de reembolso,12.43,2024-10-18,False
E0004832,T001577,Alimentação,378.15,2025-05-04,True
E0004833,T001577,Transporte terrestre,187.2,2025-05-04,True
E0004834,T001577,Ajuste de reembolso,-23.45,2025-05-11,False
E0004835,T001578,Alimentação,337.81,2025-09-04,True
E0004836,T001578,Transporte terrestre,145.82,2025-09-04,True
E0004837,T001578,Ajuste de reembolso,17.15,2025-09-21,False
E0004838,T001579,Alimentação,801.42,2025-05-04,True
E0004839,T001579,Transporte terrestre,376.73,2025-05-04,True
E0004840,T001579,Ajuste de reembolso,21.36,2025-05-09,False
E0004841,T001581,Alimentação,261.15,2024-10-19,True
E0004842,T001581,Transporte terrestre,262.92,2024-10-19,True
E0004843,T001581,Ajuste de reembolso,-0.59,2024-10-23,False
E0004844,T001582,Alimentação,308.96,2025-06-08,True
E0004845,T001582,Transporte terrestre,398.31,2025-06-08,True
E0004846,T001582,Ajuste de reembolso,-13.29,2025-06-14,False
E0004847,T001583,Alimentação,479.23,2025-09-04,True
E0004848,T001583,Transporte terrestre,524.54,2025-09-04,True
E0004849,T001583,Ajuste de reembolso,24.7,2025-09-12,False
E0004850,T001584,Alimentação,460.03,2024-09-20,True
E0004851,T001584,Transporte terrestre,277.17,2024-09-20,True
E0004852,T001584,Taxa,45.66,2024-09-20,True
E0004853,T001584,Ajuste de reembolso,26.82,2024-10-01,False
E0004854,T001585,Alimentação,279.17,2025-05-03,True
E0004855,T001585,Transporte terrestre,315.4,2025-05-03,True
E0004856,T001585,Estacionamento,117.29,2025-05-03,True
E0004857,T001585,Ajuste de reembolso,43.89,2025-05-08,False
E0004858,T001586,Alimentação,337.7,2024-03-07,True
E0004859,T001586,Transporte terrestre,171.66,2024-03-07,True
E0004860,T001586,Ajuste de reembolso,25.84,2024-03-16,False
E0004861,T001587,Alimentação,96.38,2025-04-17,True
E0004862,T001587,Transporte terrestre,47.68,2025-04-17,True
E0004863,T001587,Ajuste de reembolso,17.86,2025-04-28,False
E0004864,T001588,Alimentação,98.92,2024-07-14,True
E0004865,T001588,Transporte terrestre,127.43,2024-07-14,True
E0004866,T001588,Outros,236.24,2024-07-14,True
E0004867,T001588,Ajuste de reembolso,-7.42,2024-07-28,False
E0004868,T001589,Alimentação,293.57,2024-10-04,True
E0004869,T001589,Transporte terrestre,264.39,2024-10-04,True
E0004870,T001589,Outros,183.93,2024-10-04,True
E0004871,T001589,Ajuste de reembolso,34.45,2024-10-17,False
E0004872,T001590,Alimentação,293.04,2025-05-17,True
E0004873,T001590,Transporte terrestre,197.05,2025-05-17,True
E0004874,T001590,Ajuste de reembolso,-10.61,2025-05-28,False
E0004875,T001591,Alimentação,243.67,2024-07-27,True
E0004876,T001591,Transporte terrestre,232.79,2024-07-27,True
E0004877,T001591,Ajuste de reembolso,19.15,2024-08-10,False
E0004878,T001592,Alimentação,364.06,2024-03-29,True
E0004879,T001592,Transporte terrestre,139.53,2024-03-29,True
E0004880,T001592,Ajuste de reembolso,35.33,2024-04-09,False
E0004881,T001593,Alimentação,293.52,2025-11-08,True
E0004882,T001593,Transporte terrestre,187.38,2025-11-08,True
E0004883,T001593,Ajuste de reembolso,44.54,2025-11-19,False
E0004884,T001594,Alimentação,202.14,2025-09-19,True
E0004885,T001594,Transporte terrestre,129.12,2025-09-19,True
E0004886,T001594,Taxa,256.75,2025-09-19,True
E0004887,T001594,Ajuste de reembolso,24.99,2025-10-05,False
E0004888,T001595,Alimentação,629.15,2025-06-20,True
E0004889,T001595,Transporte terrestre,446.04,2025-06-20,True
E0004890,T001595,Ajuste de reembolso,13.45,2025-07-07,False
E0004891,T001596,Alimentação,448.99,2025-05-22,True
E0004892,T001596,Transporte terrestre,350.17,2025-05-22,True
E0004893,T001596,Ajuste de reembolso,24.01,2025-06-04,False
E0004894,T001597,Alimentação,743.76,2024-06-28,True
E0004895,T001597,Transporte terrestre,342.3,2024-06-28,True
E0004896,T001597,Ajuste de reembolso,36.31,2024-07-09,False
E0004897,T001598,Alimentação,373.56,2024-09-18,True
E0004898,T001598,Transporte terrestre,134.71,2024-09-18,True
E0004899,T001598,Ajuste de reembolso,28.64,2024-10-05,False
E0004900,T001599,Alimentação,180.79,2025-04-19,True
E0004901,T001599,Transporte terrestre,137.18,2025-04-19,True
E0004902,T001599,Ajuste de reembolso,16.7,2025-04-24,False
E0004903,T001600,Alimentação,783.17,2024-09-19,True
E0004904,T001600,Transporte terrestre,482.26,2024-09-19,True
E0004905,T001600,Ajuste de reembolso,27.97,2024-09-30,False
E0004906,T001601,Alimentação,517.67,2024-01-08,True
E0004907,T001601,Transporte terrestre,185.56,2024-01-08,True
E0004908,T001601,Outros,236.59,2024-01-08,True
E0004909,T001601,Ajuste de reembolso,11.08,2024-01-17,False
E0004910,T001602,Alimentação,98.86,2025-11-21,True
E0004911,T001602,Transporte terrestre,91.01,2025-11-21,True
E0004912,T001602,Ajuste de reembolso,25.53,2025-11-25,False
E0004913,T001603,Alimentação,293.05,2024-08-04,True
E0004914,T001603,Transporte terrestre,117.11,2024-08-04,True
E0004915,T001603,Outros,126.11,2024-08-04,True
E0004916,T001603,Ajuste de reembolso,28.19,2024-08-10,False
E0004917,T001604,Alimentação,348.04,2024-01-19,True
E0004918,T001604,Transporte terrestre,225.53,2024-01-19,True
E0004919,T001604,Ajuste de reembolso,43.82,2024-01-28,False
E0004920,T001605,Alimentação,519.88,2024-08-09,True
E0004921,T001605,Transporte terrestre,337.74,2024-08-09,True
E0004922,T001605,Ajuste de reembolso,-12.2,2024-08-21,False
E0004923,T001607,Alimentação,265.92,2025-06-26,True
E0004924,T001607,Transporte terrestre,312.07,2025-06-26,True
E0004925,T001607,Ajuste de reembolso,6.12,2025-07-08,False
E0004926,T001608,Alimentação,195.67,2025-11-28,True
E0004927,T001608,Transporte terrestre,403.08,2025-11-28,True
E0004928,T001608,Ajuste de reembolso,-10.0,2025-12-13,False
E0004929,T001609,Alimentação,110.26,2025-10-31,True
E0004930,T001609,Transporte terrestre,126.99,2025-10-31,True
E0004931,T001609,Ajuste de reembolso,17.42,2025-11-19,False
E0004932,T001610,Alimentação,98.59,2024-03-29,True
E0004933,T001610,Transporte terrestre,66.11,2024-03-29,True
E0004934,T001610,Taxa,169.91,2024-03-29,True
E0004935,T001610,Ajuste de reembolso,-20.2,2024-04-07,False
E0004936,T001611,Alimentação,252.39,2024-03-10,True
E0004937,T001611,Transporte terrestre,170.7,2024-03-10,True
E0004938,T001611,Taxa,76.28,2024-03-10,True
E0004939,T001611,Ajuste de reembolso,-21.64,2024-03-25,False
E0004940,T001612,Alimentação,311.96,2024-12-17,True
E0004941,T001612,Transporte terrestre,176.54,2024-12-17,True
E0004942,T001612,Ajuste de reembolso,37.23,2024-12-28,False
E0004943,T001613,Alimentação,265.95,2025-07-14,True
E0004944,T001613,Transporte terrestre,261.13,2025-07-14,True
E0004945,T001613,Ajuste de reembolso,11.72,2025-07-30,False
E0004946,T001614,Alimentação,95.04,2025-09-25,True
E0004947,T001614,Transporte terrestre,119.09,2025-09-25,True
E0004948,T001614,Ajuste de reembolso,20.43,2025-09-30,False
E0004949,T001615,Alimentação,347.12,2025-09-30,True
E0004950,T001615,Transporte terrestre,182.08,2025-09-30,True
E0004951,T001615,Ajuste de reembolso,34.56,2025-10-09,False
E0004952,T001616,Alimentação,72.56,2025-05-31,True
E0004953,T001616,Transporte terrestre,66.74,2025-05-31,True
E0004954,T001616,Ajuste de reembolso,12.57,2025-06-10,False
E0004955,T001617,Alimentação,57.88,2025-03-24,True
E0004956,T001617,Transporte terrestre,49.96,2025-03-24,True
E0004957,T001617,Ajuste de reembolso,16.97,2025-04-02,False
E0004958,T001618,Alimentação,645.53,2025-06-04,True
E0004959,T001618,Transporte terrestre,549.66,2025-06-04,True
E0004960,T001618,Taxa,98.32,2025-06-04,True
E0004961,T001618,Ajuste de reembolso,31.16,2025-06-19,False
E0004962,T001619,Alimentação,307.25,2024-11-08,True
E0004963,T001619,Transporte terrestre,257.64,2024-11-08,True
E0004964,T001619,Taxa,84.99,2024-11-08,True
E0004965,T001619,Ajuste de reembolso,44.1,2024-11-26,False
E0004966,T001620,Alimentação,320.85,2024-06-14,True
E0004967,T001620,Transporte terrestre,154.27,2024-06-14,True
E0004968,T001620,Ajuste de reembolso,-7.83,2024-07-05,False
E0004969,T001621,Alimentação,333.88,2024-01-28,True
E0004970,T001621,Transporte terrestre,202.73,2024-01-28,True
E0004971,T001621,Ajuste de reembolso,-13.11,2024-02-08,False
E0004972,T001622,Alimentação,129.99,2025-11-01,True
E0004973,T001622,Transporte terrestre,51.91,2025-11-01,True
E0004974,T001622,Ajuste de reembolso,-20.23,2025-11-06,False
E0004975,T001623,Alimentação,340.92,2024-12-02,True
E0004976,T001623,Transporte terrestre,189.01,2024-12-02,True
E0004977,T001623,Taxa,84.44,2024-12-02,True
E0004978,T001623,Ajuste de reembolso,-24.32,2024-12-09,False
E0004979,T001624,Alimentação,617.37,2025-03-23,True
E0004980,T001624,Transporte terrestre,398.74,2025-03-23,True
E0004981,T001624,Ajuste de reembolso,3.58,2025-04-02,False
E0004982,T001625,Alimentação,344.74,2025-06-05,True
E0004983,T001625,Transporte terrestre,347.5,2025-06-05,True
E0004984,T001625,Outros,105.33,2025-06-05,True
E0004985,T001625,Ajuste de reembolso,-23.77,2025-06-14,False
E0004986,T001626,Alimentação,274.02,2024-08-26,True
E0004987,T001626,Transporte terrestre,130.07,2024-08-26,True
E0004988,T001626,Ajuste de reembolso,26.81,2024-09-08,False
E0004989,T001627,Alimentação,546.8,2024-02-05,True
E0004990,T001627,Transporte terrestre,163.47,2024-02-05,True
E0004991,T001627,Ajuste de reembolso,-7.35,2024-02-14,False
E0004992,T001629,Alimentação,269.66,2025-08-08,True
E0004993,T001629,Transporte terrestre,141.37,2025-08-08,True
E0004994,T001629,Ajuste de reembolso,28.26,2025-08-23,False
E0004995,T001630,Alimentação,383.57,2024-11-01,True
E0004996,T001630,Transporte terrestre,383.01,2024-11-01,True
E0004997,T001630,Taxa,119.53,2024-11-01,True
E0004998,T001630,Ajuste de reembolso,-23.07,2024-11-07,False
E0004999,T001631,Alimentação,102.34,2024-05-26,True
E0005000,T001631,Transporte terrestre,79.36,2024-05-26,True
E0005001,T001631,Ajuste de reembolso,35.3,2024-05-31,False
E0005002,T001632,Alimentação,560.09,2025-10-28,True
E0005003,T001632,Transporte terrestre,226.3,2025-10-28,True
E0005004,T001632,Ajuste de reembolso,8.17,2025-11-02,False
E0005005,T001633,Alimentação,469.49,2025-08-19,True
E0005006,T001633,Transporte terrestre,526.9,2025-08-19,True
E0005007,T001633,Ajuste de reembolso,6.53,2025-08-27,False
E0005008,T001635,Alimentação,478.04,2025-04-03,True
E0005009,T001635,Transporte terrestre,591.39,2025-04-03,True
E0005010,T001635,Outros,117.36,2025-04-03,True
E0005011,T001635,Ajuste de reembolso,21.64,2025-04-11,False
E0005012,T001636,Alimentação,262.7,2024-11-05,True
E0005013,T001636,Transporte terrestre,320.69,2024-11-05,True
E0005014,T001636,Ajuste de reembolso,-0.89,2024-11-13,False
E0005015,T001637,Alimentação,257.51,2024-10-21,True
E0005016,T001637,Transporte terrestre,122.65,2024-10-21,True
E0005017,T001637,Pedágio,37.89,2024-10-21,True
E0005018,T001637,Ajuste de reembolso,2.37,2024-10-29,False
E0005019,T001638,Alimentação,238.53,2025-05-17,True
E0005020,T001638,Transporte terrestre,99.23,2025-05-17,True
E0005021,T001638,Ajuste de reembolso,-15.51,2025-05-24,False
E0005022,T001640,Alimentação,255.18,2025-10-24,True
E0005023,T001640,Transporte terrestre,175.35,2025-10-24,True
E0005024,T001640,Ajuste de reembolso,-15.68,2025-11-09,False
E0005025,T001641,Alimentação,104.53,2024-12-05,True
E0005026,T001641,Transporte terrestre,75.37,2024-12-05,True
E0005027,T001641,Ajuste de reembolso,-23.12,2024-12-21,False
E0005028,T001642,Alimentação,596.19,2024-06-28,True
E0005029,T001642,Transporte terrestre,659.17,2024-06-28,True
E0005030,T001642,Outros,95.1,2024-06-28,True
E0005031,T001642,Ajuste de reembolso,11.26,2024-07-11,False
E0005032,T001643,Alimentação,500.1,2024-03-06,True
E0005033,T001643,Transporte terrestre,500.21,2024-03-06,True
E0005034,T001643,Pedágio,120.84,2024-03-06,True
E0005035,T001643,Ajuste de reembolso,-19.04,2024-03-21,False
E0005036,T001644,Alimentação,196.84,2024-05-26,True
E0005037,T001644,Transporte terrestre,124.23,2024-05-26,True
E0005038,T001644,Ajuste de reembolso,19.91,2024-05-30,False
E0005039,T001645,Alimentação,128.29,2024-03-02,True
E0005040,T001645,Transporte terrestre,70.95,2024-03-02,True
E0005041,T001645,Ajuste de reembolso,14.42,2024-03-16,False
E0005042,T001646,Alimentação,234.33,2024-06-23,True
E0005043,T001646,Transporte terrestre,205.1,2024-06-23,True
E0005044,T001646,Ajuste de reembolso,-10.52,2024-06-29,False
E0005045,T001647,Alimentação,233.3,2024-01-02,True
E0005046,T001647,Transporte terrestre,132.7,2024-01-02,True
E0005047,T001647,Ajuste de reembolso,27.0,2024-01-16,False
E0005048,T001648,Alimentação,146.54,2025-04-26,True
E0005049,T001648,Transporte terrestre,62.97,2025-04-26,True
E0005050,T001648,Ajuste de reembolso,-13.31,2025-05-01,False
E0005051,T001650,Alimentação,281.84,2024-09-26,True
E0005052,T001650,Transporte terrestre,212.21,2024-09-26,True
E0005053,T001650,Ajuste de reembolso,-8.5,2024-10-02,False
E0005054,T001651,Alimentação,494.17,2024-01-17,True
E0005055,T001651,Transporte terrestre,239.01,2024-01-17,True
E0005056,T001651,Ajuste de reembolso,41.72,2024-01-26,False
E0005057,T001652,Alimentação,145.95,2024-09-09,True
E0005058,T001652,Transporte terrestre,76.28,2024-09-09,True
E0005059,T001652,Ajuste de reembolso,21.95,2024-09-15,False
E0005060,T001653,Alimentação,374.66,2025-02-16,True
E0005061,T001653,Transporte terrestre,316.43,2025-02-16,True
E0005062,T001653,Ajuste de reembolso,-8.18,2025-02-21,False
E0005063,T001654,Alimentação,293.39,2025-07-14,True
E0005064,T001654,Transporte terrestre,200.15,2025-07-14,True
E0005065,T001654,Ajuste de reembolso,9.28,2025-07-18,False
E0005066,T001655,Alimentação,469.75,2024-07-18,True
E0005067,T001655,Transporte terrestre,369.57,2024-07-18,True
E0005068,T001655,Ajuste de reembolso,-14.59,2024-08-02,False
E0005069,T001656,Alimentação,273.62,2024-03-20,True
E0005070,T001656,Transporte terrestre,95.38,2024-03-20,True
E0005071,T001656,Ajuste de reembolso,15.21,2024-03-29,False
E0005072,T001657,Alimentação,515.92,2024-04-25,True
E0005073,T001657,Transporte terrestre,279.2,2024-04-25,True
E0005074,T001657,Ajuste de reembolso,41.36,2024-05-05,False
E0005075,T001658,Alimentação,266.45,2025-09-14,True
E0005076,T001658,Transporte terrestre,198.85,2025-09-14,True
E0005077,T001658,Ajuste de reembolso,36.01,2025-09-23,False
E0005078,T001660,Alimentação,567.32,2025-04-28,True
E0005079,T001660,Transporte terrestre,405.14,2025-04-28,True
E0005080,T001660,Estacionamento,85.75,2025-04-28,True
E0005081,T001660,Ajuste de reembolso,-0.95,2025-05-10,False
E0005082,T001661,Alimentação,89.45,2025-01-22,True
E0005083,T001661,Transporte terrestre,44.43,2025-01-22,True
E0005084,T001661,Ajuste de reembolso,25.99,2025-01-24,False
E0005085,T001662,Alimentação,318.73,2025-04-08,True
E0005086,T001662,Transporte terrestre,344.8,2025-04-08,True
E0005087,T001662,Taxa,146.71,2025-04-08,True
E0005088,T001662,Ajuste de reembolso,-18.33,2025-04-16,False
E0005089,T001663,Alimentação,741.59,2025-03-03,True
E0005090,T001663,Transporte terrestre,402.27,2025-03-03,True
E0005091,T001663,Ajuste de reembolso,-13.71,2025-03-18,False
E0005092,T001664,Alimentação,102.78,2025-05-20,True
E0005093,T001664,Transporte terrestre,60.68,2025-05-20,True
E0005094,T001664,Ajuste de reembolso,27.59,2025-06-03,False
E0005095,T001665,Alimentação,428.23,2024-07-18,True
E0005096,T001665,Transporte terrestre,126.13,2024-07-18,True
E0005097,T001665,Outros,118.66,2024-07-18,True
E0005098,T001665,Ajuste de reembolso,22.47,2024-07-21,False
E0005099,T001666,Alimentação,326.33,2024-04-26,True
E0005100,T001666,Transporte terrestre,252.34,2024-04-26,True
E0005101,T001666,Ajuste de reembolso,1.53,2024-05-03,False
E0005102,T001667,Alimentação,134.75,2024-08-04,True
E0005103,T001667,Transporte terrestre,187.28,2024-08-04,True
E0005104,T001667,Outros,62.36,2024-08-04,True
E0005105,T001667,Ajuste de reembolso,39.51,2024-08-11,False
E0005106,T001668,Alimentação,135.1,2024-07-18,True
E0005107,T001668,Transporte terrestre,52.98,2024-07-18,True
E0005108,T001668,Ajuste de reembolso,35.54,2024-07-31,False
E0005109,T001669,Alimentação,622.17,2025-10-05,True
E0005110,T001669,Transporte terrestre,254.77,2025-10-05,True
E0005111,T001669,Pedágio,214.41,2025-10-05,True
E0005112,T001669,Ajuste de reembolso,44.08,2025-10-16,False
E0005113,T001670,Alimentação,391.47,2024-07-18,True
E0005114,T001670,Transporte terrestre,266.58,2024-07-18,True
E0005115,T001670,Ajuste de reembolso,13.01,2024-07-27,False
E0005116,T001671,Alimentação,277.26,2025-02-21,True
E0005117,T001671,Transporte terrestre,96.07,2025-02-21,True
E0005118,T001671,Pedágio,98.76,2025-02-21,True
E0005119,T001671,Ajuste de reembolso,9.24,2025-03-05,False
E0005120,T001672,Alimentação,161.52,2024-04-28,True
E0005121,T001672,Transporte terrestre,142.84,2024-04-28,True
E0005122,T001672,Ajuste de reembolso,43.87,2024-04-30,False
E0005123,T001673,Alimentação,591.04,2025-04-07,True
E0005124,T001673,Transporte terrestre,525.41,2025-04-07,True
E0005125,T001673,Ajuste de reembolso,37.38,2025-04-12,False
E0005126,T001674,Alimentação,140.3,2025-06-04,True
E0005127,T001674,Transporte terrestre,55.83,2025-06-04,True
E0005128,T001674,Taxa,266.0,2025-06-04,True
E0005129,T001674,Ajuste de reembolso,-17.09,2025-06-18,False
E0005130,T001675,Alimentação,143.26,2025-01-11,True
E0005131,T001675,Transporte terrestre,179.7,2025-01-11,True
E0005132,T001675,Ajuste de reembolso,39.57,2025-01-22,False
E0005133,T001676,Alimentação,424.42,2024-09-22,True
E0005134,T001676,Transporte terrestre,335.47,2024-09-22,True
E0005135,T001676,Ajuste de reembolso,34.97,2024-10-04,False
E0005136,T001677,Alimentação,259.86,2025-05-07,True
E0005137,T001677,Transporte terrestre,97.48,2025-05-07,True
E0005138,T001677,Ajuste de reembolso,-24.29,2025-05-21,False
E0005139,T001678,Alimentação,92.97,2025-11-28,True
E0005140,T001678,Transporte terrestre,82.45,2025-11-28,True
E0005141,T001678,Ajuste de reembolso,16.11,2025-12-10,False
E0005142,T001680,Alimentação,336.6,2024-03-03,True
E0005143,T001680,Transporte terrestre,231.0,2024-03-03,True
E0005144,T001680,Outros,123.61,2024-03-03,True
E0005145,T001680,Ajuste de reembolso,-10.68,2024-03-17,False
E0005146,T001681,Alimentação,481.39,2025-09-30,True
E0005147,T001681,Transporte terrestre,290.29,2025-09-30,True
E0005148,T001681,Ajuste de reembolso,-16.39,2025-10-12,False
E0005149,T001682,Alimentação,373.24,2024-11-06,True
E0005150,T001682,Transporte terrestre,164.95,2024-11-06,True
E0005151,T001682,Ajuste de reembolso,-12.14,2024-11-14,False
E0005152,T001683,Alimentação,76.57,2024-05-14,True
E0005153,T001683,Transporte terrestre,83.14,2024-05-14,True
E0005154,T001683,Ajuste de reembolso,0.04,2024-05-25,False
E0005155,T001684,Alimentação,552.73,2024-07-09,True
E0005156,T001684,Transporte terrestre,507.59,2024-07-09,True
E0005157,T001684,Ajuste de reembolso,-5.19,2024-07-17,False
E0005158,T001685,Alimentação,449.83,2024-10-09,True
E0005159,T001685,Transporte terrestre,336.43,2024-10-09,True
E0005160,T001685,Pedágio,114.65,2024-10-09,True
E0005161,T001685,Ajuste de reembolso,26.34,2024-10-21,False
E0005162,T001686,Alimentação,582.57,2024-05-31,True
E0005163,T001686,Transporte terrestre,337.37,2024-05-31,True
E0005164,T001686,Ajuste de reembolso,24.99,2024-06-05,False
E0005165,T001688,Alimentação,86.98,2025-03-16,True
E0005166,T001688,Transporte terrestre,92.32,2025-03-16,True
E0005167,T001688,Ajuste de reembolso,-0.97,2025-03-22,False
E0005168,T001689,Alimentação,538.02,2025-03-28,True
E0005169,T001689,Transporte terrestre,391.56,2025-03-28,True
E0005170,T001689,Ajuste de reembolso,2.69,2025-04-05,False
E0005171,T001690,Alimentação,580.08,2024-04-04,True
E0005172,T001690,Transporte terrestre,259.42,2024-04-04,True
E0005173,T001690,Ajuste de reembolso,35.64,2024-04-19,False
E0005174,T001691,Alimentação,481.65,2024-03-25,True
E0005175,T001691,Transporte terrestre,219.05,2024-03-25,True
E0005176,T001691,Ajuste de reembolso,44.35,2024-04-01,False
E0005177,T001692,Alimentação,454.42,2025-09-25,True
E0005178,T001692,Transporte terrestre,143.81,2025-09-25,True
E0005179,T001692,Ajuste de reembolso,-20.34,2025-10-02,False
E0005180,T001693,Alimentação,112.26,2025-11-18,True
E0005181,T001693,Transporte terrestre,62.6,2025-11-18,True
E0005182,T001693,Ajuste de reembolso,30.97,2025-12-02,False
E0005183,T001694,Alimentação,151.87,2024-10-29,True
E0005184,T001694,Transporte terrestre,92.65,2024-10-29,True
E0005185,T001694,Ajuste de reembolso,17.12,2024-11-12,False
E0005186,T001695,Alimentação,376.95,2024-03-18,True
E0005187,T001695,Transporte terrestre,427.66,2024-03-18,True
E0005188,T001695,Ajuste de reembolso,-6.8,2024-03-29,False
E0005189,T001696,Alimentação,1000.67,2024-08-13,True
E0005190,T001696,Transporte terrestre,466.55,2024-08-13,True
E0005191,T001696,Ajuste de reembolso,-9.23,2024-08-28,False
E0005192,T001697,Alimentação,122.7,2024-09-21,True
E0005193,T001697,Transporte terrestre,69.5,2024-09-21,True
E0005194,T001697,Outros,255.4,2024-09-21,True
E0005195,T001697,Ajuste de reembolso,27.17,2024-09-30,False
E0005196,T001698,Alimentação,357.51,2025-04-17,True
E0005197,T001698,Transporte terrestre,213.89,2025-04-17,True
E0005198,T001698,Estacionamento,221.39,2025-04-17,True
E0005199,T001698,Ajuste de reembolso,4.25,2025-05-01,False
E0005200,T001699,Alimentação,287.88,2024-09-30,True
E0005201,T001699,Transporte terrestre,369.53,2024-09-30,True
E0005202,T001699,Pedágio,226.03,2024-09-30,True
E0005203,T001699,Ajuste de reembolso,24.66,2024-10-18,False
E0005204,T001700,Alimentação,293.17,2024-10-29,True
E0005205,T001700,Transporte terrestre,333.74,2024-10-29,True
E0005206,T001700,Ajuste de reembolso,38.64,2024-11-12,False
E0005207,T001701,Alimentação,466.82,2025-06-06,True
E0005208,T001701,Transporte terrestre,421.22,2025-06-06,True
E0005209,T001701,Ajuste de reembolso,-10.04,2025-06-14,False
E0005210,T001702,Alimentação,542.21,2024-09-12,True
E0005211,T001702,Transporte terrestre,295.74,2024-09-12,True
E0005212,T001702,Ajuste de reembolso,15.71,2024-09-22,False
E0005213,T001703,Alimentação,571.67,2024-10-22,True
E0005214,T001703,Transporte terrestre,275.11,2024-10-22,True
E0005215,T001703,Ajuste de reembolso,37.53,2024-10-31,False
E0005216,T001704,Alimentação,174.11,2024-09-21,True
E0005217,T001704,Transporte terrestre,115.84,2024-09-21,True
E0005218,T001704,Ajuste de reembolso,8.11,2024-10-02,False
E0005219,T001705,Alimentação,148.5,2025-11-15,True
E0005220,T001705,Transporte terrestre,165.07,2025-11-15,True
E0005221,T001705,Ajuste de reembolso,-17.25,2025-11-26,False
E0005222,T001706,Alimentação,421.01,2024-03-26,True
E0005223,T001706,Transporte terrestre,400.88,2024-03-26,True
E0005224,T001706,Ajuste de reembolso,3.28,2024-03-30,False
E0005225,T001707,Alimentação,796.42,2025-10-27,True
E0005226,T001707,Transporte terrestre,510.71,2025-10-27,True
E0005227,T001707,Ajuste de reembolso,-7.15,2025-11-07,False
E0005228,T001708,Alimentação,955.53,2025-12-15,True
E0005229,T001708,Transporte terrestre,210.56,2025-12-15,True
E0005230,T001708,Estacionamento,42.73,2025-12-15,True
E0005231,T001708,Ajuste de reembolso,10.9,2025-12-23,False
E0005232,T001709,Alimentação,424.52,2025-06-13,True
E0005233,T001709,Transporte terrestre,315.64,2025-06-13,True
E0005234,T001709,Ajuste de reembolso,30.5,2025-06-26,False
E0005235,T001710,Alimentação,555.66,2025-11-09,True
E0005236,T001710,Transporte terrestre,192.16,2025-11-09,True
E0005237,T001710,Ajuste de reembolso,6.79,2025-11-27,False
E0005238,T001711,Alimentação,208.06,2024-05-30,True
E0005239,T001711,Transporte terrestre,174.24,2024-05-30,True
E0005240,T001711,Ajuste de reembolso,10.69,2024-06-03,False
E0005241,T001712,Alimentação,115.77,2025-07-24,True
E0005242,T001712,Transporte terrestre,84.75,2025-07-24,True
E0005243,T001712,Ajuste de reembolso,-14.21,2025-08-09,False
E0005244,T001713,Alimentação,193.12,2025-07-02,True
E0005245,T001713,Transporte terrestre,146.66,2025-07-02,True
E0005246,T001713,Ajuste de reembolso,34.11,2025-07-12,False
E0005247,T001714,Alimentação,495.01,2024-04-11,True
E0005248,T001714,Transporte terrestre,508.87,2024-04-11,True
E0005249,T001714,Ajuste de reembolso,9.92,2024-04-29,False
E0005250,T001715,Alimentação,267.15,2025-09-21,True
E0005251,T001715,Transporte terrestre,241.82,2025-09-21,True
E0005252,T001715,Ajuste de reembolso,31.16,2025-10-08,False
E0005253,T001716,Alimentação,295.44,2025-03-30,True
E0005254,T001716,Transporte terrestre,289.55,2025-03-30,True
E0005255,T001716,Ajuste de reembolso,-8.84,2025-04-07,False
E0005256,T001717,Alimentação,64.37,2024-04-30,True
E0005257,T001717,Transporte terrestre,55.9,2024-04-30,True
E0005258,T001717,Ajuste de reembolso,10.26,2024-05-05,False
E0005259,T001718,Alimentação,254.29,2025-12-02,True
E0005260,T001718,Transporte terrestre,148.39,2025-12-02,True
E0005261,T001718,Ajuste de reembolso,-13.51,2025-12-15,False
E0005262,T001719,Alimentação,634.41,2024-09-13,True
E0005263,T001719,Transporte terrestre,324.07,2024-09-13,True
E0005264,T001719,Ajuste de reembolso,-17.89,2024-09-24,False
E0005265,T001720,Alimentação,252.24,2025-09-01,True
E0005266,T001720,Transporte terrestre,204.33,2025-09-01,True
E0005267,T001720,Ajuste de reembolso,12.23,2025-09-15,False
E0005268,T001721,Alimentação,107.18,2024-09-06,True
E0005269,T001721,Transporte terrestre,49.89,2024-09-06,True
E0005270,T001721,Ajuste de reembolso,-3.69,2024-09-14,False
E0005271,T001722,Alimentação,517.61,2024-03-25,True
E0005272,T001722,Transporte terrestre,334.18,2024-03-25,True
E0005273,T001722,Ajuste de reembolso,6.56,2024-04-05,False
E0005274,T001723,Alimentação,244.64,2025-11-10,True
E0005275,T001723,Transporte terrestre,165.81,2025-11-10,True
E0005276,T001723,Ajuste de reembolso,17.46,2025-11-17,False
E0005277,T001724,Alimentação,184.2,2025-07-27,True
E0005278,T001724,Transporte terrestre,188.47,2025-07-27,True
E0005279,T001724,Ajuste de reembolso,24.36,2025-08-13,False
E0005280,T001725,Alimentação,223.61,2025-03-06,True
E0005281,T001725,Transporte terrestre,97.9,2025-03-06,True
E0005282,T001725,Ajuste de reembolso,31.17,2025-03-19,False
E0005283,T001727,Alimentação,317.99,2024-06-28,True
E0005284,T001727,Transporte terrestre,263.31,2024-06-28,True
E0005285,T001727,Outros,37.53,2024-06-28,True
E0005286,T001727,Ajuste de reembolso,35.91,2024-07-03,False
E0005287,T001728,Alimentação,229.62,2024-09-13,True
E0005288,T001728,Transporte terrestre,242.87,2024-09-13,True
E0005289,T001728,Ajuste de reembolso,32.87,2024-09-27,False
E0005290,T001729,Alimentação,206.74,2024-08-05,True
E0005291,T001729,Transporte terrestre,380.28,2024-08-05,True
E0005292,T001729,Ajuste de reembolso,24.69,2024-08-16,False
E0005293,T001730,Alimentação,388.75,2024-04-28,True
E0005294,T001730,Transporte terrestre,199.09,2024-04-28,True
E0005295,T001730,Ajuste de reembolso,27.55,2024-05-12,False
E0005296,T001731,Alimentação,459.89,2025-10-07,True
E0005297,T001731,Transporte terrestre,207.91,2025-10-07,True
E0005298,T001731,Ajuste de reembolso,2.51,2025-10-10,False
E0005299,T001732,Alimentação,208.79,2024-04-12,True
E0005300,T001732,Transporte terrestre,134.17,2024-04-12,True
E0005301,T001732,Ajuste de reembolso,26.98,2024-04-23,False
E0005302,T001733,Alimentação,131.98,2025-04-22,True
E0005303,T001733,Transporte terrestre,61.26,2025-04-22,True
E0005304,T001733,Ajuste de reembolso,-23.76,2025-05-05,False
E0005305,T001734,Alimentação,258.11,2024-08-25,True
E0005306,T001734,Transporte terrestre,334.93,2024-08-25,True
E0005307,T001734,Ajuste de reembolso,12.72,2024-09-07,False
E0005308,T001735,Alimentação,211.69,2025-02-13,True
E0005309,T001735,Transporte terrestre,190.02,2025-02-13,True
E0005310,T001735,Ajuste de reembolso,1.59,2025-03-04,False
E0005311,T001736,Alimentação,587.68,2025-10-04,True
E0005312,T001736,Transporte terrestre,257.95,2025-10-04,True
E0005313,T001736,Ajuste de reembolso,12.14,2025-10-11,False
E0005314,T001737,Alimentação,440.25,2024-10-25,True
E0005315,T001737,Transporte terrestre,330.21,2024-10-25,True
E0005316,T001737,Ajuste de reembolso,15.11,2024-11-11,False
E0005317,T001738,Alimentação,312.91,2024-05-12,True
E0005318,T001738,Transporte terrestre,186.65,2024-05-12,True
E0005319,T001738,Ajuste de reembolso,41.26,2024-05-22,False
E0005320,T001739,Alimentação,208.42,2025-05-12,True
E0005321,T001739,Transporte terrestre,192.58,2025-05-12,True
E0005322,T001739,Ajuste de reembolso,-3.71,2025-05-20,False
E0005323,T001740,Alimentação,269.88,2025-11-08,True
E0005324,T001740,Transporte terrestre,226.26,2025-11-08,True
E0005325,T001740,Ajuste de reembolso,34.6,2025-11-15,False
E0005326,T001741,Alimentação,358.51,2025-12-07,True
E0005327,T001741,Transporte terrestre,321.28,2025-12-07,True
E0005328,T001741,Ajuste de reembolso,24.38,2025-12-20,False
E0005329,T001743,Alimentação,337.72,2024-05-17,True
E0005330,T001743,Transporte terrestre,187.36,2024-05-17,True
E0005331,T001743,Ajuste de reembolso,17.95,2024-05-30,False
E0005332,T001744,Alimentação,421.28,2025-04-25,True
E0005333,T001744,Transporte terrestre,189.78,2025-04-25,True
E0005334,T001744,Ajuste de reembolso,24.91,2025-05-06,False
E0005335,T001745,Alimentação,1061.95,2025-09-21,True
E0005336,T001745,Transporte terrestre,426.74,2025-09-21,True
E0005337,T001745,Ajuste de reembolso,33.36,2025-10-08,False
E0005338,T001746,Alimentação,229.08,2024-03-12,True
E0005339,T001746,Transporte terrestre,255.2,2024-03-12,True
E0005340,T001746,Ajuste de reembolso,25.14,2024-03-24,False
E0005341,T001747,Alimentação,456.13,2024-04-16,True
E0005342,T001747,Transporte terrestre,542.22,2024-04-16,True
E0005343,T001747,Ajuste de reembolso,-6.83,2024-05-06,False
E0005344,T001748,Alimentação,60.23,2025-04-29,True
E0005345,T001748,Transporte terrestre,48.04,2025-04-29,True
E0005346,T001748,Ajuste de reembolso,-9.31,2025-05-08,False
E0005347,T001749,Alimentação,454.89,2025-05-13,True
E0005348,T001749,Transporte terrestre,197.46,2025-05-13,True
E0005349,T001749,Ajuste de reembolso,18.45,2025-05-21,False
E0005350,T001750,Alimentação,85.74,2024-12-18,True
E0005351,T001750,Transporte terrestre,142.99,2024-12-18,True
E0005352,T001750,Ajuste de reembolso,21.08,2024-12-23,False
E0005353,T001751,Alimentação,365.56,2025-08-01,True
E0005354,T001751,Transporte terrestre,244.61,2025-08-01,True
E0005355,T001751,Ajuste de reembolso,30.85,2025-08-14,False
E0005356,T001752,Alimentação,119.07,2025-12-12,True
E0005357,T001752,Transporte terrestre,100.52,2025-12-12,True
E0005358,T001752,Ajuste de reembolso,-14.91,2025-12-26,False
E0005359,T001753,Alimentação,240.84,2025-08-31,True
E0005360,T001753,Transporte terrestre,134.63,2025-08-31,True
E0005361,T001753,Pedágio,82.31,2025-08-31,True
E0005362,T001753,Ajuste de reembolso,23.04,2025-09-10,False
E0005363,T001754,Alimentação,90.74,2024-10-29,True
E0005364,T001754,Transporte terrestre,56.34,2024-10-29,True
E0005365,T001754,Ajuste de reembolso,-21.87,2024-11-05,False
E0005366,T001755,Alimentação,241.22,2024-09-24,True
E0005367,T001755,Transporte terrestre,220.5,2024-09-24,True
E0005368,T001755,Ajuste de reembolso,33.4,2024-10-03,False
E0005369,T001756,Alimentação,316.24,2025-08-25,True
E0005370,T001756,Transporte terrestre,221.82,2025-08-25,True
E0005371,T001756,Pedágio,273.68,2025-08-25,True
E0005372,T001756,Ajuste de reembolso,28.81,2025-09-01,False
E0005373,T001757,Alimentação,539.15,2024-09-05,True
E0005374,T001757,Transporte terrestre,319.74,2024-09-05,True
E0005375,T001757,Ajuste de reembolso,37.04,2024-09-19,False
E0005376,T001758,Alimentação,451.45,2024-03-15,True
E0005377,T001758,Transporte terrestre,290.07,2024-03-15,True
E0005378,T001758,Ajuste de reembolso,-21.05,2024-03-23,False
E0005379,T001759,Alimentação,254.12,2024-10-06,True
E0005380,T001759,Transporte terrestre,125.02,2024-10-06,True
E0005381,T001759,Ajuste de reembolso,35.16,2024-10-11,False
E0005382,T001760,Alimentação,243.51,2025-08-21,True
E0005383,T001760,Transporte terrestre,133.99,2025-08-21,True
E0005384,T001760,Ajuste de reembolso,-8.18,2025-08-30,False
E0005385,T001761,Alimentação,211.65,2025-04-19,True
E0005386,T001761,Transporte terrestre,112.62,2025-04-19,True
E0005387,T001761,Ajuste de reembolso,-20.06,2025-04-29,False
E0005388,T001762,Alimentação,552.85,2025-09-25,True
E0005389,T001762,Transporte terrestre,207.9,2025-09-25,True
E0005390,T001762,Ajuste de reembolso,34.06,2025-10-07,False
E0005391,T001763,Alimentação,182.44,2024-09-28,True
E0005392,T001763,Transporte terrestre,131.99,2024-09-28,True
E0005393,T001763,Ajuste de reembolso,34.48,2024-10-09,False
E0005394,T001764,Alimentação,111.7,2025-08-07,True
E0005395,T001764,Transporte terrestre,100.16,2025-08-07,True
E0005396,T001764,Ajuste de reembolso,16.1,2025-08-14,False
E0005397,T001765,Alimentação,249.42,2025-10-10,True
E0005398,T001765,Transporte terrestre,179.85,2025-10-10,True
E0005399,T001765,Taxa,119.94,2025-10-10,True
E0005400,T001765,Ajuste de reembolso,43.94,2025-10-23,False
E0005401,T001766,Alimentação,224.39,2025-09-03,True
E0005402,T001766,Transporte terrestre,153.59,2025-09-03,True
E0005403,T001766,Pedágio,100.96,2025-09-03,True
E0005404,T001766,Ajuste de reembolso,18.24,2025-09-21,False
E0005405,T001767,Alimentação,284.54,2025-06-22,True
E0005406,T001767,Transporte terrestre,178.26,2025-06-22,True
E0005407,T001767,Ajuste de reembolso,-3.36,2025-07-14,False
E0005408,T001768,Alimentação,417.36,2024-08-26,True
E0005409,T001768,Transporte terrestre,234.18,2024-08-26,True
E0005410,T001768,Ajuste de reembolso,21.34,2024-09-11,False
E0005411,T001769,Alimentação,350.75,2025-05-02,True
E0005412,T001769,Transporte terrestre,174.56,2025-05-02,True
E0005413,T001769,Ajuste de reembolso,40.16,2025-05-11,False
E0005414,T001770,Alimentação,226.53,2025-12-30,True
E0005415,T001770,Transporte terrestre,90.31,2025-12-30,True
E0005416,T001770,Ajuste de reembolso,22.94,2026-01-10,False
E0005417,T001771,Alimentação,288.19,2024-04-15,True
E0005418,T001771,Transporte terrestre,247.16,2024-04-15,True
E0005419,T001771,Ajuste de reembolso,9.66,2024-04-20,False
E0005420,T001772,Alimentação,272.71,2025-04-26,True
E0005421,T001772,Transporte terrestre,115.34,2025-04-26,True
E0005422,T001772,Ajuste de reembolso,28.16,2025-05-13,False
E0005423,T001773,Alimentação,115.84,2024-09-22,True
E0005424,T001773,Transporte terrestre,113.51,2024-09-22,True
E0005425,T001773,Ajuste de reembolso,-19.12,2024-10-10,False
E0005426,T001774,Alimentação,223.6,2024-09-18,True
E0005427,T001774,Transporte terrestre,291.78,2024-09-18,True
E0005428,T001774,Taxa,114.46,2024-09-18,True
E0005429,T001774,Ajuste de reembolso,28.93,2024-10-03,False
E0005430,T001775,Alimentação,405.61,2025-09-15,True
E0005431,T001775,Transporte terrestre,205.37,2025-09-15,True
E0005432,T001775,Ajuste de reembolso,31.24,2025-10-01,False
E0005433,T001776,Alimentação,79.68,2024-06-13,True
E0005434,T001776,Transporte terrestre,60.48,2024-06-13,True
E0005435,T001776,Ajuste de reembolso,19.59,2024-06-19,False
E0005436,T001777,Alimentação,89.12,2024-11-04,True
E0005437,T001777,Transporte terrestre,143.82,2024-11-04,True
E0005438,T001777,Pedágio,60.51,2024-11-04,True
E0005439,T001777,Ajuste de reembolso,8.97,2024-11-11,False
E0005440,T001778,Alimentação,378.65,2025-08-11,True
E0005441,T001778,Transporte terrestre,344.34,2025-08-11,True
E0005442,T001778,Ajuste de reembolso,-6.95,2025-08-25,False
E0005443,T001779,Alimentação,92.85,2025-09-25,True
E0005444,T001779,Transporte terrestre,131.0,2025-09-25,True
E0005445,T001779,Pedágio,93.4,2025-09-25,True
E0005446,T001779,Ajuste de reembolso,-6.96,2025-10-08,False
E0005447,T001780,Alimentação,255.58,2025-12-28,True
E0005448,T001780,Transporte terrestre,291.23,2025-12-28,True
E0005449,T001780,Ajuste de reembolso,-2.05,2026-01-13,False
E0005450,T001781,Alimentação,323.58,2024-10-09,True
E0005451,T001781,Transporte terrestre,253.35,2024-10-09,True
E0005452,T001781,Outros,137.27,2024-10-09,True
E0005453,T001781,Ajuste de reembolso,35.39,2024-10-25,False
E0005454,T001782,Alimentação,290.95,2025-06-11,True
E0005455,T001782,Transporte terrestre,120.79,2025-06-11,True
E0005456,T001782,Ajuste de reembolso,37.59,2025-06-17,False
E0005457,T001784,Alimentação,698.54,2025-03-02,True
E0005458,T001784,Transporte terrestre,346.2,2025-03-02,True
E0005459,T001784,Ajuste de reembolso,32.32,2025-03-16,False
E0005460,T001785,Alimentação,307.89,2025-07-28,True
E0005461,T001785,Transporte terrestre,194.74,2025-07-28,True
E0005462,T001785,Ajuste de reembolso,1.78,2025-08-07,False
E0005463,T001786,Alimentação,208.64,2025-09-01,True
E0005464,T001786,Transporte terrestre,163.75,2025-09-01,True
E0005465,T001786,Ajuste de reembolso,9.52,2025-09-08,False
E0005466,T001787,Alimentação,214.11,2024-03-05,True
E0005467,T001787,Transporte terrestre,123.92,2024-03-05,True
E0005468,T001787,Ajuste de reembolso,21.83,2024-03-12,False
E0005469,T001788,Alimentação,329.07,2025-05-08,True
E0005470,T001788,Transporte terrestre,137.1,2025-05-08,True
E0005471,T001788,Taxa,142.15,2025-05-08,True
E0005472,T001788,Ajuste de reembolso,39.9,2025-05-17,False
E0005473,T001789,Alimentação,536.48,2025-04-26,True
E0005474,T001789,Transporte terrestre,268.76,2025-04-26,True
E0005475,T001789,Outros,174.72,2025-04-26,True
E0005476,T001789,Ajuste de reembolso,29.89,2025-05-09,False
E0005477,T001790,Alimentação,373.65,2024-09-10,True
E0005478,T001790,Transporte terrestre,145.27,2024-09-10,True
E0005479,T001790,Estacionamento,199.79,2024-09-10,True
E0005480,T001790,Ajuste de reembolso,-18.38,2024-09-20,False
E0005481,T001791,Alimentação,564.99,2024-11-01,True
E0005482,T001791,Transporte terrestre,289.89,2024-11-01,True
E0005483,T001791,Ajuste de reembolso,9.2,2024-11-11,False
E0005484,T001792,Alimentação,140.54,2024-11-11,True
E0005485,T001792,Transporte terrestre,85.63,2024-11-11,True
E0005486,T001792,Pedágio,246.51,2024-11-11,True
E0005487,T001792,Ajuste de reembolso,37.51,2024-11-22,False
E0005488,T001793,Alimentação,242.65,2025-05-06,True
E0005489,T001793,Transporte terrestre,196.48,2025-05-06,True
E0005490,T001793,Ajuste de reembolso,-16.16,2025-05-24,False
E0005491,T001794,Alimentação,195.99,2024-10-03,True
E0005492,T001794,Transporte terrestre,119.96,2024-10-03,True
E0005493,T001794,Ajuste de reembolso,-3.74,2024-10-07,False
E0005494,T001795,Alimentação,68.11,2024-05-03,True
E0005495,T001795,Transporte terrestre,50.51,2024-05-03,True
E0005496,T001795,Ajuste de reembolso,-14.92,2024-05-06,False
E0005497,T001796,Alimentação,331.4,2025-05-09,True
E0005498,T001796,Transporte terrestre,155.37,2025-05-09,True
E0005499,T001796,Ajuste de reembolso,5.03,2025-05-12,False
E0005500,T001797,Alimentação,212.56,2025-07-12,True
E0005501,T001797,Transporte terrestre,203.15,2025-07-12,True
E0005502,T001797,Ajuste de reembolso,-22.51,2025-07-27,False
E0005503,T001798,Alimentação,106.15,2025-09-20,True
E0005504,T001798,Transporte terrestre,45.33,2025-09-20,True
E0005505,T001798,Ajuste de reembolso,-24.84,2025-10-02,False
E0005506,T001799,Alimentação,337.2,2024-12-22,True
E0005507,T001799,Transporte terrestre,267.57,2024-12-22,True
E0005508,T001799,Ajuste de reembolso,18.52,2025-01-09,False
E0005509,T001800,Alimentação,200.17,2024-05-05,True
E0005510,T001800,Transporte terrestre,144.39,2024-05-05,True
E0005511,T001800,Outros,132.79,2024-05-05,True
E0005512,T001800,Ajuste de reembolso,-17.86,2024-05-22,False
E0005513,T001801,Alimentação,124.97,2025-11-03,True
E0005514,T001801,Transporte terrestre,202.91,2025-11-03,True
E0005515,T001801,Ajuste de reembolso,-11.84,2025-11-09,False
E0005516,T001803,Alimentação,192.52,2024-05-14,True
E0005517,T001803,Transporte terrestre,118.36,2024-05-14,True
E0005518,T001803,Ajuste de reembolso,14.76,2024-05-26,False
E0005519,T001804,Alimentação,225.54,2024-06-06,True
E0005520,T001804,Transporte terrestre,191.01,2024-06-06,True
E0005521,T001804,Ajuste de reembolso,-18.92,2024-06-27,False
E0005522,T001805,Alimentação,664.71,2024-03-08,True
E0005523,T001805,Transporte terrestre,325.28,2024-03-08,True
E0005524,T001805,Ajuste de reembolso,-14.51,2024-03-18,False
E0005525,T001806,Alimentação,387.7,2024-09-01,True
E0005526,T001806,Transporte terrestre,212.02,2024-09-01,True
E0005527,T001806,Ajuste de reembolso,28.2,2024-09-17,False
E0005528,T001807,Alimentação,116.7,2024-11-08,True
E0005529,T001807,Transporte terrestre,122.02,2024-11-08,True
E0005530,T001807,Ajuste de reembolso,29.51,2024-11-20,False
E0005531,T001808,Alimentação,542.11,2024-06-16,True
E0005532,T001808,Transporte terrestre,304.14,2024-06-16,True
E0005533,T001808,Ajuste de reembolso,0.98,2024-06-21,False
E0005534,T001809,Alimentação,184.98,2024-06-06,True
E0005535,T001809,Transporte terrestre,118.78,2024-06-06,True
E0005536,T001809,Ajuste de reembolso,42.32,2024-06-15,False
E0005537,T001810,Alimentação,257.6,2024-04-15,True
E0005538,T001810,Transporte terrestre,146.87,2024-04-15,True
E0005539,T001810,Ajuste de reembolso,-23.71,2024-04-24,False
E0005540,T001811,Alimentação,80.63,2025-05-11,True
E0005541,T001811,Transporte terrestre,106.03,2025-05-11,True
E0005542,T001811,Ajuste de reembolso,42.66,2025-05-23,False
E0005543,T001812,Alimentação,58.44,2025-03-21,True
E0005544,T001812,Transporte terrestre,56.64,2025-03-21,True
E0005545,T001812,Ajuste de reembolso,-11.42,2025-04-02,False
E0005546,T001813,Alimentação,114.36,2024-07-27,True
E0005547,T001813,Transporte terrestre,59.34,2024-07-27,True
E0005548,T001813,Ajuste de reembolso,-12.89,2024-08-12,False
E0005549,T001814,Alimentação,507.16,2025-07-07,True
E0005550,T001814,Transporte terrestre,245.3,2025-07-07,True
E0005551,T001814,Ajuste de reembolso,17.53,2025-07-24,False
E0005552,T001815,Alimentação,157.81,2025-01-02,True
E0005553,T001815,Transporte terrestre,133.06,2025-01-02,True
E0005554,T001815,Outros,253.03,2025-01-02,True
E0005555,T001815,Ajuste de reembolso,32.78,2025-01-10,False
E0005556,T001816,Alimentação,165.93,2024-03-21,True
E0005557,T001816,Transporte terrestre,198.36,2024-03-21,True
E0005558,T001816,Ajuste de reembolso,-23.32,2024-03-26,False
E0005559,T001817,Alimentação,194.57,2025-02-26,True
E0005560,T001817,Transporte terrestre,161.38,2025-02-26,True
E0005561,T001817,Ajuste de reembolso,-5.02,2025-03-08,False
E0005562,T001818,Alimentação,498.82,2024-10-18,True
E0005563,T001818,Transporte terrestre,242.86,2024-10-18,True
E0005564,T001818,Ajuste de reembolso,31.12,2024-10-28,False
E0005565,T001819,Alimentação,564.2,2025-10-12,True
E0005566,T001819,Transporte terrestre,282.96,2025-10-12,True
E0005567,T001819,Ajuste de reembolso,1.65,2025-10-26,False
E0005568,T001820,Alimentação,105.85,2024-11-23,True
E0005569,T001820,Transporte terrestre,102.95,2024-11-23,True
E0005570,T001820,Outros,131.82,2024-11-23,True
E0005571,T001820,Ajuste de reembolso,18.12,2024-12-01,False
E0005572,T001821,Alimentação,234.01,2025-12-28,True
E0005573,T001821,Transporte terrestre,128.67,2025-12-28,True
E0005574,T001821,Ajuste de reembolso,-22.87,2026-01-06,False
E0005575,T001822,Alimentação,519.17,2024-03-05,True
E0005576,T001822,Transporte terrestre,271.66,2024-03-05,True
E0005577,T001822,Ajuste de reembolso,27.21,2024-03-18,False
E0005578,T001823,Alimentação,338.67,2025-05-06,True
E0005579,T001823,Transporte terrestre,365.25,2025-05-06,True
E0005580,T001823,Pedágio,58.79,2025-05-06,True
E0005581,T001823,Ajuste de reembolso,43.69,2025-05-16,False
E0005582,T001824,Alimentação,406.07,2025-11-01,True
E0005583,T001824,Transporte terrestre,284.66,2025-11-01,True
E0005584,T001824,Taxa,97.91,2025-11-01,True
E0005585,T001824,Ajuste de reembolso,29.03,2025-11-11,False
E0005586,T001826,Alimentação,175.0,2024-10-27,True
E0005587,T001826,Transporte terrestre,119.4,2024-10-27,True
E0005588,T001826,Pedágio,131.64,2024-10-27,True
E0005589,T001826,Ajuste de reembolso,14.78,2024-11-01,False
E0005590,T001827,Alimentação,171.48,2025-11-21,True
E0005591,T001827,Transporte terrestre,108.83,2025-11-21,True
E0005592,T001827,Ajuste de reembolso,3.67,2025-11-30,False
E0005593,T001828,Alimentação,165.23,2025-01-21,True
E0005594,T001828,Transporte terrestre,131.71,2025-01-21,True
E0005595,T001828,Ajuste de reembolso,25.7,2025-01-24,False
E0005596,T001829,Alimentação,364.07,2025-01-27,True
E0005597,T001829,Transporte terrestre,288.01,2025-01-27,True
E0005598,T001829,Ajuste de reembolso,19.57,2025-02-08,False
E0005599,T001830,Alimentação,181.86,2024-06-04,True
E0005600,T001830,Transporte terrestre,147.94,2024-06-04,True
E0005601,T001830,Ajuste de reembolso,33.44,2024-06-12,False
E0005602,T001831,Alimentação,209.92,2025-05-17,True
E0005603,T001831,Transporte terrestre,167.25,2025-05-17,True
E0005604,T001831,Ajuste de reembolso,-21.27,2025-05-21,False
E0005605,T001832,Alimentação,122.21,2024-04-18,True
E0005606,T001832,Transporte terrestre,104.43,2024-04-18,True
E0005607,T001832,Ajuste de reembolso,1.95,2024-04-28,False
E0005608,T001833,Alimentação,271.63,2024-09-30,True
E0005609,T001833,Transporte terrestre,251.66,2024-09-30,True
E0005610,T001833,Ajuste de reembolso,2.81,2024-10-06,False
E0005611,T001834,Alimentação,188.76,2025-07-07,True
E0005612,T001834,Transporte terrestre,211.65,2025-07-07,True
E0005613,T001834,Ajuste de reembolso,4.53,2025-07-18,False
E0005614,T001835,Alimentação,67.39,2025-04-10,True
E0005615,T001835,Transporte terrestre,68.87,2025-04-10,True
E0005616,T001835,Ajuste de reembolso,6.54,2025-04-15,False
E0005617,T001836,Alimentação,237.37,2024-01-20,True
E0005618,T001836,Transporte terrestre,282.69,2024-01-20,True
E0005619,T001836,Ajuste de reembolso,24.34,2024-02-08,False
E0005620,T001837,Alimentação,477.94,2025-03-27,True
E0005621,T001837,Transporte terrestre,427.3,2025-03-27,True
E0005622,T001837,Outros,232.26,2025-03-27,True
E0005623,T001837,Ajuste de reembolso,37.47,2025-04-03,False
E0005624,T001838,Alimentação,211.81,2024-05-17,True
E0005625,T001838,Transporte terrestre,177.52,2024-05-17,True
E0005626,T001838,Ajuste de reembolso,5.24,2024-05-24,False
E0005627,T001839,Alimentação,268.39,2025-10-23,True
E0005628,T001839,Transporte terrestre,244.72,2025-10-23,True
E0005629,T001839,Ajuste de reembolso,42.54,2025-11-07,False
E0005630,T001840,Alimentação,341.99,2024-09-02,True
E0005631,T001840,Transporte terrestre,174.92,2024-09-02,True
E0005632,T001840,Ajuste de reembolso,-3.59,2024-09-08,False
E0005633,T001841,Alimentação,157.03,2025-11-27,True
E0005634,T001841,Transporte terrestre,52.86,2025-11-27,True
E0005635,T001841,Taxa,53.45,2025-11-27,True
E0005636,T001841,Ajuste de reembolso,-12.27,2025-12-05,False
E0005637,T001842,Alimentação,76.53,2025-10-07,True
E0005638,T001842,Transporte terrestre,60.59,2025-10-07,True
E0005639,T001842,Ajuste de reembolso,31.77,2025-10-13,False
E0005640,T001843,Alimentação,457.19,2024-02-03,True
E0005641,T001843,Transporte terrestre,298.36,2024-02-03,True
E0005642,T001843,Ajuste de reembolso,26.14,2024-02-12,False
E0005643,T001844,Alimentação,351.26,2024-11-03,True
E0005644,T001844,Transporte terrestre,113.7,2024-11-03,True
E0005645,T001844,Ajuste de reembolso,-2.86,2024-11-17,False
E0005646,T001845,Alimentação,211.97,2024-10-24,True
E0005647,T001845,Transporte terrestre,101.03,2024-10-24,True
E0005648,T001845,Ajuste de reembolso,39.57,2024-10-29,False
E0005649,T001846,Alimentação,240.85,2024-10-24,True
E0005650,T001846,Transporte terrestre,96.48,2024-10-24,True
E0005651,T001846,Ajuste de reembolso,44.25,2024-11-04,False
E0005652,T001847,Alimentação,319.67,2025-01-21,True
E0005653,T001847,Transporte terrestre,203.12,2025-01-21,True
E0005654,T001847,Taxa,258.31,2025-01-21,True
E0005655,T001847,Ajuste de reembolso,7.23,2025-01-30,False
E0005656,T001848,Alimentação,297.62,2025-12-13,True
E0005657,T001848,Transporte terrestre,122.27,2025-12-13,True
E0005658,T001848,Ajuste de reembolso,24.53,2025-12-28,False
E0005659,T001849,Alimentação,421.9,2025-01-19,True
E0005660,T001849,Transporte terrestre,352.82,2025-01-19,True
E0005661,T001849,Ajuste de reembolso,17.06,2025-01-24,False
E0005662,T001850,Alimentação,152.88,2025-10-31,True
E0005663,T001850,Transporte terrestre,52.35,2025-10-31,True
E0005664,T001850,Estacionamento,241.46,2025-10-31,True
E0005665,T001850,Ajuste de reembolso,16.49,2025-11-14,False
E0005666,T001851,Alimentação,84.34,2025-02-06,True
E0005667,T001851,Transporte terrestre,73.58,2025-02-06,True
E0005668,T001851,Ajuste de reembolso,-7.65,2025-02-18,False
E0005669,T001852,Alimentação,86.64,2024-09-14,True
E0005670,T001852,Transporte terrestre,52.61,2024-09-14,True
E0005671,T001852,Ajuste de reembolso,-11.92,2024-09-25,False
E0005672,T001853,Alimentação,647.4,2024-11-17,True
E0005673,T001853,Transporte terrestre,225.2,2024-11-17,True
E0005674,T001853,Ajuste de reembolso,-10.21,2024-12-02,False
E0005675,T001854,Alimentação,210.55,2025-02-12,True
E0005676,T001854,Transporte terrestre,126.13,2025-02-12,True
E0005677,T001854,Ajuste de reembolso,-14.52,2025-02-26,False
E0005678,T001855,Alimentação,235.22,2025-01-09,True
E0005679,T001855,Transporte terrestre,143.86,2025-01-09,True
E0005680,T001855,Ajuste de reembolso,-16.35,2025-01-18,False
E0005681,T001856,Alimentação,59.88,2025-01-23,True
E0005682,T001856,Transporte terrestre,73.13,2025-01-23,True
E0005683,T001856,Ajuste de reembolso,-22.67,2025-02-10,False
E0005684,T001857,Alimentação,506.31,2024-05-09,True
E0005685,T001857,Transporte terrestre,278.17,2024-05-09,True
E0005686,T001857,Ajuste de reembolso,3.72,2024-05-14,False
E0005687,T001859,Alimentação,463.48,2024-08-10,True
E0005688,T001859,Transporte terrestre,211.99,2024-08-10,True
E0005689,T001859,Ajuste de reembolso,41.71,2024-08-28,False
E0005690,T001860,Alimentação,280.48,2025-05-29,True
E0005691,T001860,Transporte terrestre,91.77,2025-05-29,True
E0005692,T001860,Ajuste de reembolso,-1.01,2025-06-05,False
E0005693,T001861,Alimentação,432.72,2025-10-01,True
E0005694,T001861,Transporte terrestre,393.82,2025-10-01,True
E0005695,T001861,Ajuste de reembolso,33.75,2025-10-15,False
E0005696,T001862,Alimentação,945.68,2025-04-22,True
E0005697,T001862,Transporte terrestre,940.6,2025-04-22,True
E0005698,T001862,Ajuste de reembolso,-5.26,2025-05-05,False
E0005699,T001863,Alimentação,366.76,2025-09-25,True
E0005700,T001863,Transporte terrestre,195.03,2025-09-25,True
E0005701,T001863,Outros,161.51,2025-09-25,True
E0005702,T001863,Ajuste de reembolso,-7.86,2025-10-07,False
E0005703,T001864,Alimentação,502.96,2025-12-19,True
E0005704,T001864,Transporte terrestre,226.72,2025-12-19,True
E0005705,T001864,Ajuste de reembolso,39.79,2026-01-06,False
E0005706,T001866,Alimentação,503.96,2024-02-26,True
E0005707,T001866,Transporte terrestre,300.84,2024-02-26,True
E0005708,T001866,Ajuste de reembolso,9.38,2024-03-06,False
E0005709,T001867,Alimentação,293.79,2024-10-31,True
E0005710,T001867,Transporte terrestre,223.83,2024-10-31,True
E0005711,T001867,Ajuste de reembolso,-9.52,2024-11-11,False
E0005712,T001868,Alimentação,88.99,2025-11-13,True
E0005713,T001868,Transporte terrestre,143.14,2025-11-13,True
E0005714,T001868,Ajuste de reembolso,-1.2,2025-11-21,False
E0005715,T001869,Alimentação,337.93,2024-07-14,True
E0005716,T001869,Transporte terrestre,193.45,2024-07-14,True
E0005717,T001869,Ajuste de reembolso,11.69,2024-07-22,False
E0005718,T001870,Alimentação,487.34,2024-05-29,True
E0005719,T001870,Transporte terrestre,287.18,2024-05-29,True
E0005720,T001870,Ajuste de reembolso,40.45,2024-06-11,False
E0005721,T001871,Alimentação,97.69,2024-07-11,True
E0005722,T001871,Transporte terrestre,60.39,2024-07-11,True
E0005723,T001871,Ajuste de reembolso,4.88,2024-07-22,False
E0005724,T001872,Alimentação,551.73,2024-11-15,True
E0005725,T001872,Transporte terrestre,255.99,2024-11-15,True
E0005726,T001872,Ajuste de reembolso,-0.85,2024-11-23,False
E0005727,T001873,Alimentação,376.87,2025-12-02,True
E0005728,T001873,Transporte terrestre,127.44,2025-12-02,True
E0005729,T001873,Ajuste de reembolso,24.0,2025-12-16,False
E0005730,T001874,Alimentação,386.94,2025-06-12,True
E0005731,T001874,Transporte terrestre,249.7,2025-06-12,True
E0005732,T001874,Ajuste de reembolso,33.12,2025-06-17,False
E0005733,T001875,Alimentação,85.32,2024-02-29,True
E0005734,T001875,Transporte terrestre,67.99,2024-02-29,True
E0005735,T001875,Ajuste de reembolso,1.69,2024-03-08,False
E0005736,T001876,Alimentação,113.63,2025-03-28,True
E0005737,T001876,Transporte terrestre,68.3,2025-03-28,True
E0005738,T001876,Ajuste de reembolso,22.11,2025-04-14,False
E0005739,T001877,Alimentação,413.71,2025-01-04,True
E0005740,T001877,Transporte terrestre,404.22,2025-01-04,True
E0005741,T001877,Ajuste de reembolso,17.52,2025-01-22,False
E0005742,T001878,Alimentação,325.37,2025-09-25,True
E0005743,T001878,Transporte terrestre,294.05,2025-09-25,True
E0005744,T001878,Taxa,235.12,2025-09-25,True
E0005745,T001878,Ajuste de reembolso,-24.02,2025-10-08,False
E0005746,T001879,Alimentação,477.95,2024-11-23,True
E0005747,T001879,Transporte terrestre,290.16,2024-11-23,True
E0005748,T001879,Ajuste de reembolso,13.03,2024-12-02,False
E0005749,T001880,Alimentação,295.4,2024-12-10,True
E0005750,T001880,Transporte terrestre,165.34,2024-12-10,True
E0005751,T001880,Ajuste de reembolso,13.06,2024-12-21,False
E0005752,T001881,Alimentação,686.97,2024-01-17,True
E0005753,T001881,Transporte terrestre,676.43,2024-01-17,True
E0005754,T001881,Ajuste de reembolso,16.26,2024-02-04,False
E0005755,T001882,Alimentação,103.33,2025-09-21,True
E0005756,T001882,Transporte terrestre,123.01,2025-09-21,True
E0005757,T001882,Ajuste de reembolso,-5.39,2025-09-25,False
E0005758,T001883,Alimentação,382.83,2025-09-20,True
E0005759,T001883,Transporte terrestre,186.05,2025-09-20,True
E0005760,T001883,Ajuste de reembolso,-17.24,2025-10-01,False
E0005761,T001884,Alimentação,52.92,2025-10-07,True
E0005762,T001884,Transporte terrestre,53.73,2025-10-07,True
E0005763,T001884,Taxa,78.89,2025-10-07,True
E0005764,T001884,Ajuste de reembolso,26.61,2025-10-18,False
E0005765,T001885,Alimentação,301.74,2025-01-09,True
E0005766,T001885,Transporte terrestre,162.76,2025-01-09,True
E0005767,T001885,Ajuste de reembolso,23.61,2025-01-18,False
E0005768,T001886,Alimentação,480.48,2025-06-08,True
E0005769,T001886,Transporte terrestre,300.34,2025-06-08,True
E0005770,T001886,Ajuste de reembolso,28.28,2025-06-24,False
E0005771,T001887,Alimentação,240.65,2025-05-17,True
E0005772,T001887,Transporte terrestre,270.42,2025-05-17,True
E0005773,T001887,Ajuste de reembolso,29.47,2025-05-23,False
E0005774,T001888,Alimentação,181.79,2025-06-27,True
E0005775,T001888,Transporte terrestre,198.44,2025-06-27,True
E0005776,T001888,Ajuste de reembolso,1.16,2025-07-08,False
E0005777,T001889,Alimentação,113.16,2024-01-13,True
E0005778,T001889,Transporte terrestre,95.36,2024-01-13,True
E0005779,T001889,Ajuste de reembolso,-22.46,2024-01-20,False
E0005780,T001890,Alimentação,400.92,2024-03-14,True
E0005781,T001890,Transporte terrestre,257.84,2024-03-14,True
E0005782,T001890,Ajuste de reembolso,-23.11,2024-03-21,False
E0005783,T001891,Alimentação,139.04,2024-08-16,True
E0005784,T001891,Transporte terrestre,167.65,2024-08-16,True
E0005785,T001891,Estacionamento,82.23,2024-08-16,True
E0005786,T001891,Ajuste de reembolso,-16.21,2024-08-24,False
E0005787,T001892,Alimentação,101.2,2025-12-05,True
E0005788,T001892,Transporte terrestre,71.61,2025-12-05,True
E0005789,T001892,Ajuste de reembolso,-10.88,2025-12-17,False
E0005790,T001893,Alimentação,87.89,2024-10-30,True
E0005791,T001893,Transporte terrestre,81.41,2024-10-30,True
E0005792,T001893,Estacionamento,173.71,2024-10-30,True
E0005793,T001893,Ajuste de reembolso,-8.16,2024-11-06,False
E0005794,T001894,Alimentação,99.16,2024-01-31,True
E0005795,T001894,Transporte terrestre,43.71,2024-01-31,True
E0005796,T001894,Ajuste de reembolso,-0.21,2024-02-08,False
E0005797,T001895,Alimentação,289.98,2024-10-19,True
E0005798,T001895,Transporte terrestre,363.55,2024-10-19,True
E0005799,T001895,Ajuste de reembolso,-7.69,2024-11-01,False
E0005800,T001896,Alimentação,447.4,2024-11-16,True
E0005801,T001896,Transporte terrestre,278.95,2024-11-16,True
E0005802,T001896,Ajuste de reembolso,38.03,2024-11-21,False
E0005803,T001897,Alimentação,483.83,2024-08-27,True
E0005804,T001897,Transporte terrestre,172.91,2024-08-27,True
E0005805,T001897,Taxa,257.03,2024-08-27,True
E0005806,T001897,Ajuste de reembolso,16.19,2024-09-09,False
E0005807,T001898,Alimentação,238.91,2024-07-22,True
E0005808,T001898,Transporte terrestre,270.17,2024-07-22,True
E0005809,T001898,Ajuste de reembolso,40.37,2024-08-04,False
E0005810,T001899,Alimentação,282.06,2025-10-17,True
E0005811,T001899,Transporte terrestre,147.28,2025-10-17,True
E0005812,T001899,Ajuste de reembolso,4.89,2025-10-26,False
E0005813,T001900,Alimentação,401.9,2025-10-17,True
E0005814,T001900,Transporte terrestre,346.27,2025-10-17,True
E0005815,T001900,Ajuste de reembolso,-23.17,2025-11-06,False
E0005816,T001901,Alimentação,339.18,2025-08-22,True
E0005817,T001901,Transporte terrestre,221.01,2025-08-22,True
E0005818,T001901,Ajuste de reembolso,7.6,2025-09-09,False
E0005819,T001902,Alimentação,344.31,2024-07-03,True
E0005820,T001902,Transporte terrestre,344.17,2024-07-03,True
E0005821,T001902,Ajuste de reembolso,20.3,2024-07-17,False
E0005822,T001903,Alimentação,249.88,2025-01-07,True
E0005823,T001903,Transporte terrestre,141.49,2025-01-07,True
E0005824,T001903,Ajuste de reembolso,-14.8,2025-01-16,False
E0005825,T001904,Alimentação,336.57,2025-07-22,True
E0005826,T001904,Transporte terrestre,220.01,2025-07-22,True
E0005827,T001904,Ajuste de reembolso,15.86,2025-08-06,False
E0005828,T001905,Alimentação,184.47,2024-12-23,True
E0005829,T001905,Transporte terrestre,195.3,2024-12-23,True
E0005830,T001905,Ajuste de reembolso,29.84,2025-01-02,False
E0005831,T001906,Alimentação,744.25,2025-01-02,True
E0005832,T001906,Transporte terrestre,400.31,2025-01-02,True
E0005833,T001906,Outros,205.51,2025-01-02,True
E0005834,T001906,Ajuste de reembolso,30.51,2025-01-16,False
E0005835,T001908,Alimentação,635.55,2025-02-25,True
E0005836,T001908,Transporte terrestre,506.81,2025-02-25,True
E0005837,T001908,Taxa,49.86,2025-02-25,True
E0005838,T001908,Ajuste de reembolso,31.47,2025-03-06,False
E0005839,T001909,Alimentação,93.59,2025-04-08,True
E0005840,T001909,Transporte terrestre,127.96,2025-04-08,True
E0005841,T001909,Ajuste de reembolso,31.88,2025-04-12,False
E0005842,T001910,Alimentação,406.92,2025-10-05,True
E0005843,T001910,Transporte terrestre,351.82,2025-10-05,True
E0005844,T001910,Ajuste de reembolso,11.0,2025-10-13,False
E0005845,T001911,Alimentação,142.35,2025-08-17,True
E0005846,T001911,Transporte terrestre,66.14,2025-08-17,True
E0005847,T001911,Outros,197.57,2025-08-17,True
E0005848,T001911,Ajuste de reembolso,37.37,2025-08-27,False
E0005849,T001912,Alimentação,195.45,2024-03-29,True
E0005850,T001912,Transporte terrestre,170.41,2024-03-29,True
E0005851,T001912,Ajuste de reembolso,37.25,2024-04-07,False
E0005852,T001913,Alimentação,409.9,2025-01-21,True
E0005853,T001913,Transporte terrestre,385.97,2025-01-21,True
E0005854,T001913,Pedágio,245.54,2025-01-21,True
E0005855,T001913,Ajuste de reembolso,-14.93,2025-02-03,False
E0005856,T001914,Alimentação,571.09,2025-03-11,True
E0005857,T001914,Transporte terrestre,506.79,2025-03-11,True
E0005858,T001914,Ajuste de reembolso,-22.71,2025-03-26,False
E0005859,T001916,Alimentação,327.19,2025-06-27,True
E0005860,T001916,Transporte terrestre,243.94,2025-06-27,True
E0005861,T001916,Ajuste de reembolso,-12.37,2025-07-05,False
E0005862,T001917,Alimentação,352.21,2025-04-14,True
E0005863,T001917,Transporte terrestre,194.01,2025-04-14,True
E0005864,T001917,Ajuste de reembolso,-17.31,2025-04-20,False
E0005865,T001918,Alimentação,58.13,2024-05-23,True
E0005866,T001918,Transporte terrestre,45.94,2024-05-23,True
E0005867,T001918,Ajuste de reembolso,21.23,2024-06-09,False
E0005868,T001919,Alimentação,715.28,2025-06-04,True
E0005869,T001919,Transporte terrestre,360.11,2025-06-04,True
E0005870,T001919,Estacionamento,127.43,2025-06-04,True
E0005871,T001919,Ajuste de reembolso,-5.48,2025-06-15,False
E0005872,T001920,Alimentação,179.39,2025-07-02,True
E0005873,T001920,Transporte terrestre,155.32,2025-07-02,True
E0005874,T001920,Ajuste de reembolso,1.62,2025-07-11,False
E0005875,T001921,Alimentação,194.28,2025-03-07,True
E0005876,T001921,Transporte terrestre,219.68,2025-03-07,True
E0005877,T001921,Ajuste de reembolso,-1.2,2025-03-30,False
E0005878,T001922,Alimentação,151.75,2025-06-30,True
E0005879,T001922,Transporte terrestre,139.25,2025-06-30,True
E0005880,T001922,Ajuste de reembolso,-14.51,2025-07-12,False
E0005881,T001923,Alimentação,585.97,2024-10-24,True
E0005882,T001923,Transporte terrestre,363.65,2024-10-24,True
E0005883,T001923,Ajuste de reembolso,40.43,2024-11-05,False
E0005884,T001924,Alimentação,437.05,2024-02-24,True
E0005885,T001924,Transporte terrestre,229.37,2024-02-24,True
E0005886,T001924,Ajuste de reembolso,26.5,2024-03-07,False
E0005887,T001925,Alimentação,320.8,2025-05-15,True
E0005888,T001925,Transporte terrestre,184.4,2025-05-15,True
E0005889,T001925,Ajuste de reembolso,-9.16,2025-06-06,False
E0005890,T001926,Alimentação,536.23,2025-11-15,True
E0005891,T001926,Transporte terrestre,279.62,2025-11-15,True
E0005892,T001926,Ajuste de reembolso,-14.03,2025-11-23,False
E0005893,T001927,Alimentação,712.61,2025-09-22,True
E0005894,T001927,Transporte terrestre,338.64,2025-09-22,True
E0005895,T001927,Ajuste de reembolso,-21.97,2025-10-05,False
E0005896,T001928,Alimentação,143.65,2025-10-27,True
E0005897,T001928,Transporte terrestre,90.55,2025-10-27,True
E0005898,T001928,Ajuste de reembolso,11.4,2025-11-07,False
E0005899,T001929,Alimentação,54.24,2024-09-12,True
E0005900,T001929,Transporte terrestre,60.75,2024-09-12,True
E0005901,T001929,Ajuste de reembolso,-11.93,2024-09-20,False
E0005902,T001930,Alimentação,416.29,2025-04-15,True
E0005903,T001930,Transporte terrestre,501.02,2025-04-15,True
E0005904,T001930,Ajuste de reembolso,4.37,2025-04-30,False
E0005905,T001931,Alimentação,283.92,2024-08-07,True
E0005906,T001931,Transporte terrestre,202.6,2024-08-07,True
E0005907,T001931,Ajuste de reembolso,38.3,2024-08-25,False
E0005908,T001932,Alimentação,76.0,2025-02-05,True
E0005909,T001932,Transporte terrestre,87.13,2025-02-05,True
E0005910,T001932,Pedágio,245.68,2025-02-05,True
E0005911,T001932,Ajuste de reembolso,33.4,2025-02-12,False
E0005912,T001933,Alimentação,253.63,2024-12-11,True
E0005913,T001933,Transporte terrestre,288.35,2024-12-11,True
E0005914,T001933,Pedágio,47.52,2024-12-11,True
E0005915,T001933,Ajuste de reembolso,8.51,2024-12-20,False
E0005916,T001934,Alimentação,108.33,2024-04-01,True
E0005917,T001934,Transporte terrestre,185.31,2024-04-01,True
E0005918,T001934,Ajuste de reembolso,42.95,2024-04-12,False
E0005919,T001935,Alimentação,170.48,2025-04-08,True
E0005920,T001935,Transporte terrestre,191.3,2025-04-08,True
E0005921,T001935,Ajuste de reembolso,-3.79,2025-04-13,False
E0005922,T001936,Alimentação,760.56,2025-10-24,True
E0005923,T001936,Transporte terrestre,292.41,2025-10-24,True
E0005924,T001936,Ajuste de reembolso,37.05,2025-11-06,False
E0005925,T001937,Alimentação,105.32,2024-10-31,True
E0005926,T001937,Transporte terrestre,95.91,2024-10-31,True
E0005927,T001937,Ajuste de reembolso,-11.69,2024-11-08,False
E0005928,T001938,Alimentação,474.8,2024-11-27,True
E0005929,T001938,Transporte terrestre,208.79,2024-11-27,True
E0005930,T001938,Ajuste de reembolso,-5.84,2024-12-10,False
E0005931,T001939,Alimentação,357.26,2024-07-14,True
E0005932,T001939,Transporte terrestre,170.38,2024-07-14,True
E0005933,T001939,Ajuste de reembolso,-24.28,2024-07-21,False
E0005934,T001940,Alimentação,296.12,2025-09-03,True
E0005935,T001940,Transporte terrestre,193.78,2025-09-03,True
E0005936,T001940,Ajuste de reembolso,6.93,2025-09-17,False
E0005937,T001942,Alimentação,206.93,2024-05-12,True
E0005938,T001942,Transporte terrestre,167.41,2024-05-12,True
E0005939,T001942,Ajuste de reembolso,18.89,2024-05-21,False
E0005940,T001943,Alimentação,418.17,2024-08-23,True
E0005941,T001943,Transporte terrestre,245.04,2024-08-23,True
E0005942,T001943,Ajuste de reembolso,-0.06,2024-09-09,False
E0005943,T001944,Alimentação,76.33,2025-05-28,True
E0005944,T001944,Transporte terrestre,42.05,2025-05-28,True
E0005945,T001944,Estacionamento,55.04,2025-05-28,True
E0005946,T001944,Ajuste de reembolso,24.53,2025-06-04,False
E0005947,T001945,Alimentação,121.6,2024-06-19,True
E0005948,T001945,Transporte terrestre,84.87,2024-06-19,True
E0005949,T001945,Taxa,122.28,2024-06-19,True
E0005950,T001945,Ajuste de reembolso,40.41,2024-06-27,False
E0005951,T001946,Alimentação,211.81,2024-11-10,True
E0005952,T001946,Transporte terrestre,142.67,2024-11-10,True
E0005953,T001946,Ajuste de reembolso,-1.78,2024-11-26,False
E0005954,T001947,Alimentação,622.2,2024-05-28,True
E0005955,T001947,Transporte terrestre,295.38,2024-05-28,True
E0005956,T001947,Ajuste de reembolso,11.29,2024-06-06,False
E0005957,T001948,Alimentação,116.97,2025-04-26,True
E0005958,T001948,Transporte terrestre,246.55,2025-04-26,True
E0005959,T001948,Ajuste de reembolso,28.83,2025-05-08,False
E0005960,T001949,Alimentação,296.14,2024-07-05,True
E0005961,T001949,Transporte terrestre,137.31,2024-07-05,True
E0005962,T001949,Ajuste de reembolso,-19.48,2024-07-11,False
E0005963,T001950,Alimentação,497.79,2025-03-04,True
E0005964,T001950,Transporte terrestre,230.67,2025-03-04,True
E0005965,T001950,Ajuste de reembolso,-4.96,2025-03-13,False
E0005966,T001951,Alimentação,356.22,2024-06-26,True
E0005967,T001951,Transporte terrestre,329.08,2024-06-26,True
E0005968,T001951,Ajuste de reembolso,9.86,2024-07-10,False
E0005969,T001952,Alimentação,621.94,2024-09-14,True
E0005970,T001952,Transporte terrestre,357.04,2024-09-14,True
E0005971,T001952,Ajuste de reembolso,-24.4,2024-10-03,False
E0005972,T001953,Alimentação,714.29,2024-06-23,True
E0005973,T001953,Transporte terrestre,389.48,2024-06-23,True
E0005974,T001953,Ajuste de reembolso,9.11,2024-07-02,False
E0005975,T001954,Alimentação,392.62,2024-01-14,True
E0005976,T001954,Transporte terrestre,327.55,2024-01-14,True
E0005977,T001954,Ajuste de reembolso,22.87,2024-01-23,False
E0005978,T001955,Alimentação,272.55,2025-09-15,True
E0005979,T001955,Transporte terrestre,145.22,2025-09-15,True
E0005980,T001955,Ajuste de reembolso,23.47,2025-09-28,False
E0005981,T001956,Alimentação,491.13,2025-05-26,True
E0005982,T001956,Transporte terrestre,421.84,2025-05-26,True
E0005983,T001956,Ajuste de reembolso,16.9,2025-06-03,False
E0005984,T001957,Alimentação,71.61,2024-09-24,True
E0005985,T001957,Transporte terrestre,51.41,2024-09-24,True
E0005986,T001957,Ajuste de reembolso,-17.74,2024-10-04,False
E0005987,T001958,Alimentação,120.94,2025-10-17,True
E0005988,T001958,Transporte terrestre,44.77,2025-10-17,True
E0005989,T001958,Ajuste de reembolso,10.45,2025-10-25,False
E0005990,T001959,Alimentação,104.64,2025-05-22,True
E0005991,T001959,Transporte terrestre,70.26,2025-05-22,True
E0005992,T001959,Ajuste de reembolso,7.49,2025-06-04,False
E0005993,T001960,Alimentação,335.82,2024-04-01,True
E0005994,T001960,Transporte terrestre,280.32,2024-04-01,True
E0005995,T001960,Ajuste de reembolso,-24.7,2024-04-16,False
E0005996,T001961,Alimentação,249.74,2024-11-08,True
E0005997,T001961,Transporte terrestre,272.51,2024-11-08,True
E0005998,T001961,Ajuste de reembolso,3.62,2024-11-17,False
E0005999,T001962,Alimentação,264.79,2025-07-25,True
E0006000,T001962,Transporte terrestre,124.55,2025-07-25,True
E0006001,T001962,Ajuste de reembolso,18.59,2025-08-04,False
E0006002,T001963,Alimentação,217.11,2024-08-06,True
E0006003,T001963,Transporte terrestre,214.5,2024-08-06,True
E0006004,T001963,Ajuste de reembolso,-24.53,2024-08-14,False
E0006005,T001964,Alimentação,337.5,2024-10-22,True
E0006006,T001964,Transporte terrestre,161.11,2024-10-22,True
E0006007,T001964,Ajuste de reembolso,21.37,2024-11-03,False
E0006008,T001965,Alimentação,159.62,2024-11-06,True
E0006009,T001965,Transporte terrestre,130.66,2024-11-06,True
E0006010,T001965,Ajuste de reembolso,44.84,2024-11-12,False
E0006011,T001966,Alimentação,569.9,2024-11-22,True
E0006012,T001966,Transporte terrestre,207.55,2024-11-22,True
E0006013,T001966,Ajuste de reembolso,34.39,2024-12-03,False
E0006014,T001967,Alimentação,547.75,2025-07-28,True
E0006015,T001967,Transporte terrestre,346.89,2025-07-28,True
E0006016,T001967,Ajuste de reembolso,27.16,2025-08-05,False
E0006017,T001968,Alimentação,342.75,2025-07-25,True
E0006018,T001968,Transporte terrestre,182.0,2025-07-25,True
E0006019,T001968,Ajuste de reembolso,4.16,2025-08-06,False
E0006020,T001969,Alimentação,212.1,2025-01-24,True
E0006021,T001969,Transporte terrestre,144.21,2025-01-24,True
E0006022,T001969,Ajuste de reembolso,19.76,2025-02-08,False
E0006023,T001970,Alimentação,520.4,2025-08-02,True
E0006024,T001970,Transporte terrestre,514.92,2025-08-02,True
E0006025,T001970,Ajuste de reembolso,-14.98,2025-08-09,False
E0006026,T001971,Alimentação,786.77,2025-01-08,True
E0006027,T001971,Transporte terrestre,216.18,2025-01-08,True
E0006028,T001971,Pedágio,215.17,2025-01-08,True
E0006029,T001971,Ajuste de reembolso,25.99,2025-01-26,False
E0006030,T001972,Alimentação,358.19,2024-11-17,True
E0006031,T001972,Transporte terrestre,283.02,2024-11-17,True
E0006032,T001972,Ajuste de reembolso,-14.3,2024-11-29,False
E0006033,T001973,Alimentação,183.89,2024-10-20,True
E0006034,T001973,Transporte terrestre,104.83,2024-10-20,True
E0006035,T001973,Ajuste de reembolso,-9.32,2024-10-24,False
E0006036,T001975,Alimentação,195.82,2024-10-04,True
E0006037,T001975,Transporte terrestre,117.27,2024-10-04,True
E0006038,T001975,Ajuste de reembolso,-21.07,2024-10-15,False
E0006039,T001976,Alimentação,109.18,2025-11-25,True
E0006040,T001976,Transporte terrestre,88.24,2025-11-25,True
E0006041,T001976,Ajuste de reembolso,31.2,2025-11-27,False
E0006042,T001978,Alimentação,286.92,2024-10-15,True
E0006043,T001978,Transporte terrestre,215.61,2024-10-15,True
E0006044,T001978,Ajuste de reembolso,42.71,2024-10-25,False
E0006045,T001979,Alimentação,498.65,2024-08-10,True
E0006046,T001979,Transporte terrestre,345.35,2024-08-10,True
E0006047,T001979,Ajuste de reembolso,4.48,2024-08-21,False
E0006048,T001980,Alimentação,188.2,2024-01-25,True
E0006049,T001980,Transporte terrestre,140.6,2024-01-25,True
E0006050,T001980,Ajuste de reembolso,15.76,2024-02-05,False
E0006051,T001981,Alimentação,276.73,2025-04-29,True
E0006052,T001981,Transporte terrestre,190.03,2025-04-29,True
E0006053,T001981,Ajuste de reembolso,39.78,2025-05-09,False
E0006054,T001982,Alimentação,265.71,2025-11-08,True
E0006055,T001982,Transporte terrestre,204.16,2025-11-08,True
E0006056,T001982,Ajuste de reembolso,41.35,2025-11-24,False
E0006057,T001983,Alimentação,538.14,2024-07-10,True
E0006058,T001983,Transporte terrestre,279.65,2024-07-10,True
E0006059,T001983,Pedágio,91.36,2024-07-10,True
E0006060,T001983,Ajuste de reembolso,-18.11,2024-07-22,False
E0006061,T001984,Alimentação,236.15,2024-05-06,True
E0006062,T001984,Transporte terrestre,82.77,2024-05-06,True
E0006063,T001984,Ajuste de reembolso,20.57,2024-05-08,False
E0006064,T001985,Alimentação,279.33,2025-10-15,True
E0006065,T001985,Transporte terrestre,257.76,2025-10-15,True
E0006066,T001985,Estacionamento,193.08,2025-10-15,True
E0006067,T001985,Ajuste de reembolso,10.94,2025-10-23,False
E0006068,T001986,Alimentação,45.41,2025-03-29,True
E0006069,T001986,Transporte terrestre,67.45,2025-03-29,True
E0006070,T001986,Ajuste de reembolso,-20.1,2025-04-14,False
E0006071,T001987,Alimentação,309.75,2025-12-01,True
E0006072,T001987,Transporte terrestre,147.2,2025-12-01,True
E0006073,T001987,Ajuste de reembolso,35.68,2025-12-06,False
E0006074,T001988,Alimentação,156.62,2024-03-24,True
E0006075,T001988,Transporte terrestre,65.56,2024-03-24,True
E0006076,T001988,Pedágio,50.43,2024-03-24,True
E0006077,T001988,Ajuste de reembolso,18.09,2024-04-02,False
E0006078,T001989,Alimentação,200.59,2024-07-13,True
E0006079,T001989,Transporte terrestre,147.77,2024-07-13,True
E0006080,T001989,Ajuste de reembolso,-17.3,2024-07-15,False
E0006081,T001990,Alimentação,373.64,2024-03-28,True
E0006082,T001990,Transporte terrestre,399.29,2024-03-28,True
E0006083,T001990,Ajuste de reembolso,-14.36,2024-04-08,False
E0006084,T001991,Alimentação,334.21,2025-04-27,True
E0006085,T001991,Transporte terrestre,206.23,2025-04-27,True
E0006086,T001991,Ajuste de reembolso,22.35,2025-05-11,False
E0006087,T001992,Alimentação,201.97,2024-11-22,True
E0006088,T001992,Transporte terrestre,129.08,2024-11-22,True
E0006089,T001992,Ajuste de reembolso,27.28,2024-12-04,False
E0006090,T001993,Alimentação,1225.39,2024-10-23,True
E0006091,T001993,Transporte terrestre,342.6,2024-10-23,True
E0006092,T001993,Ajuste de reembolso,16.95,2024-11-11,False
E0006093,T001994,Alimentação,237.21,2025-04-03,True
E0006094,T001994,Transporte terrestre,138.67,2025-04-03,True
E0006095,T001994,Taxa,49.47,2025-04-03,True
E0006096,T001994,Ajuste de reembolso,7.02,2025-04-18,False
E0006097,T001995,Alimentação,254.53,2025-11-08,True
E0006098,T001995,Transporte terrestre,154.4,2025-11-08,True
E0006099,T001995,Ajuste de reembolso,-19.25,2025-11-18,False
E0006100,T001996,Alimentação,125.8,2024-03-15,True
E0006101,T001996,Transporte terrestre,72.48,2024-03-15,True
E0006102,T001996,Ajuste de reembolso,15.97,2024-03-28,False
E0006103,T001997,Alimentação,193.24,2024-01-18,True
E0006104,T001997,Transporte terrestre,216.73,2024-01-18,True
E0006105,T001997,Ajuste de reembolso,34.27,2024-01-30,False
E0006106,T001998,Alimentação,559.35,2024-06-04,True
E0006107,T001998,Transporte terrestre,360.82,2024-06-04,True
E0006108,T001998,Ajuste de reembolso,0.7,2024-06-24,False
E0006109,T001999,Alimentação,91.43,2025-02-11,True
E0006110,T001999,Transporte terrestre,68.66,2025-02-11,True
E0006111,T001999,Ajuste de reembolso,41.25,2025-02-22,False
E0006112,T002000,Alimentação,203.56,2025-12-05,True
E0006113,T002000,Transporte terrestre,118.93,2025-12-05,True
E0006114,T002000,Ajuste de reembolso,-8.94,2025-12-16,False
E0006115,T002001,Alimentação,198.84,2024-10-12,True
E0006116,T002001,Transporte terrestre,126.5,2024-10-12,True
E0006117,T002001,Ajuste de reembolso,44.4,2024-10-28,False
E0006118,T002002,Alimentação,381.88,2025-12-31,True
E0006119,T002002,Transporte terrestre,141.89,2025-12-31,True
E0006120,T002002,Ajuste de reembolso,-3.99,2026-01-11,False
E0006121,T002003,Alimentação,533.15,2024-05-08,True
E0006122,T002003,Transporte terrestre,381.84,2024-05-08,True
E0006123,T002003,Ajuste de reembolso,19.49,2024-05-17,False
E0006124,T002004,Alimentação,232.17,2025-10-18,True
E0006125,T002004,Transporte terrestre,187.46,2025-10-18,True
E0006126,T002004,Ajuste de reembolso,-0.72,2025-10-28,False
E0006127,T002005,Alimentação,149.26,2025-09-13,True
E0006128,T002005,Transporte terrestre,120.12,2025-09-13,True
E0006129,T002005,Taxa,58.85,2025-09-13,True
E0006130,T002005,Ajuste de reembolso,33.44,2025-09-20,False
E0006131,T002006,Alimentação,165.08,2024-03-27,True
E0006132,T002006,Transporte terrestre,168.78,2024-03-27,True
E0006133,T002006,Ajuste de reembolso,5.28,2024-04-16,False
E0006134,T002007,Alimentação,180.76,2024-05-25,True
E0006135,T002007,Transporte terrestre,135.08,2024-05-25,True
E0006136,T002007,Ajuste de reembolso,0.58,2024-06-04,False
E0006137,T002008,Alimentação,81.36,2025-08-20,True
E0006138,T002008,Transporte terrestre,73.95,2025-08-20,True
E0006139,T002008,Ajuste de reembolso,36.26,2025-08-25,False
E0006140,T002009,Alimentação,361.24,2024-02-03,True
E0006141,T002009,Transporte terrestre,434.51,2024-02-03,True
E0006142,T002009,Ajuste de reembolso,-21.47,2024-02-18,False
E0006143,T002010,Alimentação,88.89,2025-08-07,True
E0006144,T002010,Transporte terrestre,48.93,2025-08-07,True
E0006145,T002010,Taxa,160.8,2025-08-07,True
E0006146,T002010,Ajuste de reembolso,30.24,2025-08-19,False
E0006147,T002011,Alimentação,374.46,2024-09-22,True
E0006148,T002011,Transporte terrestre,160.4,2024-09-22,True
E0006149,T002011,Ajuste de reembolso,17.3,2024-10-05,False
E0006150,T002012,Alimentação,235.12,2025-03-04,True
E0006151,T002012,Transporte terrestre,200.37,2025-03-04,True
E0006152,T002012,Ajuste de reembolso,13.28,2025-03-12,False
E0006153,T002013,Alimentação,336.18,2024-10-19,True
E0006154,T002013,Transporte terrestre,348.29,2024-10-19,True
E0006155,T002013,Ajuste de reembolso,23.48,2024-10-28,False
E0006156,T002014,Alimentação,245.72,2025-06-27,True
E0006157,T002014,Transporte terrestre,102.67,2025-06-27,True
E0006158,T002014,Ajuste de reembolso,23.73,2025-07-10,False
E0006159,T002015,Alimentação,681.42,2024-04-19,True
E0006160,T002015,Transporte terrestre,491.38,2024-04-19,True
E0006161,T002015,Ajuste de reembolso,-16.11,2024-04-25,False
E0006162,T002016,Alimentação,83.85,2025-06-24,True
E0006163,T002016,Transporte terrestre,117.76,2025-06-24,True
E0006164,T002016,Outros,156.03,2025-06-24,True
E0006165,T002016,Ajuste de reembolso,30.85,2025-07-01,False
E0006166,T002017,Alimentação,387.67,2024-04-04,True
E0006167,T002017,Transporte terrestre,163.41,2024-04-04,True
E0006168,T002017,Ajuste de reembolso,-10.39,2024-04-21,False
E0006169,T002018,Alimentação,440.9,2024-10-26,True
E0006170,T002018,Transporte terrestre,288.99,2024-10-26,True
E0006171,T002018,Ajuste de reembolso,44.6,2024-11-03,False
E0006172,T002019,Alimentação,374.21,2025-04-17,True
E0006173,T002019,Transporte terrestre,176.13,2025-04-17,True
E0006174,T002019,Ajuste de reembolso,40.37,2025-05-04,False
E0006175,T002020,Alimentação,100.35,2025-11-08,True
E0006176,T002020,Transporte terrestre,45.72,2025-11-08,True
E0006177,T002020,Estacionamento,263.88,2025-11-08,True
E0006178,T002020,Ajuste de reembolso,43.85,2025-11-16,False
E0006179,T002021,Alimentação,327.43,2025-04-23,True
E0006180,T002021,Transporte terrestre,281.55,2025-04-23,True
E0006181,T002021,Ajuste de reembolso,-5.92,2025-05-01,False
E0006182,T002022,Alimentação,57.05,2024-03-09,True
E0006183,T002022,Transporte terrestre,51.25,2024-03-09,True
E0006184,T002022,Pedágio,183.81,2024-03-09,True
E0006185,T002022,Ajuste de reembolso,-0.93,2024-03-30,False
E0006186,T002023,Alimentação,819.61,2025-05-08,True
E0006187,T002023,Transporte terrestre,467.38,2025-05-08,True
E0006188,T002023,Ajuste de reembolso,31.58,2025-05-23,False
E0006189,T002024,Alimentação,277.29,2024-05-17,True
E0006190,T002024,Transporte terrestre,138.68,2024-05-17,True
E0006191,T002024,Estacionamento,88.38,2024-05-17,True
E0006192,T002024,Ajuste de reembolso,-0.13,2024-06-06,False
E0006193,T002025,Alimentação,43.05,2025-10-06,True
E0006194,T002025,Transporte terrestre,62.96,2025-10-06,True
E0006195,T002025,Ajuste de reembolso,37.46,2025-10-15,False
E0006196,T002026,Alimentação,202.93,2024-09-24,True
E0006197,T002026,Transporte terrestre,168.92,2024-09-24,True
E0006198,T002026,Ajuste de reembolso,40.78,2024-10-07,False
E0006199,T002027,Alimentação,341.22,2024-05-19,True
E0006200,T002027,Transporte terrestre,250.88,2024-05-19,True
E0006201,T002027,Pedágio,53.53,2024-05-19,True
E0006202,T002027,Ajuste de reembolso,42.24,2024-05-27,False
E0006203,T002028,Alimentação,443.05,2024-10-02,True
E0006204,T002028,Transporte terrestre,234.59,2024-10-02,True
E0006205,T002028,Ajuste de reembolso,-14.4,2024-10-24,False
E0006206,T002029,Alimentação,131.9,2024-11-25,True
E0006207,T002029,Transporte terrestre,60.86,2024-11-25,True
E0006208,T002029,Ajuste de reembolso,38.4,2024-12-13,False
E0006209,T002030,Alimentação,363.84,2024-01-26,True
E0006210,T002030,Transporte terrestre,155.61,2024-01-26,True
E0006211,T002030,Ajuste de reembolso,-9.67,2024-02-07,False
E0006212,T002031,Alimentação,127.63,2025-07-20,True
E0006213,T002031,Transporte terrestre,91.14,2025-07-20,True
E0006214,T002031,Ajuste de reembolso,3.07,2025-08-04,False
E0006215,T002032,Alimentação,212.95,2025-07-02,True
E0006216,T002032,Transporte terrestre,177.59,2025-07-02,True
E0006217,T002032,Ajuste de reembolso,-17.71,2025-07-10,False
E0006218,T002033,Alimentação,404.1,2025-11-08,True
E0006219,T002033,Transporte terrestre,218.29,2025-11-08,True
E0006220,T002033,Ajuste de reembolso,-5.51,2025-11-19,False
E0006221,T002034,Alimentação,426.51,2025-08-09,True
E0006222,T002034,Transporte terrestre,335.52,2025-08-09,True
E0006223,T002034,Taxa,36.72,2025-08-09,True
E0006224,T002034,Ajuste de reembolso,6.58,2025-08-21,False
E0006225,T002035,Alimentação,404.95,2025-03-31,True
E0006226,T002035,Transporte terrestre,363.03,2025-03-31,True
E0006227,T002035,Ajuste de reembolso,-23.9,2025-04-16,False
E0006228,T002036,Alimentação,655.55,2025-04-14,True
E0006229,T002036,Transporte terrestre,306.46,2025-04-14,True
E0006230,T002036,Ajuste de reembolso,37.99,2025-04-20,False
E0006231,T002038,Alimentação,551.72,2025-03-21,True
E0006232,T002038,Transporte terrestre,177.76,2025-03-21,True
E0006233,T002038,Ajuste de reembolso,18.62,2025-03-31,False
E0006234,T002040,Alimentação,122.06,2025-04-04,True
E0006235,T002040,Transporte terrestre,219.31,2025-04-04,True
E0006236,T002040,Ajuste de reembolso,-15.8,2025-04-16,False
E0006237,T002041,Alimentação,107.57,2024-12-22,True
E0006238,T002041,Transporte terrestre,62.74,2024-12-22,True
E0006239,T002041,Pedágio,237.19,2024-12-22,True
E0006240,T002041,Ajuste de reembolso,28.53,2024-12-24,False
E0006241,T002042,Alimentação,365.21,2025-08-28,True
E0006242,T002042,Transporte terrestre,274.06,2025-08-28,True
E0006243,T002042,Ajuste de reembolso,-23.25,2025-09-05,False
E0006244,T002043,Alimentação,424.5,2024-10-15,True
E0006245,T002043,Transporte terrestre,334.14,2024-10-15,True
E0006246,T002043,Ajuste de reembolso,-17.42,2024-10-22,False
E0006247,T002044,Alimentação,172.9,2024-07-14,True
E0006248,T002044,Transporte terrestre,124.15,2024-07-14,True
E0006249,T002044,Ajuste de reembolso,-21.91,2024-07-20,False
E0006250,T002045,Alimentação,93.65,2025-11-10,True
E0006251,T002045,Transporte terrestre,68.28,2025-11-10,True
E0006252,T002045,Ajuste de reembolso,13.62,2025-11-27,False
E0006253,T002046,Alimentação,931.65,2025-01-26,True
E0006254,T002046,Transporte terrestre,534.17,2025-01-26,True
E0006255,T002046,Ajuste de reembolso,7.69,2025-02-12,False
E0006256,T002047,Alimentação,189.76,2024-11-03,True
E0006257,T002047,Transporte terrestre,189.5,2024-11-03,True
E0006258,T002047,Ajuste de reembolso,34.35,2024-11-21,False
E0006259,T002048,Alimentação,440.83,2024-02-08,True
E0006260,T002048,Transporte terrestre,289.39,2024-02-08,True
E0006261,T002048,Outros,88.16,2024-02-08,True
E0006262,T002048,Ajuste de reembolso,44.39,2024-02-17,False
E0006263,T002049,Alimentação,74.83,2025-08-02,True
E0006264,T002049,Transporte terrestre,48.64,2025-08-02,True
E0006265,T002049,Taxa,41.4,2025-08-02,True
E0006266,T002049,Ajuste de reembolso,9.77,2025-08-11,False
E0006267,T002050,Alimentação,455.46,2025-07-12,True
E0006268,T002050,Transporte terrestre,220.09,2025-07-12,True
E0006269,T002050,Ajuste de reembolso,-3.65,2025-07-23,False
E0006270,T002051,Alimentação,123.49,2025-03-26,True
E0006271,T002051,Transporte terrestre,81.44,2025-03-26,True
E0006272,T002051,Ajuste de reembolso,29.42,2025-04-02,False
E0006273,T002052,Alimentação,260.86,2025-11-26,True
E0006274,T002052,Transporte terrestre,125.65,2025-11-26,True
E0006275,T002052,Ajuste de reembolso,19.17,2025-12-03,False
E0006276,T002054,Alimentação,244.44,2025-09-01,True
E0006277,T002054,Transporte terrestre,283.8,2025-09-01,True
E0006278,T002054,Ajuste de reembolso,-3.82,2025-09-12,False
E0006279,T002055,Alimentação,135.26,2025-05-27,True
E0006280,T002055,Transporte terrestre,64.49,2025-05-27,True
E0006281,T002055,Ajuste de reembolso,12.08,2025-06-04,False
E0006282,T002056,Alimentação,763.06,2024-12-25,True
E0006283,T002056,Transporte terrestre,344.54,2024-12-25,True
E0006284,T002056,Taxa,210.11,2024-12-25,True
E0006285,T002056,Ajuste de reembolso,-22.5,2025-01-06,False
E0006286,T002058,Alimentação,222.81,2024-10-15,True
E0006287,T002058,Transporte terrestre,130.84,2024-10-15,True
E0006288,T002058,Ajuste de reembolso,13.5,2024-10-28,False
E0006289,T002059,Alimentação,543.55,2024-02-16,True
E0006290,T002059,Transporte terrestre,240.24,2024-02-16,True
E0006291,T002059,Ajuste de reembolso,-1.65,2024-02-25,False
E0006292,T002060,Alimentação,228.49,2024-11-23,True
E0006293,T002060,Transporte terrestre,152.52,2024-11-23,True
E0006294,T002060,Ajuste de reembolso,-21.33,2024-11-28,False
E0006295,T002061,Alimentação,564.53,2024-03-25,True
E0006296,T002061,Transporte terrestre,265.04,2024-03-25,True
E0006297,T002061,Ajuste de reembolso,-3.32,2024-03-29,False
E0006298,T002062,Alimentação,354.43,2025-07-31,True
E0006299,T002062,Transporte terrestre,218.77,2025-07-31,True
E0006300,T002062,Ajuste de reembolso,24.34,2025-08-04,False
E0006301,T002063,Alimentação,123.96,2024-12-24,True
E0006302,T002063,Transporte terrestre,73.72,2024-12-24,True
E0006303,T002063,Ajuste de reembolso,-21.77,2025-01-06,False
E0006304,T002064,Alimentação,213.58,2025-04-10,True
E0006305,T002064,Transporte terrestre,138.42,2025-04-10,True
E0006306,T002064,Ajuste de reembolso,25.61,2025-04-21,False
E0006307,T002065,Alimentação,292.51,2025-10-25,True
E0006308,T002065,Transporte terrestre,135.7,2025-10-25,True
E0006309,T002065,Ajuste de reembolso,-2.34,2025-11-06,False
E0006310,T002066,Alimentação,84.13,2025-10-08,True
E0006311,T002066,Transporte terrestre,61.67,2025-10-08,True
E0006312,T002066,Ajuste de reembolso,17.65,2025-10-10,False
E0006313,T002067,Alimentação,398.65,2025-03-31,True
E0006314,T002067,Transporte terrestre,240.9,2025-03-31,True
E0006315,T002067,Ajuste de reembolso,7.45,2025-04-14,False
E0006316,T002068,Alimentação,523.76,2025-06-10,True
E0006317,T002068,Transporte terrestre,296.3,2025-06-10,True
E0006318,T002068,Ajuste de reembolso,9.8,2025-06-26,False
E0006319,T002069,Alimentação,505.19,2025-08-05,True
E0006320,T002069,Transporte terrestre,450.54,2025-08-05,True
E0006321,T002069,Ajuste de reembolso,-24.9,2025-08-19,False
E0006322,T002070,Alimentação,699.54,2025-04-11,True
E0006323,T002070,Transporte terrestre,489.06,2025-04-11,True
E0006324,T002070,Ajuste de reembolso,44.84,2025-04-22,False
E0006325,T002071,Alimentação,177.61,2024-11-01,True
E0006326,T002071,Transporte terrestre,141.49,2024-11-01,True
E0006327,T002071,Ajuste de reembolso,-14.83,2024-11-10,False
E0006328,T002072,Alimentação,278.66,2024-10-05,True
E0006329,T002072,Transporte terrestre,184.47,2024-10-05,True
E0006330,T002072,Ajuste de reembolso,-12.97,2024-10-11,False
E0006331,T002073,Alimentação,422.22,2024-11-10,True
E0006332,T002073,Transporte terrestre,263.59,2024-11-10,True
E0006333,T002073,Pedágio,190.11,2024-11-10,True
E0006334,T002073,Ajuste de reembolso,43.12,2024-11-23,False
E0006335,T002074,Alimentação,266.89,2025-02-25,True
E0006336,T002074,Transporte terrestre,180.49,2025-02-25,True
E0006337,T002074,Ajuste de reembolso,9.21,2025-03-09,False
E0006338,T002075,Alimentação,427.32,2025-06-03,True
E0006339,T002075,Transporte terrestre,480.08,2025-06-03,True
E0006340,T002075,Taxa,261.75,2025-06-03,True
E0006341,T002075,Ajuste de reembolso,-23.43,2025-06-13,False
E0006342,T002076,Alimentação,158.21,2025-11-15,True
E0006343,T002076,Transporte terrestre,72.72,2025-11-15,True
E0006344,T002076,Ajuste de reembolso,29.0,2025-11-20,False
E0006345,T002077,Alimentação,333.68,2025-11-29,True
E0006346,T002077,Transporte terrestre,172.97,2025-11-29,True
E0006347,T002077,Ajuste de reembolso,11.48,2025-12-15,False
E0006348,T002078,Alimentação,129.05,2025-06-24,True
E0006349,T002078,Transporte terrestre,51.27,2025-06-24,True
E0006350,T002078,Ajuste de reembolso,16.16,2025-06-29,False
E0006351,T002079,Alimentação,100.35,2024-03-04,True
E0006352,T002079,Transporte terrestre,72.68,2024-03-04,True
E0006353,T002079,Taxa,174.58,2024-03-04,True
E0006354,T002079,Ajuste de reembolso,-10.1,2024-03-20,False
E0006355,T002080,Alimentação,399.86,2025-08-27,True
E0006356,T002080,Transporte terrestre,545.67,2025-08-27,True
E0006357,T002080,Ajuste de reembolso,43.22,2025-09-17,False
E0006358,T002081,Alimentação,603.33,2025-07-07,True
E0006359,T002081,Transporte terrestre,257.41,2025-07-07,True
E0006360,T002081,Estacionamento,58.74,2025-07-07,True
E0006361,T002081,Ajuste de reembolso,12.74,2025-07-20,False
E0006362,T002082,Alimentação,484.46,2024-08-03,True
E0006363,T002082,Transporte terrestre,210.05,2024-08-03,True
E0006364,T002082,Ajuste de reembolso,38.82,2024-08-16,False
E0006365,T002083,Alimentação,287.47,2025-03-08,True
E0006366,T002083,Transporte terrestre,214.47,2025-03-08,True
E0006367,T002083,Outros,123.2,2025-03-08,True
E0006368,T002083,Ajuste de reembolso,-12.08,2025-03-23,False
E0006369,T002084,Alimentação,377.17,2024-08-25,True
E0006370,T002084,Transporte terrestre,226.55,2024-08-25,True
E0006371,T002084,Ajuste de reembolso,17.3,2024-09-08,False
E0006372,T002085,Alimentação,485.07,2025-10-19,True
E0006373,T002085,Transporte terrestre,227.44,2025-10-19,True
E0006374,T002085,Taxa,270.39,2025-10-19,True
E0006375,T002085,Ajuste de reembolso,22.09,2025-10-26,False
E0006376,T002086,Alimentação,214.3,2025-06-24,True
E0006377,T002086,Transporte terrestre,207.6,2025-06-24,True
E0006378,T002086,Estacionamento,134.84,2025-06-24,True
E0006379,T002086,Ajuste de reembolso,-2.73,2025-07-01,False
E0006380,T002087,Alimentação,250.06,2025-10-29,True
E0006381,T002087,Transporte terrestre,133.97,2025-10-29,True
E0006382,T002087,Estacionamento,211.54,2025-10-29,True
E0006383,T002087,Ajuste de reembolso,-7.71,2025-11-14,False
E0006384,T002088,Alimentação,329.83,2024-11-29,True
E0006385,T002088,Transporte terrestre,231.3,2024-11-29,True
E0006386,T002088,Ajuste de reembolso,-8.61,2024-12-08,False
E0006387,T002089,Alimentação,312.85,2025-11-03,True
E0006388,T002089,Transporte terrestre,156.2,2025-11-03,True
E0006389,T002089,Ajuste de reembolso,-8.89,2025-11-09,False
E0006390,T002090,Alimentação,446.22,2025-01-09,True
E0006391,T002090,Transporte terrestre,277.25,2025-01-09,True
E0006392,T002090,Ajuste de reembolso,-13.03,2025-01-20,False
E0006393,T002091,Alimentação,503.32,2025-03-18,True
E0006394,T002091,Transporte terrestre,456.31,2025-03-18,True
E0006395,T002091,Ajuste de reembolso,39.83,2025-03-27,False
E0006396,T002092,Alimentação,471.06,2025-05-06,True
E0006397,T002092,Transporte terrestre,262.33,2025-05-06,True
E0006398,T002092,Ajuste de reembolso,8.26,2025-05-21,False
E0006399,T002093,Alimentação,443.55,2025-11-18,True
E0006400,T002093,Transporte terrestre,316.33,2025-11-18,True
E0006401,T002093,Ajuste de reembolso,23.79,2025-12-02,False
E0006402,T002094,Alimentação,115.77,2024-05-29,True
E0006403,T002094,Transporte terrestre,138.45,2024-05-29,True
E0006404,T002094,Pedágio,256.84,2024-05-29,True
E0006405,T002094,Ajuste de reembolso,-2.06,2024-06-06,False
E0006406,T002095,Alimentação,139.28,2024-06-28,True
E0006407,T002095,Transporte terrestre,133.64,2024-06-28,True
E0006408,T002095,Ajuste de reembolso,3.11,2024-07-11,False
E0006409,T002096,Alimentação,262.31,2024-06-15,True
E0006410,T002096,Transporte terrestre,126.09,2024-06-15,True
E0006411,T002096,Ajuste de reembolso,40.31,2024-06-28,False
E0006412,T002097,Alimentação,282.37,2024-04-09,True
E0006413,T002097,Transporte terrestre,128.77,2024-04-09,True
E0006414,T002097,Taxa,64.92,2024-04-09,True
E0006415,T002097,Ajuste de reembolso,37.8,2024-04-17,False
E0006416,T002098,Alimentação,310.66,2024-01-16,True
E0006417,T002098,Transporte terrestre,220.12,2024-01-16,True
E0006418,T002098,Ajuste de reembolso,7.28,2024-01-27,False
E0006419,T002099,Alimentação,80.3,2025-11-21,True
E0006420,T002099,Transporte terrestre,84.62,2025-11-21,True
E0006421,T002099,Pedágio,187.34,2025-11-21,True
E0006422,T002099,Ajuste de reembolso,23.8,2025-12-03,False
E0006423,T002100,Alimentação,195.31,2024-01-12,True
E0006424,T002100,Transporte terrestre,211.69,2024-01-12,True
E0006425,T002100,Ajuste de reembolso,17.0,2024-01-25,False
E0006426,T002101,Alimentação,685.7,2025-10-31,True
E0006427,T002101,Transporte terrestre,481.12,2025-10-31,True
E0006428,T002101,Ajuste de reembolso,21.7,2025-11-13,False
E0006429,T002102,Alimentação,92.29,2025-06-12,True
E0006430,T002102,Transporte terrestre,58.93,2025-06-12,True
E0006431,T002102,Ajuste de reembolso,26.15,2025-06-20,False
E0006432,T002103,Alimentação,102.32,2024-04-30,True
E0006433,T002103,Transporte terrestre,85.63,2024-04-30,True
E0006434,T002103,Ajuste de reembolso,22.81,2024-05-09,False
E0006435,T002105,Alimentação,368.08,2024-06-10,True
E0006436,T002105,Transporte terrestre,243.64,2024-06-10,True
E0006437,T002105,Ajuste de reembolso,4.33,2024-06-25,False
E0006438,T002106,Alimentação,114.54,2025-12-23,True
E0006439,T002106,Transporte terrestre,50.1,2025-12-23,True
E0006440,T002106,Outros,43.49,2025-12-23,True
E0006441,T002106,Ajuste de reembolso,-1.52,2026-01-01,False
E0006442,T002107,Alimentação,371.47,2025-03-17,True
E0006443,T002107,Transporte terrestre,216.28,2025-03-17,True
E0006444,T002107,Estacionamento,212.26,2025-03-17,True
E0006445,T002107,Ajuste de reembolso,19.72,2025-04-08,False
E0006446,T002108,Alimentação,219.18,2025-08-08,True
E0006447,T002108,Transporte terrestre,157.4,2025-08-08,True
E0006448,T002108,Ajuste de reembolso,43.45,2025-08-13,False
E0006449,T002109,Alimentação,68.38,2025-10-27,True
E0006450,T002109,Transporte terrestre,53.73,2025-10-27,True
E0006451,T002109,Ajuste de reembolso,36.66,2025-11-04,False
E0006452,T002110,Alimentação,184.82,2024-10-11,True
E0006453,T002110,Transporte terrestre,133.36,2024-10-11,True
E0006454,T002110,Ajuste de reembolso,43.6,2024-11-01,False
E0006455,T002111,Alimentação,163.94,2024-08-29,True
E0006456,T002111,Transporte terrestre,174.32,2024-08-29,True
E0006457,T002111,Pedágio,243.87,2024-08-29,True
E0006458,T002111,Ajuste de reembolso,16.4,2024-09-02,False
E0006459,T002112,Alimentação,173.69,2025-10-25,True
E0006460,T002112,Transporte terrestre,64.16,2025-10-25,True
E0006461,T002112,Pedágio,197.01,2025-10-25,True
E0006462,T002112,Ajuste de reembolso,33.0,2025-11-04,False
E0006463,T002113,Alimentação,157.77,2024-05-04,True
E0006464,T002113,Transporte terrestre,101.05,2024-05-04,True
E0006465,T002113,Ajuste de reembolso,5.51,2024-05-17,False
E0006466,T002114,Alimentação,471.88,2024-10-14,True
E0006467,T002114,Transporte terrestre,415.72,2024-10-14,True
E0006468,T002114,Ajuste de reembolso,-15.14,2024-10-22,False
E0006469,T002115,Alimentação,670.4,2024-10-12,True
E0006470,T002115,Transporte terrestre,286.24,2024-10-12,True
E0006471,T002115,Ajuste de reembolso,3.29,2024-10-30,False
E0006472,T002116,Alimentação,507.01,2024-10-24,True
E0006473,T002116,Transporte terrestre,445.57,2024-10-24,True
E0006474,T002116,Ajuste de reembolso,9.83,2024-11-07,False
E0006475,T002117,Alimentação,316.93,2024-06-27,True
E0006476,T002117,Transporte terrestre,162.76,2024-06-27,True
E0006477,T002117,Ajuste de reembolso,-15.41,2024-07-12,False
E0006478,T002118,Alimentação,316.87,2024-03-02,True
E0006479,T002118,Transporte terrestre,108.13,2024-03-02,True
E0006480,T002118,Ajuste de reembolso,31.93,2024-03-19,False
E0006481,T002119,Alimentação,412.12,2025-06-02,True
E0006482,T002119,Transporte terrestre,219.39,2025-06-02,True
E0006483,T002119,Ajuste de reembolso,-9.77,2025-06-12,False
E0006484,T002120,Alimentação,466.4,2025-02-11,True
E0006485,T002120,Transporte terrestre,357.83,2025-02-11,True
E0006486,T002120,Ajuste de reembolso,11.31,2025-02-25,False
E0006487,T002121,Alimentação,557.68,2024-06-09,True
E0006488,T002121,Transporte terrestre,579.51,2024-06-09,True
E0006489,T002121,Ajuste de reembolso,-22.08,2024-06-20,False
E0006490,T002122,Alimentação,704.09,2024-09-19,True
E0006491,T002122,Transporte terrestre,410.25,2024-09-19,True
E0006492,T002122,Ajuste de reembolso,26.1,2024-10-03,False
E0006493,T002123,Alimentação,308.77,2024-11-10,True
E0006494,T002123,Transporte terrestre,273.27,2024-11-10,True
E0006495,T002123,Ajuste de reembolso,-11.91,2024-11-17,False
E0006496,T002124,Alimentação,177.79,2024-02-03,True
E0006497,T002124,Transporte terrestre,191.98,2024-02-03,True
E0006498,T002124,Ajuste de reembolso,-12.39,2024-02-16,False
E0006499,T002125,Alimentação,416.41,2025-06-26,True
E0006500,T002125,Transporte terrestre,187.2,2025-06-26,True
E0006501,T002125,Ajuste de reembolso,36.27,2025-07-09,False
E0006502,T002126,Alimentação,518.47,2025-04-02,True
E0006503,T002126,Transporte terrestre,373.44,2025-04-02,True
E0006504,T002126,Pedágio,78.02,2025-04-02,True
E0006505,T002126,Ajuste de reembolso,15.23,2025-04-14,False
E0006506,T002127,Alimentação,318.48,2024-07-16,True
E0006507,T002127,Transporte terrestre,372.11,2024-07-16,True
E0006508,T002127,Ajuste de reembolso,18.95,2024-07-26,False
E0006509,T002128,Alimentação,202.73,2025-03-22,True
E0006510,T002128,Transporte terrestre,276.26,2025-03-22,True
E0006511,T002128,Ajuste de reembolso,9.64,2025-03-26,False
E0006512,T002129,Alimentação,459.38,2025-01-18,True
E0006513,T002129,Transporte terrestre,284.51,2025-01-18,True
E0006514,T002129,Ajuste de reembolso,6.5,2025-01-30,False
E0006515,T002130,Alimentação,261.82,2025-09-23,True
E0006516,T002130,Transporte terrestre,212.06,2025-09-23,True
E0006517,T002130,Ajuste de reembolso,27.43,2025-09-30,False
E0006518,T002131,Alimentação,567.46,2024-03-12,True
E0006519,T002131,Transporte terrestre,251.55,2024-03-12,True
E0006520,T002131,Ajuste de reembolso,38.74,2024-03-20,False
E0006521,T002132,Alimentação,167.75,2025-03-15,True
E0006522,T002132,Transporte terrestre,234.59,2025-03-15,True
E0006523,T002132,Ajuste de reembolso,0.7,2025-03-29,False
E0006524,T002133,Alimentação,486.98,2025-08-13,True
E0006525,T002133,Transporte terrestre,274.21,2025-08-13,True
E0006526,T002133,Ajuste de reembolso,-0.11,2025-08-30,False
E0006527,T002134,Alimentação,284.66,2024-01-16,True
E0006528,T002134,Transporte terrestre,180.61,2024-01-16,True
E0006529,T002134,Pedágio,35.47,2024-01-16,True
E0006530,T002134,Ajuste de reembolso,29.17,2024-01-19,False
E0006531,T002135,Alimentação,456.73,2024-02-04,True
E0006532,T002135,Transporte terrestre,216.48,2024-02-04,True
E0006533,T002135,Ajuste de reembolso,-22.55,2024-02-12,False
E0006534,T002136,Alimentação,851.19,2024-08-23,True
E0006535,T002136,Transporte terrestre,266.33,2024-08-23,True
E0006536,T002136,Ajuste de reembolso,3.6,2024-09-07,False
E0006537,T002137,Alimentação,273.02,2025-05-16,True
E0006538,T002137,Transporte terrestre,270.99,2025-05-16,True
E0006539,T002137,Ajuste de reembolso,14.56,2025-06-02,False
E0006540,T002138,Alimentação,161.18,2024-12-24,True
E0006541,T002138,Transporte terrestre,178.6,2024-12-24,True
E0006542,T002138,Ajuste de reembolso,25.56,2025-01-02,False
E0006543,T002139,Alimentação,231.53,2024-03-11,True
E0006544,T002139,Transporte terrestre,141.71,2024-03-11,True
E0006545,T002139,Ajuste de reembolso,-15.1,2024-03-18,False
E0006546,T002140,Alimentação,45.11,2024-02-04,True
E0006547,T002140,Transporte terrestre,44.55,2024-02-04,True
E0006548,T002140,Ajuste de reembolso,10.16,2024-02-06,False
E0006549,T002141,Alimentação,283.12,2025-08-29,True
E0006550,T002141,Transporte terrestre,133.68,2025-08-29,True
E0006551,T002141,Ajuste de reembolso,-9.13,2025-09-03,False
E0006552,T002142,Alimentação,82.71,2024-09-09,True
E0006553,T002142,Transporte terrestre,61.82,2024-09-09,True
E0006554,T002142,Ajuste de reembolso,19.5,2024-09-14,False
E0006555,T002143,Alimentação,96.97,2024-09-05,True
E0006556,T002143,Transporte terrestre,57.73,2024-09-05,True
E0006557,T002143,Ajuste de reembolso,36.89,2024-09-12,False
E0006558,T002144,Alimentação,255.86,2024-05-05,True
E0006559,T002144,Transporte terrestre,203.77,2024-05-05,True
E0006560,T002144,Ajuste de reembolso,-23.68,2024-05-17,False
E0006561,T002145,Alimentação,765.44,2024-09-10,True
E0006562,T002145,Transporte terrestre,237.95,2024-09-10,True
E0006563,T002145,Ajuste de reembolso,24.04,2024-09-18,False
E0006564,T002146,Alimentação,416.26,2025-06-13,True
E0006565,T002146,Transporte terrestre,280.52,2025-06-13,True
E0006566,T002146,Ajuste de reembolso,-0.2,2025-06-25,False
E0006567,T002147,Alimentação,733.29,2025-04-08,True
E0006568,T002147,Transporte terrestre,530.04,2025-04-08,True
E0006569,T002147,Ajuste de reembolso,22.89,2025-04-24,False
E0006570,T002148,Alimentação,377.38,2025-04-13,True
E0006571,T002148,Transporte terrestre,194.19,2025-04-13,True
E0006572,T002148,Ajuste de reembolso,17.72,2025-04-16,False
E0006573,T002149,Alimentação,282.52,2024-09-03,True
E0006574,T002149,Transporte terrestre,230.13,2024-09-03,True
E0006575,T002149,Ajuste de reembolso,-3.73,2024-09-14,False
E0006576,T002150,Alimentação,244.26,2024-10-07,True
E0006577,T002150,Transporte terrestre,207.81,2024-10-07,True
E0006578,T002150,Outros,42.33,2024-10-07,True
E0006579,T002150,Ajuste de reembolso,-7.02,2024-10-22,False
E0006580,T002151,Alimentação,399.62,2025-11-23,True
E0006581,T002151,Transporte terrestre,219.79,2025-11-23,True
E0006582,T002151,Pedágio,189.91,2025-11-23,True
E0006583,T002151,Ajuste de reembolso,-6.08,2025-11-30,False
E0006584,T002152,Alimentação,87.79,2025-09-03,True
E0006585,T002152,Transporte terrestre,63.49,2025-09-03,True
E0006586,T002152,Ajuste de reembolso,19.91,2025-09-12,False
E0006587,T002153,Alimentação,407.79,2025-10-29,True
E0006588,T002153,Transporte terrestre,295.51,2025-10-29,True
E0006589,T002153,Ajuste de reembolso,44.17,2025-11-04,False
E0006590,T002154,Alimentação,168.79,2025-07-03,True
E0006591,T002154,Transporte terrestre,165.45,2025-07-03,True
E0006592,T002154,Taxa,276.51,2025-07-03,True
E0006593,T002154,Ajuste de reembolso,6.66,2025-07-20,False
E0006594,T002155,Alimentação,352.47,2025-03-10,True
E0006595,T002155,Transporte terrestre,194.98,2025-03-10,True
E0006596,T002155,Ajuste de reembolso,7.98,2025-03-25,False
E0006597,T002156,Alimentação,66.01,2025-03-16,True
E0006598,T002156,Transporte terrestre,67.44,2025-03-16,True
E0006599,T002156,Ajuste de reembolso,-23.53,2025-03-18,False
E0006600,T002157,Alimentação,430.21,2024-06-13,True
E0006601,T002157,Transporte terrestre,137.23,2024-06-13,True
E0006602,T002157,Outros,275.61,2024-06-13,True
E0006603,T002157,Ajuste de reembolso,10.4,2024-06-30,False
E0006604,T002158,Alimentação,73.68,2024-03-26,True
E0006605,T002158,Transporte terrestre,74.58,2024-03-26,True
E0006606,T002158,Ajuste de reembolso,-6.37,2024-04-10,False
E0006607,T002159,Alimentação,90.53,2024-02-03,True
E0006608,T002159,Transporte terrestre,93.97,2024-02-03,True
E0006609,T002159,Outros,273.76,2024-02-03,True
E0006610,T002159,Ajuste de reembolso,-2.98,2024-02-10,False
E0006611,T002160,Alimentação,207.45,2025-04-23,True
E0006612,T002160,Transporte terrestre,196.38,2025-04-23,True
E0006613,T002160,Pedágio,205.45,2025-04-23,True
E0006614,T002160,Ajuste de reembolso,31.83,2025-05-07,False
E0006615,T002161,Alimentação,123.33,2024-11-07,True
E0006616,T002161,Transporte terrestre,141.75,2024-11-07,True
E0006617,T002161,Ajuste de reembolso,32.37,2024-11-28,False
E0006618,T002162,Alimentação,81.55,2025-06-21,True
E0006619,T002162,Transporte terrestre,54.98,2025-06-21,True
E0006620,T002162,Taxa,55.38,2025-06-21,True
E0006621,T002162,Ajuste de reembolso,7.13,2025-06-27,False
E0006622,T002163,Alimentação,172.78,2025-09-30,True
E0006623,T002163,Transporte terrestre,97.43,2025-09-30,True
E0006624,T002163,Ajuste de reembolso,19.65,2025-10-04,False
E0006625,T002164,Alimentação,416.43,2025-07-01,True
E0006626,T002164,Transporte terrestre,320.21,2025-07-01,True
E0006627,T002164,Ajuste de reembolso,40.25,2025-07-13,False
E0006628,T002165,Alimentação,127.51,2025-11-26,True
E0006629,T002165,Transporte terrestre,67.11,2025-11-26,True
E0006630,T002165,Ajuste de reembolso,15.08,2025-12-11,False
E0006631,T002166,Alimentação,364.32,2024-01-04,True
E0006632,T002166,Transporte terrestre,265.12,2024-01-04,True
E0006633,T002166,Ajuste de reembolso,4.57,2024-01-18,False
E0006634,T002167,Alimentação,80.68,2025-11-22,True
E0006635,T002167,Transporte terrestre,54.61,2025-11-22,True
E0006636,T002167,Ajuste de reembolso,9.03,2025-12-06,False
E0006637,T002168,Alimentação,233.94,2025-11-11,True
E0006638,T002168,Transporte terrestre,171.56,2025-11-11,True
E0006639,T002168,Ajuste de reembolso,-4.32,2025-11-22,False
E0006640,T002169,Alimentação,350.4,2025-11-24,True
E0006641,T002169,Transporte terrestre,392.31,2025-11-24,True
E0006642,T002169,Ajuste de reembolso,39.47,2025-12-10,False
E0006643,T002170,Alimentação,310.35,2024-06-29,True
E0006644,T002170,Transporte terrestre,222.57,2024-06-29,True
E0006645,T002170,Ajuste de reembolso,27.38,2024-07-15,False
E0006646,T002171,Alimentação,217.11,2024-09-12,True
E0006647,T002171,Transporte terrestre,104.89,2024-09-12,True
E0006648,T002171,Pedágio,260.51,2024-09-12,True
E0006649,T002171,Ajuste de reembolso,-10.12,2024-09-14,False
E0006650,T002172,Alimentação,268.46,2025-09-01,True
E0006651,T002172,Transporte terrestre,262.34,2025-09-01,True
E0006652,T002172,Ajuste de reembolso,29.18,2025-09-07,False
E0006653,T002173,Alimentação,233.87,2025-06-23,True
E0006654,T002173,Transporte terrestre,145.94,2025-06-23,True
E0006655,T002173,Ajuste de reembolso,17.59,2025-07-03,False
E0006656,T002174,Alimentação,282.5,2024-04-23,True
E0006657,T002174,Transporte terrestre,237.97,2024-04-23,True
E0006658,T002174,Ajuste de reembolso,5.31,2024-05-13,False
E0006659,T002175,Alimentação,605.03,2024-03-28,True
E0006660,T002175,Transporte terrestre,348.72,2024-03-28,True
E0006661,T002175,Ajuste de reembolso,34.78,2024-04-12,False
E0006662,T002177,Alimentação,282.98,2025-11-20,True
E0006663,T002177,Transporte terrestre,275.3,2025-11-20,True
E0006664,T002177,Ajuste de reembolso,8.44,2025-12-06,False
E0006665,T002178,Alimentação,410.67,2025-10-22,True
E0006666,T002178,Transporte terrestre,281.59,2025-10-22,True
E0006667,T002178,Ajuste de reembolso,-12.87,2025-11-04,False
E0006668,T002179,Alimentação,370.47,2025-10-05,True
E0006669,T002179,Transporte terrestre,221.61,2025-10-05,True
E0006670,T002179,Ajuste de reembolso,-8.61,2025-10-24,False
E0006671,T002180,Alimentação,236.28,2024-11-16,True
E0006672,T002180,Transporte terrestre,194.27,2024-11-16,True
E0006673,T002180,Ajuste de reembolso,20.44,2024-11-26,False
E0006674,T002181,Alimentação,366.94,2024-03-13,True
E0006675,T002181,Transporte terrestre,510.35,2024-03-13,True
E0006676,T002181,Ajuste de reembolso,7.36,2024-03-24,False
E0006677,T002182,Alimentação,190.29,2025-04-23,True
E0006678,T002182,Transporte terrestre,181.08,2025-04-23,True
E0006679,T002182,Ajuste de reembolso,-12.95,2025-04-26,False
E0006680,T002183,Alimentação,220.06,2025-03-08,True
E0006681,T002183,Transporte terrestre,162.62,2025-03-08,True
E0006682,T002183,Ajuste de reembolso,37.91,2025-03-13,False
E0006683,T002184,Alimentação,754.57,2025-10-02,True
E0006684,T002184,Transporte terrestre,641.94,2025-10-02,True
E0006685,T002184,Outros,231.88,2025-10-02,True
E0006686,T002184,Ajuste de reembolso,-7.64,2025-10-12,False
E0006687,T002185,Alimentação,290.48,2025-04-29,True
E0006688,T002185,Transporte terrestre,132.54,2025-04-29,True
E0006689,T002185,Ajuste de reembolso,-7.96,2025-05-10,False
E0006690,T002186,Alimentação,484.32,2024-09-06,True
E0006691,T002186,Transporte terrestre,367.37,2024-09-06,True
E0006692,T002186,Outros,98.48,2024-09-06,True
E0006693,T002186,Ajuste de reembolso,0.3,2024-09-14,False
E0006694,T002187,Alimentação,351.67,2025-11-01,True
E0006695,T002187,Transporte terrestre,305.08,2025-11-01,True
E0006696,T002187,Taxa,196.43,2025-11-01,True
E0006697,T002187,Ajuste de reembolso,-20.97,2025-11-10,False
E0006698,T002188,Alimentação,196.06,2025-12-14,True
E0006699,T002188,Transporte terrestre,97.94,2025-12-14,True
E0006700,T002188,Ajuste de reembolso,-5.25,2025-12-21,False
E0006701,T002189,Alimentação,375.56,2025-06-20,True
E0006702,T002189,Transporte terrestre,203.09,2025-06-20,True
E0006703,T002189,Ajuste de reembolso,13.39,2025-06-25,False
E0006704,T002190,Alimentação,399.18,2024-05-21,True
E0006705,T002190,Transporte terrestre,224.25,2024-05-21,True
E0006706,T002190,Outros,81.76,2024-05-21,True
E0006707,T002190,Ajuste de reembolso,42.52,2024-06-06,False
E0006708,T002191,Alimentação,287.42,2025-11-19,True
E0006709,T002191,Transporte terrestre,109.3,2025-11-19,True
E0006710,T002191,Ajuste de reembolso,43.05,2025-11-30,False
E0006711,T002192,Alimentação,209.4,2025-06-10,True
E0006712,T002192,Transporte terrestre,106.05,2025-06-10,True
E0006713,T002192,Outros,122.23,2025-06-10,True
E0006714,T002192,Ajuste de reembolso,37.78,2025-06-12,False
E0006715,T002193,Alimentação,349.05,2024-05-07,True
E0006716,T002193,Transporte terrestre,135.08,2024-05-07,True
E0006717,T002193,Ajuste de reembolso,-15.95,2024-05-18,False
E0006718,T002194,Alimentação,111.11,2025-07-12,True
E0006719,T002194,Transporte terrestre,43.29,2025-07-12,True
E0006720,T002194,Ajuste de reembolso,35.94,2025-07-19,False
E0006721,T002195,Alimentação,359.67,2025-12-09,True
E0006722,T002195,Transporte terrestre,293.76,2025-12-09,True
E0006723,T002195,Ajuste de reembolso,-11.86,2025-12-14,False
E0006724,T002196,Alimentação,418.8,2025-01-17,True
E0006725,T002196,Transporte terrestre,396.7,2025-01-17,True
E0006726,T002196,Ajuste de reembolso,12.15,2025-01-21,False
E0006727,T002197,Alimentação,377.68,2025-02-12,True
E0006728,T002197,Transporte terrestre,272.34,2025-02-12,True
E0006729,T002197,Ajuste de reembolso,4.62,2025-02-24,False
E0006730,T002198,Alimentação,240.91,2024-09-10,True
E0006731,T002198,Transporte terrestre,128.12,2024-09-10,True
E0006732,T002198,Ajuste de reembolso,-5.54,2024-09-23,False
E0006733,T002199,Alimentação,342.99,2024-10-22,True
E0006734,T002199,Transporte terrestre,137.86,2024-10-22,True
E0006735,T002199,Ajuste de reembolso,-16.82,2024-10-29,False
E0006736,T002200,Alimentação,394.46,2025-06-09,True
E0006737,T002200,Transporte terrestre,400.01,2025-06-09,True
E0006738,T002200,Ajuste de reembolso,-15.54,2025-06-21,False
E0006739,T002201,Alimentação,328.25,2024-10-23,True
E0006740,T002201,Transporte terrestre,358.78,2024-10-23,True
E0006741,T002201,Ajuste de reembolso,29.81,2024-11-03,False
E0006742,T002202,Alimentação,441.35,2024-10-14,True
E0006743,T002202,Transporte terrestre,258.49,2024-10-14,True
E0006744,T002202,Ajuste de reembolso,-19.78,2024-10-18,False
E0006745,T002203,Alimentação,232.49,2025-07-07,True
E0006746,T002203,Transporte terrestre,216.17,2025-07-07,True
E0006747,T002203,Ajuste de reembolso,7.85,2025-07-18,False
E0006748,T002204,Alimentação,277.06,2025-11-30,True
E0006749,T002204,Transporte terrestre,216.18,2025-11-30,True
E0006750,T002204,Ajuste de reembolso,-15.35,2025-12-18,False
E0006751,T002205,Alimentação,72.37,2025-09-12,True
E0006752,T002205,Transporte terrestre,72.13,2025-09-12,True
E0006753,T002205,Ajuste de reembolso,-17.38,2025-09-23,False
E0006754,T002206,Alimentação,299.53,2024-08-09,True
E0006755,T002206,Transporte terrestre,215.8,2024-08-09,True
E0006756,T002206,Ajuste de reembolso,2.26,2024-08-29,False
E0006757,T002207,Alimentação,161.97,2024-08-02,True
E0006758,T002207,Transporte terrestre,203.65,2024-08-02,True
E0006759,T002207,Ajuste de reembolso,9.47,2024-08-05,False
E0006760,T002208,Alimentação,147.25,2025-05-01,True
E0006761,T002208,Transporte terrestre,105.76,2025-05-01,True
E0006762,T002208,Ajuste de reembolso,-14.05,2025-05-13,False
E0006763,T002209,Alimentação,93.49,2024-05-13,True
E0006764,T002209,Transporte terrestre,52.15,2024-05-13,True
E0006765,T002209,Ajuste de reembolso,42.87,2024-06-04,False
E0006766,T002211,Alimentação,109.4,2024-09-05,True
E0006767,T002211,Transporte terrestre,51.8,2024-09-05,True
E0006768,T002211,Ajuste de reembolso,10.41,2024-09-22,False
E0006769,T002212,Alimentação,290.61,2024-02-25,True
E0006770,T002212,Transporte terrestre,218.79,2024-02-25,True
E0006771,T002212,Ajuste de reembolso,32.83,2024-03-07,False
E0006772,T002213,Alimentação,249.38,2024-09-20,True
E0006773,T002213,Transporte terrestre,192.25,2024-09-20,True
E0006774,T002213,Ajuste de reembolso,-12.91,2024-09-25,False
E0006775,T002214,Alimentação,423.79,2025-10-14,True
E0006776,T002214,Transporte terrestre,204.05,2025-10-14,True
E0006777,T002214,Estacionamento,37.4,2025-10-14,True
E0006778,T002214,Ajuste de reembolso,0.11,2025-10-27,False
E0006779,T002215,Alimentação,157.68,2025-01-02,True
E0006780,T002215,Transporte terrestre,104.05,2025-01-02,True
E0006781,T002215,Ajuste de reembolso,32.64,2025-01-09,False
E0006782,T002216,Alimentação,270.8,2024-06-29,True
E0006783,T002216,Transporte terrestre,168.99,2024-06-29,True
E0006784,T002216,Ajuste de reembolso,0.14,2024-07-16,False
E0006785,T002217,Alimentação,250.52,2024-05-18,True
E0006786,T002217,Transporte terrestre,322.32,2024-05-18,True
E0006787,T002217,Ajuste de reembolso,8.95,2024-05-31,False
E0006788,T002218,Alimentação,166.33,2024-12-01,True
E0006789,T002218,Transporte terrestre,93.77,2024-12-01,True
E0006790,T002218,Ajuste de reembolso,28.74,2024-12-14,False
E0006791,T002219,Alimentação,201.22,2025-06-05,True
E0006792,T002219,Transporte terrestre,127.32,2025-06-05,True
E0006793,T002219,Ajuste de reembolso,-7.0,2025-06-19,False
E0006794,T002220,Alimentação,51.95,2025-08-30,True
E0006795,T002220,Transporte terrestre,74.67,2025-08-30,True
E0006796,T002220,Pedágio,191.51,2025-08-30,True
E0006797,T002220,Ajuste de reembolso,37.25,2025-09-08,False
E0006798,T002221,Alimentação,302.33,2025-11-26,True
E0006799,T002221,Transporte terrestre,447.81,2025-11-26,True
E0006800,T002221,Outros,79.4,2025-11-26,True
E0006801,T002221,Ajuste de reembolso,-9.1,2025-12-12,False
E0006802,T002222,Alimentação,220.43,2024-05-14,True
E0006803,T002222,Transporte terrestre,110.18,2024-05-14,True
E0006804,T002222,Ajuste de reembolso,12.51,2024-05-27,False
E0006805,T002223,Alimentação,261.56,2025-03-15,True
E0006806,T002223,Transporte terrestre,195.45,2025-03-15,True
E0006807,T002223,Ajuste de reembolso,33.96,2025-03-24,False
E0006808,T002224,Alimentação,313.83,2025-09-26,True
E0006809,T002224,Transporte terrestre,265.78,2025-09-26,True
E0006810,T002224,Ajuste de reembolso,34.12,2025-10-11,False
E0006811,T002225,Alimentação,256.06,2024-05-11,True
E0006812,T002225,Transporte terrestre,126.49,2024-05-11,True
E0006813,T002225,Ajuste de reembolso,35.18,2024-05-23,False
E0006814,T002226,Alimentação,329.87,2024-05-27,True
E0006815,T002226,Transporte terrestre,239.22,2024-05-27,True
E0006816,T002226,Ajuste de reembolso,30.15,2024-06-10,False
E0006817,T002227,Alimentação,115.77,2024-08-31,True
E0006818,T002227,Transporte terrestre,54.17,2024-08-31,True
E0006819,T002227,Ajuste de reembolso,34.42,2024-09-11,False
E0006820,T002228,Alimentação,277.71,2025-10-03,True
E0006821,T002228,Transporte terrestre,408.21,2025-10-03,True
E0006822,T002228,Ajuste de reembolso,30.88,2025-10-12,False
E0006823,T002229,Alimentação,129.02,2024-03-14,True
E0006824,T002229,Transporte terrestre,43.26,2024-03-14,True
E0006825,T002229,Ajuste de reembolso,-9.49,2024-03-26,False
E0006826,T002230,Alimentação,269.66,2024-09-14,True
E0006827,T002230,Transporte terrestre,259.58,2024-09-14,True
E0006828,T002230,Outros,122.77,2024-09-14,True
E0006829,T002230,Ajuste de reembolso,43.27,2024-09-18,False
E0006830,T002231,Alimentação,316.24,2025-02-04,True
E0006831,T002231,Transporte terrestre,366.62,2025-02-04,True
E0006832,T002231,Ajuste de reembolso,13.2,2025-02-18,False
E0006833,T002232,Alimentação,154.38,2024-08-27,True
E0006834,T002232,Transporte terrestre,244.65,2024-08-27,True
E0006835,T002232,Ajuste de reembolso,12.83,2024-09-11,False
E0006836,T002233,Alimentação,524.18,2025-06-24,True
E0006837,T002233,Transporte terrestre,217.25,2025-06-24,True
E0006838,T002233,Taxa,43.62,2025-06-24,True
E0006839,T002233,Ajuste de reembolso,4.93,2025-07-11,False
E0006840,T002235,Alimentação,234.73,2025-01-09,True
E0006841,T002235,Transporte terrestre,248.05,2025-01-09,True
E0006842,T002235,Ajuste de reembolso,-11.09,2025-01-22,False
E0006843,T002236,Alimentação,274.5,2024-08-24,True
E0006844,T002236,Transporte terrestre,167.29,2024-08-24,True
E0006845,T002236,Ajuste de reembolso,6.3,2024-09-13,False
E0006846,T002237,Alimentação,97.48,2025-11-08,True
E0006847,T002237,Transporte terrestre,43.33,2025-11-08,True
E0006848,T002237,Outros,103.45,2025-11-08,True
E0006849,T002237,Ajuste de reembolso,42.31,2025-11-18,False
E0006850,T002238,Alimentação,310.51,2024-02-01,True
E0006851,T002238,Transporte terrestre,246.1,2024-02-01,True
E0006852,T002238,Ajuste de reembolso,22.13,2024-02-13,False
E0006853,T002239,Alimentação,274.75,2024-01-13,True
E0006854,T002239,Transporte terrestre,115.27,2024-01-13,True
E0006855,T002239,Ajuste de reembolso,7.84,2024-01-22,False
E0006856,T002242,Alimentação,119.16,2025-06-23,True
E0006857,T002242,Transporte terrestre,69.39,2025-06-23,True
E0006858,T002242,Ajuste de reembolso,43.93,2025-06-28,False
E0006859,T002243,Alimentação,237.28,2024-11-05,True
E0006860,T002243,Transporte terrestre,200.1,2024-11-05,True
E0006861,T002243,Outros,109.61,2024-11-05,True
E0006862,T002243,Ajuste de reembolso,17.96,2024-11-17,False
E0006863,T002244,Alimentação,110.31,2024-08-30,True
E0006864,T002244,Transporte terrestre,94.94,2024-08-30,True
E0006865,T002244,Ajuste de reembolso,-20.02,2024-09-05,False
E0006866,T002245,Alimentação,201.72,2025-09-18,True
E0006867,T002245,Transporte terrestre,255.85,2025-09-18,True
E0006868,T002245,Ajuste de reembolso,-7.99,2025-09-29,False
E0006869,T002246,Alimentação,656.29,2024-07-16,True
E0006870,T002246,Transporte terrestre,565.1,2024-07-16,True
E0006871,T002246,Ajuste de reembolso,-17.15,2024-07-27,False
E0006872,T002247,Alimentação,295.66,2025-10-12,True
E0006873,T002247,Transporte terrestre,198.16,2025-10-12,True
E0006874,T002247,Ajuste de reembolso,-3.83,2025-10-18,False
E0006875,T002249,Alimentação,155.66,2025-11-21,True
E0006876,T002249,Transporte terrestre,84.47,2025-11-21,True
E0006877,T002249,Ajuste de reembolso,38.94,2025-12-02,False
E0006878,T002250,Alimentação,94.35,2025-07-15,True
E0006879,T002250,Transporte terrestre,63.44,2025-07-15,True
E0006880,T002250,Ajuste de reembolso,38.22,2025-07-25,False
E0006881,T002251,Alimentação,257.31,2024-06-29,True
E0006882,T002251,Transporte terrestre,124.45,2024-06-29,True
E0006883,T002251,Ajuste de reembolso,43.18,2024-07-05,False
E0006884,T002252,Alimentação,238.81,2025-06-17,True
E0006885,T002252,Transporte terrestre,224.82,2025-06-17,True
E0006886,T002252,Ajuste de reembolso,30.16,2025-06-26,False
E0006887,T002253,Alimentação,131.84,2025-07-09,True
E0006888,T002253,Transporte terrestre,131.08,2025-07-09,True
E0006889,T002253,Ajuste de reembolso,8.56,2025-07-18,False
E0006890,T002254,Alimentação,106.34,2025-10-11,True
E0006891,T002254,Transporte terrestre,76.46,2025-10-11,True
E0006892,T002254,Outros,97.8,2025-10-11,True
E0006893,T002254,Ajuste de reembolso,31.82,2025-10-13,False
E0006894,T002255,Alimentação,189.46,2024-10-18,True
E0006895,T002255,Transporte terrestre,116.89,2024-10-18,True
E0006896,T002255,Ajuste de reembolso,29.54,2024-10-27,False
E0006897,T002256,Alimentação,204.82,2025-08-19,True
E0006898,T002256,Transporte terrestre,104.41,2025-08-19,True
E0006899,T002256,Ajuste de reembolso,-24.97,2025-09-03,False
E0006900,T002257,Alimentação,411.85,2025-12-24,True
E0006901,T002257,Transporte terrestre,259.57,2025-12-24,True
E0006902,T002257,Ajuste de reembolso,5.61,2026-01-04,False
E0006903,T002258,Alimentação,103.9,2024-06-07,True
E0006904,T002258,Transporte terrestre,61.32,2024-06-07,True
E0006905,T002258,Ajuste de reembolso,-9.64,2024-06-20,False
E0006906,T002259,Alimentação,529.85,2025-10-16,True
E0006907,T002259,Transporte terrestre,366.76,2025-10-16,True
E0006908,T002259,Ajuste de reembolso,20.23,2025-10-27,False
E0006909,T002260,Alimentação,424.13,2024-01-24,True
E0006910,T002260,Transporte terrestre,174.26,2024-01-24,True
E0006911,T002260,Ajuste de reembolso,39.86,2024-01-29,False
E0006912,T002261,Alimentação,410.61,2025-02-17,True
E0006913,T002261,Transporte terrestre,485.08,2025-02-17,True
E0006914,T002261,Ajuste de reembolso,20.33,2025-03-04,False
E0006915,T002262,Alimentação,194.01,2024-05-17,True
E0006916,T002262,Transporte terrestre,129.33,2024-05-17,True
E0006917,T002262,Pedágio,49.57,2024-05-17,True
E0006918,T002262,Ajuste de reembolso,34.16,2024-05-20,False
E0006919,T002263,Alimentação,363.69,2025-07-02,True
E0006920,T002263,Transporte terrestre,281.89,2025-07-02,True
E0006921,T002263,Ajuste de reembolso,31.32,2025-07-11,False
E0006922,T002264,Alimentação,171.48,2024-12-18,True
E0006923,T002264,Transporte terrestre,199.92,2024-12-18,True
E0006924,T002264,Ajuste de reembolso,-0.3,2024-12-31,False
E0006925,T002265,Alimentação,536.48,2024-11-08,True
E0006926,T002265,Transporte terrestre,285.71,2024-11-08,True
E0006927,T002265,Ajuste de reembolso,-21.45,2024-11-15,False
E0006928,T002266,Alimentação,127.86,2025-11-14,True
E0006929,T002266,Transporte terrestre,95.76,2025-11-14,True
E0006930,T002266,Ajuste de reembolso,-23.74,2025-11-17,False
E0006931,T002267,Alimentação,194.35,2025-05-27,True
E0006932,T002267,Transporte terrestre,137.75,2025-05-27,True
E0006933,T002267,Ajuste de reembolso,-18.92,2025-06-08,False
E0006934,T002268,Alimentação,267.64,2025-06-29,True
E0006935,T002268,Transporte terrestre,216.26,2025-06-29,True
E0006936,T002268,Ajuste de reembolso,-21.45,2025-07-02,False
E0006937,T002269,Alimentação,99.06,2024-10-22,True
E0006938,T002269,Transporte terrestre,72.65,2024-10-22,True
E0006939,T002269,Ajuste de reembolso,-7.58,2024-11-02,False
E0006940,T002270,Alimentação,89.67,2024-02-27,True
E0006941,T002270,Transporte terrestre,52.26,2024-02-27,True
E0006942,T002270,Ajuste de reembolso,-21.47,2024-03-14,False
E0006943,T002271,Alimentação,368.99,2024-05-20,True
E0006944,T002271,Transporte terrestre,135.38,2024-05-20,True
E0006945,T002271,Ajuste de reembolso,17.83,2024-06-04,False
E0006946,T002272,Alimentação,227.91,2025-09-04,True
E0006947,T002272,Transporte terrestre,136.43,2025-09-04,True
E0006948,T002272,Ajuste de reembolso,22.54,2025-09-19,False
E0006949,T002273,Alimentação,618.41,2024-11-05,True
E0006950,T002273,Transporte terrestre,317.7,2024-11-05,True
E0006951,T002273,Ajuste de reembolso,-10.16,2024-11-14,False
E0006952,T002274,Alimentação,356.44,2024-05-18,True
E0006953,T002274,Transporte terrestre,190.61,2024-05-18,True
E0006954,T002274,Ajuste de reembolso,15.5,2024-06-02,False
E0006955,T002275,Alimentação,222.87,2024-08-02,True
E0006956,T002275,Transporte terrestre,125.88,2024-08-02,True
E0006957,T002275,Ajuste de reembolso,40.68,2024-08-16,False
E0006958,T002276,Alimentação,430.84,2025-07-30,True
E0006959,T002276,Transporte terrestre,325.36,2025-07-30,True
E0006960,T002276,Ajuste de reembolso,-8.05,2025-08-04,False
E0006961,T002277,Alimentação,114.25,2024-07-26,True
E0006962,T002277,Transporte terrestre,211.59,2024-07-26,True
E0006963,T002277,Ajuste de reembolso,1.37,2024-08-10,False
E0006964,T002278,Alimentação,158.38,2025-07-15,True
E0006965,T002278,Transporte terrestre,135.67,2025-07-15,True
E0006966,T002278,Ajuste de reembolso,-23.27,2025-07-18,False
E0006967,T002279,Alimentação,247.57,2025-10-25,True
E0006968,T002279,Transporte terrestre,193.06,2025-10-25,True
E0006969,T002279,Ajuste de reembolso,0.44,2025-11-10,False
E0006970,T002280,Alimentação,320.07,2024-10-16,True
E0006971,T002280,Transporte terrestre,293.6,2024-10-16,True
E0006972,T002280,Pedágio,202.46,2024-10-16,True
E0006973,T002280,Ajuste de reembolso,27.01,2024-11-08,False
E0006974,T002281,Alimentação,91.41,2025-10-05,True
E0006975,T002281,Transporte terrestre,45.93,2025-10-05,True
E0006976,T002281,Ajuste de reembolso,44.73,2025-10-18,False
E0006977,T002282,Alimentação,509.84,2024-10-04,True
E0006978,T002282,Transporte terrestre,289.01,2024-10-04,True
E0006979,T002282,Taxa,199.21,2024-10-04,True
E0006980,T002282,Ajuste de reembolso,6.12,2024-10-09,False
E0006981,T002283,Alimentação,202.95,2024-09-28,True
E0006982,T002283,Transporte terrestre,184.86,2024-09-28,True
E0006983,T002283,Ajuste de reembolso,-17.97,2024-10-08,False
E0006984,T002284,Alimentação,566.59,2025-10-25,True
E0006985,T002284,Transporte terrestre,360.94,2025-10-25,True
E0006986,T002284,Ajuste de reembolso,-21.93,2025-11-08,False
E0006987,T002285,Alimentação,245.45,2024-10-28,True
E0006988,T002285,Transporte terrestre,128.38,2024-10-28,True
E0006989,T002285,Ajuste de reembolso,39.61,2024-11-07,False
E0006990,T002286,Alimentação,378.96,2024-10-23,True
E0006991,T002286,Transporte terrestre,300.62,2024-10-23,True
E0006992,T002286,Ajuste de reembolso,-14.51,2024-11-04,False
E0006993,T002287,Alimentação,170.42,2024-09-28,True
E0006994,T002287,Transporte terrestre,146.79,2024-09-28,True
E0006995,T002287,Ajuste de reembolso,1.73,2024-10-08,False
E0006996,T002288,Alimentação,345.15,2024-10-27,True
E0006997,T002288,Transporte terrestre,164.88,2024-10-27,True
E0006998,T002288,Ajuste de reembolso,-8.82,2024-11-10,False
E0006999,T002289,Alimentação,263.14,2024-05-02,True
E0007000,T002289,Transporte terrestre,166.98,2024-05-02,True
E0007001,T002289,Ajuste de reembolso,-11.7,2024-05-07,False
E0007002,T002290,Alimentação,243.4,2025-09-17,True
E0007003,T002290,Transporte terrestre,154.92,2025-09-17,True
E0007004,T002290,Ajuste de reembolso,-0.12,2025-09-23,False
E0007005,T002291,Alimentação,74.81,2025-11-15,True
E0007006,T002291,Transporte terrestre,71.13,2025-11-15,True
E0007007,T002291,Ajuste de reembolso,2.56,2025-12-10,False
E0007008,T002292,Alimentação,222.8,2024-03-30,True
E0007009,T002292,Transporte terrestre,131.14,2024-03-30,True
E0007010,T002292,Estacionamento,230.89,2024-03-30,True
E0007011,T002292,Ajuste de reembolso,-13.04,2024-04-06,False
E0007012,T002293,Alimentação,42.04,2025-06-28,True
E0007013,T002293,Transporte terrestre,102.23,2025-06-28,True
E0007014,T002293,Ajuste de reembolso,11.45,2025-07-05,False
E0007015,T002294,Alimentação,147.61,2024-07-22,True
E0007016,T002294,Transporte terrestre,164.41,2024-07-22,True
E0007017,T002294,Ajuste de reembolso,22.24,2024-08-06,False
E0007018,T002295,Alimentação,181.49,2025-12-14,True
E0007019,T002295,Transporte terrestre,141.34,2025-12-14,True
E0007020,T002295,Ajuste de reembolso,-16.52,2025-12-26,False
E0007021,T002296,Alimentação,423.94,2024-09-27,True
E0007022,T002296,Transporte terrestre,329.02,2024-09-27,True
E0007023,T002296,Taxa,137.46,2024-09-27,True
E0007024,T002296,Ajuste de reembolso,0.66,2024-10-09,False
E0007025,T002297,Alimentação,530.41,2024-02-09,True
E0007026,T002297,Transporte terrestre,408.69,2024-02-09,True
E0007027,T002297,Ajuste de reembolso,28.31,2024-02-16,False
E0007028,T002298,Alimentação,184.04,2024-08-24,True
E0007029,T002298,Transporte terrestre,119.38,2024-08-24,True
E0007030,T002298,Outros,60.91,2024-08-24,True
E0007031,T002298,Ajuste de reembolso,-19.65,2024-09-04,False
E0007032,T002299,Alimentação,172.87,2024-03-12,True
E0007033,T002299,Transporte terrestre,145.3,2024-03-12,True
E0007034,T002299,Ajuste de reembolso,-11.83,2024-03-20,False
E0007035,T002300,Alimentação,195.8,2025-02-05,True
E0007036,T002300,Transporte terrestre,104.55,2025-02-05,True
E0007037,T002300,Ajuste de reembolso,-6.94,2025-02-16,False
E0007038,T002301,Alimentação,303.25,2024-10-27,True
E0007039,T002301,Transporte terrestre,132.75,2024-10-27,True
E0007040,T002301,Ajuste de reembolso,15.83,2024-11-08,False
E0007041,T002302,Alimentação,179.55,2024-10-17,True
E0007042,T002302,Transporte terrestre,210.31,2024-10-17,True
E0007043,T002302,Ajuste de reembolso,2.52,2024-11-01,False
E0007044,T002303,Alimentação,267.76,2024-09-24,True
E0007045,T002303,Transporte terrestre,393.78,2024-09-24,True
E0007046,T002303,Taxa,218.72,2024-09-24,True
E0007047,T002303,Ajuste de reembolso,-19.28,2024-10-12,False
E0007048,T002304,Alimentação,600.72,2025-06-25,True
E0007049,T002304,Transporte terrestre,645.88,2025-06-25,True
E0007050,T002304,Ajuste de reembolso,-9.77,2025-07-15,False
E0007051,T002305,Alimentação,77.77,2025-06-15,True
E0007052,T002305,Transporte terrestre,73.35,2025-06-15,True
E0007053,T002305,Ajuste de reembolso,28.15,2025-06-29,False
E0007054,T002306,Alimentação,315.51,2024-12-08,True
E0007055,T002306,Transporte terrestre,193.86,2024-12-08,True
E0007056,T002306,Ajuste de reembolso,5.63,2024-12-23,False
E0007057,T002307,Alimentação,1124.11,2024-11-09,True
E0007058,T002307,Transporte terrestre,620.98,2024-11-09,True
E0007059,T002307,Ajuste de reembolso,23.85,2024-11-23,False
E0007060,T002308,Alimentação,635.58,2024-04-03,True
E0007061,T002308,Transporte terrestre,501.2,2024-04-03,True
E0007062,T002308,Ajuste de reembolso,16.33,2024-04-26,False
E0007063,T002309,Alimentação,103.44,2025-06-22,True
E0007064,T002309,Transporte terrestre,70.79,2025-06-22,True
E0007065,T002309,Ajuste de reembolso,8.18,2025-06-28,False
E0007066,T002310,Alimentação,114.8,2024-12-21,True
E0007067,T002310,Transporte terrestre,177.48,2024-12-21,True
E0007068,T002310,Ajuste de reembolso,-19.29,2025-01-04,False
E0007069,T002311,Alimentação,459.49,2024-05-17,True
E0007070,T002311,Transporte terrestre,250.72,2024-05-17,True
E0007071,T002311,Taxa,268.17,2024-05-17,True
E0007072,T002311,Ajuste de reembolso,19.73,2024-05-21,False
E0007073,T002312,Alimentação,283.73,2025-04-08,True
E0007074,T002312,Transporte terrestre,426.94,2025-04-08,True
E0007075,T002312,Ajuste de reembolso,19.28,2025-04-17,False
E0007076,T002313,Alimentação,454.05,2024-12-14,True
E0007077,T002313,Transporte terrestre,261.1,2024-12-14,True
E0007078,T002313,Ajuste de reembolso,44.62,2024-12-26,False
E0007079,T002314,Alimentação,816.98,2024-01-04,True
E0007080,T002314,Transporte terrestre,356.57,2024-01-04,True
E0007081,T002314,Estacionamento,132.27,2024-01-04,True
E0007082,T002314,Ajuste de reembolso,20.32,2024-01-21,False
E0007083,T002315,Alimentação,417.79,2025-07-31,True
E0007084,T002315,Transporte terrestre,210.28,2025-07-31,True
E0007085,T002315,Ajuste de reembolso,30.9,2025-08-10,False
E0007086,T002316,Alimentação,67.95,2025-05-29,True
E0007087,T002316,Transporte terrestre,67.03,2025-05-29,True
E0007088,T002316,Taxa,142.4,2025-05-29,True
E0007089,T002316,Ajuste de reembolso,13.75,2025-06-14,False
E0007090,T002317,Alimentação,160.88,2025-10-27,True
E0007091,T002317,Transporte terrestre,129.3,2025-10-27,True
E0007092,T002317,Outros,71.49,2025-10-27,True
E0007093,T002317,Ajuste de reembolso,13.04,2025-11-06,False
E0007094,T002318,Alimentação,147.12,2025-09-19,True
E0007095,T002318,Transporte terrestre,222.17,2025-09-19,True
E0007096,T002318,Taxa,127.05,2025-09-19,True
E0007097,T002318,Ajuste de reembolso,16.81,2025-09-28,False
E0007098,T002319,Alimentação,540.23,2025-07-17,True
E0007099,T002319,Transporte terrestre,212.12,2025-07-17,True
E0007100,T002319,Ajuste de reembolso,-19.1,2025-07-30,False
E0007101,T002320,Alimentação,391.04,2024-09-21,True
E0007102,T002320,Transporte terrestre,263.53,2024-09-21,True
E0007103,T002320,Estacionamento,171.5,2024-09-21,True
E0007104,T002320,Ajuste de reembolso,12.26,2024-10-09,False
E0007105,T002321,Alimentação,148.69,2024-11-14,True
E0007106,T002321,Transporte terrestre,131.68,2024-11-14,True
E0007107,T002321,Ajuste de reembolso,12.57,2024-11-27,False
E0007108,T002322,Alimentação,105.46,2025-03-10,True
E0007109,T002322,Transporte terrestre,42.48,2025-03-10,True
E0007110,T002322,Ajuste de reembolso,-6.45,2025-03-19,False
E0007111,T002323,Alimentação,487.46,2024-11-04,True
E0007112,T002323,Transporte terrestre,396.51,2024-11-04,True
E0007113,T002323,Outros,266.37,2024-11-04,True
E0007114,T002323,Ajuste de reembolso,2.25,2024-11-13,False
E0007115,T002324,Alimentação,134.97,2025-09-07,True
E0007116,T002324,Transporte terrestre,193.77,2025-09-07,True
E0007117,T002324,Ajuste de reembolso,10.23,2025-09-18,False
E0007118,T002325,Alimentação,79.61,2025-09-16,True
E0007119,T002325,Transporte terrestre,51.93,2025-09-16,True
E0007120,T002325,Taxa,176.75,2025-09-16,True
E0007121,T002325,Ajuste de reembolso,35.09,2025-09-26,False
E0007122,T002326,Alimentação,343.95,2024-11-14,True
E0007123,T002326,Transporte terrestre,301.62,2024-11-14,True
E0007124,T002326,Ajuste de reembolso,3.75,2024-11-27,False
E0007125,T002327,Alimentação,163.8,2024-08-18,True
E0007126,T002327,Transporte terrestre,172.45,2024-08-18,True
E0007127,T002327,Ajuste de reembolso,-3.09,2024-08-26,False
E0007128,T002328,Alimentação,784.08,2025-05-19,True
E0007129,T002328,Transporte terrestre,404.08,2025-05-19,True
E0007130,T002328,Ajuste de reembolso,43.06,2025-06-07,False
E0007131,T002329,Alimentação,99.11,2024-06-20,True
E0007132,T002329,Transporte terrestre,63.26,2024-06-20,True
E0007133,T002329,Ajuste de reembolso,9.66,2024-06-30,False
E0007134,T002330,Alimentação,246.07,2025-08-18,True
E0007135,T002330,Transporte terrestre,136.19,2025-08-18,True
E0007136,T002330,Ajuste de reembolso,19.18,2025-08-27,False
E0007137,T002331,Alimentação,299.83,2024-01-11,True
E0007138,T002331,Transporte terrestre,220.32,2024-01-11,True
E0007139,T002331,Ajuste de reembolso,41.91,2024-01-20,False
E0007140,T002332,Alimentação,129.48,2024-03-14,True
E0007141,T002332,Transporte terrestre,54.5,2024-03-14,True
E0007142,T002332,Ajuste de reembolso,-0.05,2024-03-27,False
E0007143,T002333,Alimentação,70.03,2025-02-26,True
E0007144,T002333,Transporte terrestre,42.68,2025-02-26,True
E0007145,T002333,Ajuste de reembolso,15.8,2025-03-14,False
E0007146,T002334,Alimentação,225.89,2024-02-24,True
E0007147,T002334,Transporte terrestre,167.4,2024-02-24,True
E0007148,T002334,Ajuste de reembolso,1.9,2024-02-27,False
E0007149,T002335,Alimentação,397.2,2025-01-22,True
E0007150,T002335,Transporte terrestre,236.79,2025-01-22,True
E0007151,T002335,Ajuste de reembolso,28.93,2025-02-01,False
E0007152,T002336,Alimentação,130.89,2025-01-29,True
E0007153,T002336,Transporte terrestre,203.65,2025-01-29,True
E0007154,T002336,Ajuste de reembolso,-14.5,2025-02-11,False
E0007155,T002337,Alimentação,724.36,2024-12-07,True
E0007156,T002337,Transporte terrestre,380.22,2024-12-07,True
E0007157,T002337,Ajuste de reembolso,25.88,2024-12-26,False
E0007158,T002338,Alimentação,223.81,2025-03-22,True
E0007159,T002338,Transporte terrestre,99.18,2025-03-22,True
E0007160,T002338,Ajuste de reembolso,35.72,2025-03-31,False
E0007161,T002339,Alimentação,138.06,2024-07-15,True
E0007162,T002339,Transporte terrestre,46.28,2024-07-15,True
E0007163,T002339,Ajuste de reembolso,2.68,2024-07-27,False
E0007164,T002340,Alimentação,181.57,2025-11-07,True
E0007165,T002340,Transporte terrestre,114.66,2025-11-07,True
E0007166,T002340,Ajuste de reembolso,36.8,2025-11-13,False
E0007167,T002341,Alimentação,251.79,2025-09-24,True
E0007168,T002341,Transporte terrestre,198.98,2025-09-24,True
E0007169,T002341,Ajuste de reembolso,3.55,2025-10-03,False
E0007170,T002342,Alimentação,309.44,2025-04-07,True
E0007171,T002342,Transporte terrestre,200.25,2025-04-07,True
E0007172,T002342,Ajuste de reembolso,-17.56,2025-04-22,False
E0007173,T002343,Alimentação,366.27,2025-05-10,True
E0007174,T002343,Transporte terrestre,321.12,2025-05-10,True
E0007175,T002343,Ajuste de reembolso,-1.88,2025-05-21,False
E0007176,T002344,Alimentação,416.81,2025-06-25,True
E0007177,T002344,Transporte terrestre,178.62,2025-06-25,True
E0007178,T002344,Outros,261.05,2025-06-25,True
E0007179,T002344,Ajuste de reembolso,31.73,2025-06-29,False
E0007180,T002345,Alimentação,312.98,2024-04-02,True
E0007181,T002345,Transporte terrestre,149.64,2024-04-02,True
E0007182,T002345,Outros,106.8,2024-04-02,True
E0007183,T002345,Ajuste de reembolso,44.31,2024-04-16,False
E0007184,T002347,Alimentação,124.81,2025-05-31,True
E0007185,T002347,Transporte terrestre,57.25,2025-05-31,True
E0007186,T002347,Ajuste de reembolso,-19.46,2025-06-24,False
E0007187,T002348,Alimentação,745.47,2024-07-24,True
E0007188,T002348,Transporte terrestre,420.35,2024-07-24,True
E0007189,T002348,Ajuste de reembolso,33.87,2024-08-05,False
E0007190,T002349,Alimentação,727.48,2024-09-06,True
E0007191,T002349,Transporte terrestre,312.83,2024-09-06,True
E0007192,T002349,Ajuste de reembolso,33.75,2024-09-30,False
E0007193,T002350,Alimentação,241.78,2025-10-17,True
E0007194,T002350,Transporte terrestre,142.52,2025-10-17,True
E0007195,T002350,Ajuste de reembolso,-1.43,2025-10-29,False
E0007196,T002351,Alimentação,342.04,2024-03-18,True
E0007197,T002351,Transporte terrestre,190.6,2024-03-18,True
E0007198,T002351,Ajuste de reembolso,16.99,2024-03-27,False
E0007199,T002352,Alimentação,133.41,2025-02-22,True
E0007200,T002352,Transporte terrestre,309.16,2025-02-22,True
E0007201,T002352,Ajuste de reembolso,39.11,2025-02-28,False
E0007202,T002353,Alimentação,500.32,2024-09-26,True
E0007203,T002353,Transporte terrestre,313.31,2024-09-26,True
E0007204,T002353,Ajuste de reembolso,-15.27,2024-10-09,False
E0007205,T002354,Alimentação,371.44,2025-03-02,True
E0007206,T002354,Transporte terrestre,150.85,2025-03-02,True
E0007207,T002354,Ajuste de reembolso,-21.88,2025-03-13,False
E0007208,T002355,Alimentação,209.55,2024-04-18,True
E0007209,T002355,Transporte terrestre,195.08,2024-04-18,True
E0007210,T002355,Ajuste de reembolso,-7.01,2024-05-08,False
E0007211,T002356,Alimentação,390.09,2024-09-02,True
E0007212,T002356,Transporte terrestre,169.78,2024-09-02,True
E0007213,T002356,Pedágio,199.03,2024-09-02,True
E0007214,T002356,Ajuste de reembolso,34.45,2024-09-10,False
E0007215,T002357,Alimentação,490.25,2025-03-14,True
E0007216,T002357,Transporte terrestre,441.35,2025-03-14,True
E0007217,T002357,Ajuste de reembolso,19.43,2025-04-02,False
E0007218,T002358,Alimentação,255.23,2024-09-02,True
E0007219,T002358,Transporte terrestre,146.19,2024-09-02,True
E0007220,T002358,Ajuste de reembolso,-8.56,2024-09-10,False
E0007221,T002359,Alimentação,94.43,2024-09-23,True
E0007222,T002359,Transporte terrestre,80.43,2024-09-23,True
E0007223,T002359,Ajuste de reembolso,17.24,2024-10-10,False
E0007224,T002360,Alimentação,301.47,2025-09-23,True
E0007225,T002360,Transporte terrestre,133.19,2025-09-23,True
E0007226,T002360,Ajuste de reembolso,38.06,2025-10-03,False
E0007227,T002361,Alimentação,240.46,2025-12-02,True
E0007228,T002361,Transporte terrestre,148.83,2025-12-02,True
E0007229,T002361,Ajuste de reembolso,30.03,2025-12-13,False
E0007230,T002362,Alimentação,387.7,2024-08-22,True
E0007231,T002362,Transporte terrestre,274.38,2024-08-22,True
E0007232,T002362,Ajuste de reembolso,19.35,2024-08-28,False
E0007233,T002363,Alimentação,659.92,2025-09-30,True
E0007234,T002363,Transporte terrestre,348.55,2025-09-30,True
E0007235,T002363,Ajuste de reembolso,30.61,2025-10-16,False
E0007236,T002364,Alimentação,201.54,2025-10-11,True
E0007237,T002364,Transporte terrestre,150.15,2025-10-11,True
E0007238,T002364,Ajuste de reembolso,7.25,2025-10-21,False
E0007239,T002365,Alimentação,568.15,2024-10-28,True
E0007240,T002365,Transporte terrestre,430.84,2024-10-28,True
E0007241,T002365,Ajuste de reembolso,-6.05,2024-11-13,False
E0007242,T002366,Alimentação,487.97,2024-07-23,True
E0007243,T002366,Transporte terrestre,522.62,2024-07-23,True
E0007244,T002366,Ajuste de reembolso,-21.85,2024-08-05,False
E0007245,T002367,Alimentação,188.06,2025-04-29,True
E0007246,T002367,Transporte terrestre,105.14,2025-04-29,True
E0007247,T002367,Ajuste de reembolso,19.42,2025-05-04,False
E0007248,T002368,Alimentação,241.71,2025-06-24,True
E0007249,T002368,Transporte terrestre,142.51,2025-06-24,True
E0007250,T002368,Ajuste de reembolso,36.29,2025-07-04,False
E0007251,T002369,Alimentação,105.78,2024-11-05,True
E0007252,T002369,Transporte terrestre,52.55,2024-11-05,True
E0007253,T002369,Ajuste de reembolso,-20.31,2024-11-12,False
E0007254,T002370,Alimentação,397.38,2025-06-11,True
E0007255,T002370,Transporte terrestre,237.15,2025-06-11,True
E0007256,T002370,Ajuste de reembolso,-17.31,2025-06-25,False
E0007257,T002371,Alimentação,203.89,2025-10-07,True
E0007258,T002371,Transporte terrestre,222.6,2025-10-07,True
E0007259,T002371,Ajuste de reembolso,19.94,2025-10-19,False
E0007260,T002372,Alimentação,105.26,2024-11-22,True
E0007261,T002372,Transporte terrestre,47.09,2024-11-22,True
E0007262,T002372,Ajuste de reembolso,-8.9,2024-12-06,False
E0007263,T002373,Alimentação,131.29,2025-08-31,True
E0007264,T002373,Transporte terrestre,83.3,2025-08-31,True
E0007265,T002373,Ajuste de reembolso,4.6,2025-09-08,False
E0007266,T002374,Alimentação,321.45,2025-09-12,True
E0007267,T002374,Transporte terrestre,186.52,2025-09-12,True
E0007268,T002374,Ajuste de reembolso,39.68,2025-09-22,False
E0007269,T002375,Alimentação,73.73,2024-11-05,True
E0007270,T002375,Transporte terrestre,47.29,2024-11-05,True
E0007271,T002375,Taxa,118.46,2024-11-05,True
E0007272,T002375,Ajuste de reembolso,-7.93,2024-11-13,False
E0007273,T002376,Alimentação,473.23,2024-11-25,True
E0007274,T002376,Transporte terrestre,353.46,2024-11-25,True
E0007275,T002376,Ajuste de reembolso,11.8,2024-12-06,False
E0007276,T002378,Alimentação,299.72,2025-04-19,True
E0007277,T002378,Transporte terrestre,389.89,2025-04-19,True
E0007278,T002378,Ajuste de reembolso,8.61,2025-05-02,False
E0007279,T002379,Alimentação,99.93,2025-05-17,True
E0007280,T002379,Transporte terrestre,90.25,2025-05-17,True
E0007281,T002379,Ajuste de reembolso,5.39,2025-06-01,False
E0007282,T002380,Alimentação,102.39,2024-06-11,True
E0007283,T002380,Transporte terrestre,65.13,2024-06-11,True
E0007284,T002380,Ajuste de reembolso,6.65,2024-06-19,False
E0007285,T002381,Alimentação,248.84,2024-07-24,True
E0007286,T002381,Transporte terrestre,203.3,2024-07-24,True
E0007287,T002381,Ajuste de reembolso,23.44,2024-08-03,False
E0007288,T002382,Alimentação,295.01,2025-10-09,True
E0007289,T002382,Transporte terrestre,261.27,2025-10-09,True
E0007290,T002382,Ajuste de reembolso,15.62,2025-10-21,False
E0007291,T002383,Alimentação,162.63,2025-07-03,True
E0007292,T002383,Transporte terrestre,106.75,2025-07-03,True
E0007293,T002383,Taxa,37.85,2025-07-03,True
E0007294,T002383,Ajuste de reembolso,40.53,2025-07-09,False
E0007295,T002384,Alimentação,181.26,2024-02-09,True
E0007296,T002384,Transporte terrestre,115.4,2024-02-09,True
E0007297,T002384,Ajuste de reembolso,8.1,2024-02-26,False
E0007298,T002385,Alimentação,181.64,2025-07-24,True
E0007299,T002385,Transporte terrestre,167.51,2025-07-24,True
E0007300,T002385,Ajuste de reembolso,16.67,2025-08-03,False
E0007301,T002386,Alimentação,104.46,2024-06-15,True
E0007302,T002386,Transporte terrestre,98.28,2024-06-15,True
E0007303,T002386,Ajuste de reembolso,-3.84,2024-06-18,False
E0007304,T002387,Alimentação,105.38,2025-06-18,True
E0007305,T002387,Transporte terrestre,49.37,2025-06-18,True
E0007306,T002387,Ajuste de reembolso,-18.75,2025-07-03,False
E0007307,T002388,Alimentação,53.85,2024-05-31,True
E0007308,T002388,Transporte terrestre,64.55,2024-05-31,True
E0007309,T002388,Ajuste de reembolso,-24.91,2024-06-21,False
E0007310,T002389,Alimentação,319.5,2025-09-19,True
E0007311,T002389,Transporte terrestre,234.8,2025-09-19,True
E0007312,T002389,Ajuste de reembolso,-12.58,2025-09-25,False
E0007313,T002390,Alimentação,235.43,2024-05-30,True
E0007314,T002390,Transporte terrestre,130.06,2024-05-30,True
E0007315,T002390,Estacionamento,229.96,2024-05-30,True
E0007316,T002390,Ajuste de reembolso,-10.65,2024-06-02,False
E0007317,T002391,Alimentação,199.47,2025-09-10,True
E0007318,T002391,Transporte terrestre,317.33,2025-09-10,True
E0007319,T002391,Estacionamento,220.53,2025-09-10,True
E0007320,T002391,Ajuste de reembolso,-10.56,2025-09-22,False
E0007321,T002392,Alimentação,554.16,2025-05-21,True
E0007322,T002392,Transporte terrestre,503.44,2025-05-21,True
E0007323,T002392,Ajuste de reembolso,30.87,2025-06-05,False
E0007324,T002393,Alimentação,523.97,2024-07-17,True
E0007325,T002393,Transporte terrestre,386.71,2024-07-17,True
E0007326,T002393,Ajuste de reembolso,20.55,2024-08-02,False
E0007327,T002394,Alimentação,356.41,2024-10-17,True
E0007328,T002394,Transporte terrestre,177.74,2024-10-17,True
E0007329,T002394,Ajuste de reembolso,-20.27,2024-10-26,False
E0007330,T002395,Alimentação,309.46,2025-01-07,True
E0007331,T002395,Transporte terrestre,276.24,2025-01-07,True
E0007332,T002395,Estacionamento,158.85,2025-01-07,True
E0007333,T002395,Ajuste de reembolso,19.47,2025-01-14,False
E0007334,T002396,Alimentação,55.37,2024-10-23,True
E0007335,T002396,Transporte terrestre,43.84,2024-10-23,True
E0007336,T002396,Ajuste de reembolso,18.99,2024-11-01,False
E0007337,T002397,Alimentação,531.68,2025-05-01,True
E0007338,T002397,Transporte terrestre,307.2,2025-05-01,True
E0007339,T002397,Ajuste de reembolso,3.69,2025-05-13,False
E0007340,T002398,Alimentação,445.78,2024-05-10,True
E0007341,T002398,Transporte terrestre,185.91,2024-05-10,True
E0007342,T002398,Ajuste de reembolso,-15.27,2024-05-19,False
E0007343,T002399,Alimentação,289.72,2025-10-04,True
E0007344,T002399,Transporte terrestre,150.08,2025-10-04,True
E0007345,T002399,Ajuste de reembolso,10.27,2025-10-17,False
E0007346,T002400,Alimentação,78.85,2024-03-17,True
E0007347,T002400,Transporte terrestre,70.88,2024-03-17,True
E0007348,T002400,Outros,173.62,2024-03-17,True
E0007349,T002400,Ajuste de reembolso,27.14,2024-03-25,False
E0007350,T002401,Alimentação,89.71,2024-01-23,True
E0007351,T002401,Transporte terrestre,52.0,2024-01-23,True
E0007352,T002401,Outros,49.49,2024-01-23,True
E0007353,T002401,Ajuste de reembolso,-20.81,2024-01-31,False
E0007354,T002402,Alimentação,501.74,2024-10-01,True
E0007355,T002402,Transporte terrestre,174.74,2024-10-01,True
E0007356,T002402,Ajuste de reembolso,44.29,2024-10-10,False
E0007357,T002403,Alimentação,313.89,2025-04-25,True
E0007358,T002403,Transporte terrestre,415.17,2025-04-25,True
E0007359,T002403,Ajuste de reembolso,26.31,2025-05-06,False
E0007360,T002404,Alimentação,56.67,2024-08-09,True
E0007361,T002404,Transporte terrestre,67.08,2024-08-09,True
E0007362,T002404,Ajuste de reembolso,23.57,2024-08-22,False
E0007363,T002405,Alimentação,358.73,2025-10-14,True
E0007364,T002405,Transporte terrestre,252.59,2025-10-14,True
E0007365,T002405,Estacionamento,165.51,2025-10-14,True
E0007366,T002405,Ajuste de reembolso,18.28,2025-10-23,False
E0007367,T002406,Alimentação,418.99,2025-05-20,True
E0007368,T002406,Transporte terrestre,263.33,2025-05-20,True
E0007369,T002406,Ajuste de reembolso,36.02,2025-05-28,False
E0007370,T002408,Alimentação,237.22,2024-02-01,True
E0007371,T002408,Transporte terrestre,304.96,2024-02-01,True
E0007372,T002408,Ajuste de reembolso,2.14,2024-02-05,False
E0007373,T002409,Alimentação,127.27,2024-08-04,True
E0007374,T002409,Transporte terrestre,175.81,2024-08-04,True
E0007375,T002409,Ajuste de reembolso,22.4,2024-08-12,False
E0007376,T002410,Alimentação,416.0,2024-09-02,True
E0007377,T002410,Transporte terrestre,190.87,2024-09-02,True
E0007378,T002410,Ajuste de reembolso,34.87,2024-09-15,False
E0007379,T002411,Alimentação,362.52,2025-07-09,True
E0007380,T002411,Transporte terrestre,210.57,2025-07-09,True
E0007381,T002411,Ajuste de reembolso,25.41,2025-07-19,False
E0007382,T002412,Alimentação,444.38,2025-05-05,True
E0007383,T002412,Transporte terrestre,288.71,2025-05-05,True
E0007384,T002412,Estacionamento,145.82,2025-05-05,True
E0007385,T002412,Ajuste de reembolso,24.01,2025-05-15,False
E0007386,T002413,Alimentação,339.17,2024-01-05,True
E0007387,T002413,Transporte terrestre,182.77,2024-01-05,True
E0007388,T002413,Ajuste de reembolso,-11.87,2024-01-21,False
E0007389,T002414,Alimentação,396.83,2025-05-26,True
E0007390,T002414,Transporte terrestre,136.27,2025-05-26,True
E0007391,T002414,Ajuste de reembolso,12.78,2025-06-06,False
E0007392,T002415,Alimentação,325.51,2024-07-18,True
E0007393,T002415,Transporte terrestre,259.41,2024-07-18,True
E0007394,T002415,Estacionamento,162.68,2024-07-18,True
E0007395,T002415,Ajuste de reembolso,18.2,2024-07-23,False
E0007396,T002416,Alimentação,83.05,2025-02-25,True
E0007397,T002416,Transporte terrestre,46.53,2025-02-25,True
E0007398,T002416,Estacionamento,137.72,2025-02-25,True
E0007399,T002416,Ajuste de reembolso,11.18,2025-03-10,False
E0007400,T002417,Alimentação,251.17,2025-03-06,True
E0007401,T002417,Transporte terrestre,136.53,2025-03-06,True
E0007402,T002417,Ajuste de reembolso,27.56,2025-03-23,False
E0007403,T002418,Alimentação,177.15,2025-07-15,True
E0007404,T002418,Transporte terrestre,179.55,2025-07-15,True
E0007405,T002418,Ajuste de reembolso,40.9,2025-07-26,False
E0007406,T002419,Alimentação,78.23,2025-08-15,True
E0007407,T002419,Transporte terrestre,60.46,2025-08-15,True
E0007408,T002419,Ajuste de reembolso,26.3,2025-08-29,False
E0007409,T002420,Alimentação,336.04,2024-12-04,True
E0007410,T002420,Transporte terrestre,207.95,2024-12-04,True
E0007411,T002420,Taxa,186.58,2024-12-04,True
E0007412,T002420,Ajuste de reembolso,5.93,2024-12-20,False
E0007413,T002421,Alimentação,428.98,2024-03-22,True
E0007414,T002421,Transporte terrestre,182.94,2024-03-22,True
E0007415,T002421,Ajuste de reembolso,15.82,2024-04-04,False
E0007416,T002422,Alimentação,782.04,2025-01-22,True
E0007417,T002422,Transporte terrestre,327.72,2025-01-22,True
E0007418,T002422,Pedágio,222.11,2025-01-22,True
E0007419,T002422,Ajuste de reembolso,-3.67,2025-02-08,False
E0007420,T002423,Alimentação,280.91,2025-06-20,True
E0007421,T002423,Transporte terrestre,179.65,2025-06-20,True
E0007422,T002423,Ajuste de reembolso,-2.73,2025-06-25,False
E0007423,T002424,Alimentação,75.32,2025-05-03,True
E0007424,T002424,Transporte terrestre,98.88,2025-05-03,True
E0007425,T002424,Ajuste de reembolso,43.78,2025-05-13,False
E0007426,T002425,Alimentação,250.97,2024-10-02,True
E0007427,T002425,Transporte terrestre,181.25,2024-10-02,True
E0007428,T002425,Ajuste de reembolso,4.75,2024-10-20,False
E0007429,T002426,Alimentação,183.11,2025-03-16,True
E0007430,T002426,Transporte terrestre,112.02,2025-03-16,True
E0007431,T002426,Ajuste de reembolso,0.92,2025-03-25,False
E0007432,T002427,Alimentação,87.73,2024-12-28,True
E0007433,T002427,Transporte terrestre,135.78,2024-12-28,True
E0007434,T002427,Ajuste de reembolso,3.31,2025-01-06,False
E0007435,T002428,Alimentação,315.43,2024-03-28,True
E0007436,T002428,Transporte terrestre,322.02,2024-03-28,True
E0007437,T002428,Ajuste de reembolso,-17.14,2024-04-07,False
E0007438,T002429,Alimentação,381.98,2024-10-08,True
E0007439,T002429,Transporte terrestre,314.51,2024-10-08,True
E0007440,T002429,Ajuste de reembolso,-16.97,2024-10-14,False
E0007441,T002430,Alimentação,425.64,2024-01-31,True
E0007442,T002430,Transporte terrestre,316.61,2024-01-31,True
E0007443,T002430,Ajuste de reembolso,-16.87,2024-02-16,False
E0007444,T002431,Alimentação,159.96,2025-12-09,True
E0007445,T002431,Transporte terrestre,67.22,2025-12-09,True
E0007446,T002431,Ajuste de reembolso,34.37,2025-12-13,False
E0007447,T002432,Alimentação,541.27,2024-01-31,True
E0007448,T002432,Transporte terrestre,442.58,2024-01-31,True
E0007449,T002432,Estacionamento,95.87,2024-01-31,True
E0007450,T002432,Ajuste de reembolso,3.07,2024-02-19,False
E0007451,T002433,Alimentação,381.12,2024-05-20,True
E0007452,T002433,Transporte terrestre,272.87,2024-05-20,True
E0007453,T002433,Taxa,71.16,2024-05-20,True
E0007454,T002433,Ajuste de reembolso,10.39,2024-06-04,False
E0007455,T002434,Alimentação,295.49,2025-12-18,True
E0007456,T002434,Transporte terrestre,337.44,2025-12-18,True
E0007457,T002434,Estacionamento,102.91,2025-12-18,True
E0007458,T002434,Ajuste de reembolso,-18.65,2025-12-29,False
E0007459,T002435,Alimentação,110.62,2024-09-02,True
E0007460,T002435,Transporte terrestre,50.99,2024-09-02,True
E0007461,T002435,Ajuste de reembolso,-20.27,2024-09-08,False
E0007462,T002437,Alimentação,129.36,2025-01-27,True
E0007463,T002437,Transporte terrestre,70.03,2025-01-27,True
E0007464,T002437,Pedágio,253.29,2025-01-27,True
E0007465,T002437,Ajuste de reembolso,-4.52,2025-02-01,False
E0007466,T002438,Alimentação,187.23,2025-04-24,True
E0007467,T002438,Transporte terrestre,139.81,2025-04-24,True
E0007468,T002438,Ajuste de reembolso,10.31,2025-05-10,False
E0007469,T002440,Alimentação,99.05,2024-11-06,True
E0007470,T002440,Transporte terrestre,79.75,2024-11-06,True
E0007471,T002440,Ajuste de reembolso,-1.23,2024-11-20,False
E0007472,T002441,Alimentação,616.96,2025-06-18,True
E0007473,T002441,Transporte terrestre,532.41,2025-06-18,True
E0007474,T002441,Ajuste de reembolso,40.7,2025-07-03,False
E0007475,T002442,Alimentação,260.34,2024-01-04,True
E0007476,T002442,Transporte terrestre,209.08,2024-01-04,True
E0007477,T002442,Ajuste de reembolso,42.28,2024-01-18,False
E0007478,T002444,Alimentação,373.13,2024-04-09,True
E0007479,T002444,Transporte terrestre,254.11,2024-04-09,True
E0007480,T002444,Ajuste de reembolso,4.71,2024-04-16,False
E0007481,T002445,Alimentação,466.78,2024-08-24,True
E0007482,T002445,Transporte terrestre,201.1,2024-08-24,True
E0007483,T002445,Ajuste de reembolso,28.82,2024-09-02,False
E0007484,T002446,Alimentação,167.19,2025-06-19,True
E0007485,T002446,Transporte terrestre,103.09,2025-06-19,True
E0007486,T002446,Taxa,70.56,2025-06-19,True
E0007487,T002446,Ajuste de reembolso,23.44,2025-07-02,False
E0007488,T002447,Alimentação,247.87,2025-04-21,True
E0007489,T002447,Transporte terrestre,159.68,2025-04-21,True
E0007490,T002447,Ajuste de reembolso,28.89,2025-04-30,False
E0007491,T002448,Alimentação,387.84,2025-06-25,True
E0007492,T002448,Transporte terrestre,552.31,2025-06-25,True
E0007493,T002448,Ajuste de reembolso,17.51,2025-07-02,False
E0007494,T002449,Alimentação,184.59,2024-03-26,True
E0007495,T002449,Transporte terrestre,211.31,2024-03-26,True
E0007496,T002449,Ajuste de reembolso,-24.27,2024-03-28,False
E0007497,T002450,Alimentação,359.11,2024-03-24,True
E0007498,T002450,Transporte terrestre,217.83,2024-03-24,True
E0007499,T002450,Ajuste de reembolso,-10.75,2024-03-31,False
E0007500,T002451,Alimentação,551.27,2025-08-26,True
E0007501,T002451,Transporte terrestre,418.06,2025-08-26,True
E0007502,T002451,Ajuste de reembolso,41.0,2025-09-10,False
E0007503,T002452,Alimentação,323.07,2025-06-19,True
E0007504,T002452,Transporte terrestre,275.81,2025-06-19,True
E0007505,T002452,Outros,93.65,2025-06-19,True
E0007506,T002452,Ajuste de reembolso,42.86,2025-07-09,False
E0007507,T002453,Alimentação,312.12,2024-12-05,True
E0007508,T002453,Transporte terrestre,222.16,2024-12-05,True
E0007509,T002453,Outros,226.58,2024-12-05,True
E0007510,T002453,Ajuste de reembolso,17.22,2024-12-15,False
E0007511,T002454,Alimentação,184.76,2024-10-12,True
E0007512,T002454,Transporte terrestre,119.88,2024-10-12,True
E0007513,T002454,Ajuste de reembolso,24.63,2024-10-30,False
E0007514,T002455,Alimentação,208.38,2024-09-03,True
E0007515,T002455,Transporte terrestre,124.48,2024-09-03,True
E0007516,T002455,Ajuste de reembolso,17.87,2024-09-16,False
E0007517,T002456,Alimentação,363.1,2024-05-03,True
E0007518,T002456,Transporte terrestre,201.21,2024-05-03,True
E0007519,T002456,Ajuste de reembolso,10.68,2024-05-14,False
E0007520,T002457,Alimentação,414.79,2024-06-13,True
E0007521,T002457,Transporte terrestre,235.98,2024-06-13,True
E0007522,T002457,Ajuste de reembolso,39.29,2024-06-25,False
E0007523,T002459,Alimentação,403.89,2025-10-13,True
E0007524,T002459,Transporte terrestre,167.32,2025-10-13,True
E0007525,T002459,Ajuste de reembolso,39.54,2025-10-25,False
E0007526,T002460,Alimentação,381.22,2025-05-19,True
E0007527,T002460,Transporte terrestre,202.11,2025-05-19,True
E0007528,T002460,Ajuste de reembolso,-3.43,2025-06-03,False
E0007529,T002461,Alimentação,86.66,2025-05-20,True
E0007530,T002461,Transporte terrestre,83.7,2025-05-20,True
E0007531,T002461,Ajuste de reembolso,2.38,2025-05-26,False
E0007532,T002462,Alimentação,227.96,2024-11-12,True
E0007533,T002462,Transporte terrestre,152.65,2024-11-12,True
E0007534,T002462,Ajuste de reembolso,35.96,2024-11-18,False
E0007535,T002463,Alimentação,241.1,2024-03-22,True
E0007536,T002463,Transporte terrestre,89.23,2024-03-22,True
E0007537,T002463,Taxa,40.63,2024-03-22,True
E0007538,T002463,Ajuste de reembolso,-13.12,2024-03-31,False
E0007539,T002464,Alimentação,311.92,2024-02-29,True
E0007540,T002464,Transporte terrestre,294.81,2024-02-29,True
E0007541,T002464,Ajuste de reembolso,37.65,2024-03-12,False
E0007542,T002465,Alimentação,425.64,2025-05-13,True
E0007543,T002465,Transporte terrestre,340.82,2025-05-13,True
E0007544,T002465,Ajuste de reembolso,24.68,2025-05-25,False
E0007545,T002466,Alimentação,818.45,2024-02-07,True
E0007546,T002466,Transporte terrestre,488.37,2024-02-07,True
E0007547,T002466,Ajuste de reembolso,26.86,2024-02-22,False
E0007548,T002467,Alimentação,214.61,2025-09-10,True
E0007549,T002467,Transporte terrestre,204.98,2025-09-10,True
E0007550,T002467,Ajuste de reembolso,-17.8,2025-09-20,False
E0007551,T002468,Alimentação,66.37,2025-01-30,True
E0007552,T002468,Transporte terrestre,61.81,2025-01-30,True
E0007553,T002468,Ajuste de reembolso,-8.0,2025-02-09,False
E0007554,T002469,Alimentação,189.66,2025-11-27,True
E0007555,T002469,Transporte terrestre,119.5,2025-11-27,True
E0007556,T002469,Ajuste de reembolso,21.52,2025-12-08,False
E0007557,T002470,Alimentação,228.87,2024-06-09,True
E0007558,T002470,Transporte terrestre,217.39,2024-06-09,True
E0007559,T002470,Ajuste de reembolso,-1.71,2024-06-23,False
E0007560,T002471,Alimentação,570.23,2024-02-07,True
E0007561,T002471,Transporte terrestre,356.24,2024-02-07,True
E0007562,T002471,Ajuste de reembolso,0.43,2024-02-19,False
E0007563,T002472,Alimentação,385.0,2025-09-10,True
E0007564,T002472,Transporte terrestre,538.94,2025-09-10,True
E0007565,T002472,Ajuste de reembolso,10.29,2025-09-21,False
E0007566,T002473,Alimentação,540.23,2024-11-08,True
E0007567,T002473,Transporte terrestre,263.52,2024-11-08,True
E0007568,T002473,Ajuste de reembolso,8.74,2024-11-29,False
E0007569,T002474,Alimentação,761.07,2024-08-19,True
E0007570,T002474,Transporte terrestre,222.63,2024-08-19,True
E0007571,T002474,Ajuste de reembolso,-4.78,2024-09-08,False
E0007572,T002475,Alimentação,255.5,2024-03-01,True
E0007573,T002475,Transporte terrestre,200.98,2024-03-01,True
E0007574,T002475,Ajuste de reembolso,28.04,2024-03-10,False
E0007575,T002476,Alimentação,780.54,2025-05-19,True
E0007576,T002476,Transporte terrestre,454.01,2025-05-19,True
E0007577,T002476,Ajuste de reembolso,35.41,2025-06-01,False
E0007578,T002477,Alimentação,447.52,2025-02-23,True
E0007579,T002477,Transporte terrestre,237.26,2025-02-23,True
E0007580,T002477,Estacionamento,65.43,2025-02-23,True
E0007581,T002477,Ajuste de reembolso,-8.57,2025-03-08,False
E0007582,T002478,Alimentação,354.02,2025-01-17,True
E0007583,T002478,Transporte terrestre,344.3,2025-01-17,True
E0007584,T002478,Ajuste de reembolso,0.72,2025-01-31,False
E0007585,T002479,Alimentação,194.85,2025-08-08,True
E0007586,T002479,Transporte terrestre,106.84,2025-08-08,True
E0007587,T002479,Outros,263.43,2025-08-08,True
E0007588,T002479,Ajuste de reembolso,5.62,2025-08-21,False
E0007589,T002480,Alimentação,76.89,2024-07-03,True
E0007590,T002480,Transporte terrestre,63.96,2024-07-03,True
E0007591,T002480,Outros,161.18,2024-07-03,True
E0007592,T002480,Ajuste de reembolso,32.58,2024-07-15,False
E0007593,T002481,Alimentação,101.98,2024-09-02,True
E0007594,T002481,Transporte terrestre,69.12,2024-09-02,True
E0007595,T002481,Ajuste de reembolso,22.19,2024-09-20,False
E0007596,T002482,Alimentação,257.56,2024-10-09,True
E0007597,T002482,Transporte terrestre,180.46,2024-10-09,True
E0007598,T002482,Ajuste de reembolso,0.39,2024-10-23,False
E0007599,T002483,Alimentação,122.34,2025-01-14,True
E0007600,T002483,Transporte terrestre,42.54,2025-01-14,True
E0007601,T002483,Ajuste de reembolso,17.23,2025-01-22,False
E0007602,T002484,Alimentação,346.32,2024-09-27,True
E0007603,T002484,Transporte terrestre,179.85,2024-09-27,True
E0007604,T002484,Ajuste de reembolso,-20.92,2024-09-30,False
E0007605,T002485,Alimentação,267.7,2025-10-30,True
E0007606,T002485,Transporte terrestre,131.87,2025-10-30,True
E0007607,T002485,Ajuste de reembolso,-15.44,2025-11-19,False
E0007608,T002486,Alimentação,316.21,2025-04-26,True
E0007609,T002486,Transporte terrestre,307.51,2025-04-26,True
E0007610,T002486,Ajuste de reembolso,40.53,2025-05-16,False
E0007611,T002487,Alimentação,98.67,2024-12-06,True
E0007612,T002487,Transporte terrestre,73.42,2024-12-06,True
E0007613,T002487,Ajuste de reembolso,28.91,2024-12-12,False
E0007614,T002488,Alimentação,330.53,2025-12-19,True
E0007615,T002488,Transporte terrestre,547.62,2025-12-19,True
E0007616,T002488,Outros,130.49,2025-12-19,True
E0007617,T002488,Ajuste de reembolso,-21.0,2025-12-28,False
E0007618,T002489,Alimentação,231.02,2024-04-29,True
E0007619,T002489,Transporte terrestre,83.03,2024-04-29,True
E0007620,T002489,Estacionamento,178.8,2024-04-29,True
E0007621,T002489,Ajuste de reembolso,40.1,2024-05-11,False
E0007622,T002490,Alimentação,592.11,2025-03-11,True
E0007623,T002490,Transporte terrestre,256.72,2025-03-11,True
E0007624,T002490,Ajuste de reembolso,0.69,2025-03-18,False
E0007625,T002491,Alimentação,390.49,2025-11-17,True
E0007626,T002491,Transporte terrestre,200.76,2025-11-17,True
E0007627,T002491,Ajuste de reembolso,-24.66,2025-11-27,False
E0007628,T002492,Alimentação,243.66,2024-04-23,True
E0007629,T002492,Transporte terrestre,199.25,2024-04-23,True
E0007630,T002492,Ajuste de reembolso,9.21,2024-05-05,False
E0007631,T002493,Alimentação,374.47,2025-05-05,True
E0007632,T002493,Transporte terrestre,320.17,2025-05-05,True
E0007633,T002493,Ajuste de reembolso,10.53,2025-05-17,False
E0007634,T002494,Alimentação,225.95,2024-09-30,True
E0007635,T002494,Transporte terrestre,85.96,2024-09-30,True
E0007636,T002494,Ajuste de reembolso,21.43,2024-10-14,False
E0007637,T002495,Alimentação,308.58,2024-04-09,True
E0007638,T002495,Transporte terrestre,144.2,2024-04-09,True
E0007639,T002495,Taxa,209.85,2024-04-09,True
E0007640,T002495,Ajuste de reembolso,25.3,2024-04-26,False
E0007641,T002496,Alimentação,186.52,2024-07-21,True
E0007642,T002496,Transporte terrestre,113.22,2024-07-21,True
E0007643,T002496,Ajuste de reembolso,17.64,2024-08-12,False
E0007644,T002497,Alimentação,200.46,2025-08-06,True
E0007645,T002497,Transporte terrestre,134.51,2025-08-06,True
E0007646,T002497,Estacionamento,105.43,2025-08-06,True
E0007647,T002497,Ajuste de reembolso,-2.97,2025-08-12,False
E0007648,T002498,Alimentação,583.77,2025-11-25,True
E0007649,T002498,Transporte terrestre,282.56,2025-11-25,True
E0007650,T002498,Ajuste de reembolso,16.7,2025-12-18,False
E0007651,T002499,Alimentação,393.91,2025-08-28,True
E0007652,T002499,Transporte terrestre,401.99,2025-08-28,True
E0007653,T002499,Ajuste de reembolso,28.83,2025-09-08,False
E0007654,T002500,Alimentação,281.44,2025-04-11,True
E0007655,T002500,Transporte terrestre,123.73,2025-04-11,True
E0007656,T002500,Ajuste de reembolso,-12.32,2025-04-26,False
E0007657,T002501,Alimentação,210.58,2025-11-30,True
E0007658,T002501,Transporte terrestre,138.16,2025-11-30,True
E0007659,T002501,Estacionamento,254.01,2025-11-30,True
E0007660,T002501,Ajuste de reembolso,39.07,2025-12-09,False
E0007661,T002502,Alimentação,256.86,2025-06-19,True
E0007662,T002502,Transporte terrestre,130.3,2025-06-19,True
E0007663,T002502,Outros,162.82,2025-06-19,True
E0007664,T002502,Ajuste de reembolso,11.52,2025-06-24,False
E0007665,T002503,Alimentação,1034.44,2024-11-17,True
E0007666,T002503,Transporte terrestre,418.32,2024-11-17,True
E0007667,T002503,Ajuste de reembolso,-15.64,2024-11-28,False
E0007668,T002504,Alimentação,206.88,2025-05-14,True
E0007669,T002504,Transporte terrestre,194.21,2025-05-14,True
E0007670,T002504,Ajuste de reembolso,6.19,2025-05-28,False
E0007671,T002505,Alimentação,164.69,2024-08-14,True
E0007672,T002505,Transporte terrestre,156.15,2024-08-14,True
E0007673,T002505,Ajuste de reembolso,-6.56,2024-08-31,False
E0007674,T002506,Alimentação,246.05,2025-07-20,True
E0007675,T002506,Transporte terrestre,258.04,2025-07-20,True
E0007676,T002506,Ajuste de reembolso,10.29,2025-08-06,False
E0007677,T002507,Alimentação,75.78,2024-10-16,True
E0007678,T002507,Transporte terrestre,59.9,2024-10-16,True
E0007679,T002507,Ajuste de reembolso,17.36,2024-10-29,False
E0007680,T002508,Alimentação,294.29,2025-01-14,True
E0007681,T002508,Transporte terrestre,317.29,2025-01-14,True
E0007682,T002508,Ajuste de reembolso,28.66,2025-01-27,False
E0007683,T002509,Alimentação,277.81,2024-10-14,True
E0007684,T002509,Transporte terrestre,86.0,2024-10-14,True
E0007685,T002509,Ajuste de reembolso,39.6,2024-10-28,False
E0007686,T002510,Alimentação,371.11,2025-11-08,True
E0007687,T002510,Transporte terrestre,270.85,2025-11-08,True
E0007688,T002510,Ajuste de reembolso,12.3,2025-11-14,False
E0007689,T002511,Alimentação,150.83,2024-08-23,True
E0007690,T002511,Transporte terrestre,102.35,2024-08-23,True
E0007691,T002511,Ajuste de reembolso,22.6,2024-08-27,False
E0007692,T002513,Alimentação,106.42,2024-10-21,True
E0007693,T002513,Transporte terrestre,47.86,2024-10-21,True
E0007694,T002513,Ajuste de reembolso,17.49,2024-11-01,False
E0007695,T002514,Alimentação,605.34,2025-08-28,True
E0007696,T002514,Transporte terrestre,310.27,2025-08-28,True
E0007697,T002514,Ajuste de reembolso,-16.94,2025-09-04,False
E0007698,T002515,Alimentação,170.43,2025-05-02,True
E0007699,T002515,Transporte terrestre,104.51,2025-05-02,True
E0007700,T002515,Ajuste de reembolso,42.26,2025-05-07,False
E0007701,T002516,Alimentação,363.8,2024-01-21,True
E0007702,T002516,Transporte terrestre,409.92,2024-01-21,True
E0007703,T002516,Ajuste de reembolso,36.04,2024-01-30,False
E0007704,T002517,Alimentação,281.2,2025-01-02,True
E0007705,T002517,Transporte terrestre,222.01,2025-01-02,True
E0007706,T002517,Ajuste de reembolso,43.64,2025-01-14,False
E0007707,T002518,Alimentação,112.63,2025-02-10,True
E0007708,T002518,Transporte terrestre,71.68,2025-02-10,True
E0007709,T002518,Taxa,220.3,2025-02-10,True
E0007710,T002518,Ajuste de reembolso,32.6,2025-02-20,False
E0007711,T002519,Alimentação,585.75,2024-09-14,True
E0007712,T002519,Transporte terrestre,209.73,2024-09-14,True
E0007713,T002519,Ajuste de reembolso,42.0,2024-09-21,False
E0007714,T002520,Alimentação,135.28,2024-08-28,True
E0007715,T002520,Transporte terrestre,69.27,2024-08-28,True
E0007716,T002520,Ajuste de reembolso,-9.1,2024-09-06,False
E0007717,T002521,Alimentação,392.19,2024-08-22,True
E0007718,T002521,Transporte terrestre,272.32,2024-08-22,True
E0007719,T002521,Ajuste de reembolso,-17.67,2024-09-04,False
E0007720,T002522,Alimentação,133.89,2025-10-28,True
E0007721,T002522,Transporte terrestre,42.17,2025-10-28,True
E0007722,T002522,Ajuste de reembolso,-20.22,2025-11-11,False
E0007723,T002523,Alimentação,464.25,2024-09-28,True
E0007724,T002523,Transporte terrestre,179.65,2024-09-28,True
E0007725,T002523,Ajuste de reembolso,44.69,2024-10-18,False
E0007726,T002524,Alimentação,324.3,2025-04-14,True
E0007727,T002524,Transporte terrestre,381.35,2025-04-14,True
E0007728,T002524,Ajuste de reembolso,-23.22,2025-04-22,False
E0007729,T002525,Alimentação,47.7,2025-11-10,True
E0007730,T002525,Transporte terrestre,84.98,2025-11-10,True
E0007731,T002525,Outros,59.97,2025-11-10,True
E0007732,T002525,Ajuste de reembolso,-12.51,2025-11-19,False
E0007733,T002526,Alimentação,608.49,2025-08-19,True
E0007734,T002526,Transporte terrestre,407.6,2025-08-19,True
E0007735,T002526,Ajuste de reembolso,41.44,2025-08-30,False
E0007736,T002527,Alimentação,56.45,2025-01-08,True
E0007737,T002527,Transporte terrestre,45.71,2025-01-08,True
E0007738,T002527,Ajuste de reembolso,32.2,2025-01-22,False
E0007739,T002528,Alimentação,201.2,2025-09-06,True
E0007740,T002528,Transporte terrestre,143.04,2025-09-06,True
E0007741,T002528,Ajuste de reembolso,12.44,2025-09-14,False
E0007742,T002529,Alimentação,314.99,2025-05-02,True
E0007743,T002529,Transporte terrestre,223.68,2025-05-02,True
E0007744,T002529,Ajuste de reembolso,-4.79,2025-05-16,False
E0007745,T002530,Alimentação,431.31,2025-10-15,True
E0007746,T002530,Transporte terrestre,374.4,2025-10-15,True
E0007747,T002530,Pedágio,196.48,2025-10-15,True
E0007748,T002530,Ajuste de reembolso,24.5,2025-11-02,False
E0007749,T002531,Alimentação,369.3,2025-09-17,True
E0007750,T002531,Transporte terrestre,283.55,2025-09-17,True
E0007751,T002531,Ajuste de reembolso,-10.97,2025-10-03,False
E0007752,T002532,Alimentação,227.34,2024-10-08,True
E0007753,T002532,Transporte terrestre,101.9,2024-10-08,True
E0007754,T002532,Ajuste de reembolso,14.71,2024-10-20,False
E0007755,T002533,Alimentação,339.23,2024-02-13,True
E0007756,T002533,Transporte terrestre,170.1,2024-02-13,True
E0007757,T002533,Ajuste de reembolso,36.76,2024-02-28,False
E0007758,T002534,Alimentação,390.8,2025-01-09,True
E0007759,T002534,Transporte terrestre,126.65,2025-01-09,True
E0007760,T002534,Ajuste de reembolso,25.07,2025-01-25,False
E0007761,T002535,Alimentação,466.51,2025-03-08,True
E0007762,T002535,Transporte terrestre,368.35,2025-03-08,True
E0007763,T002535,Ajuste de reembolso,11.29,2025-03-16,False
E0007764,T002536,Alimentação,287.01,2024-11-04,True
E0007765,T002536,Transporte terrestre,180.31,2024-11-04,True
E0007766,T002536,Ajuste de reembolso,-14.07,2024-11-12,False
E0007767,T002537,Alimentação,309.29,2025-10-05,True
E0007768,T002537,Transporte terrestre,188.28,2025-10-05,True
E0007769,T002537,Ajuste de reembolso,31.53,2025-10-10,False
E0007770,T002538,Alimentação,368.78,2025-02-13,True
E0007771,T002538,Transporte terrestre,365.99,2025-02-13,True
E0007772,T002538,Ajuste de reembolso,-9.55,2025-02-27,False
E0007773,T002539,Alimentação,89.12,2024-08-18,True
E0007774,T002539,Transporte terrestre,45.5,2024-08-18,True
E0007775,T002539,Pedágio,56.95,2024-08-18,True
E0007776,T002539,Ajuste de reembolso,44.02,2024-08-30,False
E0007777,T002540,Alimentação,48.84,2025-03-21,True
E0007778,T002540,Transporte terrestre,103.36,2025-03-21,True
E0007779,T002540,Ajuste de reembolso,-7.04,2025-03-30,False
E0007780,T002541,Alimentação,246.22,2025-10-28,True
E0007781,T002541,Transporte terrestre,106.7,2025-10-28,True
E0007782,T002541,Ajuste de reembolso,-23.55,2025-11-05,False
E0007783,T002542,Alimentação,424.46,2025-06-18,True
E0007784,T002542,Transporte terrestre,316.54,2025-06-18,True
E0007785,T002542,Ajuste de reembolso,16.21,2025-06-30,False
E0007786,T002543,Alimentação,394.51,2025-05-18,True
E0007787,T002543,Transporte terrestre,100.0,2025-05-18,True
E0007788,T002543,Ajuste de reembolso,8.89,2025-05-20,False
E0007789,T002544,Alimentação,377.93,2024-06-08,True
E0007790,T002544,Transporte terrestre,220.57,2024-06-08,True
E0007791,T002544,Ajuste de reembolso,17.22,2024-06-20,False
E0007792,T002545,Alimentação,280.28,2025-10-19,True
E0007793,T002545,Transporte terrestre,198.93,2025-10-19,True
E0007794,T002545,Ajuste de reembolso,-6.52,2025-11-01,False
E0007795,T002547,Alimentação,255.63,2025-08-15,True
E0007796,T002547,Transporte terrestre,180.06,2025-08-15,True
E0007797,T002547,Ajuste de reembolso,42.92,2025-08-25,False
E0007798,T002548,Alimentação,708.0,2025-02-09,True
E0007799,T002548,Transporte terrestre,254.29,2025-02-09,True
E0007800,T002548,Ajuste de reembolso,21.41,2025-02-23,False
E0007801,T002549,Alimentação,714.02,2024-11-28,True
E0007802,T002549,Transporte terrestre,589.51,2024-11-28,True
E0007803,T002549,Estacionamento,157.22,2024-11-28,True
E0007804,T002549,Ajuste de reembolso,-17.57,2024-12-09,False
E0007805,T002550,Alimentação,236.05,2025-02-01,True
E0007806,T002550,Transporte terrestre,148.38,2025-02-01,True
E0007807,T002550,Ajuste de reembolso,36.79,2025-02-12,False
E0007808,T002551,Alimentação,576.22,2025-12-23,True
E0007809,T002551,Transporte terrestre,287.18,2025-12-23,True
E0007810,T002551,Ajuste de reembolso,18.52,2026-01-02,False
E0007811,T002552,Alimentação,933.85,2025-06-16,True
E0007812,T002552,Transporte terrestre,240.27,2025-06-16,True
E0007813,T002552,Ajuste de reembolso,-2.09,2025-07-01,False
E0007814,T002553,Alimentação,714.33,2025-02-13,True
E0007815,T002553,Transporte terrestre,349.1,2025-02-13,True
E0007816,T002553,Ajuste de reembolso,5.43,2025-02-21,False
E0007817,T002554,Alimentação,148.23,2024-06-08,True
E0007818,T002554,Transporte terrestre,169.21,2024-06-08,True
E0007819,T002554,Ajuste de reembolso,30.29,2024-06-17,False
E0007820,T002555,Alimentação,155.89,2024-09-16,True
E0007821,T002555,Transporte terrestre,102.22,2024-09-16,True
E0007822,T002555,Ajuste de reembolso,24.4,2024-10-01,False
E0007823,T002556,Alimentação,439.73,2024-06-18,True
E0007824,T002556,Transporte terrestre,225.05,2024-06-18,True
E0007825,T002556,Ajuste de reembolso,-0.43,2024-06-27,False
E0007826,T002557,Alimentação,338.92,2025-04-26,True
E0007827,T002557,Transporte terrestre,104.54,2025-04-26,True
E0007828,T002557,Ajuste de reembolso,8.74,2025-05-04,False
E0007829,T002558,Alimentação,569.7,2024-02-24,True
E0007830,T002558,Transporte terrestre,181.54,2024-02-24,True
E0007831,T002558,Ajuste de reembolso,16.25,2024-03-02,False
E0007832,T002559,Alimentação,148.72,2025-03-16,True
E0007833,T002559,Transporte terrestre,94.67,2025-03-16,True
E0007834,T002559,Ajuste de reembolso,26.33,2025-03-22,False
E0007835,T002560,Alimentação,175.03,2024-05-17,True
E0007836,T002560,Transporte terrestre,112.95,2024-05-17,True
E0007837,T002560,Ajuste de reembolso,-11.33,2024-05-23,False
E0007838,T002561,Alimentação,69.23,2024-04-28,True
E0007839,T002561,Transporte terrestre,55.31,2024-04-28,True
E0007840,T002561,Ajuste de reembolso,7.72,2024-05-10,False
E0007841,T002562,Alimentação,199.65,2025-02-24,True
E0007842,T002562,Transporte terrestre,149.15,2025-02-24,True
E0007843,T002562,Pedágio,228.92,2025-02-24,True
E0007844,T002562,Ajuste de reembolso,9.38,2025-03-12,False
E0007845,T002563,Alimentação,134.97,2024-01-10,True
E0007846,T002563,Transporte terrestre,132.87,2024-01-10,True
E0007847,T002563,Outros,235.07,2024-01-10,True
E0007848,T002563,Ajuste de reembolso,38.08,2024-01-20,False
E0007849,T002564,Alimentação,375.03,2024-10-15,True
E0007850,T002564,Transporte terrestre,212.41,2024-10-15,True
E0007851,T002564,Ajuste de reembolso,4.92,2024-10-25,False
E0007852,T002565,Alimentação,84.54,2025-12-24,True
E0007853,T002565,Transporte terrestre,54.22,2025-12-24,True
E0007854,T002565,Ajuste de reembolso,41.9,2026-01-04,False
E0007855,T002566,Alimentação,424.37,2025-06-02,True
E0007856,T002566,Transporte terrestre,343.93,2025-06-02,True
E0007857,T002566,Ajuste de reembolso,-17.21,2025-06-06,False
E0007858,T002567,Alimentação,143.3,2024-04-24,True
E0007859,T002567,Transporte terrestre,101.53,2024-04-24,True
E0007860,T002567,Ajuste de reembolso,-22.92,2024-05-06,False
E0007861,T002568,Alimentação,683.09,2024-10-10,True
E0007862,T002568,Transporte terrestre,359.38,2024-10-10,True
E0007863,T002568,Ajuste de reembolso,-16.43,2024-10-17,False
E0007864,T002569,Alimentação,461.6,2024-10-18,True
E0007865,T002569,Transporte terrestre,435.11,2024-10-18,True
E0007866,T002569,Estacionamento,78.12,2024-10-18,True
E0007867,T002569,Ajuste de reembolso,-7.46,2024-10-28,False
E0007868,T002570,Alimentação,314.37,2025-11-13,True
E0007869,T002570,Transporte terrestre,280.54,2025-11-13,True
E0007870,T002570,Ajuste de reembolso,37.27,2025-11-22,False
E0007871,T002571,Alimentação,224.65,2024-10-31,True
E0007872,T002571,Transporte terrestre,139.56,2024-10-31,True
E0007873,T002571,Ajuste de reembolso,-6.01,2024-11-04,False
E0007874,T002572,Alimentação,228.24,2025-07-15,True
E0007875,T002572,Transporte terrestre,144.35,2025-07-15,True
E0007876,T002572,Estacionamento,122.15,2025-07-15,True
E0007877,T002572,Ajuste de reembolso,-8.46,2025-07-31,False
E0007878,T002573,Alimentação,658.05,2024-04-16,True
E0007879,T002573,Transporte terrestre,380.99,2024-04-16,True
E0007880,T002573,Ajuste de reembolso,-6.8,2024-05-01,False
E0007881,T002574,Alimentação,167.12,2024-01-31,True
E0007882,T002574,Transporte terrestre,163.42,2024-01-31,True
E0007883,T002574,Estacionamento,191.04,2024-01-31,True
E0007884,T002574,Ajuste de reembolso,-7.29,2024-02-09,False
E0007885,T002575,Alimentação,106.3,2025-12-23,True
E0007886,T002575,Transporte terrestre,72.34,2025-12-23,True
E0007887,T002575,Ajuste de reembolso,4.36,2025-12-25,False
E0007888,T002576,Alimentação,615.04,2025-04-21,True
E0007889,T002576,Transporte terrestre,338.24,2025-04-21,True
E0007890,T002576,Ajuste de reembolso,-19.59,2025-05-03,False
E0007891,T002577,Alimentação,220.15,2024-02-08,True
E0007892,T002577,Transporte terrestre,205.44,2024-02-08,True
E0007893,T002577,Ajuste de reembolso,-19.01,2024-02-24,False
E0007894,T002578,Alimentação,376.46,2025-12-24,True
E0007895,T002578,Transporte terrestre,270.8,2025-12-24,True
E0007896,T002578,Ajuste de reembolso,44.29,2026-01-06,False
E0007897,T002579,Alimentação,404.92,2025-02-21,True
E0007898,T002579,Transporte terrestre,189.08,2025-02-21,True
E0007899,T002579,Taxa,203.88,2025-02-21,True
E0007900,T002579,Ajuste de reembolso,-21.4,2025-03-08,False
E0007901,T002580,Alimentação,224.31,2024-05-12,True
E0007902,T002580,Transporte terrestre,156.38,2024-05-12,True
E0007903,T002580,Ajuste de reembolso,17.34,2024-05-16,False
E0007904,T002581,Alimentação,77.93,2025-11-27,True
E0007905,T002581,Transporte terrestre,58.35,2025-11-27,True
E0007906,T002581,Ajuste de reembolso,27.74,2025-12-04,False
E0007907,T002582,Alimentação,245.75,2025-04-04,True
E0007908,T002582,Transporte terrestre,208.84,2025-04-04,True
E0007909,T002582,Ajuste de reembolso,22.36,2025-04-14,False
E0007910,T002583,Alimentação,232.69,2025-10-18,True
E0007911,T002583,Transporte terrestre,113.35,2025-10-18,True
E0007912,T002583,Ajuste de reembolso,-10.73,2025-10-22,False
E0007913,T002584,Alimentação,347.59,2024-02-26,True
E0007914,T002584,Transporte terrestre,296.1,2024-02-26,True
E0007915,T002584,Ajuste de reembolso,43.55,2024-03-14,False
E0007916,T002585,Alimentação,373.09,2025-12-14,True
E0007917,T002585,Transporte terrestre,289.39,2025-12-14,True
E0007918,T002585,Ajuste de reembolso,-13.28,2026-01-05,False
E0007919,T002586,Alimentação,305.0,2024-02-09,True
E0007920,T002586,Transporte terrestre,165.83,2024-02-09,True
E0007921,T002586,Ajuste de reembolso,43.1,2024-02-19,False
E0007922,T002587,Alimentação,288.83,2025-12-29,True
E0007923,T002587,Transporte terrestre,177.8,2025-12-29,True
E0007924,T002587,Ajuste de reembolso,18.62,2026-01-10,False
E0007925,T002588,Alimentação,184.46,2025-07-18,True
E0007926,T002588,Transporte terrestre,130.67,2025-07-18,True
E0007927,T002588,Ajuste de reembolso,-18.67,2025-07-28,False
E0007928,T002589,Alimentação,727.86,2025-05-01,True
E0007929,T002589,Transporte terrestre,478.38,2025-05-01,True
E0007930,T002589,Ajuste de reembolso,14.63,2025-05-22,False
E0007931,T002590,Alimentação,246.0,2024-05-23,True
E0007932,T002590,Transporte terrestre,242.74,2024-05-23,True
E0007933,T002590,Pedágio,40.34,2024-05-23,True
E0007934,T002590,Ajuste de reembolso,5.57,2024-06-06,False
E0007935,T002591,Alimentação,105.5,2024-07-30,True
E0007936,T002591,Transporte terrestre,63.03,2024-07-30,True
E0007937,T002591,Ajuste de reembolso,2.28,2024-08-05,False
E0007938,T002592,Alimentação,282.97,2025-03-02,True
E0007939,T002592,Transporte terrestre,206.39,2025-03-02,True
E0007940,T002592,Outros,39.38,2025-03-02,True
E0007941,T002592,Ajuste de reembolso,29.93,2025-03-18,False
E0007942,T002593,Alimentação,352.24,2025-10-09,True
E0007943,T002593,Transporte terrestre,293.52,2025-10-09,True
E0007944,T002593,Ajuste de reembolso,24.27,2025-10-21,False
E0007945,T002594,Alimentação,338.73,2024-10-19,True
E0007946,T002594,Transporte terrestre,238.81,2024-10-19,True
E0007947,T002594,Ajuste de reembolso,-12.51,2024-10-23,False
E0007948,T002595,Alimentação,130.56,2024-12-17,True
E0007949,T002595,Transporte terrestre,87.22,2024-12-17,True
E0007950,T002595,Ajuste de reembolso,38.94,2024-12-29,False
E0007951,T002596,Alimentação,306.12,2025-10-22,True
E0007952,T002596,Transporte terrestre,147.06,2025-10-22,True
E0007953,T002596,Ajuste de reembolso,23.1,2025-10-31,False
E0007954,T002597,Alimentação,270.56,2024-05-23,True
E0007955,T002597,Transporte terrestre,312.24,2024-05-23,True
E0007956,T002597,Ajuste de reembolso,-19.9,2024-05-31,False
E0007957,T002598,Alimentação,374.94,2025-08-29,True
E0007958,T002598,Transporte terrestre,261.41,2025-08-29,True
E0007959,T002598,Ajuste de reembolso,-18.13,2025-09-03,False
E0007960,T002599,Alimentação,469.28,2024-06-12,True
E0007961,T002599,Transporte terrestre,400.07,2024-06-12,True
E0007962,T002599,Ajuste de reembolso,34.82,2024-06-22,False
E0007963,T002600,Alimentação,205.34,2024-07-21,True
E0007964,T002600,Transporte terrestre,125.64,2024-07-21,True
E0007965,T002600,Ajuste de reembolso,24.15,2024-08-05,False
E0007966,T002601,Alimentação,461.27,2025-06-04,True
E0007967,T002601,Transporte terrestre,192.88,2025-06-04,True
E0007968,T002601,Ajuste de reembolso,18.96,2025-06-10,False
E0007969,T002602,Alimentação,112.98,2024-07-02,True
E0007970,T002602,Transporte terrestre,56.93,2024-07-02,True
E0007971,T002602,Ajuste de reembolso,-24.33,2024-07-14,False
E0007972,T002603,Alimentação,83.14,2025-08-08,True
E0007973,T002603,Transporte terrestre,54.69,2025-08-08,True
E0007974,T002603,Ajuste de reembolso,-4.9,2025-08-19,False
E0007975,T002604,Alimentação,345.88,2024-08-06,True
E0007976,T002604,Transporte terrestre,211.53,2024-08-06,True
E0007977,T002604,Ajuste de reembolso,39.38,2024-08-15,False
E0007978,T002605,Alimentação,220.16,2024-05-10,True
E0007979,T002605,Transporte terrestre,137.81,2024-05-10,True
E0007980,T002605,Ajuste de reembolso,12.08,2024-05-23,False
E0007981,T002606,Alimentação,263.61,2025-02-27,True
E0007982,T002606,Transporte terrestre,317.63,2025-02-27,True
E0007983,T002606,Ajuste de reembolso,-23.56,2025-03-09,False
E0007984,T002607,Alimentação,300.35,2024-05-27,True
E0007985,T002607,Transporte terrestre,92.2,2024-05-27,True
E0007986,T002607,Taxa,188.18,2024-05-27,True
E0007987,T002607,Ajuste de reembolso,22.13,2024-06-07,False
E0007988,T002608,Alimentação,163.76,2024-05-14,True
E0007989,T002608,Transporte terrestre,130.27,2024-05-14,True
E0007990,T002608,Ajuste de reembolso,23.46,2024-05-26,False
E0007991,T002609,Alimentação,386.03,2025-11-12,True
E0007992,T002609,Transporte terrestre,309.41,2025-11-12,True
E0007993,T002609,Ajuste de reembolso,3.17,2025-11-27,False
E0007994,T002610,Alimentação,65.4,2024-05-17,True
E0007995,T002610,Transporte terrestre,64.1,2024-05-17,True
E0007996,T002610,Ajuste de reembolso,-9.48,2024-05-27,False
E0007997,T002611,Alimentação,574.54,2025-02-20,True
E0007998,T002611,Transporte terrestre,252.52,2025-02-20,True
E0007999,T002611,Ajuste de reembolso,22.71,2025-03-05,False
E0008000,T002612,Alimentação,122.53,2024-10-14,True
E0008001,T002612,Transporte terrestre,92.08,2024-10-14,True
E0008002,T002612,Ajuste de reembolso,-21.85,2024-10-22,False
E0008003,T002613,Alimentação,376.7,2024-05-22,True
E0008004,T002613,Transporte terrestre,335.09,2024-05-22,True
E0008005,T002613,Ajuste de reembolso,32.88,2024-06-08,False
E0008006,T002614,Alimentação,334.36,2024-10-19,True
E0008007,T002614,Transporte terrestre,124.57,2024-10-19,True
E0008008,T002614,Ajuste de reembolso,5.85,2024-11-04,False
E0008009,T002615,Alimentação,153.59,2025-01-22,True
E0008010,T002615,Transporte terrestre,66.79,2025-01-22,True
E0008011,T002615,Ajuste de reembolso,-15.24,2025-01-29,False
E0008012,T002616,Alimentação,207.53,2025-05-24,True
E0008013,T002616,Transporte terrestre,371.11,2025-05-24,True
E0008014,T002616,Ajuste de reembolso,-9.77,2025-06-09,False
E0008015,T002617,Alimentação,263.3,2025-07-31,True
E0008016,T002617,Transporte terrestre,190.68,2025-07-31,True
E0008017,T002617,Ajuste de reembolso,-23.67,2025-08-10,False
E0008018,T002618,Alimentação,424.43,2024-02-17,True
E0008019,T002618,Transporte terrestre,371.74,2024-02-17,True
E0008020,T002618,Ajuste de reembolso,-5.41,2024-02-25,False
E0008021,T002619,Alimentação,227.51,2024-11-30,True
E0008022,T002619,Transporte terrestre,285.77,2024-11-30,True
E0008023,T002619,Ajuste de reembolso,19.1,2024-12-12,False
E0008024,T002620,Alimentação,421.03,2025-04-13,True
E0008025,T002620,Transporte terrestre,345.59,2025-04-13,True
E0008026,T002620,Ajuste de reembolso,17.67,2025-04-24,False
E0008027,T002621,Alimentação,64.34,2025-05-15,True
E0008028,T002621,Transporte terrestre,69.0,2025-05-15,True
E0008029,T002621,Ajuste de reembolso,12.94,2025-05-22,False
E0008030,T002622,Alimentação,99.15,2024-05-31,True
E0008031,T002622,Transporte terrestre,58.65,2024-05-31,True
E0008032,T002622,Ajuste de reembolso,-6.46,2024-06-15,False
E0008033,T002623,Alimentação,133.7,2024-07-03,True
E0008034,T002623,Transporte terrestre,88.19,2024-07-03,True
E0008035,T002623,Ajuste de reembolso,18.68,2024-07-08,False
E0008036,T002624,Alimentação,447.63,2024-03-24,True
E0008037,T002624,Transporte terrestre,185.64,2024-03-24,True
E0008038,T002624,Ajuste de reembolso,-7.26,2024-04-03,False
E0008039,T002625,Alimentação,495.02,2025-06-28,True
E0008040,T002625,Transporte terrestre,249.88,2025-06-28,True
E0008041,T002625,Pedágio,167.0,2025-06-28,True
E0008042,T002625,Ajuste de reembolso,31.34,2025-07-12,False
E0008043,T002626,Alimentação,354.33,2025-08-31,True
E0008044,T002626,Transporte terrestre,278.82,2025-08-31,True
E0008045,T002626,Ajuste de reembolso,9.36,2025-09-06,False
E0008046,T002627,Alimentação,172.61,2024-03-08,True
E0008047,T002627,Transporte terrestre,131.14,2024-03-08,True
E0008048,T002627,Taxa,268.15,2024-03-08,True
E0008049,T002627,Ajuste de reembolso,-18.67,2024-03-15,False
E0008050,T002628,Alimentação,526.13,2024-01-24,True
E0008051,T002628,Transporte terrestre,585.02,2024-01-24,True
E0008052,T002628,Outros,143.43,2024-01-24,True
E0008053,T002628,Ajuste de reembolso,21.39,2024-02-04,False
E0008054,T002629,Alimentação,56.79,2024-03-02,True
E0008055,T002629,Transporte terrestre,71.9,2024-03-02,True
E0008056,T002629,Ajuste de reembolso,-15.99,2024-03-04,False
E0008057,T002630,Alimentação,215.93,2025-01-20,True
E0008058,T002630,Transporte terrestre,151.62,2025-01-20,True
E0008059,T002630,Ajuste de reembolso,4.52,2025-02-01,False
E0008060,T002631,Alimentação,139.44,2025-01-07,True
E0008061,T002631,Transporte terrestre,113.98,2025-01-07,True
E0008062,T002631,Ajuste de reembolso,12.39,2025-01-22,False
E0008063,T002632,Alimentação,96.94,2025-08-01,True
E0008064,T002632,Transporte terrestre,62.73,2025-08-01,True
E0008065,T002632,Estacionamento,274.19,2025-08-01,True
E0008066,T002632,Ajuste de reembolso,-8.48,2025-08-08,False
E0008067,T002634,Alimentação,278.41,2025-02-02,True
E0008068,T002634,Transporte terrestre,336.21,2025-02-02,True
E0008069,T002634,Ajuste de reembolso,-5.06,2025-02-21,False
E0008070,T002635,Alimentação,61.78,2024-05-01,True
E0008071,T002635,Transporte terrestre,41.37,2024-05-01,True
E0008072,T002635,Ajuste de reembolso,41.23,2024-05-10,False
E0008073,T002636,Alimentação,332.2,2024-10-31,True
E0008074,T002636,Transporte terrestre,426.81,2024-10-31,True
E0008075,T002636,Pedágio,71.8,2024-10-31,True
E0008076,T002636,Ajuste de reembolso,21.99,2024-11-20,False
E0008077,T002637,Alimentação,332.9,2024-06-20,True
E0008078,T002637,Transporte terrestre,182.36,2024-06-20,True
E0008079,T002637,Taxa,207.55,2024-06-20,True
E0008080,T002637,Ajuste de reembolso,-14.93,2024-06-29,False
E0008081,T002638,Alimentação,187.5,2024-05-30,True
E0008082,T002638,Transporte terrestre,144.21,2024-05-30,True
E0008083,T002638,Outros,208.47,2024-05-30,True
E0008084,T002638,Ajuste de reembolso,36.09,2024-06-10,False
E0008085,T002639,Alimentação,132.72,2024-02-29,True
E0008086,T002639,Transporte terrestre,88.66,2024-02-29,True
E0008087,T002639,Ajuste de reembolso,15.21,2024-03-10,False
E0008088,T002640,Alimentação,448.02,2024-10-06,True
E0008089,T002640,Transporte terrestre,373.06,2024-10-06,True
E0008090,T002640,Ajuste de reembolso,-13.58,2024-10-15,False
E0008091,T002641,Alimentação,922.46,2024-11-30,True
E0008092,T002641,Transporte terrestre,282.89,2024-11-30,True
E0008093,T002641,Ajuste de reembolso,-8.84,2024-12-12,False
E0008094,T002642,Alimentação,561.0,2025-05-07,True
E0008095,T002642,Transporte terrestre,414.67,2025-05-07,True
E0008096,T002642,Ajuste de reembolso,18.01,2025-05-24,False
E0008097,T002643,Alimentação,77.74,2024-01-09,True
E0008098,T002643,Transporte terrestre,66.03,2024-01-09,True
E0008099,T002643,Ajuste de reembolso,32.0,2024-01-22,False
E0008100,T002644,Alimentação,320.99,2024-05-09,True
E0008101,T002644,Transporte terrestre,159.26,2024-05-09,True
E0008102,T002644,Ajuste de reembolso,-10.94,2024-05-18,False
E0008103,T002645,Alimentação,235.3,2025-07-07,True
E0008104,T002645,Transporte terrestre,174.52,2025-07-07,True
E0008105,T002645,Ajuste de reembolso,-16.35,2025-07-09,False
E0008106,T002646,Alimentação,200.5,2024-02-16,True
E0008107,T002646,Transporte terrestre,205.25,2024-02-16,True
E0008108,T002646,Ajuste de reembolso,6.21,2024-03-03,False
E0008109,T002647,Alimentação,186.66,2025-11-03,True
E0008110,T002647,Transporte terrestre,125.78,2025-11-03,True
E0008111,T002647,Ajuste de reembolso,37.91,2025-11-05,False
E0008112,T002648,Alimentação,345.36,2024-02-01,True
E0008113,T002648,Transporte terrestre,121.42,2024-02-01,True
E0008114,T002648,Estacionamento,227.99,2024-02-01,True
E0008115,T002648,Ajuste de reembolso,22.19,2024-02-06,False
E0008116,T002649,Alimentação,203.57,2025-02-02,True
E0008117,T002649,Transporte terrestre,248.55,2025-02-02,True
E0008118,T002649,Pedágio,193.76,2025-02-02,True
E0008119,T002649,Ajuste de reembolso,19.28,2025-02-17,False
E0008120,T002650,Alimentação,474.86,2025-05-04,True
E0008121,T002650,Transporte terrestre,274.64,2025-05-04,True
E0008122,T002650,Ajuste de reembolso,6.74,2025-05-15,False
E0008123,T002651,Alimentação,296.87,2024-04-30,True
E0008124,T002651,Transporte terrestre,203.35,2024-04-30,True
E0008125,T002651,Outros,58.44,2024-04-30,True
E0008126,T002651,Ajuste de reembolso,38.19,2024-05-15,False
E0008127,T002652,Alimentação,272.63,2024-12-10,True
E0008128,T002652,Transporte terrestre,144.55,2024-12-10,True
E0008129,T002652,Ajuste de reembolso,-5.92,2024-12-21,False
E0008130,T002653,Alimentação,151.78,2024-06-28,True
E0008131,T002653,Transporte terrestre,219.34,2024-06-28,True
E0008132,T002653,Taxa,228.41,2024-06-28,True
E0008133,T002653,Ajuste de reembolso,9.68,2024-07-17,False
E0008134,T002654,Alimentação,181.7,2024-05-30,True
E0008135,T002654,Transporte terrestre,140.87,2024-05-30,True
E0008136,T002654,Ajuste de reembolso,37.41,2024-06-09,False
E0008137,T002655,Alimentação,321.76,2024-08-29,True
E0008138,T002655,Transporte terrestre,290.77,2024-08-29,True
E0008139,T002655,Ajuste de reembolso,5.9,2024-09-08,False
E0008140,T002656,Alimentação,392.19,2025-08-12,True
E0008141,T002656,Transporte terrestre,347.26,2025-08-12,True
E0008142,T002656,Ajuste de reembolso,-14.7,2025-08-21,False
E0008143,T002657,Alimentação,138.12,2024-03-11,True
E0008144,T002657,Transporte terrestre,135.2,2024-03-11,True
E0008145,T002657,Ajuste de reembolso,35.06,2024-03-29,False
E0008146,T002658,Alimentação,362.63,2024-09-10,True
E0008147,T002658,Transporte terrestre,362.55,2024-09-10,True
E0008148,T002658,Ajuste de reembolso,-4.71,2024-09-19,False
E0008149,T002659,Alimentação,82.49,2024-09-09,True
E0008150,T002659,Transporte terrestre,63.48,2024-09-09,True
E0008151,T002659,Ajuste de reembolso,21.06,2024-09-22,False
E0008152,T002660,Alimentação,382.19,2025-10-28,True
E0008153,T002660,Transporte terrestre,236.08,2025-10-28,True
E0008154,T002660,Ajuste de reembolso,3.48,2025-11-13,False
E0008155,T002661,Alimentação,125.02,2025-12-31,True
E0008156,T002661,Transporte terrestre,41.55,2025-12-31,True
E0008157,T002661,Ajuste de reembolso,19.29,2026-01-03,False
E0008158,T002662,Alimentação,345.14,2025-05-21,True
E0008159,T002662,Transporte terrestre,258.14,2025-05-21,True
E0008160,T002662,Estacionamento,131.14,2025-05-21,True
E0008161,T002662,Ajuste de reembolso,-19.57,2025-05-29,False
E0008162,T002663,Alimentação,133.65,2024-10-13,True
E0008163,T002663,Transporte terrestre,158.73,2024-10-13,True
E0008164,T002663,Ajuste de reembolso,13.62,2024-10-19,False
E0008165,T002664,Alimentação,87.78,2024-08-20,True
E0008166,T002664,Transporte terrestre,68.85,2024-08-20,True
E0008167,T002664,Ajuste de reembolso,-12.54,2024-09-09,False
E0008168,T002665,Alimentação,209.99,2025-06-12,True
E0008169,T002665,Transporte terrestre,98.66,2025-06-12,True
E0008170,T002665,Ajuste de reembolso,23.57,2025-06-19,False
E0008171,T002666,Alimentação,276.87,2025-09-09,True
E0008172,T002666,Transporte terrestre,255.93,2025-09-09,True
E0008173,T002666,Estacionamento,144.47,2025-09-09,True
E0008174,T002666,Ajuste de reembolso,20.19,2025-09-23,False
E0008175,T002667,Alimentação,591.39,2024-06-03,True
E0008176,T002667,Transporte terrestre,245.43,2024-06-03,True
E0008177,T002667,Ajuste de reembolso,-6.67,2024-06-15,False
E0008178,T002668,Alimentação,430.25,2024-10-28,True
E0008179,T002668,Transporte terrestre,291.87,2024-10-28,True
E0008180,T002668,Ajuste de reembolso,-16.05,2024-11-09,False
E0008181,T002669,Alimentação,530.22,2024-05-15,True
E0008182,T002669,Transporte terrestre,263.19,2024-05-15,True
E0008183,T002669,Ajuste de reembolso,-11.91,2024-05-22,False
E0008184,T002671,Alimentação,138.63,2024-03-26,True
E0008185,T002671,Transporte terrestre,65.25,2024-03-26,True
E0008186,T002671,Estacionamento,118.58,2024-03-26,True
E0008187,T002671,Ajuste de reembolso,-4.01,2024-04-07,False
E0008188,T002672,Alimentação,108.45,2025-09-11,True
E0008189,T002672,Transporte terrestre,60.75,2025-09-11,True
E0008190,T002672,Ajuste de reembolso,40.28,2025-09-29,False
E0008191,T002673,Alimentação,244.61,2024-09-27,True
E0008192,T002673,Transporte terrestre,294.26,2024-09-27,True
E0008193,T002673,Ajuste de reembolso,39.72,2024-10-07,False
E0008194,T002674,Alimentação,439.51,2025-03-20,True
E0008195,T002674,Transporte terrestre,150.51,2025-03-20,True
E0008196,T002674,Ajuste de reembolso,-17.74,2025-04-06,False
E0008197,T002675,Alimentação,244.29,2025-05-16,True
E0008198,T002675,Transporte terrestre,87.17,2025-05-16,True
E0008199,T002675,Ajuste de reembolso,16.02,2025-05-18,False
E0008200,T002676,Alimentação,587.67,2025-11-22,True
E0008201,T002676,Transporte terrestre,331.86,2025-11-22,True
E0008202,T002676,Pedágio,172.0,2025-11-22,True
E0008203,T002676,Ajuste de reembolso,16.82,2025-12-16,False
E0008204,T002677,Alimentação,62.55,2025-07-18,True
E0008205,T002677,Transporte terrestre,66.1,2025-07-18,True
E0008206,T002677,Ajuste de reembolso,-1.06,2025-07-29,False
E0008207,T002678,Alimentação,82.84,2024-03-20,True
E0008208,T002678,Transporte terrestre,44.43,2024-03-20,True
E0008209,T002678,Ajuste de reembolso,5.76,2024-04-02,False
E0008210,T002679,Alimentação,392.93,2025-03-27,True
E0008211,T002679,Transporte terrestre,327.02,2025-03-27,True
E0008212,T002679,Ajuste de reembolso,-9.22,2025-04-13,False
E0008213,T002680,Alimentação,171.1,2025-11-27,True
E0008214,T002680,Transporte terrestre,258.8,2025-11-27,True
E0008215,T002680,Estacionamento,69.09,2025-11-27,True
E0008216,T002680,Ajuste de reembolso,-4.89,2025-11-30,False
E0008217,T002681,Alimentação,674.88,2024-08-05,True
E0008218,T002681,Transporte terrestre,360.06,2024-08-05,True
E0008219,T002681,Ajuste de reembolso,19.58,2024-08-13,False
E0008220,T002682,Alimentação,222.11,2024-02-26,True
E0008221,T002682,Transporte terrestre,202.68,2024-02-26,True
E0008222,T002682,Ajuste de reembolso,44.79,2024-03-08,False
E0008223,T002683,Alimentação,104.13,2024-07-21,True
E0008224,T002683,Transporte terrestre,62.14,2024-07-21,True
E0008225,T002683,Ajuste de reembolso,32.99,2024-07-27,False
E0008226,T002684,Alimentação,438.19,2025-10-03,True
E0008227,T002684,Transporte terrestre,312.29,2025-10-03,True
E0008228,T002684,Ajuste de reembolso,8.24,2025-10-15,False
E0008229,T002685,Alimentação,206.85,2025-01-13,True
E0008230,T002685,Transporte terrestre,323.63,2025-01-13,True
E0008231,T002685,Ajuste de reembolso,24.68,2025-02-02,False
E0008232,T002686,Alimentação,257.35,2025-04-22,True
E0008233,T002686,Transporte terrestre,151.46,2025-04-22,True
E0008234,T002686,Pedágio,76.81,2025-04-22,True
E0008235,T002686,Ajuste de reembolso,38.35,2025-05-01,False
E0008236,T002687,Alimentação,138.14,2025-03-17,True
E0008237,T002687,Transporte terrestre,67.28,2025-03-17,True
E0008238,T002687,Ajuste de reembolso,-23.5,2025-03-30,False
E0008239,T002688,Alimentação,43.94,2024-11-07,True
E0008240,T002688,Transporte terrestre,77.37,2024-11-07,True
E0008241,T002688,Ajuste de reembolso,38.21,2024-11-23,False
E0008242,T002689,Alimentação,319.61,2024-08-26,True
E0008243,T002689,Transporte terrestre,172.33,2024-08-26,True
E0008244,T002689,Ajuste de reembolso,29.09,2024-09-04,False
E0008245,T002690,Alimentação,132.56,2024-10-09,True
E0008246,T002690,Transporte terrestre,170.11,2024-10-09,True
E0008247,T002690,Ajuste de reembolso,-4.6,2024-10-16,False
E0008248,T002691,Alimentação,773.56,2024-02-19,True
E0008249,T002691,Transporte terrestre,460.68,2024-02-19,True
E0008250,T002691,Ajuste de reembolso,-5.67,2024-03-09,False
E0008251,T002692,Alimentação,88.37,2024-08-09,True
E0008252,T002692,Transporte terrestre,49.88,2024-08-09,True
E0008253,T002692,Ajuste de reembolso,1.57,2024-08-20,False
E0008254,T002693,Alimentação,631.56,2024-09-22,True
E0008255,T002693,Transporte terrestre,444.0,2024-09-22,True
E0008256,T002693,Ajuste de reembolso,22.89,2024-10-07,False
E0008257,T002694,Alimentação,112.98,2025-09-17,True
E0008258,T002694,Transporte terrestre,82.68,2025-09-17,True
E0008259,T002694,Ajuste de reembolso,-1.22,2025-10-02,False
E0008260,T002695,Alimentação,306.0,2025-06-27,True
E0008261,T002695,Transporte terrestre,183.33,2025-06-27,True
E0008262,T002695,Ajuste de reembolso,6.04,2025-07-14,False
E0008263,T002696,Alimentação,494.24,2025-11-06,True
E0008264,T002696,Transporte terrestre,205.65,2025-11-06,True
E0008265,T002696,Ajuste de reembolso,25.57,2025-11-18,False
E0008266,T002697,Alimentação,92.3,2024-01-16,True
E0008267,T002697,Transporte terrestre,54.35,2024-01-16,True
E0008268,T002697,Taxa,160.91,2024-01-16,True
E0008269,T002697,Ajuste de reembolso,34.91,2024-02-03,False
E0008270,T002698,Alimentação,272.09,2025-10-24,True
E0008271,T002698,Transporte terrestre,168.63,2025-10-24,True
E0008272,T002698,Ajuste de reembolso,35.59,2025-11-02,False
E0008273,T002699,Alimentação,345.32,2025-06-04,True
E0008274,T002699,Transporte terrestre,493.48,2025-06-04,True
E0008275,T002699,Ajuste de reembolso,33.0,2025-06-14,False
E0008276,T002700,Alimentação,146.27,2025-08-27,True
E0008277,T002700,Transporte terrestre,196.31,2025-08-27,True
E0008278,T002700,Pedágio,202.41,2025-08-27,True
E0008279,T002700,Ajuste de reembolso,-14.29,2025-08-30,False
E0008280,T002701,Alimentação,190.33,2025-03-10,True
E0008281,T002701,Transporte terrestre,119.68,2025-03-10,True
E0008282,T002701,Ajuste de reembolso,-2.03,2025-03-16,False
E0008283,T002702,Alimentação,578.28,2025-05-16,True
E0008284,T002702,Transporte terrestre,474.89,2025-05-16,True
E0008285,T002702,Ajuste de reembolso,31.64,2025-05-29,False
E0008286,T002703,Alimentação,332.68,2025-06-27,True
E0008287,T002703,Transporte terrestre,264.01,2025-06-27,True
E0008288,T002703,Ajuste de reembolso,27.91,2025-07-07,False
E0008289,T002704,Alimentação,497.73,2025-05-25,True
E0008290,T002704,Transporte terrestre,224.86,2025-05-25,True
E0008291,T002704,Ajuste de reembolso,-16.6,2025-05-31,False
E0008292,T002705,Alimentação,307.84,2025-02-28,True
E0008293,T002705,Transporte terrestre,174.38,2025-02-28,True
E0008294,T002705,Taxa,188.91,2025-02-28,True
E0008295,T002705,Ajuste de reembolso,12.7,2025-03-10,False
E0008296,T002706,Alimentação,135.23,2025-09-06,True
E0008297,T002706,Transporte terrestre,58.95,2025-09-06,True
E0008298,T002706,Ajuste de reembolso,22.99,2025-09-18,False
E0008299,T002707,Alimentação,519.25,2024-04-24,True
E0008300,T002707,Transporte terrestre,230.85,2024-04-24,True
E0008301,T002707,Ajuste de reembolso,11.2,2024-04-29,False
E0008302,T002708,Alimentação,356.11,2025-04-17,True
E0008303,T002708,Transporte terrestre,158.18,2025-04-17,True
E0008304,T002708,Ajuste de reembolso,-10.07,2025-04-27,False
E0008305,T002709,Alimentação,308.51,2025-10-28,True
E0008306,T002709,Transporte terrestre,301.88,2025-10-28,True
E0008307,T002709,Ajuste de reembolso,14.19,2025-11-01,False
E0008308,T002710,Alimentação,273.77,2025-02-11,True
E0008309,T002710,Transporte terrestre,142.28,2025-02-11,True
E0008310,T002710,Estacionamento,94.37,2025-02-11,True
E0008311,T002710,Ajuste de reembolso,-20.52,2025-02-26,False
E0008312,T002711,Alimentação,465.17,2025-06-09,True
E0008313,T002711,Transporte terrestre,184.06,2025-06-09,True
E0008314,T002711,Ajuste de reembolso,18.86,2025-06-25,False
E0008315,T002712,Alimentação,252.13,2024-09-17,True
E0008316,T002712,Transporte terrestre,195.4,2024-09-17,True
E0008317,T002712,Ajuste de reembolso,43.68,2024-09-21,False
E0008318,T002713,Alimentação,81.0,2024-10-14,True
E0008319,T002713,Transporte terrestre,45.27,2024-10-14,True
E0008320,T002713,Estacionamento,35.43,2024-10-14,True
E0008321,T002713,Ajuste de reembolso,-5.49,2024-11-04,False
E0008322,T002714,Alimentação,371.02,2025-02-11,True
E0008323,T002714,Transporte terrestre,409.82,2025-02-11,True
E0008324,T002714,Ajuste de reembolso,-21.77,2025-02-21,False
E0008325,T002715,Alimentação,455.77,2025-09-04,True
E0008326,T002715,Transporte terrestre,282.83,2025-09-04,True
E0008327,T002715,Ajuste de reembolso,5.54,2025-09-20,False
E0008328,T002716,Alimentação,548.33,2025-04-02,True
E0008329,T002716,Transporte terrestre,269.28,2025-04-02,True
E0008330,T002716,Pedágio,153.57,2025-04-02,True
E0008331,T002716,Ajuste de reembolso,24.55,2025-04-10,False
E0008332,T002717,Alimentação,116.46,2025-07-25,True
E0008333,T002717,Transporte terrestre,127.93,2025-07-25,True
E0008334,T002717,Outros,209.77,2025-07-25,True
E0008335,T002717,Ajuste de reembolso,28.6,2025-08-01,False
E0008336,T002718,Alimentação,80.04,2025-07-30,True
E0008337,T002718,Transporte terrestre,67.76,2025-07-30,True
E0008338,T002718,Ajuste de reembolso,-4.81,2025-08-07,False
E0008339,T002719,Alimentação,283.65,2025-06-04,True
E0008340,T002719,Transporte terrestre,193.73,2025-06-04,True
E0008341,T002719,Ajuste de reembolso,28.68,2025-06-19,False
E0008342,T002720,Alimentação,343.6,2025-04-05,True
E0008343,T002720,Transporte terrestre,168.05,2025-04-05,True
E0008344,T002720,Ajuste de reembolso,-8.83,2025-04-13,False
E0008345,T002721,Alimentação,233.82,2025-12-31,True
E0008346,T002721,Transporte terrestre,273.17,2025-12-31,True
E0008347,T002721,Ajuste de reembolso,40.55,2026-01-12,False
E0008348,T002722,Alimentação,439.02,2025-08-26,True
E0008349,T002722,Transporte terrestre,214.29,2025-08-26,True
E0008350,T002722,Taxa,238.54,2025-08-26,True
E0008351,T002722,Ajuste de reembolso,-17.08,2025-09-09,False
E0008352,T002723,Alimentação,188.58,2024-06-05,True
E0008353,T002723,Transporte terrestre,113.54,2024-06-05,True
E0008354,T002723,Ajuste de reembolso,-9.19,2024-06-20,False
E0008355,T002724,Alimentação,377.11,2024-06-18,True
E0008356,T002724,Transporte terrestre,245.8,2024-06-18,True
E0008357,T002724,Ajuste de reembolso,10.2,2024-07-02,False
E0008358,T002725,Alimentação,562.77,2024-06-13,True
E0008359,T002725,Transporte terrestre,591.35,2024-06-13,True
E0008360,T002725,Ajuste de reembolso,-6.8,2024-06-25,False
E0008361,T002726,Alimentação,238.56,2025-09-30,True
E0008362,T002726,Transporte terrestre,184.62,2025-09-30,True
E0008363,T002726,Pedágio,113.7,2025-09-30,True
E0008364,T002726,Ajuste de reembolso,35.41,2025-10-07,False
E0008365,T002728,Alimentação,218.29,2025-01-26,True
E0008366,T002728,Transporte terrestre,212.8,2025-01-26,True
E0008367,T002728,Ajuste de reembolso,-19.66,2025-02-10,False
E0008368,T002729,Alimentação,271.21,2024-10-08,True
E0008369,T002729,Transporte terrestre,318.03,2024-10-08,True
E0008370,T002729,Outros,166.26,2024-10-08,True
E0008371,T002729,Ajuste de reembolso,-19.44,2024-10-11,False
E0008372,T002730,Alimentação,345.08,2025-08-29,True
E0008373,T002730,Transporte terrestre,213.2,2025-08-29,True
E0008374,T002730,Ajuste de reembolso,0.01,2025-09-08,False
E0008375,T002731,Alimentação,141.6,2024-02-18,True
E0008376,T002731,Transporte terrestre,140.68,2024-02-18,True
E0008377,T002731,Outros,160.75,2024-02-18,True
E0008378,T002731,Ajuste de reembolso,44.98,2024-02-20,False
E0008379,T002732,Alimentação,68.38,2025-08-31,True
E0008380,T002732,Transporte terrestre,99.3,2025-08-31,True
E0008381,T002732,Ajuste de reembolso,19.3,2025-09-05,False
E0008382,T002733,Alimentação,177.82,2024-07-10,True
E0008383,T002733,Transporte terrestre,132.08,2024-07-10,True
E0008384,T002733,Ajuste de reembolso,42.56,2024-07-27,False
E0008385,T002734,Alimentação,168.36,2025-10-11,True
E0008386,T002734,Transporte terrestre,116.37,2025-10-11,True
E0008387,T002734,Estacionamento,244.67,2025-10-11,True
E0008388,T002734,Ajuste de reembolso,7.74,2025-10-19,False
E0008389,T002735,Alimentação,150.11,2025-02-23,True
E0008390,T002735,Transporte terrestre,140.35,2025-02-23,True
E0008391,T002735,Outros,138.13,2025-02-23,True
E0008392,T002735,Ajuste de reembolso,36.83,2025-03-04,False
E0008393,T002736,Alimentação,112.26,2025-04-19,True
E0008394,T002736,Transporte terrestre,44.82,2025-04-19,True
E0008395,T002736,Ajuste de reembolso,23.83,2025-04-22,False
E0008396,T002737,Alimentação,242.63,2024-11-09,True
E0008397,T002737,Transporte terrestre,235.16,2024-11-09,True
E0008398,T002737,Ajuste de reembolso,20.84,2024-11-16,False
E0008399,T002738,Alimentação,380.0,2025-11-10,True
E0008400,T002738,Transporte terrestre,292.5,2025-11-10,True
E0008401,T002738,Ajuste de reembolso,33.85,2025-11-15,False
E0008402,T002739,Alimentação,90.82,2025-03-16,True
E0008403,T002739,Transporte terrestre,42.17,2025-03-16,True
E0008404,T002739,Ajuste de reembolso,13.61,2025-04-01,False
E0008405,T002740,Alimentação,726.02,2025-02-12,True
E0008406,T002740,Transporte terrestre,482.76,2025-02-12,True
E0008407,T002740,Ajuste de reembolso,2.81,2025-02-25,False
E0008408,T002741,Alimentação,159.05,2025-05-13,True
E0008409,T002741,Transporte terrestre,188.0,2025-05-13,True
E0008410,T002741,Ajuste de reembolso,32.42,2025-05-27,False
E0008411,T002742,Alimentação,312.41,2024-08-27,True
E0008412,T002742,Transporte terrestre,125.37,2024-08-27,True
E0008413,T002742,Ajuste de reembolso,24.06,2024-09-13,False
E0008414,T002743,Alimentação,439.9,2024-12-15,True
E0008415,T002743,Transporte terrestre,153.52,2024-12-15,True
E0008416,T002743,Ajuste de reembolso,8.11,2024-12-22,False
E0008417,T002744,Alimentação,164.9,2024-06-25,True
E0008418,T002744,Transporte terrestre,200.71,2024-06-25,True
E0008419,T002744,Ajuste de reembolso,-15.51,2024-07-06,False
E0008420,T002745,Alimentação,252.72,2024-11-08,True
E0008421,T002745,Transporte terrestre,397.35,2024-11-08,True
E0008422,T002745,Pedágio,226.01,2024-11-08,True
E0008423,T002745,Ajuste de reembolso,-5.08,2024-11-20,False
E0008424,T002746,Alimentação,276.81,2024-02-11,True
E0008425,T002746,Transporte terrestre,118.16,2024-02-11,True
E0008426,T002746,Ajuste de reembolso,25.86,2024-02-19,False
E0008427,T002747,Alimentação,484.19,2025-08-01,True
E0008428,T002747,Transporte terrestre,367.79,2025-08-01,True
E0008429,T002747,Ajuste de reembolso,-17.48,2025-08-11,False
E0008430,T002748,Alimentação,69.46,2024-12-24,True
E0008431,T002748,Transporte terrestre,106.02,2024-12-24,True
E0008432,T002748,Ajuste de reembolso,38.51,2025-01-03,False
E0008433,T002749,Alimentação,84.12,2024-10-02,True
E0008434,T002749,Transporte terrestre,74.2,2024-10-02,True
E0008435,T002749,Ajuste de reembolso,42.24,2024-10-17,False
E0008436,T002750,Alimentação,108.1,2024-03-04,True
E0008437,T002750,Transporte terrestre,90.66,2024-03-04,True
E0008438,T002750,Ajuste de reembolso,17.17,2024-03-24,False
E0008439,T002751,Alimentação,471.48,2024-02-10,True
E0008440,T002751,Transporte terrestre,335.3,2024-02-10,True
E0008441,T002751,Ajuste de reembolso,-4.77,2024-02-20,False
E0008442,T002752,Alimentação,80.08,2025-03-26,True
E0008443,T002752,Transporte terrestre,62.75,2025-03-26,True
E0008444,T002752,Ajuste de reembolso,-23.8,2025-04-01,False
E0008445,T002753,Alimentação,214.09,2025-06-25,True
E0008446,T002753,Transporte terrestre,151.14,2025-06-25,True
E0008447,T002753,Ajuste de reembolso,-4.47,2025-07-08,False
E0008448,T002754,Alimentação,129.79,2025-12-18,True
E0008449,T002754,Transporte terrestre,122.09,2025-12-18,True
E0008450,T002754,Ajuste de reembolso,4.82,2025-12-24,False
E0008451,T002755,Alimentação,156.08,2025-02-09,True
E0008452,T002755,Transporte terrestre,134.35,2025-02-09,True
E0008453,T002755,Ajuste de reembolso,38.98,2025-02-19,False
E0008454,T002756,Alimentação,340.34,2024-08-11,True
E0008455,T002756,Transporte terrestre,209.15,2024-08-11,True
E0008456,T002756,Estacionamento,180.33,2024-08-11,True
E0008457,T002756,Ajuste de reembolso,7.33,2024-08-17,False
E0008458,T002757,Alimentação,184.47,2024-03-29,True
E0008459,T002757,Transporte terrestre,99.74,2024-03-29,True
E0008460,T002757,Ajuste de reembolso,-4.14,2024-03-31,False
E0008461,T002758,Alimentação,824.2,2024-06-05,True
E0008462,T002758,Transporte terrestre,497.91,2024-06-05,True
E0008463,T002758,Ajuste de reembolso,-2.51,2024-06-19,False
E0008464,T002759,Alimentação,175.97,2024-11-14,True
E0008465,T002759,Transporte terrestre,176.5,2024-11-14,True
E0008466,T002759,Ajuste de reembolso,40.5,2024-11-22,False
E0008467,T002760,Alimentação,361.69,2025-05-18,True
E0008468,T002760,Transporte terrestre,173.6,2025-05-18,True
E0008469,T002760,Taxa,182.2,2025-05-18,True
E0008470,T002760,Ajuste de reembolso,18.7,2025-06-01,False
E0008471,T002761,Alimentação,324.25,2024-02-07,True
E0008472,T002761,Transporte terrestre,234.92,2024-02-07,True
E0008473,T002761,Ajuste de reembolso,26.64,2024-02-15,False
E0008474,T002762,Alimentação,103.48,2025-10-15,True
E0008475,T002762,Transporte terrestre,93.54,2025-10-15,True
E0008476,T002762,Ajuste de reembolso,13.67,2025-10-27,False
E0008477,T002763,Alimentação,163.4,2025-11-04,True
E0008478,T002763,Transporte terrestre,93.31,2025-11-04,True
E0008479,T002763,Taxa,217.45,2025-11-04,True
E0008480,T002763,Ajuste de reembolso,17.77,2025-11-08,False
E0008481,T002764,Alimentação,443.76,2025-06-13,True
E0008482,T002764,Transporte terrestre,208.96,2025-06-13,True
E0008483,T002764,Ajuste de reembolso,20.84,2025-07-01,False
E0008484,T002765,Alimentação,261.28,2024-10-26,True
E0008485,T002765,Transporte terrestre,124.67,2024-10-26,True
E0008486,T002765,Ajuste de reembolso,14.95,2024-10-31,False
E0008487,T002766,Alimentação,312.8,2025-11-05,True
E0008488,T002766,Transporte terrestre,222.71,2025-11-05,True
E0008489,T002766,Ajuste de reembolso,-18.56,2025-11-19,False
E0008490,T002767,Alimentação,77.68,2024-05-19,True
E0008491,T002767,Transporte terrestre,120.38,2024-05-19,True
E0008492,T002767,Ajuste de reembolso,-23.63,2024-05-26,False
E0008493,T002768,Alimentação,469.02,2025-05-18,True
E0008494,T002768,Transporte terrestre,307.98,2025-05-18,True
E0008495,T002768,Ajuste de reembolso,21.88,2025-05-24,False
E0008496,T002769,Alimentação,99.85,2025-11-06,True
E0008497,T002769,Transporte terrestre,95.13,2025-11-06,True
E0008498,T002769,Ajuste de reembolso,-9.44,2025-11-17,False
E0008499,T002770,Alimentação,296.75,2025-03-02,True
E0008500,T002770,Transporte terrestre,146.22,2025-03-02,True
E0008501,T002770,Ajuste de reembolso,24.98,2025-03-05,False
E0008502,T002771,Alimentação,115.25,2024-07-05,True
E0008503,T002771,Transporte terrestre,72.18,2024-07-05,True
E0008504,T002771,Ajuste de reembolso,13.31,2024-07-19,False
E0008505,T002772,Alimentação,63.93,2025-04-10,True
E0008506,T002772,Transporte terrestre,55.03,2025-04-10,True
E0008507,T002772,Ajuste de reembolso,-10.49,2025-04-28,False
E0008508,T002773,Alimentação,883.83,2024-07-30,True
E0008509,T002773,Transporte terrestre,749.09,2024-07-30,True
E0008510,T002773,Ajuste de reembolso,-0.82,2024-08-07,False
E0008511,T002774,Alimentação,384.65,2024-10-02,True
E0008512,T002774,Transporte terrestre,220.85,2024-10-02,True
E0008513,T002774,Ajuste de reembolso,2.02,2024-10-15,False
E0008514,T002775,Alimentação,529.17,2025-07-12,True
E0008515,T002775,Transporte terrestre,183.34,2025-07-12,True
E0008516,T002775,Ajuste de reembolso,-14.85,2025-07-23,False
E0008517,T002776,Alimentação,238.19,2025-05-02,True
E0008518,T002776,Transporte terrestre,246.06,2025-05-02,True
E0008519,T002776,Ajuste de reembolso,16.5,2025-05-05,False
E0008520,T002777,Alimentação,276.26,2025-05-25,True
E0008521,T002777,Transporte terrestre,219.74,2025-05-25,True
E0008522,T002777,Ajuste de reembolso,39.9,2025-05-29,False
E0008523,T002778,Alimentação,190.03,2025-04-10,True
E0008524,T002778,Transporte terrestre,191.12,2025-04-10,True
E0008525,T002778,Ajuste de reembolso,34.93,2025-04-22,False
E0008526,T002779,Alimentação,472.0,2024-03-19,True
E0008527,T002779,Transporte terrestre,380.33,2024-03-19,True
E0008528,T002779,Ajuste de reembolso,26.53,2024-03-30,False
E0008529,T002780,Alimentação,108.73,2025-07-01,True
E0008530,T002780,Transporte terrestre,121.17,2025-07-01,True
E0008531,T002780,Ajuste de reembolso,-24.99,2025-07-14,False
E0008532,T002781,Alimentação,478.28,2024-05-27,True
E0008533,T002781,Transporte terrestre,285.4,2024-05-27,True
E0008534,T002781,Ajuste de reembolso,3.74,2024-06-06,False
E0008535,T002782,Alimentação,257.29,2024-03-16,True
E0008536,T002782,Transporte terrestre,201.46,2024-03-16,True
E0008537,T002782,Ajuste de reembolso,-11.83,2024-03-23,False
E0008538,T002783,Alimentação,87.18,2024-06-09,True
E0008539,T002783,Transporte terrestre,66.09,2024-06-09,True
E0008540,T002783,Estacionamento,236.77,2024-06-09,True
E0008541,T002783,Ajuste de reembolso,7.03,2024-06-20,False
E0008542,T002784,Alimentação,441.67,2024-10-03,True
E0008543,T002784,Transporte terrestre,213.63,2024-10-03,True
E0008544,T002784,Ajuste de reembolso,4.6,2024-10-07,False
E0008545,T002785,Alimentação,94.81,2025-06-27,True
E0008546,T002785,Transporte terrestre,56.01,2025-06-27,True
E0008547,T002785,Ajuste de reembolso,-14.55,2025-07-07,False
E0008548,T002786,Alimentação,77.25,2025-08-24,True
E0008549,T002786,Transporte terrestre,42.96,2025-08-24,True
E0008550,T002786,Ajuste de reembolso,39.99,2025-08-30,False
E0008551,T002787,Alimentação,183.41,2024-11-21,True
E0008552,T002787,Transporte terrestre,123.72,2024-11-21,True
E0008553,T002787,Ajuste de reembolso,6.63,2024-12-06,False
E0008554,T002788,Alimentação,190.42,2024-06-14,True
E0008555,T002788,Transporte terrestre,125.56,2024-06-14,True
E0008556,T002788,Ajuste de reembolso,-13.19,2024-07-01,False
E0008557,T002789,Alimentação,219.99,2024-10-13,True
E0008558,T002789,Transporte terrestre,119.89,2024-10-13,True
E0008559,T002789,Ajuste de reembolso,-16.79,2024-10-16,False
E0008560,T002790,Alimentação,215.97,2025-10-13,True
E0008561,T002790,Transporte terrestre,96.57,2025-10-13,True
E0008562,T002790,Ajuste de reembolso,13.74,2025-10-20,False
E0008563,T002791,Alimentação,737.88,2025-06-02,True
E0008564,T002791,Transporte terrestre,253.59,2025-06-02,True
E0008565,T002791,Ajuste de reembolso,10.41,2025-06-16,False
E0008566,T002792,Alimentação,128.05,2024-07-12,True
E0008567,T002792,Transporte terrestre,88.16,2024-07-12,True
E0008568,T002792,Ajuste de reembolso,1.7,2024-07-25,False
E0008569,T002793,Alimentação,114.15,2025-12-25,True
E0008570,T002793,Transporte terrestre,94.77,2025-12-25,True
E0008571,T002793,Estacionamento,119.05,2025-12-25,True
E0008572,T002793,Ajuste de reembolso,24.37,2025-12-29,False
E0008573,T002794,Alimentação,541.88,2024-02-06,True
E0008574,T002794,Transporte terrestre,246.23,2024-02-06,True
E0008575,T002794,Estacionamento,266.42,2024-02-06,True
E0008576,T002794,Ajuste de reembolso,-7.58,2024-02-16,False
E0008577,T002795,Alimentação,341.0,2024-10-02,True
E0008578,T002795,Transporte terrestre,243.2,2024-10-02,True
E0008579,T002795,Ajuste de reembolso,-24.65,2024-10-09,False
E0008580,T002796,Alimentação,176.99,2025-10-29,True
E0008581,T002796,Transporte terrestre,181.47,2025-10-29,True
E0008582,T002796,Ajuste de reembolso,31.41,2025-11-16,False
E0008583,T002797,Alimentação,546.25,2024-10-28,True
E0008584,T002797,Transporte terrestre,312.07,2024-10-28,True
E0008585,T002797,Ajuste de reembolso,31.15,2024-11-18,False
E0008586,T002798,Alimentação,622.21,2024-07-31,True
E0008587,T002798,Transporte terrestre,358.8,2024-07-31,True
E0008588,T002798,Estacionamento,66.18,2024-07-31,True
E0008589,T002798,Ajuste de reembolso,6.44,2024-08-11,False
E0008590,T002799,Alimentação,376.56,2025-04-17,True
E0008591,T002799,Transporte terrestre,124.71,2025-04-17,True
E0008592,T002799,Ajuste de reembolso,39.52,2025-04-20,False
E0008593,T002800,Alimentação,229.07,2025-09-12,True
E0008594,T002800,Transporte terrestre,161.44,2025-09-12,True
E0008595,T002800,Ajuste de reembolso,25.77,2025-09-20,False
E0008596,T002801,Alimentação,267.79,2024-09-23,True
E0008597,T002801,Transporte terrestre,142.46,2024-09-23,True
E0008598,T002801,Ajuste de reembolso,10.89,2024-10-04,False
E0008599,T002802,Alimentação,348.04,2024-03-10,True
E0008600,T002802,Transporte terrestre,257.95,2024-03-10,True
E0008601,T002802,Ajuste de reembolso,-22.3,2024-03-21,False
E0008602,T002803,Alimentação,204.51,2024-12-21,True
E0008603,T002803,Transporte terrestre,268.68,2024-12-21,True
E0008604,T002803,Ajuste de reembolso,11.54,2024-12-28,False
E0008605,T002804,Alimentação,130.32,2024-10-06,True
E0008606,T002804,Transporte terrestre,50.46,2024-10-06,True
E0008607,T002804,Outros,123.2,2024-10-06,True
E0008608,T002804,Ajuste de reembolso,42.44,2024-10-16,False
E0008609,T002805,Alimentação,337.96,2024-05-24,True
E0008610,T002805,Transporte terrestre,225.44,2024-05-24,True
E0008611,T002805,Ajuste de reembolso,-6.42,2024-06-02,False
E0008612,T002806,Alimentação,101.46,2024-01-22,True
E0008613,T002806,Transporte terrestre,197.02,2024-01-22,True
E0008614,T002806,Taxa,73.44,2024-01-22,True
E0008615,T002806,Ajuste de reembolso,-10.62,2024-01-30,False
E0008616,T002807,Alimentação,45.85,2024-12-07,True
E0008617,T002807,Transporte terrestre,41.58,2024-12-07,True
E0008618,T002807,Ajuste de reembolso,18.86,2024-12-19,False
E0008619,T002808,Alimentação,186.53,2024-05-16,True
E0008620,T002808,Transporte terrestre,273.98,2024-05-16,True
E0008621,T002808,Ajuste de reembolso,3.01,2024-05-25,False
E0008622,T002809,Alimentação,108.74,2025-06-23,True
E0008623,T002809,Transporte terrestre,67.85,2025-06-23,True
E0008624,T002809,Ajuste de reembolso,-2.86,2025-07-02,False
E0008625,T002810,Alimentação,57.1,2024-08-17,True
E0008626,T002810,Transporte terrestre,78.47,2024-08-17,True
E0008627,T002810,Ajuste de reembolso,40.11,2024-08-23,False
E0008628,T002811,Alimentação,224.96,2025-11-11,True
E0008629,T002811,Transporte terrestre,213.26,2025-11-11,True
E0008630,T002811,Pedágio,216.9,2025-11-11,True
E0008631,T002811,Ajuste de reembolso,41.37,2025-11-17,False
E0008632,T002812,Alimentação,453.71,2025-04-13,True
E0008633,T002812,Transporte terrestre,218.84,2025-04-13,True
E0008634,T002812,Ajuste de reembolso,43.91,2025-04-18,False
E0008635,T002813,Alimentação,244.34,2024-12-13,True
E0008636,T002813,Transporte terrestre,131.42,2024-12-13,True
E0008637,T002813,Ajuste de reembolso,18.39,2024-12-26,False
E0008638,T002814,Alimentação,418.46,2025-08-23,True
E0008639,T002814,Transporte terrestre,146.61,2025-08-23,True
E0008640,T002814,Ajuste de reembolso,-19.84,2025-09-06,False
E0008641,T002815,Alimentação,88.09,2025-11-26,True
E0008642,T002815,Transporte terrestre,64.36,2025-11-26,True
E0008643,T002815,Ajuste de reembolso,24.97,2025-12-06,False
E0008644,T002816,Alimentação,544.56,2025-04-18,True
E0008645,T002816,Transporte terrestre,255.17,2025-04-18,True
E0008646,T002816,Ajuste de reembolso,17.65,2025-05-04,False
E0008647,T002817,Alimentação,317.83,2024-07-30,True
E0008648,T002817,Transporte terrestre,138.96,2024-07-30,True
E0008649,T002817,Ajuste de reembolso,14.25,2024-08-07,False
E0008650,T002818,Alimentação,87.52,2025-08-09,True
E0008651,T002818,Transporte terrestre,124.32,2025-08-09,True
E0008652,T002818,Outros,194.88,2025-08-09,True
E0008653,T002818,Ajuste de reembolso,-8.05,2025-08-16,False
E0008654,T002819,Alimentação,877.25,2024-06-20,True
E0008655,T002819,Transporte terrestre,461.15,2024-06-20,True
E0008656,T002819,Ajuste de reembolso,25.9,2024-07-08,False
E0008657,T002820,Alimentação,403.28,2024-08-05,True
E0008658,T002820,Transporte terrestre,237.33,2024-08-05,True
E0008659,T002820,Ajuste de reembolso,2.09,2024-08-18,False
E0008660,T002821,Alimentação,148.5,2025-07-25,True
E0008661,T002821,Transporte terrestre,147.4,2025-07-25,True
E0008662,T002821,Ajuste de reembolso,3.92,2025-08-09,False
E0008663,T002822,Alimentação,91.62,2024-10-13,True
E0008664,T002822,Transporte terrestre,41.37,2024-10-13,True
E0008665,T002822,Ajuste de reembolso,-16.83,2024-10-16,False
E0008666,T002823,Alimentação,196.9,2024-07-03,True
E0008667,T002823,Transporte terrestre,305.14,2024-07-03,True
E0008668,T002823,Ajuste de reembolso,34.58,2024-07-10,False
E0008669,T002824,Alimentação,168.53,2025-05-27,True
E0008670,T002824,Transporte terrestre,183.81,2025-05-27,True
E0008671,T002824,Ajuste de reembolso,19.4,2025-06-05,False
E0008672,T002825,Alimentação,387.89,2025-03-02,True
E0008673,T002825,Transporte terrestre,216.37,2025-03-02,True
E0008674,T002825,Pedágio,253.04,2025-03-02,True
E0008675,T002825,Ajuste de reembolso,7.69,2025-03-19,False
E0008676,T002826,Alimentação,276.62,2025-12-05,True
E0008677,T002826,Transporte terrestre,247.21,2025-12-05,True
E0008678,T002826,Pedágio,136.3,2025-12-05,True
E0008679,T002826,Ajuste de reembolso,-20.54,2025-12-13,False
E0008680,T002827,Alimentação,210.54,2025-10-08,True
E0008681,T002827,Transporte terrestre,137.45,2025-10-08,True
E0008682,T002827,Pedágio,95.42,2025-10-08,True
E0008683,T002827,Ajuste de reembolso,-0.63,2025-10-17,False
E0008684,T002828,Alimentação,345.89,2025-04-22,True
E0008685,T002828,Transporte terrestre,273.9,2025-04-22,True
E0008686,T002828,Ajuste de reembolso,-12.05,2025-04-29,False
E0008687,T002829,Alimentação,243.87,2025-04-06,True
E0008688,T002829,Transporte terrestre,161.58,2025-04-06,True
E0008689,T002829,Estacionamento,104.83,2025-04-06,True
E0008690,T002829,Ajuste de reembolso,-11.78,2025-04-11,False
E0008691,T002830,Alimentação,628.67,2025-05-17,True
E0008692,T002830,Transporte terrestre,185.51,2025-05-17,True
E0008693,T002830,Ajuste de reembolso,-4.67,2025-06-11,False
E0008694,T002831,Alimentação,285.05,2024-08-10,True
E0008695,T002831,Transporte terrestre,277.95,2024-08-10,True
E0008696,T002831,Estacionamento,137.86,2024-08-10,True
E0008697,T002831,Ajuste de reembolso,13.91,2024-08-29,False
E0008698,T002832,Alimentação,191.3,2025-09-17,True
E0008699,T002832,Transporte terrestre,114.22,2025-09-17,True
E0008700,T002832,Ajuste de reembolso,-9.12,2025-09-24,False
E0008701,T002833,Alimentação,179.28,2024-11-03,True
E0008702,T002833,Transporte terrestre,191.54,2024-11-03,True
E0008703,T002833,Taxa,135.61,2024-11-03,True
E0008704,T002833,Ajuste de reembolso,36.42,2024-11-11,False
E0008705,T002836,Alimentação,506.34,2024-10-26,True
E0008706,T002836,Transporte terrestre,406.8,2024-10-26,True
E0008707,T002836,Pedágio,152.81,2024-10-26,True
E0008708,T002836,Ajuste de reembolso,-5.94,2024-11-09,False
E0008709,T002837,Alimentação,614.16,2024-05-04,True
E0008710,T002837,Transporte terrestre,418.08,2024-05-04,True
E0008711,T002837,Ajuste de reembolso,12.31,2024-05-21,False
E0008712,T002838,Alimentação,225.36,2024-08-07,True
E0008713,T002838,Transporte terrestre,307.42,2024-08-07,True
E0008714,T002838,Ajuste de reembolso,-18.04,2024-08-17,False
E0008715,T002839,Alimentação,461.34,2025-11-23,True
E0008716,T002839,Transporte terrestre,327.69,2025-11-23,True
E0008717,T002839,Ajuste de reembolso,22.74,2025-11-30,False
E0008718,T002840,Alimentação,161.46,2025-01-29,True
E0008719,T002840,Transporte terrestre,128.39,2025-01-29,True
E0008720,T002840,Ajuste de reembolso,-6.72,2025-02-06,False
E0008721,T002841,Alimentação,368.88,2024-05-23,True
E0008722,T002841,Transporte terrestre,132.92,2024-05-23,True
E0008723,T002841,Ajuste de reembolso,0.11,2024-06-04,False
E0008724,T002842,Alimentação,437.43,2024-10-18,True
E0008725,T002842,Transporte terrestre,186.19,2024-10-18,True
E0008726,T002842,Ajuste de reembolso,-5.83,2024-10-31,False
E0008727,T002843,Alimentação,261.66,2025-05-24,True
E0008728,T002843,Transporte terrestre,132.72,2025-05-24,True
E0008729,T002843,Ajuste de reembolso,38.37,2025-06-01,False
E0008730,T002844,Alimentação,430.97,2025-06-21,True
E0008731,T002844,Transporte terrestre,264.23,2025-06-21,True
E0008732,T002844,Ajuste de reembolso,-9.24,2025-06-28,False
E0008733,T002845,Alimentação,604.78,2025-02-12,True
E0008734,T002845,Transporte terrestre,353.15,2025-02-12,True
E0008735,T002845,Ajuste de reembolso,1.12,2025-02-21,False
E0008736,T002846,Alimentação,301.09,2025-12-22,True
E0008737,T002846,Transporte terrestre,231.67,2025-12-22,True
E0008738,T002846,Ajuste de reembolso,22.11,2025-12-30,False
E0008739,T002847,Alimentação,537.01,2025-05-20,True
E0008740,T002847,Transporte terrestre,326.06,2025-05-20,True
E0008741,T002847,Outros,185.39,2025-05-20,True
E0008742,T002847,Ajuste de reembolso,22.65,2025-05-26,False
E0008743,T002848,Alimentação,92.27,2025-05-02,True
E0008744,T002848,Transporte terrestre,81.35,2025-05-02,True
E0008745,T002848,Ajuste de reembolso,-19.21,2025-05-11,False
E0008746,T002849,Alimentação,314.8,2024-05-14,True
E0008747,T002849,Transporte terrestre,181.46,2024-05-14,True
E0008748,T002849,Pedágio,84.51,2024-05-14,True
E0008749,T002849,Ajuste de reembolso,-22.56,2024-06-01,False
E0008750,T002850,Alimentação,211.86,2024-12-13,True
E0008751,T002850,Transporte terrestre,101.85,2024-12-13,True
E0008752,T002850,Ajuste de reembolso,26.34,2024-12-24,False
E0008753,T002851,Alimentação,197.88,2025-10-13,True
E0008754,T002851,Transporte terrestre,207.97,2025-10-13,True
E0008755,T002851,Taxa,168.62,2025-10-13,True
E0008756,T002851,Ajuste de reembolso,5.42,2025-10-29,False
E0008757,T002852,Alimentação,97.24,2025-09-03,True
E0008758,T002852,Transporte terrestre,70.84,2025-09-03,True
E0008759,T002852,Ajuste de reembolso,-7.96,2025-09-20,False
E0008760,T002853,Alimentação,424.96,2025-04-15,True
E0008761,T002853,Transporte terrestre,215.09,2025-04-15,True
E0008762,T002853,Ajuste de reembolso,4.42,2025-04-30,False
E0008763,T002854,Alimentação,207.53,2025-06-03,True
E0008764,T002854,Transporte terrestre,131.95,2025-06-03,True
E0008765,T002854,Ajuste de reembolso,27.23,2025-06-08,False
E0008766,T002856,Alimentação,376.46,2025-10-26,True
E0008767,T002856,Transporte terrestre,239.99,2025-10-26,True
E0008768,T002856,Ajuste de reembolso,29.51,2025-11-06,False
E0008769,T002857,Alimentação,497.96,2024-09-20,True
E0008770,T002857,Transporte terrestre,127.83,2024-09-20,True
E0008771,T002857,Ajuste de reembolso,24.75,2024-10-02,False
E0008772,T002858,Alimentação,138.46,2025-05-11,True
E0008773,T002858,Transporte terrestre,52.23,2025-05-11,True
E0008774,T002858,Ajuste de reembolso,5.91,2025-05-19,False
E0008775,T002859,Alimentação,186.37,2024-10-09,True
E0008776,T002859,Transporte terrestre,158.0,2024-10-09,True
E0008777,T002859,Ajuste de reembolso,21.2,2024-10-18,False
E0008778,T002860,Alimentação,380.74,2025-06-04,True
E0008779,T002860,Transporte terrestre,351.35,2025-06-04,True
E0008780,T002860,Ajuste de reembolso,21.44,2025-06-13,False
E0008781,T002861,Alimentação,254.51,2024-03-16,True
E0008782,T002861,Transporte terrestre,85.78,2024-03-16,True
E0008783,T002861,Ajuste de reembolso,-21.44,2024-03-28,False
E0008784,T002862,Alimentação,358.28,2024-12-31,True
E0008785,T002862,Transporte terrestre,385.57,2024-12-31,True
E0008786,T002862,Ajuste de reembolso,9.72,2025-01-14,False
E0008787,T002863,Alimentação,151.94,2024-07-11,True
E0008788,T002863,Transporte terrestre,99.22,2024-07-11,True
E0008789,T002863,Estacionamento,273.02,2024-07-11,True
E0008790,T002863,Ajuste de reembolso,23.58,2024-07-23,False
E0008791,T002864,Alimentação,615.71,2024-12-11,True
E0008792,T002864,Transporte terrestre,408.7,2024-12-11,True
E0008793,T002864,Ajuste de reembolso,7.76,2024-12-30,False
E0008794,T002865,Alimentação,89.06,2024-09-27,True
E0008795,T002865,Transporte terrestre,83.17,2024-09-27,True
E0008796,T002865,Ajuste de reembolso,-15.45,2024-10-04,False
E0008797,T002866,Alimentação,210.33,2024-01-09,True
E0008798,T002866,Transporte terrestre,191.59,2024-01-09,True
E0008799,T002866,Taxa,212.05,2024-01-09,True
E0008800,T002866,Ajuste de reembolso,20.01,2024-01-13,False
E0008801,T002867,Alimentação,275.33,2024-12-12,True
E0008802,T002867,Transporte terrestre,186.98,2024-12-12,True
E0008803,T002867,Ajuste de reembolso,-5.46,2024-12-21,False
E0008804,T002868,Alimentação,340.85,2025-03-28,True
E0008805,T002868,Transporte terrestre,320.88,2025-03-28,True
E0008806,T002868,Ajuste de reembolso,9.43,2025-04-09,False
E0008807,T002869,Alimentação,236.63,2025-08-07,True
E0008808,T002869,Transporte terrestre,102.36,2025-08-07,True
E0008809,T002869,Ajuste de reembolso,21.09,2025-08-25,False
E0008810,T002870,Alimentação,206.27,2025-04-10,True
E0008811,T002870,Transporte terrestre,280.69,2025-04-10,True
E0008812,T002870,Ajuste de reembolso,24.35,2025-04-17,False
E0008813,T002871,Alimentação,70.83,2024-01-12,True
E0008814,T002871,Transporte terrestre,60.27,2024-01-12,True
E0008815,T002871,Ajuste de reembolso,-13.69,2024-01-23,False
E0008816,T002872,Alimentação,414.56,2024-03-24,True
E0008817,T002872,Transporte terrestre,264.62,2024-03-24,True
E0008818,T002872,Ajuste de reembolso,-6.48,2024-04-03,False
E0008819,T002873,Alimentação,172.34,2024-11-15,True
E0008820,T002873,Transporte terrestre,120.7,2024-11-15,True
E0008821,T002873,Outros,49.38,2024-11-15,True
E0008822,T002873,Ajuste de reembolso,-3.38,2024-11-26,False
E0008823,T002874,Alimentação,627.94,2024-09-27,True
E0008824,T002874,Transporte terrestre,327.8,2024-09-27,True
E0008825,T002874,Taxa,171.85,2024-09-27,True
E0008826,T002874,Ajuste de reembolso,12.63,2024-10-09,False
E0008827,T002875,Alimentação,703.86,2025-04-12,True
E0008828,T002875,Transporte terrestre,565.82,2025-04-12,True
E0008829,T002875,Ajuste de reembolso,-6.37,2025-04-24,False
E0008830,T002877,Alimentação,173.98,2025-08-10,True
E0008831,T002877,Transporte terrestre,264.42,2025-08-10,True
E0008832,T002877,Ajuste de reembolso,41.22,2025-08-19,False
E0008833,T002878,Alimentação,373.72,2025-10-24,True
E0008834,T002878,Transporte terrestre,218.59,2025-10-24,True
E0008835,T002878,Ajuste de reembolso,6.36,2025-10-31,False
E0008836,T002879,Alimentação,356.19,2024-10-02,True
E0008837,T002879,Transporte terrestre,132.32,2024-10-02,True
E0008838,T002879,Estacionamento,90.69,2024-10-02,True
E0008839,T002879,Ajuste de reembolso,37.53,2024-10-11,False
E0008840,T002880,Alimentação,303.04,2025-04-08,True
E0008841,T002880,Transporte terrestre,111.77,2025-04-08,True
E0008842,T002880,Ajuste de reembolso,38.45,2025-04-20,False
E0008843,T002881,Alimentação,852.99,2024-03-13,True
E0008844,T002881,Transporte terrestre,473.71,2024-03-13,True
E0008845,T002881,Ajuste de reembolso,-23.51,2024-03-22,False
E0008846,T002882,Alimentação,228.6,2024-12-02,True
E0008847,T002882,Transporte terrestre,121.64,2024-12-02,True
E0008848,T002882,Ajuste de reembolso,39.08,2024-12-12,False
E0008849,T002883,Alimentação,507.05,2025-04-24,True
E0008850,T002883,Transporte terrestre,495.52,2025-04-24,True
E0008851,T002883,Ajuste de reembolso,-10.16,2025-05-06,False
E0008852,T002884,Alimentação,75.16,2025-03-10,True
E0008853,T002884,Transporte terrestre,86.86,2025-03-10,True
E0008854,T002884,Ajuste de reembolso,32.14,2025-03-17,False
E0008855,T002886,Alimentação,1035.3,2025-06-15,True
E0008856,T002886,Transporte terrestre,372.31,2025-06-15,True
E0008857,T002886,Ajuste de reembolso,-16.86,2025-06-24,False
E0008858,T002887,Alimentação,370.92,2025-04-26,True
E0008859,T002887,Transporte terrestre,167.83,2025-04-26,True
E0008860,T002887,Ajuste de reembolso,21.43,2025-04-29,False
E0008861,T002888,Alimentação,339.92,2024-06-06,True
E0008862,T002888,Transporte terrestre,214.2,2024-06-06,True
E0008863,T002888,Ajuste de reembolso,-6.03,2024-06-25,False
E0008864,T002889,Alimentação,236.0,2025-08-03,True
E0008865,T002889,Transporte terrestre,196.23,2025-08-03,True
E0008866,T002889,Ajuste de reembolso,-10.83,2025-08-14,False
E0008867,T002890,Alimentação,107.61,2024-07-24,True
E0008868,T002890,Transporte terrestre,75.61,2024-07-24,True
E0008869,T002890,Ajuste de reembolso,-2.68,2024-08-09,False
E0008870,T002891,Alimentação,289.47,2024-05-03,True
E0008871,T002891,Transporte terrestre,314.14,2024-05-03,True
E0008872,T002891,Outros,208.56,2024-05-03,True
E0008873,T002891,Ajuste de reembolso,-7.1,2024-05-22,False
E0008874,T002892,Alimentação,69.75,2024-09-16,True
E0008875,T002892,Transporte terrestre,65.94,2024-09-16,True
E0008876,T002892,Outros,113.97,2024-09-16,True
E0008877,T002892,Ajuste de reembolso,35.23,2024-09-23,False
E0008878,T002893,Alimentação,356.44,2024-10-17,True
E0008879,T002893,Transporte terrestre,190.8,2024-10-17,True
E0008880,T002893,Outros,236.94,2024-10-17,True
E0008881,T002893,Ajuste de reembolso,-12.48,2024-10-30,False
E0008882,T002894,Alimentação,214.14,2024-04-25,True
E0008883,T002894,Transporte terrestre,140.55,2024-04-25,True
E0008884,T002894,Estacionamento,165.69,2024-04-25,True
E0008885,T002894,Ajuste de reembolso,41.5,2024-05-02,False
E0008886,T002895,Alimentação,595.31,2024-11-19,True
E0008887,T002895,Transporte terrestre,503.77,2024-11-19,True
E0008888,T002895,Ajuste de reembolso,-4.9,2024-12-08,False
E0008889,T002896,Alimentação,209.34,2025-09-23,True
E0008890,T002896,Transporte terrestre,202.93,2025-09-23,True
E0008891,T002896,Ajuste de reembolso,-10.62,2025-10-10,False
E0008892,T002897,Alimentação,466.04,2025-06-09,True
E0008893,T002897,Transporte terrestre,275.98,2025-06-09,True
E0008894,T002897,Ajuste de reembolso,3.67,2025-06-17,False
E0008895,T002898,Alimentação,275.14,2025-12-09,True
E0008896,T002898,Transporte terrestre,140.17,2025-12-09,True
E0008897,T002898,Ajuste de reembolso,9.09,2025-12-16,False
E0008898,T002899,Alimentação,270.94,2024-03-14,True
E0008899,T002899,Transporte terrestre,109.94,2024-03-14,True
E0008900,T002899,Ajuste de reembolso,19.05,2024-03-16,False
E0008901,T002900,Alimentação,342.49,2025-11-07,True
E0008902,T002900,Transporte terrestre,345.23,2025-11-07,True
E0008903,T002900,Ajuste de reembolso,29.4,2025-11-25,False
E0008904,T002901,Alimentação,42.67,2025-11-09,True
E0008905,T002901,Transporte terrestre,61.0,2025-11-09,True
E0008906,T002901,Ajuste de reembolso,16.21,2025-11-17,False
E0008907,T002902,Alimentação,446.92,2025-11-12,True
E0008908,T002902,Transporte terrestre,401.48,2025-11-12,True
E0008909,T002902,Ajuste de reembolso,31.39,2025-11-30,False
E0008910,T002903,Alimentação,294.79,2024-06-17,True
E0008911,T002903,Transporte terrestre,250.34,2024-06-17,True
E0008912,T002903,Ajuste de reembolso,10.73,2024-06-21,False
E0008913,T002904,Alimentação,223.76,2024-06-11,True
E0008914,T002904,Transporte terrestre,242.78,2024-06-11,True
E0008915,T002904,Ajuste de reembolso,41.15,2024-06-23,False
E0008916,T002905,Alimentação,384.28,2025-02-15,True
E0008917,T002905,Transporte terrestre,276.4,2025-02-15,True
E0008918,T002905,Ajuste de reembolso,-22.52,2025-02-26,False
E0008919,T002906,Alimentação,436.7,2025-03-10,True
E0008920,T002906,Transporte terrestre,464.24,2025-03-10,True
E0008921,T002906,Ajuste de reembolso,-1.01,2025-03-21,False
E0008922,T002907,Alimentação,302.25,2024-10-21,True
E0008923,T002907,Transporte terrestre,163.25,2024-10-21,True
E0008924,T002907,Ajuste de reembolso,12.96,2024-10-31,False
E0008925,T002908,Alimentação,423.12,2024-10-18,True
E0008926,T002908,Transporte terrestre,169.27,2024-10-18,True
E0008927,T002908,Ajuste de reembolso,26.79,2024-10-31,False
E0008928,T002909,Alimentação,461.93,2025-07-18,True
E0008929,T002909,Transporte terrestre,155.02,2025-07-18,True
E0008930,T002909,Ajuste de reembolso,19.73,2025-07-25,False
E0008931,T002910,Alimentação,430.87,2024-09-07,True
E0008932,T002910,Transporte terrestre,237.84,2024-09-07,True
E0008933,T002910,Ajuste de reembolso,-22.53,2024-09-11,False
E0008934,T002911,Alimentação,243.48,2025-05-08,True
E0008935,T002911,Transporte terrestre,200.71,2025-05-08,True
E0008936,T002911,Ajuste de reembolso,-14.99,2025-05-20,False
E0008937,T002912,Alimentação,376.62,2025-04-11,True
E0008938,T002912,Transporte terrestre,398.27,2025-04-11,True
E0008939,T002912,Ajuste de reembolso,40.74,2025-04-25,False
E0008940,T002913,Alimentação,428.76,2024-09-08,True
E0008941,T002913,Transporte terrestre,494.8,2024-09-08,True
E0008942,T002913,Ajuste de reembolso,27.35,2024-09-13,False
E0008943,T002914,Alimentação,438.97,2025-04-19,True
E0008944,T002914,Transporte terrestre,366.6,2025-04-19,True
E0008945,T002914,Ajuste de reembolso,19.45,2025-04-23,False
E0008946,T002915,Alimentação,501.05,2025-12-27,True
E0008947,T002915,Transporte terrestre,293.37,2025-12-27,True
E0008948,T002915,Estacionamento,219.62,2025-12-27,True
E0008949,T002915,Ajuste de reembolso,-12.25,2026-01-11,False
E0008950,T002916,Alimentação,307.14,2025-03-21,True
E0008951,T002916,Transporte terrestre,103.54,2025-03-21,True
E0008952,T002916,Ajuste de reembolso,-8.8,2025-04-04,False
E0008953,T002917,Alimentação,280.27,2024-05-28,True
E0008954,T002917,Transporte terrestre,145.1,2024-05-28,True
E0008955,T002917,Ajuste de reembolso,41.13,2024-06-08,False
E0008956,T002918,Alimentação,350.23,2025-04-06,True
E0008957,T002918,Transporte terrestre,516.76,2025-04-06,True
E0008958,T002918,Estacionamento,250.86,2025-04-06,True
E0008959,T002918,Ajuste de reembolso,32.7,2025-04-17,False
E0008960,T002919,Alimentação,728.67,2024-08-08,True
E0008961,T002919,Transporte terrestre,321.71,2024-08-08,True
E0008962,T002919,Ajuste de reembolso,-8.04,2024-08-16,False
E0008963,T002920,Alimentação,353.41,2025-02-13,True
E0008964,T002920,Transporte terrestre,172.5,2025-02-13,True
E0008965,T002920,Outros,52.63,2025-02-13,True
E0008966,T002920,Ajuste de reembolso,-21.25,2025-02-24,False
E0008967,T002921,Alimentação,175.86,2025-09-21,True
E0008968,T002921,Transporte terrestre,136.11,2025-09-21,True
E0008969,T002921,Ajuste de reembolso,12.61,2025-10-09,False
E0008970,T002922,Alimentação,601.97,2025-03-18,True
E0008971,T002922,Transporte terrestre,328.02,2025-03-18,True
E0008972,T002922,Ajuste de reembolso,7.57,2025-04-04,False
E0008973,T002923,Alimentação,374.26,2025-08-15,True
E0008974,T002923,Transporte terrestre,284.68,2025-08-15,True
E0008975,T002923,Pedágio,47.61,2025-08-15,True
E0008976,T002923,Ajuste de reembolso,-22.24,2025-08-26,False
E0008977,T002924,Alimentação,356.71,2025-03-13,True
E0008978,T002924,Transporte terrestre,362.29,2025-03-13,True
E0008979,T002924,Outros,200.86,2025-03-13,True
E0008980,T002924,Ajuste de reembolso,41.4,2025-03-27,False
E0008981,T002925,Alimentação,239.7,2025-12-21,True
E0008982,T002925,Transporte terrestre,179.93,2025-12-21,True
E0008983,T002925,Ajuste de reembolso,18.28,2026-01-07,False
E0008984,T002926,Alimentação,214.72,2025-06-10,True
E0008985,T002926,Transporte terrestre,87.01,2025-06-10,True
E0008986,T002926,Ajuste de reembolso,-23.66,2025-06-22,False
E0008987,T002927,Alimentação,223.85,2025-05-28,True
E0008988,T002927,Transporte terrestre,106.65,2025-05-28,True
E0008989,T002927,Ajuste de reembolso,-19.8,2025-06-11,False
E0008990,T002928,Alimentação,410.58,2025-06-13,True
E0008991,T002928,Transporte terrestre,201.34,2025-06-13,True
E0008992,T002928,Ajuste de reembolso,-22.56,2025-07-04,False
E0008993,T002930,Alimentação,154.69,2024-01-17,True
E0008994,T002930,Transporte terrestre,84.2,2024-01-17,True
E0008995,T002930,Ajuste de reembolso,40.69,2024-01-26,False
E0008996,T002931,Alimentação,185.22,2025-01-07,True
E0008997,T002931,Transporte terrestre,133.21,2025-01-07,True
E0008998,T002931,Ajuste de reembolso,20.41,2025-01-20,False
E0008999,T002932,Alimentação,335.14,2025-05-15,True
E0009000,T002932,Transporte terrestre,282.42,2025-05-15,True
E0009001,T002932,Ajuste de reembolso,-3.18,2025-05-19,False
E0009002,T002933,Alimentação,231.74,2025-06-07,True
E0009003,T002933,Transporte terrestre,218.9,2025-06-07,True
E0009004,T002933,Ajuste de reembolso,-15.63,2025-06-18,False
E0009005,T002934,Alimentação,85.42,2024-03-07,True
E0009006,T002934,Transporte terrestre,64.76,2024-03-07,True
E0009007,T002934,Estacionamento,135.94,2024-03-07,True
E0009008,T002934,Ajuste de reembolso,36.79,2024-03-14,False
E0009009,T002935,Alimentação,109.1,2024-11-23,True
E0009010,T002935,Transporte terrestre,60.56,2024-11-23,True
E0009011,T002935,Ajuste de reembolso,6.0,2024-12-02,False
E0009012,T002936,Alimentação,333.83,2025-02-02,True
E0009013,T002936,Transporte terrestre,338.41,2025-02-02,True
E0009014,T002936,Ajuste de reembolso,2.26,2025-02-21,False
E0009015,T002937,Alimentação,349.98,2025-09-06,True
E0009016,T002937,Transporte terrestre,191.48,2025-09-06,True
E0009017,T002937,Ajuste de reembolso,-13.01,2025-09-12,False
E0009018,T002938,Alimentação,352.23,2024-03-30,True
E0009019,T002938,Transporte terrestre,384.12,2024-03-30,True
E0009020,T002938,Ajuste de reembolso,-21.24,2024-04-15,False
E0009021,T002939,Alimentação,331.01,2024-12-12,True
E0009022,T002939,Transporte terrestre,186.85,2024-12-12,True
E0009023,T002939,Estacionamento,155.98,2024-12-12,True
E0009024,T002939,Ajuste de reembolso,24.75,2024-12-30,False
E0009025,T002940,Alimentação,269.75,2024-05-27,True
E0009026,T002940,Transporte terrestre,289.26,2024-05-27,True
E0009027,T002940,Ajuste de reembolso,22.14,2024-06-07,False
E0009028,T002941,Alimentação,178.36,2024-04-10,True
E0009029,T002941,Transporte terrestre,111.3,2024-04-10,True
E0009030,T002941,Ajuste de reembolso,19.44,2024-04-23,False
E0009031,T002942,Alimentação,405.0,2024-07-30,True
E0009032,T002942,Transporte terrestre,273.77,2024-07-30,True
E0009033,T002942,Pedágio,116.59,2024-07-30,True
E0009034,T002942,Ajuste de reembolso,-22.14,2024-08-11,False
E0009035,T002943,Alimentação,582.89,2025-05-21,True
E0009036,T002943,Transporte terrestre,442.34,2025-05-21,True
E0009037,T002943,Ajuste de reembolso,44.92,2025-06-01,False
E0009038,T002944,Alimentação,358.41,2025-07-12,True
E0009039,T002944,Transporte terrestre,234.7,2025-07-12,True
E0009040,T002944,Ajuste de reembolso,13.19,2025-07-27,False
E0009041,T002945,Alimentação,247.43,2025-09-23,True
E0009042,T002945,Transporte terrestre,99.05,2025-09-23,True
E0009043,T002945,Estacionamento,204.72,2025-09-23,True
E0009044,T002945,Ajuste de reembolso,25.91,2025-10-04,False
E0009045,T002946,Alimentação,71.59,2024-09-14,True
E0009046,T002946,Transporte terrestre,53.46,2024-09-14,True
E0009047,T002946,Ajuste de reembolso,-18.73,2024-09-22,False
E0009048,T002947,Alimentação,344.52,2024-07-06,True
E0009049,T002947,Transporte terrestre,291.85,2024-07-06,True
E0009050,T002947,Ajuste de reembolso,-20.25,2024-07-17,False
E0009051,T002948,Alimentação,284.13,2025-06-26,True
E0009052,T002948,Transporte terrestre,316.46,2025-06-26,True
E0009053,T002948,Ajuste de reembolso,-19.04,2025-07-02,False
E0009054,T002949,Alimentação,779.9,2024-01-31,True
E0009055,T002949,Transporte terrestre,215.96,2024-01-31,True
E0009056,T002949,Taxa,199.62,2024-01-31,True
E0009057,T002949,Ajuste de reembolso,-17.44,2024-02-14,False
E0009058,T002950,Alimentação,727.56,2025-01-06,True
E0009059,T002950,Transporte terrestre,627.37,2025-01-06,True
E0009060,T002950,Ajuste de reembolso,4.65,2025-01-27,False
E0009061,T002951,Alimentação,389.44,2024-11-12,True
E0009062,T002951,Transporte terrestre,368.6,2024-11-12,True
E0009063,T002951,Ajuste de reembolso,17.91,2024-11-27,False
E0009064,T002952,Alimentação,590.74,2025-03-23,True
E0009065,T002952,Transporte terrestre,329.04,2025-03-23,True
E0009066,T002952,Ajuste de reembolso,23.88,2025-04-02,False
E0009067,T002953,Alimentação,431.08,2024-06-03,True
E0009068,T002953,Transporte terrestre,164.24,2024-06-03,True
E0009069,T002953,Estacionamento,228.61,2024-06-03,True
E0009070,T002953,Ajuste de reembolso,-20.42,2024-06-10,False
E0009071,T002954,Alimentação,290.34,2025-04-29,True
E0009072,T002954,Transporte terrestre,318.17,2025-04-29,True
E0009073,T002954,Ajuste de reembolso,-16.42,2025-05-11,False
E0009074,T002955,Alimentação,198.96,2024-07-13,True
E0009075,T002955,Transporte terrestre,140.65,2024-07-13,True
E0009076,T002955,Ajuste de reembolso,44.55,2024-07-26,False
E0009077,T002956,Alimentação,83.3,2024-07-09,True
E0009078,T002956,Transporte terrestre,51.32,2024-07-09,True
E0009079,T002956,Ajuste de reembolso,-12.58,2024-07-17,False
E0009080,T002957,Alimentação,99.29,2024-07-18,True
E0009081,T002957,Transporte terrestre,64.06,2024-07-18,True
E0009082,T002957,Ajuste de reembolso,-14.63,2024-07-25,False
E0009083,T002958,Alimentação,519.21,2024-08-07,True
E0009084,T002958,Transporte terrestre,411.83,2024-08-07,True
E0009085,T002958,Ajuste de reembolso,-4.29,2024-08-20,False
E0009086,T002959,Alimentação,159.7,2024-04-21,True
E0009087,T002959,Transporte terrestre,328.22,2024-04-21,True
E0009088,T002959,Estacionamento,150.07,2024-04-21,True
E0009089,T002959,Ajuste de reembolso,1.35,2024-04-27,False
E0009090,T002960,Alimentação,264.62,2025-05-04,True
E0009091,T002960,Transporte terrestre,290.62,2025-05-04,True
E0009092,T002960,Ajuste de reembolso,23.61,2025-05-17,False
E0009093,T002961,Alimentação,228.55,2024-12-03,True
E0009094,T002961,Transporte terrestre,206.12,2024-12-03,True
E0009095,T002961,Ajuste de reembolso,11.13,2024-12-17,False
E0009096,T002962,Alimentação,349.45,2025-03-29,True
E0009097,T002962,Transporte terrestre,84.28,2025-03-29,True
E0009098,T002962,Ajuste de reembolso,9.33,2025-04-12,False
E0009099,T002963,Alimentação,182.92,2025-06-21,True
E0009100,T002963,Transporte terrestre,107.72,2025-06-21,True
E0009101,T002963,Pedágio,254.16,2025-06-21,True
E0009102,T002963,Ajuste de reembolso,24.31,2025-07-03,False
E0009103,T002964,Alimentação,112.18,2025-12-08,True
E0009104,T002964,Transporte terrestre,150.35,2025-12-08,True
E0009105,T002964,Ajuste de reembolso,-21.2,2025-12-17,False
E0009106,T002965,Alimentação,80.22,2024-12-03,True
E0009107,T002965,Transporte terrestre,78.03,2024-12-03,True
E0009108,T002965,Ajuste de reembolso,22.37,2024-12-15,False
E0009109,T002966,Alimentação,180.37,2024-07-09,True
E0009110,T002966,Transporte terrestre,107.84,2024-07-09,True
E0009111,T002966,Ajuste de reembolso,5.09,2024-07-30,False
E0009112,T002967,Alimentação,403.41,2025-09-15,True
E0009113,T002967,Transporte terrestre,532.43,2025-09-15,True
E0009114,T002967,Taxa,67.87,2025-09-15,True
E0009115,T002967,Ajuste de reembolso,-17.15,2025-09-26,False
E0009116,T002968,Alimentação,402.4,2025-02-25,True
E0009117,T002968,Transporte terrestre,174.47,2025-02-25,True
E0009118,T002968,Estacionamento,105.73,2025-02-25,True
E0009119,T002968,Ajuste de reembolso,26.94,2025-03-03,False
E0009120,T002969,Alimentação,140.88,2024-10-27,True
E0009121,T002969,Transporte terrestre,95.79,2024-10-27,True
E0009122,T002969,Ajuste de reembolso,1.09,2024-11-12,False
E0009123,T002970,Alimentação,285.75,2025-01-29,True
E0009124,T002970,Transporte terrestre,131.07,2025-01-29,True
E0009125,T002970,Outros,270.85,2025-01-29,True
E0009126,T002970,Ajuste de reembolso,20.68,2025-02-14,False
E0009127,T002971,Alimentação,148.41,2025-12-10,True
E0009128,T002971,Transporte terrestre,64.91,2025-12-10,True
E0009129,T002971,Ajuste de reembolso,-3.75,2025-12-15,False
E0009130,T002972,Alimentação,235.19,2025-12-27,True
E0009131,T002972,Transporte terrestre,208.24,2025-12-27,True
E0009132,T002972,Ajuste de reembolso,33.4,2026-01-18,False
E0009133,T002973,Alimentação,256.64,2025-09-11,True
E0009134,T002973,Transporte terrestre,125.99,2025-09-11,True
E0009135,T002973,Taxa,38.17,2025-09-11,True
E0009136,T002973,Ajuste de reembolso,17.76,2025-09-26,False
E0009137,T002974,Alimentação,323.14,2024-06-01,True
E0009138,T002974,Transporte terrestre,184.14,2024-06-01,True
E0009139,T002974,Pedágio,160.41,2024-06-01,True
E0009140,T002974,Ajuste de reembolso,-7.74,2024-06-13,False
E0009141,T002975,Alimentação,66.36,2024-08-26,True
E0009142,T002975,Transporte terrestre,52.35,2024-08-26,True
E0009143,T002975,Outros,217.76,2024-08-26,True
E0009144,T002975,Ajuste de reembolso,-24.5,2024-09-11,False
E0009145,T002976,Alimentação,376.97,2025-12-31,True
E0009146,T002976,Transporte terrestre,258.57,2025-12-31,True
E0009147,T002976,Ajuste de reembolso,5.61,2026-01-10,False
E0009148,T002977,Alimentação,585.63,2024-08-07,True
E0009149,T002977,Transporte terrestre,482.33,2024-08-07,True
E0009150,T002977,Ajuste de reembolso,16.8,2024-08-18,False
E0009151,T002978,Alimentação,637.67,2025-07-21,True
E0009152,T002978,Transporte terrestre,435.71,2025-07-21,True
E0009153,T002978,Ajuste de reembolso,9.56,2025-07-29,False
E0009154,T002979,Alimentação,290.78,2024-05-04,True
E0009155,T002979,Transporte terrestre,102.36,2024-05-04,True
E0009156,T002979,Ajuste de reembolso,24.01,2024-05-18,False
E0009157,T002980,Alimentação,862.52,2024-05-26,True
E0009158,T002980,Transporte terrestre,373.47,2024-05-26,True
E0009159,T002980,Ajuste de reembolso,-16.53,2024-06-06,False
E0009160,T002981,Alimentação,551.45,2025-12-25,True
E0009161,T002981,Transporte terrestre,314.89,2025-12-25,True
E0009162,T002981,Ajuste de reembolso,34.25,2026-01-10,False
E0009163,T002982,Alimentação,124.56,2024-11-28,True
E0009164,T002982,Transporte terrestre,136.19,2024-11-28,True
E0009165,T002982,Ajuste de reembolso,-9.11,2024-12-11,False
E0009166,T002983,Alimentação,428.85,2025-03-30,True
E0009167,T002983,Transporte terrestre,193.81,2025-03-30,True
E0009168,T002983,Ajuste de reembolso,9.24,2025-04-14,False
E0009169,T002984,Alimentação,364.8,2024-09-01,True
E0009170,T002984,Transporte terrestre,290.87,2024-09-01,True
E0009171,T002984,Ajuste de reembolso,-23.64,2024-09-15,False
E0009172,T002985,Alimentação,329.73,2025-10-13,True
E0009173,T002985,Transporte terrestre,179.8,2025-10-13,True
E0009174,T002985,Ajuste de reembolso,-1.0,2025-10-30,False
E0009175,T002986,Alimentação,264.39,2024-05-25,True
E0009176,T002986,Transporte terrestre,155.74,2024-05-25,True
E0009177,T002986,Ajuste de reembolso,-18.08,2024-06-08,False
E0009178,T002987,Alimentação,628.36,2025-11-18,True
E0009179,T002987,Transporte terrestre,226.26,2025-11-18,True
E0009180,T002987,Ajuste de reembolso,-0.2,2025-12-01,False
E0009181,T002988,Alimentação,303.53,2025-09-28,True
E0009182,T002988,Transporte terrestre,259.12,2025-09-28,True
E0009183,T002988,Ajuste de reembolso,-8.8,2025-10-17,False
E0009184,T002989,Alimentação,190.68,2025-05-10,True
E0009185,T002989,Transporte terrestre,205.55,2025-05-10,True
E0009186,T002989,Outros,36.89,2025-05-10,True
E0009187,T002989,Ajuste de reembolso,15.59,2025-05-16,False
E0009188,T002990,Alimentação,594.69,2024-11-26,True
E0009189,T002990,Transporte terrestre,456.7,2024-11-26,True
E0009190,T002990,Pedágio,165.1,2024-11-26,True
E0009191,T002990,Ajuste de reembolso,-2.24,2024-12-08,False
E0009192,T002991,Alimentação,143.17,2024-10-26,True
E0009193,T002991,Transporte terrestre,87.32,2024-10-26,True
E0009194,T002991,Ajuste de reembolso,-22.33,2024-11-04,False
E0009195,T002992,Alimentação,131.36,2024-09-30,True
E0009196,T002992,Transporte terrestre,191.68,2024-09-30,True
E0009197,T002992,Ajuste de reembolso,38.82,2024-10-13,False
E0009198,T002993,Alimentação,98.82,2024-04-13,True
E0009199,T002993,Transporte terrestre,65.11,2024-04-13,True
E0009200,T002993,Ajuste de reembolso,13.3,2024-04-28,False
E0009201,T002994,Alimentação,250.09,2025-03-20,True
E0009202,T002994,Transporte terrestre,88.33,2025-03-20,True
E0009203,T002994,Ajuste de reembolso,39.7,2025-04-03,False
E0009204,T002995,Alimentação,262.3,2024-10-02,True
E0009205,T002995,Transporte terrestre,200.43,2024-10-02,True
E0009206,T002995,Ajuste de reembolso,21.88,2024-10-13,False
E0009207,T002996,Alimentação,407.45,2024-07-13,True
E0009208,T002996,Transporte terrestre,185.05,2024-07-13,True
E0009209,T002996,Ajuste de reembolso,-0.31,2024-07-28,False
E0009210,T002997,Alimentação,162.2,2024-09-23,True
E0009211,T002997,Transporte terrestre,103.05,2024-09-23,True
E0009212,T002997,Ajuste de reembolso,-5.28,2024-10-03,False
E0009213,T002998,Alimentação,419.11,2024-02-13,True
E0009214,T002998,Transporte terrestre,250.6,2024-02-13,True
E0009215,T002998,Outros,158.42,2024-02-13,True
E0009216,T002998,Ajuste de reembolso,41.93,2024-02-24,False
E0009217,T002999,Alimentação,130.41,2025-09-05,True
E0009218,T002999,Transporte terrestre,47.35,2025-09-05,True
E0009219,T002999,Ajuste de reembolso,9.12,2025-09-14,False
E0009220,T003000,Alimentação,192.87,2024-09-19,True
E0009221,T003000,Transporte terrestre,213.69,2024-09-19,True
E0009222,T003000,Ajuste de reembolso,27.57,2024-09-26,False
E0009223,T003001,Alimentação,249.47,2024-01-03,True
E0009224,T003001,Transporte terrestre,131.32,2024-01-03,True
E0009225,T003001,Ajuste de reembolso,-9.98,2024-01-21,False
E0009226,T003002,Alimentação,490.56,2024-10-28,True
E0009227,T003002,Transporte terrestre,256.23,2024-10-28,True
E0009228,T003002,Ajuste de reembolso,-23.47,2024-11-13,False
E0009229,T003003,Alimentação,324.2,2024-05-11,True
E0009230,T003003,Transporte terrestre,128.03,2024-05-11,True
E0009231,T003003,Ajuste de reembolso,18.62,2024-05-29,False
E0009232,T003004,Alimentação,294.18,2024-06-27,True
E0009233,T003004,Transporte terrestre,294.99,2024-06-27,True
E0009234,T003004,Ajuste de reembolso,19.2,2024-07-11,False
E0009235,T003005,Alimentação,154.11,2024-09-09,True
E0009236,T003005,Transporte terrestre,158.61,2024-09-09,True
E0009237,T003005,Ajuste de reembolso,-10.64,2024-09-19,False
E0009238,T003006,Alimentação,270.73,2025-03-05,True
E0009239,T003006,Transporte terrestre,198.57,2025-03-05,True
E0009240,T003006,Ajuste de reembolso,40.05,2025-03-22,False
E0009241,T003007,Alimentação,318.95,2024-08-02,True
E0009242,T003007,Transporte terrestre,291.17,2024-08-02,True
E0009243,T003007,Outros,113.79,2024-08-02,True
E0009244,T003007,Ajuste de reembolso,-7.38,2024-08-10,False
E0009245,T003008,Alimentação,126.03,2024-09-19,True
E0009246,T003008,Transporte terrestre,105.21,2024-09-19,True
E0009247,T003008,Ajuste de reembolso,37.65,2024-09-29,False
E0009248,T003010,Alimentação,396.02,2024-12-16,True
E0009249,T003010,Transporte terrestre,268.44,2024-12-16,True
E0009250,T003010,Ajuste de reembolso,-15.88,2024-12-30,False
E0009251,T003011,Alimentação,217.35,2024-10-29,True
E0009252,T003011,Transporte terrestre,118.46,2024-10-29,True
E0009253,T003011,Ajuste de reembolso,2.03,2024-11-06,False
E0009254,T003012,Alimentação,76.29,2025-02-20,True
E0009255,T003012,Transporte terrestre,45.3,2025-02-20,True
E0009256,T003012,Ajuste de reembolso,32.24,2025-02-22,False
E0009257,T003013,Alimentação,200.2,2025-03-05,True
E0009258,T003013,Transporte terrestre,131.33,2025-03-05,True
E0009259,T003013,Ajuste de reembolso,19.41,2025-03-15,False
E0009260,T003014,Alimentação,176.78,2024-07-04,True
E0009261,T003014,Transporte terrestre,131.03,2024-07-04,True
E0009262,T003014,Ajuste de reembolso,-5.47,2024-07-09,False
E0009263,T003015,Alimentação,269.94,2025-06-01,True
E0009264,T003015,Transporte terrestre,166.63,2025-06-01,True
E0009265,T003015,Ajuste de reembolso,37.46,2025-06-16,False
E0009266,T003016,Alimentação,518.11,2025-05-12,True
E0009267,T003016,Transporte terrestre,172.27,2025-05-12,True
E0009268,T003016,Ajuste de reembolso,-7.64,2025-05-27,False
E0009269,T003017,Alimentação,92.52,2024-09-22,True
E0009270,T003017,Transporte terrestre,70.46,2024-09-22,True
E0009271,T003017,Ajuste de reembolso,0.47,2024-10-02,False
E0009272,T003018,Alimentação,120.31,2025-07-02,True
E0009273,T003018,Transporte terrestre,61.07,2025-07-02,True
E0009274,T003018,Ajuste de reembolso,42.56,2025-07-12,False
E0009275,T003019,Alimentação,92.71,2025-04-16,True
E0009276,T003019,Transporte terrestre,163.03,2025-04-16,True
E0009277,T003019,Taxa,189.66,2025-04-16,True
E0009278,T003019,Ajuste de reembolso,35.0,2025-04-20,False
E0009279,T003020,Alimentação,257.06,2024-06-07,True
E0009280,T003020,Transporte terrestre,124.53,2024-06-07,True
E0009281,T003020,Ajuste de reembolso,9.49,2024-06-23,False
E0009282,T003021,Alimentação,113.33,2025-04-22,True
E0009283,T003021,Transporte terrestre,169.14,2025-04-22,True
E0009284,T003021,Taxa,233.37,2025-04-22,True
E0009285,T003021,Ajuste de reembolso,3.67,2025-04-28,False
E0009286,T003022,Alimentação,245.24,2025-10-26,True
E0009287,T003022,Transporte terrestre,153.3,2025-10-26,True
E0009288,T003022,Ajuste de reembolso,25.06,2025-11-06,False
E0009289,T003023,Alimentação,417.54,2025-03-18,True
E0009290,T003023,Transporte terrestre,168.86,2025-03-18,True
E0009291,T003023,Ajuste de reembolso,5.61,2025-03-25,False
E0009292,T003024,Alimentação,223.34,2025-10-04,True
E0009293,T003024,Transporte terrestre,206.84,2025-10-04,True
E0009294,T003024,Ajuste de reembolso,0.77,2025-10-12,False
E0009295,T003025,Alimentação,107.23,2025-09-07,True
E0009296,T003025,Transporte terrestre,85.18,2025-09-07,True
E0009297,T003025,Ajuste de reembolso,37.01,2025-09-22,False
E0009298,T003026,Alimentação,131.5,2024-04-08,True
E0009299,T003026,Transporte terrestre,170.4,2024-04-08,True
E0009300,T003026,Ajuste de reembolso,5.82,2024-04-16,False
E0009301,T003027,Alimentação,363.47,2024-02-07,True
E0009302,T003027,Transporte terrestre,248.74,2024-02-07,True
E0009303,T003027,Ajuste de reembolso,12.16,2024-02-17,False
E0009304,T003028,Alimentação,311.05,2025-03-20,True
E0009305,T003028,Transporte terrestre,190.77,2025-03-20,True
E0009306,T003028,Ajuste de reembolso,13.7,2025-03-30,False
E0009307,T003029,Alimentação,120.44,2024-06-06,True
E0009308,T003029,Transporte terrestre,98.57,2024-06-06,True
E0009309,T003029,Ajuste de reembolso,-15.6,2024-06-24,False
E0009310,T003030,Alimentação,460.57,2024-07-11,True
E0009311,T003030,Transporte terrestre,220.9,2024-07-11,True
E0009312,T003030,Ajuste de reembolso,-21.95,2024-07-25,False
E0009313,T003031,Alimentação,653.72,2025-05-28,True
E0009314,T003031,Transporte terrestre,260.07,2025-05-28,True
E0009315,T003031,Taxa,224.77,2025-05-28,True
E0009316,T003031,Ajuste de reembolso,-0.59,2025-06-08,False
E0009317,T003032,Alimentação,198.56,2024-04-12,True
E0009318,T003032,Transporte terrestre,136.94,2024-04-12,True
E0009319,T003032,Ajuste de reembolso,-8.56,2024-04-15,False
E0009320,T003033,Alimentação,564.19,2024-11-05,True
E0009321,T003033,Transporte terrestre,574.72,2024-11-05,True
E0009322,T003033,Ajuste de reembolso,26.43,2024-11-11,False
E0009323,T003034,Alimentação,51.68,2024-09-29,True
E0009324,T003034,Transporte terrestre,60.32,2024-09-29,True
E0009325,T003034,Ajuste de reembolso,43.0,2024-10-17,False
E0009326,T003035,Alimentação,405.15,2025-05-08,True
E0009327,T003035,Transporte terrestre,423.42,2025-05-08,True
E0009328,T003035,Ajuste de reembolso,24.91,2025-05-18,False
E0009329,T003036,Alimentação,406.1,2025-04-05,True
E0009330,T003036,Transporte terrestre,208.26,2025-04-05,True
E0009331,T003036,Ajuste de reembolso,-19.88,2025-04-22,False
E0009332,T003037,Alimentação,188.11,2025-06-01,True
E0009333,T003037,Transporte terrestre,429.78,2025-06-01,True
E0009334,T003037,Ajuste de reembolso,6.61,2025-06-18,False
E0009335,T003038,Alimentação,146.59,2025-07-29,True
E0009336,T003038,Transporte terrestre,139.9,2025-07-29,True
E0009337,T003038,Ajuste de reembolso,28.98,2025-08-09,False
E0009338,T003039,Alimentação,116.85,2025-03-20,True
E0009339,T003039,Transporte terrestre,73.94,2025-03-20,True
E0009340,T003039,Ajuste de reembolso,13.31,2025-03-24,False
E0009341,T003040,Alimentação,718.17,2025-03-17,True
E0009342,T003040,Transporte terrestre,345.56,2025-03-17,True
E0009343,T003040,Ajuste de reembolso,25.11,2025-03-29,False
E0009344,T003041,Alimentação,182.99,2024-05-31,True
E0009345,T003041,Transporte terrestre,183.36,2024-05-31,True
E0009346,T003041,Ajuste de reembolso,12.63,2024-06-19,False
E0009347,T003043,Alimentação,205.72,2024-04-27,True
E0009348,T003043,Transporte terrestre,405.62,2024-04-27,True
E0009349,T003043,Ajuste de reembolso,31.04,2024-05-09,False
E0009350,T003044,Alimentação,73.59,2025-02-25,True
E0009351,T003044,Transporte terrestre,70.62,2025-02-25,True
E0009352,T003044,Ajuste de reembolso,42.25,2025-03-14,False
E0009353,T003045,Alimentação,197.06,2024-04-04,True
E0009354,T003045,Transporte terrestre,124.0,2024-04-04,True
E0009355,T003045,Ajuste de reembolso,12.73,2024-04-20,False
E0009356,T003046,Alimentação,66.01,2025-10-09,True
E0009357,T003046,Transporte terrestre,43.98,2025-10-09,True
E0009358,T003046,Ajuste de reembolso,43.88,2025-10-22,False
E0009359,T003047,Alimentação,113.41,2024-03-25,True
E0009360,T003047,Transporte terrestre,44.24,2024-03-25,True
E0009361,T003047,Outros,159.52,2024-03-25,True
E0009362,T003047,Ajuste de reembolso,11.53,2024-04-10,False
E0009363,T003048,Alimentação,98.24,2024-10-01,True
E0009364,T003048,Transporte terrestre,144.3,2024-10-01,True
E0009365,T003048,Ajuste de reembolso,-7.23,2024-10-14,False
E0009366,T003049,Alimentação,58.92,2025-03-04,True
E0009367,T003049,Transporte terrestre,50.35,2025-03-04,True
E0009368,T003049,Ajuste de reembolso,-23.96,2025-03-13,False
E0009369,T003050,Alimentação,661.55,2025-02-01,True
E0009370,T003050,Transporte terrestre,250.44,2025-02-01,True
E0009371,T003050,Ajuste de reembolso,27.2,2025-02-19,False
E0009372,T003051,Alimentação,285.35,2024-04-27,True
E0009373,T003051,Transporte terrestre,297.45,2024-04-27,True
E0009374,T003051,Ajuste de reembolso,41.79,2024-05-04,False
E0009375,T003052,Alimentação,413.01,2024-12-17,True
E0009376,T003052,Transporte terrestre,366.7,2024-12-17,True
E0009377,T003052,Ajuste de reembolso,40.18,2024-12-25,False
E0009378,T003053,Alimentação,231.77,2025-10-03,True
E0009379,T003053,Transporte terrestre,190.11,2025-10-03,True
E0009380,T003053,Ajuste de reembolso,26.77,2025-10-16,False
E0009381,T003054,Alimentação,377.51,2024-01-13,True
E0009382,T003054,Transporte terrestre,150.46,2024-01-13,True
E0009383,T003054,Ajuste de reembolso,-14.95,2024-01-29,False
E0009384,T003055,Alimentação,172.66,2024-02-03,True
E0009385,T003055,Transporte terrestre,96.87,2024-02-03,True
E0009386,T003055,Estacionamento,202.85,2024-02-03,True
E0009387,T003055,Ajuste de reembolso,19.32,2024-02-14,False
E0009388,T003056,Alimentação,260.51,2025-05-22,True
E0009389,T003056,Transporte terrestre,126.81,2025-05-22,True
E0009390,T003056,Ajuste de reembolso,-4.51,2025-06-07,False
E0009391,T003057,Alimentação,211.98,2025-10-08,True
E0009392,T003057,Transporte terrestre,208.59,2025-10-08,True
E0009393,T003057,Ajuste de reembolso,11.24,2025-10-19,False
E0009394,T003058,Alimentação,182.35,2024-09-17,True
E0009395,T003058,Transporte terrestre,104.38,2024-09-17,True
E0009396,T003058,Ajuste de reembolso,4.3,2024-09-22,False
E0009397,T003059,Alimentação,148.48,2025-11-22,True
E0009398,T003059,Transporte terrestre,110.94,2025-11-22,True
E0009399,T003059,Ajuste de reembolso,-20.21,2025-12-02,False
E0009400,T003060,Alimentação,92.67,2024-01-06,True
E0009401,T003060,Transporte terrestre,73.59,2024-01-06,True
E0009402,T003060,Ajuste de reembolso,27.17,2024-01-18,False
E0009403,T003061,Alimentação,547.17,2025-11-22,True
E0009404,T003061,Transporte terrestre,390.9,2025-11-22,True
E0009405,T003061,Ajuste de reembolso,24.95,2025-11-30,False
E0009406,T003062,Alimentação,203.05,2025-07-09,True
E0009407,T003062,Transporte terrestre,122.49,2025-07-09,True
E0009408,T003062,Ajuste de reembolso,-22.16,2025-07-11,False
E0009409,T003063,Alimentação,195.87,2025-11-08,True
E0009410,T003063,Transporte terrestre,138.47,2025-11-08,True
E0009411,T003063,Taxa,169.71,2025-11-08,True
E0009412,T003063,Ajuste de reembolso,-5.8,2025-11-14,False
E0009413,T003064,Alimentação,94.53,2024-05-23,True
E0009414,T003064,Transporte terrestre,44.47,2024-05-23,True
E0009415,T003064,Ajuste de reembolso,-1.55,2024-05-31,False
E0009416,T003065,Alimentação,305.16,2024-06-15,True
E0009417,T003065,Transporte terrestre,148.56,2024-06-15,True
E0009418,T003065,Ajuste de reembolso,-17.79,2024-06-26,False
E0009419,T003066,Alimentação,227.35,2025-11-27,True
E0009420,T003066,Transporte terrestre,198.89,2025-11-27,True
E0009421,T003066,Ajuste de reembolso,21.42,2025-12-06,False
E0009422,T003067,Alimentação,184.58,2025-09-05,True
E0009423,T003067,Transporte terrestre,265.9,2025-09-05,True
E0009424,T003067,Ajuste de reembolso,22.19,2025-09-21,False
E0009425,T003068,Alimentação,187.9,2025-08-17,True
E0009426,T003068,Transporte terrestre,97.44,2025-08-17,True
E0009427,T003068,Ajuste de reembolso,1.3,2025-08-31,False
E0009428,T003069,Alimentação,94.88,2025-09-10,True
E0009429,T003069,Transporte terrestre,107.26,2025-09-10,True
E0009430,T003069,Ajuste de reembolso,-19.0,2025-09-13,False
E0009431,T003071,Alimentação,293.27,2025-11-11,True
E0009432,T003071,Transporte terrestre,189.28,2025-11-11,True
E0009433,T003071,Ajuste de reembolso,-12.09,2025-11-17,False
E0009434,T003072,Alimentação,87.35,2024-11-03,True
E0009435,T003072,Transporte terrestre,41.4,2024-11-03,True
E0009436,T003072,Taxa,177.38,2024-11-03,True
E0009437,T003072,Ajuste de reembolso,5.6,2024-11-17,False
E0009438,T003073,Alimentação,404.45,2025-11-06,True
E0009439,T003073,Transporte terrestre,214.4,2025-11-06,True
E0009440,T003073,Ajuste de reembolso,2.13,2025-11-17,False
E0009441,T003074,Alimentação,301.74,2024-02-14,True
E0009442,T003074,Transporte terrestre,170.23,2024-02-14,True
E0009443,T003074,Ajuste de reembolso,3.63,2024-02-27,False
E0009444,T003075,Alimentação,188.51,2024-08-14,True
E0009445,T003075,Transporte terrestre,133.47,2024-08-14,True
E0009446,T003075,Ajuste de reembolso,-3.75,2024-08-19,False
E0009447,T003076,Alimentação,629.63,2025-06-10,True
E0009448,T003076,Transporte terrestre,275.01,2025-06-10,True
E0009449,T003076,Taxa,115.2,2025-06-10,True
E0009450,T003076,Ajuste de reembolso,23.7,2025-06-15,False
E0009451,T003078,Alimentação,224.94,2024-11-12,True
E0009452,T003078,Transporte terrestre,187.93,2024-11-12,True
E0009453,T003078,Ajuste de reembolso,43.38,2024-11-24,False
E0009454,T003079,Alimentação,405.49,2024-12-18,True
E0009455,T003079,Transporte terrestre,182.46,2024-12-18,True
E0009456,T003079,Pedágio,101.66,2024-12-18,True
E0009457,T003079,Ajuste de reembolso,12.37,2025-01-03,False
E0009458,T003080,Alimentação,337.61,2025-10-13,True
E0009459,T003080,Transporte terrestre,133.85,2025-10-13,True
E0009460,T003080,Pedágio,122.07,2025-10-13,True
E0009461,T003080,Ajuste de reembolso,-24.48,2025-10-28,False
E0009462,T003081,Alimentação,400.91,2024-11-12,True
E0009463,T003081,Transporte terrestre,256.92,2024-11-12,True
E0009464,T003081,Ajuste de reembolso,18.01,2024-11-25,False
E0009465,T003082,Alimentação,293.22,2025-01-03,True
E0009466,T003082,Transporte terrestre,183.34,2025-01-03,True
E0009467,T003082,Ajuste de reembolso,18.66,2025-01-16,False
E0009468,T003083,Alimentação,239.15,2025-08-04,True
E0009469,T003083,Transporte terrestre,196.1,2025-08-04,True
E0009470,T003083,Taxa,114.48,2025-08-04,True
E0009471,T003083,Ajuste de reembolso,22.32,2025-08-16,False
E0009472,T003084,Alimentação,103.07,2024-03-23,True
E0009473,T003084,Transporte terrestre,99.08,2024-03-23,True
E0009474,T003084,Ajuste de reembolso,-24.63,2024-04-05,False
E0009475,T003085,Alimentação,336.85,2025-10-04,True
E0009476,T003085,Transporte terrestre,286.69,2025-10-04,True
E0009477,T003085,Ajuste de reembolso,-18.63,2025-10-20,False
E0009478,T003086,Alimentação,188.41,2025-04-19,True
E0009479,T003086,Transporte terrestre,219.13,2025-04-19,True
E0009480,T003086,Ajuste de reembolso,1.21,2025-04-28,False
E0009481,T003087,Alimentação,66.74,2025-03-14,True
E0009482,T003087,Transporte terrestre,65.98,2025-03-14,True
E0009483,T003087,Outros,102.65,2025-03-14,True
E0009484,T003087,Ajuste de reembolso,-1.16,2025-03-17,False
E0009485,T003088,Alimentação,209.46,2025-11-25,True
E0009486,T003088,Transporte terrestre,145.22,2025-11-25,True
E0009487,T003088,Pedágio,43.51,2025-11-25,True
E0009488,T003088,Ajuste de reembolso,6.83,2025-12-05,False
E0009489,T003089,Alimentação,226.84,2025-04-28,True
E0009490,T003089,Transporte terrestre,117.54,2025-04-28,True
E0009491,T003089,Ajuste de reembolso,-20.38,2025-05-10,False
E0009492,T003090,Alimentação,348.23,2024-05-06,True
E0009493,T003090,Transporte terrestre,360.47,2024-05-06,True
E0009494,T003090,Ajuste de reembolso,23.36,2024-05-21,False
E0009495,T003091,Alimentação,370.54,2025-02-10,True
E0009496,T003091,Transporte terrestre,359.24,2025-02-10,True
E0009497,T003091,Ajuste de reembolso,32.09,2025-02-22,False
E0009498,T003092,Alimentação,577.94,2024-11-24,True
E0009499,T003092,Transporte terrestre,522.13,2024-11-24,True
E0009500,T003092,Ajuste de reembolso,23.59,2024-12-05,False
E0009501,T003093,Alimentação,185.5,2025-11-24,True
E0009502,T003093,Transporte terrestre,186.65,2025-11-24,True
E0009503,T003093,Ajuste de reembolso,15.13,2025-12-03,False
E0009504,T003094,Alimentação,185.32,2025-09-15,True
E0009505,T003094,Transporte terrestre,121.45,2025-09-15,True
E0009506,T003094,Ajuste de reembolso,-3.32,2025-09-18,False
E0009507,T003095,Alimentação,174.36,2025-08-25,True
E0009508,T003095,Transporte terrestre,62.13,2025-08-25,True
E0009509,T003095,Ajuste de reembolso,4.89,2025-08-27,False
E0009510,T003096,Alimentação,944.99,2025-01-30,True
E0009511,T003096,Transporte terrestre,267.95,2025-01-30,True
E0009512,T003096,Ajuste de reembolso,-17.91,2025-02-07,False
E0009513,T003097,Alimentação,253.87,2025-05-07,True
E0009514,T003097,Transporte terrestre,196.1,2025-05-07,True
E0009515,T003097,Estacionamento,54.65,2025-05-07,True
E0009516,T003097,Ajuste de reembolso,30.69,2025-05-18,False
E0009517,T003098,Alimentação,290.76,2024-06-22,True
E0009518,T003098,Transporte terrestre,187.11,2024-06-22,True
E0009519,T003098,Ajuste de reembolso,14.81,2024-07-10,False
E0009520,T003099,Alimentação,183.79,2025-01-06,True
E0009521,T003099,Transporte terrestre,186.89,2025-01-06,True
E0009522,T003099,Ajuste de reembolso,42.31,2025-01-18,False
E0009523,T003100,Alimentação,200.41,2025-06-11,True
E0009524,T003100,Transporte terrestre,188.93,2025-06-11,True
E0009525,T003100,Ajuste de reembolso,15.75,2025-06-27,False
E0009526,T003101,Alimentação,199.1,2024-08-27,True
E0009527,T003101,Transporte terrestre,220.3,2024-08-27,True
E0009528,T003101,Ajuste de reembolso,4.8,2024-09-06,False
E0009529,T003102,Alimentação,401.29,2025-06-12,True
E0009530,T003102,Transporte terrestre,267.89,2025-06-12,True
E0009531,T003102,Ajuste de reembolso,11.86,2025-06-20,False
E0009532,T003103,Alimentação,308.08,2024-01-15,True
E0009533,T003103,Transporte terrestre,165.17,2024-01-15,True
E0009534,T003103,Ajuste de reembolso,17.58,2024-01-18,False
E0009535,T003104,Alimentação,155.76,2024-06-08,True
E0009536,T003104,Transporte terrestre,157.41,2024-06-08,True
E0009537,T003104,Ajuste de reembolso,-4.09,2024-06-18,False
E0009538,T003105,Alimentação,251.26,2024-11-01,True
E0009539,T003105,Transporte terrestre,152.64,2024-11-01,True
E0009540,T003105,Outros,116.6,2024-11-01,True
E0009541,T003105,Ajuste de reembolso,18.29,2024-11-12,False
E0009542,T003107,Alimentação,326.73,2024-06-20,True
E0009543,T003107,Transporte terrestre,404.55,2024-06-20,True
E0009544,T003107,Ajuste de reembolso,18.76,2024-07-07,False
E0009545,T003108,Alimentação,93.91,2025-06-16,True
E0009546,T003108,Transporte terrestre,61.42,2025-06-16,True
E0009547,T003108,Ajuste de reembolso,44.42,2025-06-22,False
E0009548,T003109,Alimentação,195.97,2025-12-25,True
E0009549,T003109,Transporte terrestre,304.14,2025-12-25,True
E0009550,T003109,Pedágio,247.2,2025-12-25,True
E0009551,T003109,Ajuste de reembolso,11.39,2026-01-05,False
E0009552,T003110,Alimentação,211.67,2025-12-22,True
E0009553,T003110,Transporte terrestre,99.79,2025-12-22,True
E0009554,T003110,Ajuste de reembolso,13.54,2026-01-04,False
E0009555,T003111,Alimentação,247.89,2024-10-13,True
E0009556,T003111,Transporte terrestre,121.88,2024-10-13,True
E0009557,T003111,Ajuste de reembolso,41.26,2024-10-25,False
E0009558,T003112,Alimentação,192.75,2025-07-16,True
E0009559,T003112,Transporte terrestre,129.16,2025-07-16,True
E0009560,T003112,Ajuste de reembolso,7.51,2025-07-25,False
E0009561,T003113,Alimentação,87.47,2024-11-29,True
E0009562,T003113,Transporte terrestre,67.35,2024-11-29,True
E0009563,T003113,Ajuste de reembolso,27.84,2024-12-08,False
E0009564,T003114,Alimentação,378.7,2025-05-10,True
E0009565,T003114,Transporte terrestre,214.52,2025-05-10,True
E0009566,T003114,Ajuste de reembolso,4.61,2025-05-18,False
E0009567,T003115,Alimentação,208.36,2025-02-16,True
E0009568,T003115,Transporte terrestre,130.15,2025-02-16,True
E0009569,T003115,Ajuste de reembolso,34.02,2025-02-20,False
E0009570,T003116,Alimentação,93.0,2025-11-13,True
E0009571,T003116,Transporte terrestre,49.44,2025-11-13,True
E0009572,T003116,Ajuste de reembolso,5.79,2025-12-03,False
E0009573,T003117,Alimentação,105.74,2024-04-16,True
E0009574,T003117,Transporte terrestre,50.19,2024-04-16,True
E0009575,T003117,Ajuste de reembolso,16.15,2024-04-23,False
E0009576,T003118,Alimentação,287.07,2025-06-06,True
E0009577,T003118,Transporte terrestre,229.94,2025-06-06,True
E0009578,T003118,Ajuste de reembolso,30.67,2025-06-23,False
E0009579,T003119,Alimentação,200.44,2025-02-03,True
E0009580,T003119,Transporte terrestre,134.58,2025-02-03,True
E0009581,T003119,Ajuste de reembolso,22.04,2025-02-15,False
E0009582,T003120,Alimentação,174.66,2025-04-21,True
E0009583,T003120,Transporte terrestre,143.97,2025-04-21,True
E0009584,T003120,Ajuste de reembolso,2.79,2025-05-06,False
E0009585,T003121,Alimentação,96.9,2024-01-11,True
E0009586,T003121,Transporte terrestre,50.2,2024-01-11,True
E0009587,T003121,Ajuste de reembolso,-4.75,2024-01-16,False
E0009588,T003122,Alimentação,284.29,2025-05-19,True
E0009589,T003122,Transporte terrestre,202.97,2025-05-19,True
E0009590,T003122,Ajuste de reembolso,-14.46,2025-06-07,False
E0009591,T003123,Alimentação,209.21,2025-04-10,True
E0009592,T003123,Transporte terrestre,135.53,2025-04-10,True
E0009593,T003123,Ajuste de reembolso,43.21,2025-04-22,False
E0009594,T003124,Alimentação,202.26,2024-03-18,True
E0009595,T003124,Transporte terrestre,128.8,2024-03-18,True
E0009596,T003124,Ajuste de reembolso,29.71,2024-03-29,False
E0009597,T003125,Alimentação,352.53,2025-03-15,True
E0009598,T003125,Transporte terrestre,193.89,2025-03-15,True
E0009599,T003125,Ajuste de reembolso,17.03,2025-03-28,False
E0009600,T003126,Alimentação,41.23,2025-11-15,True
E0009601,T003126,Transporte terrestre,82.05,2025-11-15,True
E0009602,T003126,Ajuste de reembolso,21.71,2025-11-25,False
E0009603,T003127,Alimentação,396.86,2024-04-23,True
E0009604,T003127,Transporte terrestre,195.58,2024-04-23,True
E0009605,T003127,Ajuste de reembolso,38.39,2024-04-26,False
E0009606,T003128,Alimentação,39.97,2025-09-03,True
E0009607,T003128,Transporte terrestre,44.47,2025-09-03,True
E0009608,T003128,Ajuste de reembolso,20.2,2025-09-08,False
E0009609,T003129,Alimentação,415.42,2025-12-29,True
E0009610,T003129,Transporte terrestre,250.83,2025-12-29,True
E0009611,T003129,Ajuste de reembolso,5.26,2026-01-05,False
E0009612,T003130,Alimentação,232.84,2024-03-16,True
E0009613,T003130,Transporte terrestre,143.01,2024-03-16,True
E0009614,T003130,Ajuste de reembolso,24.1,2024-03-27,False
E0009615,T003131,Alimentação,130.73,2024-12-11,True
E0009616,T003131,Transporte terrestre,49.17,2024-12-11,True
E0009617,T003131,Ajuste de reembolso,-15.0,2024-12-22,False
E0009618,T003132,Alimentação,159.44,2024-05-06,True
E0009619,T003132,Transporte terrestre,199.08,2024-05-06,True
E0009620,T003132,Ajuste de reembolso,14.4,2024-05-20,False
E0009621,T003133,Alimentação,347.04,2024-10-30,True
E0009622,T003133,Transporte terrestre,255.36,2024-10-30,True
E0009623,T003133,Taxa,40.11,2024-10-30,True
E0009624,T003133,Ajuste de reembolso,-13.22,2024-11-15,False
E0009625,T003134,Alimentação,86.76,2024-11-07,True
E0009626,T003134,Transporte terrestre,50.33,2024-11-07,True
E0009627,T003134,Ajuste de reembolso,40.43,2024-11-20,False
E0009628,T003135,Alimentação,89.98,2025-04-21,True
E0009629,T003135,Transporte terrestre,47.6,2025-04-21,True
E0009630,T003135,Ajuste de reembolso,19.75,2025-04-23,False
E0009631,T003136,Alimentação,362.17,2025-03-02,True
E0009632,T003136,Transporte terrestre,343.11,2025-03-02,True
E0009633,T003136,Taxa,83.95,2025-03-02,True
E0009634,T003136,Ajuste de reembolso,4.64,2025-03-09,False
E0009635,T003137,Alimentação,90.27,2025-08-12,True
E0009636,T003137,Transporte terrestre,49.56,2025-08-12,True
E0009637,T003137,Ajuste de reembolso,25.01,2025-08-29,False
E0009638,T003138,Alimentação,428.64,2025-09-02,True
E0009639,T003138,Transporte terrestre,224.49,2025-09-02,True
E0009640,T003138,Ajuste de reembolso,-8.61,2025-09-09,False
E0009641,T003139,Alimentação,116.34,2024-04-04,True
E0009642,T003139,Transporte terrestre,83.25,2024-04-04,True
E0009643,T003139,Ajuste de reembolso,17.31,2024-04-17,False
E0009644,T003140,Alimentação,127.69,2024-01-21,True
E0009645,T003140,Transporte terrestre,136.85,2024-01-21,True
E0009646,T003140,Ajuste de reembolso,25.55,2024-01-30,False
E0009647,T003141,Alimentação,353.21,2024-03-14,True
E0009648,T003141,Transporte terrestre,431.62,2024-03-14,True
E0009649,T003141,Taxa,229.4,2024-03-14,True
E0009650,T003141,Ajuste de reembolso,36.28,2024-03-26,False
E0009651,T003142,Alimentação,443.33,2024-10-26,True
E0009652,T003142,Transporte terrestre,407.87,2024-10-26,True
E0009653,T003142,Ajuste de reembolso,4.79,2024-11-05,False
E0009654,T003143,Alimentação,144.17,2024-07-30,True
E0009655,T003143,Transporte terrestre,84.49,2024-07-30,True
E0009656,T003143,Ajuste de reembolso,40.02,2024-08-23,False
E0009657,T003144,Alimentação,279.65,2024-08-03,True
E0009658,T003144,Transporte terrestre,197.42,2024-08-03,True
E0009659,T003144,Ajuste de reembolso,-17.78,2024-08-16,False
E0009660,T003145,Alimentação,237.31,2025-02-20,True
E0009661,T003145,Transporte terrestre,142.83,2025-02-20,True
E0009662,T003145,Ajuste de reembolso,33.73,2025-02-25,False
E0009663,T003146,Alimentação,71.74,2024-06-06,True
E0009664,T003146,Transporte terrestre,53.36,2024-06-06,True
E0009665,T003146,Pedágio,61.9,2024-06-06,True
E0009666,T003146,Ajuste de reembolso,-6.72,2024-06-13,False
E0009667,T003147,Alimentação,198.72,2025-01-30,True
E0009668,T003147,Transporte terrestre,104.17,2025-01-30,True
E0009669,T003147,Ajuste de reembolso,38.74,2025-02-14,False
E0009670,T003148,Alimentação,89.23,2025-02-24,True
E0009671,T003148,Transporte terrestre,72.94,2025-02-24,True
E0009672,T003148,Ajuste de reembolso,-12.86,2025-03-03,False
E0009673,T003149,Alimentação,481.87,2024-12-02,True
E0009674,T003149,Transporte terrestre,188.07,2024-12-02,True
E0009675,T003149,Estacionamento,139.67,2024-12-02,True
E0009676,T003149,Ajuste de reembolso,7.79,2024-12-18,False
E0009677,T003150,Alimentação,253.48,2025-03-15,True
E0009678,T003150,Transporte terrestre,200.05,2025-03-15,True
E0009679,T003150,Ajuste de reembolso,9.22,2025-03-17,False
E0009680,T003151,Alimentação,692.13,2025-10-10,True
E0009681,T003151,Transporte terrestre,349.07,2025-10-10,True
E0009682,T003151,Ajuste de reembolso,4.42,2025-10-17,False
E0009683,T003152,Alimentação,304.08,2025-04-08,True
E0009684,T003152,Transporte terrestre,177.1,2025-04-08,True
E0009685,T003152,Pedágio,240.01,2025-04-08,True
E0009686,T003152,Ajuste de reembolso,-10.21,2025-04-26,False
E0009687,T003153,Alimentação,1090.87,2025-06-27,True
E0009688,T003153,Transporte terrestre,502.62,2025-06-27,True
E0009689,T003153,Ajuste de reembolso,13.76,2025-07-23,False
E0009690,T003154,Alimentação,74.14,2024-11-27,True
E0009691,T003154,Transporte terrestre,53.84,2024-11-27,True
E0009692,T003154,Ajuste de reembolso,24.49,2024-12-05,False
E0009693,T003155,Alimentação,503.33,2025-10-01,True
E0009694,T003155,Transporte terrestre,265.78,2025-10-01,True
E0009695,T003155,Ajuste de reembolso,40.7,2025-10-05,False
E0009696,T003156,Alimentação,216.92,2024-12-16,True
E0009697,T003156,Transporte terrestre,195.8,2024-12-16,True
E0009698,T003156,Ajuste de reembolso,16.2,2024-12-24,False
E0009699,T003157,Alimentação,119.19,2025-07-23,True
E0009700,T003157,Transporte terrestre,100.36,2025-07-23,True
E0009701,T003157,Ajuste de reembolso,30.38,2025-08-05,False
E0009702,T003158,Alimentação,90.72,2024-08-03,True
E0009703,T003158,Transporte terrestre,48.44,2024-08-03,True
E0009704,T003158,Ajuste de reembolso,1.34,2024-08-18,False
E0009705,T003159,Alimentação,273.45,2024-08-08,True
E0009706,T003159,Transporte terrestre,208.71,2024-08-08,True
E0009707,T003159,Ajuste de reembolso,23.65,2024-08-23,False
E0009708,T003160,Alimentação,368.35,2025-08-14,True
E0009709,T003160,Transporte terrestre,181.86,2025-08-14,True
E0009710,T003160,Ajuste de reembolso,-23.47,2025-08-23,False
E0009711,T003161,Alimentação,75.63,2025-07-21,True
E0009712,T003161,Transporte terrestre,67.32,2025-07-21,True
E0009713,T003161,Ajuste de reembolso,18.6,2025-07-30,False
E0009714,T003162,Alimentação,127.86,2025-05-30,True
E0009715,T003162,Transporte terrestre,136.54,2025-05-30,True
E0009716,T003162,Ajuste de reembolso,35.9,2025-06-04,False
E0009717,T003163,Alimentação,442.11,2025-01-29,True
E0009718,T003163,Transporte terrestre,529.66,2025-01-29,True
E0009719,T003163,Ajuste de reembolso,23.42,2025-02-10,False
E0009720,T003164,Alimentação,608.5,2025-08-30,True
E0009721,T003164,Transporte terrestre,439.97,2025-08-30,True
E0009722,T003164,Taxa,70.88,2025-08-30,True
E0009723,T003164,Ajuste de reembolso,11.33,2025-09-11,False
E0009724,T003165,Alimentação,227.46,2024-08-11,True
E0009725,T003165,Transporte terrestre,215.03,2024-08-11,True
E0009726,T003165,Ajuste de reembolso,9.0,2024-08-19,False
E0009727,T003166,Alimentação,1003.92,2025-04-04,True
E0009728,T003166,Transporte terrestre,491.74,2025-04-04,True
E0009729,T003166,Ajuste de reembolso,-22.24,2025-04-13,False
E0009730,T003167,Alimentação,333.85,2024-05-12,True
E0009731,T003167,Transporte terrestre,210.3,2024-05-12,True
E0009732,T003167,Ajuste de reembolso,30.23,2024-05-17,False
E0009733,T003168,Alimentação,128.6,2024-05-12,True
E0009734,T003168,Transporte terrestre,124.47,2024-05-12,True
E0009735,T003168,Ajuste de reembolso,-6.01,2024-05-22,False
E0009736,T003169,Alimentação,233.55,2025-04-19,True
E0009737,T003169,Transporte terrestre,137.43,2025-04-19,True
E0009738,T003169,Ajuste de reembolso,25.78,2025-04-29,False
E0009739,T003170,Alimentação,384.57,2025-09-02,True
E0009740,T003170,Transporte terrestre,136.9,2025-09-02,True
E0009741,T003170,Ajuste de reembolso,-5.38,2025-09-19,False
E0009742,T003171,Alimentação,135.16,2024-02-02,True
E0009743,T003171,Transporte terrestre,49.12,2024-02-02,True
E0009744,T003171,Ajuste de reembolso,39.37,2024-02-09,False
E0009745,T003172,Alimentação,187.19,2025-01-28,True
E0009746,T003172,Transporte terrestre,163.17,2025-01-28,True
E0009747,T003172,Ajuste de reembolso,0.48,2025-02-01,False
E0009748,T003173,Alimentação,147.95,2024-05-29,True
E0009749,T003173,Transporte terrestre,120.91,2024-05-29,True
E0009750,T003173,Ajuste de reembolso,-1.76,2024-06-08,False
E0009751,T003174,Alimentação,84.87,2024-10-26,True
E0009752,T003174,Transporte terrestre,49.25,2024-10-26,True
E0009753,T003174,Ajuste de reembolso,31.33,2024-11-04,False
E0009754,T003175,Alimentação,116.86,2024-08-18,True
E0009755,T003175,Transporte terrestre,51.1,2024-08-18,True
E0009756,T003175,Ajuste de reembolso,-8.24,2024-08-30,False
E0009757,T003176,Alimentação,131.64,2024-08-21,True
E0009758,T003176,Transporte terrestre,122.1,2024-08-21,True
E0009759,T003176,Ajuste de reembolso,31.75,2024-09-06,False
E0009760,T003178,Alimentação,77.6,2024-04-21,True
E0009761,T003178,Transporte terrestre,81.65,2024-04-21,True
E0009762,T003178,Ajuste de reembolso,-2.21,2024-04-24,False
E0009763,T003179,Alimentação,434.82,2025-07-06,True
E0009764,T003179,Transporte terrestre,156.09,2025-07-06,True
E0009765,T003179,Ajuste de reembolso,40.98,2025-07-24,False
E0009766,T003180,Alimentação,99.35,2024-12-12,True
E0009767,T003180,Transporte terrestre,53.31,2024-12-12,True
E0009768,T003180,Ajuste de reembolso,32.49,2024-12-25,False
E0009769,T003181,Alimentação,158.48,2024-07-22,True
E0009770,T003181,Transporte terrestre,105.22,2024-07-22,True
E0009771,T003181,Ajuste de reembolso,-13.5,2024-08-13,False
E0009772,T003182,Alimentação,143.07,2025-06-30,True
E0009773,T003182,Transporte terrestre,42.03,2025-06-30,True
E0009774,T003182,Ajuste de reembolso,-9.07,2025-07-20,False
E0009775,T003183,Alimentação,219.83,2024-11-22,True
E0009776,T003183,Transporte terrestre,161.71,2024-11-22,True
E0009777,T003183,Outros,232.28,2024-11-22,True
E0009778,T003183,Ajuste de reembolso,5.71,2024-11-30,False
E0009779,T003184,Alimentação,281.82,2024-07-09,True
E0009780,T003184,Transporte terrestre,189.14,2024-07-09,True
E0009781,T003184,Ajuste de reembolso,21.5,2024-07-28,False
E0009782,T003185,Alimentação,451.43,2024-06-01,True
E0009783,T003185,Transporte terrestre,254.52,2024-06-01,True
E0009784,T003185,Ajuste de reembolso,-15.06,2024-06-17,False
E0009785,T003186,Alimentação,586.15,2025-04-22,True
E0009786,T003186,Transporte terrestre,194.37,2025-04-22,True
E0009787,T003186,Pedágio,52.93,2025-04-22,True
E0009788,T003186,Ajuste de reembolso,-3.72,2025-05-01,False
E0009789,T003187,Alimentação,454.24,2025-10-08,True
E0009790,T003187,Transporte terrestre,309.12,2025-10-08,True
E0009791,T003187,Ajuste de reembolso,16.37,2025-10-22,False
E0009792,T003188,Alimentação,338.25,2025-06-29,True
E0009793,T003188,Transporte terrestre,207.72,2025-06-29,True
E0009794,T003188,Ajuste de reembolso,2.68,2025-07-09,False
E0009795,T003189,Alimentação,290.52,2024-08-26,True
E0009796,T003189,Transporte terrestre,95.07,2024-08-26,True
E0009797,T003189,Ajuste de reembolso,-4.5,2024-09-02,False
E0009798,T003190,Alimentação,543.93,2024-09-06,True
E0009799,T003190,Transporte terrestre,235.38,2024-09-06,True
E0009800,T003190,Ajuste de reembolso,25.19,2024-09-19,False
E0009801,T003193,Alimentação,522.76,2025-06-11,True
E0009802,T003193,Transporte terrestre,389.7,2025-06-11,True
E0009803,T003193,Ajuste de reembolso,33.23,2025-06-27,False
E0009804,T003194,Alimentação,101.97,2024-03-29,True
E0009805,T003194,Transporte terrestre,58.48,2024-03-29,True
E0009806,T003194,Ajuste de reembolso,-4.61,2024-04-07,False
E0009807,T003195,Alimentação,90.44,2024-02-29,True
E0009808,T003195,Transporte terrestre,61.8,2024-02-29,True
E0009809,T003195,Ajuste de reembolso,-19.52,2024-03-13,False
E0009810,T003197,Alimentação,99.46,2025-10-25,True
E0009811,T003197,Transporte terrestre,56.83,2025-10-25,True
E0009812,T003197,Taxa,73.97,2025-10-25,True
E0009813,T003197,Ajuste de reembolso,1.55,2025-11-03,False
E0009814,T003198,Alimentação,173.83,2025-06-23,True
E0009815,T003198,Transporte terrestre,115.39,2025-06-23,True
E0009816,T003198,Ajuste de reembolso,-19.33,2025-07-13,False
E0009817,T003199,Alimentação,301.91,2024-03-28,True
E0009818,T003199,Transporte terrestre,256.73,2024-03-28,True
E0009819,T003199,Ajuste de reembolso,42.52,2024-04-07,False
E0009820,T003200,Alimentação,446.52,2025-10-25,True
E0009821,T003200,Transporte terrestre,294.93,2025-10-25,True
E0009822,T003200,Ajuste de reembolso,8.37,2025-11-03,False
E0009823,T003201,Alimentação,355.79,2025-02-21,True
E0009824,T003201,Transporte terrestre,199.11,2025-02-21,True
E0009825,T003201,Ajuste de reembolso,18.82,2025-03-04,False
E0009826,T003202,Alimentação,301.53,2024-11-06,True
E0009827,T003202,Transporte terrestre,165.08,2024-11-06,True
E0009828,T003202,Ajuste de reembolso,-7.65,2024-11-10,False
E0009829,T003203,Alimentação,678.1,2025-04-17,True
E0009830,T003203,Transporte terrestre,258.75,2025-04-17,True
E0009831,T003203,Ajuste de reembolso,16.97,2025-05-09,False
E0009832,T003204,Alimentação,276.24,2024-02-01,True
E0009833,T003204,Transporte terrestre,208.66,2024-02-01,True
E0009834,T003204,Ajuste de reembolso,3.83,2024-02-16,False
E0009835,T003205,Alimentação,418.48,2025-09-27,True
E0009836,T003205,Transporte terrestre,294.93,2025-09-27,True
E0009837,T003205,Ajuste de reembolso,-18.71,2025-10-02,False
E0009838,T003206,Alimentação,488.95,2025-03-12,True
E0009839,T003206,Transporte terrestre,270.79,2025-03-12,True
E0009840,T003206,Ajuste de reembolso,15.82,2025-03-24,False
E0009841,T003207,Alimentação,262.93,2024-08-30,True
E0009842,T003207,Transporte terrestre,142.46,2024-08-30,True
E0009843,T003207,Estacionamento,108.72,2024-08-30,True
E0009844,T003207,Ajuste de reembolso,33.33,2024-09-02,False
E0009845,T003208,Alimentação,231.4,2025-01-06,True
E0009846,T003208,Transporte terrestre,106.89,2025-01-06,True
E0009847,T003208,Pedágio,167.82,2025-01-06,True
E0009848,T003208,Ajuste de reembolso,43.37,2025-01-21,False
E0009849,T003209,Alimentação,135.04,2024-06-06,True
E0009850,T003209,Transporte terrestre,204.73,2024-06-06,True
E0009851,T003209,Estacionamento,171.21,2024-06-06,True
E0009852,T003209,Ajuste de reembolso,7.38,2024-06-16,False
E0009853,T003210,Alimentação,424.61,2024-05-14,True
E0009854,T003210,Transporte terrestre,241.58,2024-05-14,True
E0009855,T003210,Ajuste de reembolso,42.33,2024-06-02,False
E0009856,T003211,Alimentação,90.76,2025-09-10,True
E0009857,T003211,Transporte terrestre,86.75,2025-09-10,True
E0009858,T003211,Ajuste de reembolso,14.91,2025-09-28,False
E0009859,T003212,Alimentação,270.0,2024-09-16,True
E0009860,T003212,Transporte terrestre,261.83,2024-09-16,True
E0009861,T003212,Ajuste de reembolso,-10.61,2024-10-09,False
E0009862,T003213,Alimentação,208.37,2024-12-28,True
E0009863,T003213,Transporte terrestre,112.6,2024-12-28,True
E0009864,T003213,Ajuste de reembolso,-0.87,2024-12-30,False
E0009865,T003214,Alimentação,136.54,2025-01-05,True
E0009866,T003214,Transporte terrestre,158.65,2025-01-05,True
E0009867,T003214,Ajuste de reembolso,19.38,2025-01-15,False
E0009868,T003215,Alimentação,179.47,2025-02-20,True
E0009869,T003215,Transporte terrestre,120.48,2025-02-20,True
E0009870,T003215,Ajuste de reembolso,4.39,2025-03-02,False
E0009871,T003216,Alimentação,292.27,2024-01-27,True
E0009872,T003216,Transporte terrestre,123.89,2024-01-27,True
E0009873,T003216,Estacionamento,117.56,2024-01-27,True
E0009874,T003216,Ajuste de reembolso,6.64,2024-02-06,False
E0009875,T003217,Alimentação,212.93,2025-02-25,True
E0009876,T003217,Transporte terrestre,193.71,2025-02-25,True
E0009877,T003217,Taxa,202.89,2025-02-25,True
E0009878,T003217,Ajuste de reembolso,-16.53,2025-03-07,False
E0009879,T003218,Alimentação,609.56,2025-05-20,True
E0009880,T003218,Transporte terrestre,234.95,2025-05-20,True
E0009881,T003218,Ajuste de reembolso,32.93,2025-05-24,False
E0009882,T003219,Alimentação,193.54,2024-05-21,True
E0009883,T003219,Transporte terrestre,127.44,2024-05-21,True
E0009884,T003219,Outros,217.76,2024-05-21,True
E0009885,T003219,Ajuste de reembolso,8.65,2024-06-05,False
E0009886,T003220,Alimentação,254.68,2024-11-08,True
E0009887,T003220,Transporte terrestre,177.37,2024-11-08,True
E0009888,T003220,Ajuste de reembolso,27.47,2024-11-15,False
E0009889,T003221,Alimentação,925.9,2024-12-20,True
E0009890,T003221,Transporte terrestre,958.83,2024-12-20,True
E0009891,T003221,Ajuste de reembolso,-9.02,2024-12-31,False
E0009892,T003222,Alimentação,391.6,2025-01-28,True
E0009893,T003222,Transporte terrestre,184.56,2025-01-28,True
E0009894,T003222,Ajuste de reembolso,-8.11,2025-01-31,False
E0009895,T003223,Alimentação,544.09,2024-09-24,True
E0009896,T003223,Transporte terrestre,456.44,2024-09-24,True
E0009897,T003223,Ajuste de reembolso,28.77,2024-10-03,False
E0009898,T003224,Alimentação,124.99,2025-11-21,True
E0009899,T003224,Transporte terrestre,55.47,2025-11-21,True
E0009900,T003224,Ajuste de reembolso,-11.1,2025-12-09,False
E0009901,T003225,Alimentação,133.36,2024-10-01,True
E0009902,T003225,Transporte terrestre,59.19,2024-10-01,True
E0009903,T003225,Ajuste de reembolso,-17.84,2024-10-07,False
E0009904,T003226,Alimentação,352.41,2025-05-26,True
E0009905,T003226,Transporte terrestre,243.26,2025-05-26,True
E0009906,T003226,Ajuste de reembolso,-13.92,2025-06-06,False
E0009907,T003227,Alimentação,205.61,2024-04-04,True
E0009908,T003227,Transporte terrestre,193.74,2024-04-04,True
E0009909,T003227,Ajuste de reembolso,42.41,2024-04-06,False
E0009910,T003228,Alimentação,127.54,2025-09-09,True
E0009911,T003228,Transporte terrestre,103.96,2025-09-09,True
E0009912,T003228,Ajuste de reembolso,27.2,2025-09-20,False
E0009913,T003229,Alimentação,458.35,2024-01-01,True
E0009914,T003229,Transporte terrestre,181.76,2024-01-01,True
E0009915,T003229,Ajuste de reembolso,28.23,2024-01-13,False
E0009916,T003230,Alimentação,486.59,2024-08-17,True
E0009917,T003230,Transporte terrestre,238.19,2024-08-17,True
E0009918,T003230,Ajuste de reembolso,-14.26,2024-08-28,False
E0009919,T003231,Alimentação,118.22,2024-09-03,True
E0009920,T003231,Transporte terrestre,64.76,2024-09-03,True
E0009921,T003231,Taxa,160.02,2024-09-03,True
E0009922,T003231,Ajuste de reembolso,3.11,2024-09-12,False
E0009923,T003232,Alimentação,227.46,2025-11-19,True
E0009924,T003232,Transporte terrestre,202.38,2025-11-19,True
E0009925,T003232,Ajuste de reembolso,15.69,2025-11-23,False
E0009926,T003233,Alimentação,274.28,2025-02-05,True
E0009927,T003233,Transporte terrestre,290.79,2025-02-05,True
E0009928,T003233,Ajuste de reembolso,5.35,2025-02-19,False
E0009929,T003234,Alimentação,251.6,2024-03-26,True
E0009930,T003234,Transporte terrestre,135.15,2024-03-26,True
E0009931,T003234,Ajuste de reembolso,-14.88,2024-03-28,False
E0009932,T003235,Alimentação,387.32,2025-07-12,True
E0009933,T003235,Transporte terrestre,320.13,2025-07-12,True
E0009934,T003235,Taxa,171.68,2025-07-12,True
E0009935,T003235,Ajuste de reembolso,29.8,2025-07-20,False
E0009936,T003236,Alimentação,393.62,2025-06-21,True
E0009937,T003236,Transporte terrestre,211.81,2025-06-21,True
E0009938,T003236,Ajuste de reembolso,-15.34,2025-07-02,False
E0009939,T003237,Alimentação,242.36,2024-04-29,True
E0009940,T003237,Transporte terrestre,201.5,2024-04-29,True
E0009941,T003237,Estacionamento,69.63,2024-04-29,True
E0009942,T003237,Ajuste de reembolso,37.79,2024-05-17,False
E0009943,T003238,Alimentação,902.03,2024-08-24,True
E0009944,T003238,Transporte terrestre,678.73,2024-08-24,True
E0009945,T003238,Ajuste de reembolso,16.96,2024-09-16,False
E0009946,T003239,Alimentação,205.94,2024-12-23,True
E0009947,T003239,Transporte terrestre,115.76,2024-12-23,True
E0009948,T003239,Ajuste de reembolso,25.78,2025-01-01,False
E0009949,T003240,Alimentação,335.82,2025-03-01,True
E0009950,T003240,Transporte terrestre,522.24,2025-03-01,True
E0009951,T003240,Ajuste de reembolso,19.62,2025-03-17,False
E0009952,T003241,Alimentação,411.52,2024-05-03,True
E0009953,T003241,Transporte terrestre,157.39,2024-05-03,True
E0009954,T003241,Ajuste de reembolso,2.6,2024-05-21,False
E0009955,T003242,Alimentação,157.54,2025-07-22,True
E0009956,T003242,Transporte terrestre,86.93,2025-07-22,True
E0009957,T003242,Ajuste de reembolso,19.7,2025-08-06,False
E0009958,T003243,Alimentação,75.72,2024-06-16,True
E0009959,T003243,Transporte terrestre,42.43,2024-06-16,True
E0009960,T003243,Ajuste de reembolso,1.85,2024-06-30,False
E0009961,T003244,Alimentação,104.49,2024-10-24,True
E0009962,T003244,Transporte terrestre,142.1,2024-10-24,True
E0009963,T003244,Ajuste de reembolso,36.08,2024-10-26,False
E0009964,T003245,Alimentação,713.07,2025-10-11,True
E0009965,T003245,Transporte terrestre,311.37,2025-10-11,True
E0009966,T003245,Estacionamento,200.23,2025-10-11,True
E0009967,T003245,Ajuste de reembolso,7.41,2025-10-22,False
E0009968,T003246,Alimentação,160.33,2025-02-21,True
E0009969,T003246,Transporte terrestre,99.74,2025-02-21,True
E0009970,T003246,Ajuste de reembolso,26.72,2025-03-08,False
E0009971,T003247,Alimentação,121.79,2024-02-15,True
E0009972,T003247,Transporte terrestre,289.78,2024-02-15,True
E0009973,T003247,Pedágio,66.22,2024-02-15,True
E0009974,T003247,Ajuste de reembolso,-19.64,2024-02-28,False
E0009975,T003248,Alimentação,378.77,2024-01-16,True
E0009976,T003248,Transporte terrestre,291.32,2024-01-16,True
E0009977,T003248,Outros,107.14,2024-01-16,True
E0009978,T003248,Ajuste de reembolso,18.9,2024-01-23,False
E0009979,T003249,Alimentação,539.95,2025-09-15,True
E0009980,T003249,Transporte terrestre,643.73,2025-09-15,True
E0009981,T003249,Ajuste de reembolso,10.44,2025-09-26,False
E0009982,T003250,Alimentação,451.78,2025-04-16,True
E0009983,T003250,Transporte terrestre,190.8,2025-04-16,True
E0009984,T003250,Ajuste de reembolso,-15.24,2025-04-29,False
E0009985,T003251,Alimentação,787.62,2025-06-10,True
E0009986,T003251,Transporte terrestre,380.39,2025-06-10,True
E0009987,T003251,Ajuste de reembolso,-0.61,2025-06-18,False
E0009988,T003252,Alimentação,308.55,2024-05-11,True
E0009989,T003252,Transporte terrestre,168.62,2024-05-11,True
E0009990,T003252,Estacionamento,77.15,2024-05-11,True
E0009991,T003252,Ajuste de reembolso,22.26,2024-05-22,False
E0009992,T003254,Alimentação,216.51,2025-09-27,True
E0009993,T003254,Transporte terrestre,211.62,2025-09-27,True
E0009994,T003254,Ajuste de reembolso,28.17,2025-10-05,False
E0009995,T003255,Alimentação,135.75,2025-10-01,True
E0009996,T003255,Transporte terrestre,126.21,2025-10-01,True
E0009997,T003255,Ajuste de reembolso,27.15,2025-10-06,False
E0009998,T003256,Alimentação,313.85,2024-12-28,True
E0009999,T003256,Transporte terrestre,384.97,2024-12-28,True
E0010000,T003256,Pedágio,210.27,2024-12-28,True
E0010001,T003256,Ajuste de reembolso,33.54,2025-01-05,False
E0010002,T003257,Alimentação,591.84,2025-10-25,True
E0010003,T003257,Transporte terrestre,311.57,2025-10-25,True
E0010004,T003257,Ajuste de reembolso,21.12,2025-11-10,False
E0010005,T003259,Alimentação,73.16,2025-11-22,True
E0010006,T003259,Transporte terrestre,49.56,2025-11-22,True
E0010007,T003259,Ajuste de reembolso,4.82,2025-12-01,False
E0010008,T003260,Alimentação,1057.48,2024-01-22,True
E0010009,T003260,Transporte terrestre,571.74,2024-01-22,True
E0010010,T003260,Taxa,176.46,2024-01-22,True
E0010011,T003260,Ajuste de reembolso,37.45,2024-02-07,False
E0010012,T003261,Alimentação,347.93,2025-03-27,True
E0010013,T003261,Transporte terrestre,230.0,2025-03-27,True
E0010014,T003261,Ajuste de reembolso,-7.79,2025-04-09,False
E0010015,T003262,Alimentação,437.72,2024-04-01,True
E0010016,T003262,Transporte terrestre,216.26,2024-04-01,True
E0010017,T003262,Ajuste de reembolso,7.58,2024-04-16,False
E0010018,T003263,Alimentação,102.38,2025-08-20,True
E0010019,T003263,Transporte terrestre,64.16,2025-08-20,True
E0010020,T003263,Ajuste de reembolso,-21.8,2025-08-24,False
E0010021,T003264,Alimentação,273.34,2025-08-09,True
E0010022,T003264,Transporte terrestre,201.72,2025-08-09,True
E0010023,T003264,Taxa,82.48,2025-08-09,True
E0010024,T003264,Ajuste de reembolso,25.48,2025-08-20,False
E0010025,T003265,Alimentação,451.99,2024-08-18,True
E0010026,T003265,Transporte terrestre,503.71,2024-08-18,True
E0010027,T003265,Ajuste de reembolso,-17.81,2024-08-30,False
E0010028,T003266,Alimentação,122.16,2024-03-08,True
E0010029,T003266,Transporte terrestre,45.28,2024-03-08,True
E0010030,T003266,Taxa,149.92,2024-03-08,True
E0010031,T003266,Ajuste de reembolso,8.74,2024-03-16,False
E0010032,T003267,Alimentação,205.44,2025-01-10,True
E0010033,T003267,Transporte terrestre,99.48,2025-01-10,True
E0010034,T003267,Estacionamento,279.62,2025-01-10,True
E0010035,T003267,Ajuste de reembolso,40.69,2025-01-13,False
E0010036,T003268,Alimentação,732.08,2025-01-06,True
E0010037,T003268,Transporte terrestre,298.14,2025-01-06,True
E0010038,T003268,Ajuste de reembolso,28.65,2025-01-11,False
E0010039,T003269,Alimentação,498.21,2024-08-31,True
E0010040,T003269,Transporte terrestre,329.79,2024-08-31,True
E0010041,T003269,Ajuste de reembolso,31.84,2024-09-12,False
E0010042,T003270,Alimentação,108.77,2025-10-12,True
E0010043,T003270,Transporte terrestre,72.4,2025-10-12,True
E0010044,T003270,Ajuste de reembolso,35.45,2025-10-28,False
E0010045,T003271,Alimentação,499.22,2025-06-29,True
E0010046,T003271,Transporte terrestre,286.13,2025-06-29,True
E0010047,T003271,Ajuste de reembolso,-13.85,2025-07-14,False
E0010048,T003272,Alimentação,122.67,2024-02-15,True
E0010049,T003272,Transporte terrestre,47.02,2024-02-15,True
E0010050,T003272,Ajuste de reembolso,9.11,2024-02-29,False
E0010051,T003273,Alimentação,179.32,2024-05-27,True
E0010052,T003273,Transporte terrestre,57.96,2024-05-27,True
E0010053,T003273,Ajuste de reembolso,-5.21,2024-06-04,False
E0010054,T003274,Alimentação,493.12,2025-03-25,True
E0010055,T003274,Transporte terrestre,247.72,2025-03-25,True
E0010056,T003274,Ajuste de reembolso,-21.22,2025-04-05,False
E0010057,T003275,Alimentação,158.47,2024-07-15,True
E0010058,T003275,Transporte terrestre,171.26,2024-07-15,True
E0010059,T003275,Ajuste de reembolso,-10.3,2024-08-05,False
E0010060,T003276,Alimentação,66.22,2025-04-02,True
E0010061,T003276,Transporte terrestre,101.0,2025-04-02,True
E0010062,T003276,Ajuste de reembolso,33.74,2025-04-14,False
E0010063,T003277,Alimentação,765.9,2025-04-17,True
E0010064,T003277,Transporte terrestre,661.68,2025-04-17,True
E0010065,T003277,Ajuste de reembolso,-10.77,2025-04-26,False
E0010066,T003278,Alimentação,354.92,2024-07-07,True
E0010067,T003278,Transporte terrestre,148.4,2024-07-07,True
E0010068,T003278,Ajuste de reembolso,40.85,2024-07-16,False
E0010069,T003279,Alimentação,480.43,2024-10-30,True
E0010070,T003279,Transporte terrestre,277.78,2024-10-30,True
E0010071,T003279,Ajuste de reembolso,-20.15,2024-11-03,False
E0010072,T003280,Alimentação,299.09,2025-10-17,True
E0010073,T003280,Transporte terrestre,408.54,2025-10-17,True
E0010074,T003280,Ajuste de reembolso,37.37,2025-10-29,False
E0010075,T003281,Alimentação,456.88,2024-08-04,True
E0010076,T003281,Transporte terrestre,410.42,2024-08-04,True
E0010077,T003281,Estacionamento,144.21,2024-08-04,True
E0010078,T003281,Ajuste de reembolso,10.76,2024-08-13,False
E0010079,T003282,Alimentação,352.68,2025-01-05,True
E0010080,T003282,Transporte terrestre,303.52,2025-01-05,True
E0010081,T003282,Ajuste de reembolso,-2.31,2025-01-20,False
E0010082,T003284,Alimentação,180.69,2025-12-16,True
E0010083,T003284,Transporte terrestre,166.47,2025-12-16,True
E0010084,T003284,Ajuste de reembolso,14.74,2025-12-29,False
E0010085,T003285,Alimentação,370.07,2024-08-16,True
E0010086,T003285,Transporte terrestre,292.79,2024-08-16,True
E0010087,T003285,Ajuste de reembolso,-17.33,2024-08-30,False
E0010088,T003286,Alimentação,342.29,2025-03-27,True
E0010089,T003286,Transporte terrestre,287.62,2025-03-27,True
E0010090,T003286,Ajuste de reembolso,14.72,2025-03-30,False
E0010091,T003287,Alimentação,65.13,2024-06-25,True
E0010092,T003287,Transporte terrestre,53.58,2024-06-25,True
E0010093,T003287,Outros,115.28,2024-06-25,True
E0010094,T003287,Ajuste de reembolso,27.34,2024-07-06,False
E0010095,T003288,Alimentação,296.05,2025-08-07,True
E0010096,T003288,Transporte terrestre,304.5,2025-08-07,True
E0010097,T003288,Ajuste de reembolso,17.18,2025-08-22,False
E0010098,T003289,Alimentação,318.7,2025-06-14,True
E0010099,T003289,Transporte terrestre,87.8,2025-06-14,True
E0010100,T003289,Ajuste de reembolso,25.96,2025-06-28,False
E0010101,T003290,Alimentação,90.32,2025-08-30,True
E0010102,T003290,Transporte terrestre,72.63,2025-08-30,True
E0010103,T003290,Pedágio,107.53,2025-08-30,True
E0010104,T003290,Ajuste de reembolso,1.76,2025-09-09,False
E0010105,T003291,Alimentação,97.29,2024-02-22,True
E0010106,T003291,Transporte terrestre,48.05,2024-02-22,True
E0010107,T003291,Ajuste de reembolso,36.93,2024-03-07,False
E0010108,T003292,Alimentação,74.98,2024-03-02,True
E0010109,T003292,Transporte terrestre,60.62,2024-03-02,True
E0010110,T003292,Ajuste de reembolso,33.54,2024-03-13,False
E0010111,T003293,Alimentação,219.26,2025-10-08,True
E0010112,T003293,Transporte terrestre,184.69,2025-10-08,True
E0010113,T003293,Ajuste de reembolso,18.74,2025-10-25,False
E0010114,T003294,Alimentação,203.35,2025-05-20,True
E0010115,T003294,Transporte terrestre,127.99,2025-05-20,True
E0010116,T003294,Ajuste de reembolso,-17.0,2025-06-03,False
E0010117,T003295,Alimentação,382.3,2025-09-21,True
E0010118,T003295,Transporte terrestre,289.03,2025-09-21,True
E0010119,T003295,Ajuste de reembolso,25.29,2025-09-28,False
E0010120,T003296,Alimentação,414.34,2024-09-04,True
E0010121,T003296,Transporte terrestre,235.35,2024-09-04,True
E0010122,T003296,Ajuste de reembolso,-19.08,2024-09-14,False
E0010123,T003297,Alimentação,337.14,2025-11-25,True
E0010124,T003297,Transporte terrestre,275.35,2025-11-25,True
E0010125,T003297,Ajuste de reembolso,42.55,2025-11-29,False
E0010126,T003298,Alimentação,542.45,2024-04-21,True
E0010127,T003298,Transporte terrestre,207.19,2024-04-21,True
E0010128,T003298,Ajuste de reembolso,-10.48,2024-05-09,False
E0010129,T003299,Alimentação,49.05,2024-09-12,True
E0010130,T003299,Transporte terrestre,70.79,2024-09-12,True
E0010131,T003299,Ajuste de reembolso,-9.44,2024-09-27,False
E0010132,T003300,Alimentação,414.86,2025-12-17,True
E0010133,T003300,Transporte terrestre,186.48,2025-12-17,True
E0010134,T003300,Ajuste de reembolso,-12.04,2026-01-09,False
E0010135,T003301,Alimentação,334.26,2025-04-07,True
E0010136,T003301,Transporte terrestre,184.46,2025-04-07,True
E0010137,T003301,Ajuste de reembolso,-16.35,2025-04-16,False
E0010138,T003302,Alimentação,71.35,2025-07-17,True
E0010139,T003302,Transporte terrestre,61.45,2025-07-17,True
E0010140,T003302,Ajuste de reembolso,-5.95,2025-08-01,False
E0010141,T003303,Alimentação,291.94,2024-10-23,True
E0010142,T003303,Transporte terrestre,198.99,2024-10-23,True
E0010143,T003303,Ajuste de reembolso,24.7,2024-10-25,False
E0010144,T003304,Alimentação,194.6,2025-08-29,True
E0010145,T003304,Transporte terrestre,105.8,2025-08-29,True
E0010146,T003304,Ajuste de reembolso,-2.0,2025-09-08,False
E0010147,T003305,Alimentação,288.86,2025-03-25,True
E0010148,T003305,Transporte terrestre,214.83,2025-03-25,True
E0010149,T003305,Ajuste de reembolso,21.92,2025-04-06,False
E0010150,T003306,Alimentação,143.18,2025-02-03,True
E0010151,T003306,Transporte terrestre,129.78,2025-02-03,True
E0010152,T003306,Ajuste de reembolso,37.74,2025-02-14,False
E0010153,T003307,Alimentação,223.06,2025-01-27,True
E0010154,T003307,Transporte terrestre,304.11,2025-01-27,True
E0010155,T003307,Ajuste de reembolso,15.59,2025-02-01,False
E0010156,T003308,Alimentação,892.02,2025-03-11,True
E0010157,T003308,Transporte terrestre,491.99,2025-03-11,True
E0010158,T003308,Ajuste de reembolso,-21.91,2025-03-24,False
E0010159,T003310,Alimentação,193.74,2025-08-28,True
E0010160,T003310,Transporte terrestre,82.59,2025-08-28,True
E0010161,T003310,Ajuste de reembolso,23.3,2025-09-06,False
E0010162,T003311,Alimentação,484.13,2025-04-21,True
E0010163,T003311,Transporte terrestre,278.87,2025-04-21,True
E0010164,T003311,Ajuste de reembolso,-5.82,2025-05-03,False
E0010165,T003312,Alimentação,195.36,2024-01-21,True
E0010166,T003312,Transporte terrestre,271.38,2024-01-21,True
E0010167,T003312,Ajuste de reembolso,9.05,2024-01-27,False
E0010168,T003313,Alimentação,151.58,2025-12-08,True
E0010169,T003313,Transporte terrestre,65.87,2025-12-08,True
E0010170,T003313,Ajuste de reembolso,6.8,2025-12-11,False
E0010171,T003314,Alimentação,85.28,2025-03-20,True
E0010172,T003314,Transporte terrestre,75.86,2025-03-20,True
E0010173,T003314,Ajuste de reembolso,21.2,2025-03-31,False
E0010174,T003315,Alimentação,83.15,2025-06-18,True
E0010175,T003315,Transporte terrestre,51.47,2025-06-18,True
E0010176,T003315,Ajuste de reembolso,35.58,2025-06-30,False
E0010177,T003316,Alimentação,362.39,2025-02-01,True
E0010178,T003316,Transporte terrestre,234.41,2025-02-01,True
E0010179,T003316,Ajuste de reembolso,44.77,2025-02-06,False
E0010180,T003317,Alimentação,75.73,2025-11-25,True
E0010181,T003317,Transporte terrestre,53.55,2025-11-25,True
E0010182,T003317,Ajuste de reembolso,12.18,2025-12-01,False
E0010183,T003318,Alimentação,956.62,2024-05-21,True
E0010184,T003318,Transporte terrestre,565.02,2024-05-21,True
E0010185,T003318,Ajuste de reembolso,43.86,2024-06-06,False
E0010186,T003319,Alimentação,213.62,2025-11-18,True
E0010187,T003319,Transporte terrestre,144.59,2025-11-18,True
E0010188,T003319,Ajuste de reembolso,26.3,2025-11-28,False
E0010189,T003320,Alimentação,181.84,2025-09-14,True
E0010190,T003320,Transporte terrestre,122.94,2025-09-14,True
E0010191,T003320,Ajuste de reembolso,6.75,2025-09-24,False
E0010192,T003321,Alimentação,178.31,2025-09-07,True
E0010193,T003321,Transporte terrestre,120.38,2025-09-07,True
E0010194,T003321,Ajuste de reembolso,9.21,2025-09-19,False
E0010195,T003322,Alimentação,458.31,2025-05-04,True
E0010196,T003322,Transporte terrestre,470.3,2025-05-04,True
E0010197,T003322,Ajuste de reembolso,-21.06,2025-05-25,False
E0010198,T003323,Alimentação,238.39,2024-01-01,True
E0010199,T003323,Transporte terrestre,252.35,2024-01-01,True
E0010200,T003323,Ajuste de reembolso,29.52,2024-01-17,False
E0010201,T003324,Alimentação,764.25,2024-12-16,True
E0010202,T003324,Transporte terrestre,237.45,2024-12-16,True
E0010203,T003324,Pedágio,42.44,2024-12-16,True
E0010204,T003324,Ajuste de reembolso,26.15,2025-01-07,False
E0010205,T003325,Alimentação,154.48,2024-09-10,True
E0010206,T003325,Transporte terrestre,123.85,2024-09-10,True
E0010207,T003325,Ajuste de reembolso,4.81,2024-09-17,False
E0010208,T003326,Alimentação,800.54,2024-11-20,True
E0010209,T003326,Transporte terrestre,310.65,2024-11-20,True
E0010210,T003326,Ajuste de reembolso,23.69,2024-11-26,False
E0010211,T003327,Alimentação,182.26,2025-10-12,True
E0010212,T003327,Transporte terrestre,83.35,2025-10-12,True
E0010213,T003327,Ajuste de reembolso,13.58,2025-10-23,False
E0010214,T003328,Alimentação,109.79,2025-11-20,True
E0010215,T003328,Transporte terrestre,87.16,2025-11-20,True
E0010216,T003328,Ajuste de reembolso,41.99,2025-12-06,False
E0010217,T003329,Alimentação,339.55,2024-01-24,True
E0010218,T003329,Transporte terrestre,250.94,2024-01-24,True
E0010219,T003329,Ajuste de reembolso,19.72,2024-02-09,False
E0010220,T003330,Alimentação,378.76,2025-06-13,True
E0010221,T003330,Transporte terrestre,149.02,2025-06-13,True
E0010222,T003330,Ajuste de reembolso,-12.98,2025-06-27,False
E0010223,T003331,Alimentação,187.36,2025-11-14,True
E0010224,T003331,Transporte terrestre,333.57,2025-11-14,True
E0010225,T003331,Ajuste de reembolso,-10.71,2025-11-21,False
E0010226,T003332,Alimentação,172.28,2024-03-11,True
E0010227,T003332,Transporte terrestre,184.34,2024-03-11,True
E0010228,T003332,Outros,66.83,2024-03-11,True
E0010229,T003332,Ajuste de reembolso,-12.25,2024-03-23,False
E0010230,T003333,Alimentação,300.99,2025-03-26,True
E0010231,T003333,Transporte terrestre,188.22,2025-03-26,True
E0010232,T003333,Ajuste de reembolso,30.99,2025-04-16,False
E0010233,T003334,Alimentação,427.02,2025-08-06,True
E0010234,T003334,Transporte terrestre,201.73,2025-08-06,True
E0010235,T003334,Ajuste de reembolso,36.32,2025-08-20,False
E0010236,T003335,Alimentação,260.13,2024-02-17,True
E0010237,T003335,Transporte terrestre,393.7,2024-02-17,True
E0010238,T003335,Ajuste de reembolso,-24.08,2024-02-24,False
E0010239,T003336,Alimentação,130.45,2024-08-17,True
E0010240,T003336,Transporte terrestre,127.23,2024-08-17,True
E0010241,T003336,Ajuste de reembolso,11.28,2024-08-25,False
E0010242,T003337,Alimentação,226.77,2024-09-29,True
E0010243,T003337,Transporte terrestre,94.99,2024-09-29,True
E0010244,T003337,Ajuste de reembolso,34.67,2024-10-19,False
E0010245,T003338,Alimentação,271.46,2024-05-14,True
E0010246,T003338,Transporte terrestre,201.25,2024-05-14,True
E0010247,T003338,Ajuste de reembolso,26.94,2024-05-29,False
E0010248,T003339,Alimentação,565.99,2025-07-26,True
E0010249,T003339,Transporte terrestre,341.05,2025-07-26,True
E0010250,T003339,Ajuste de reembolso,24.73,2025-08-05,False
E0010251,T003340,Alimentação,405.72,2025-01-09,True
E0010252,T003340,Transporte terrestre,270.44,2025-01-09,True
E0010253,T003340,Ajuste de reembolso,-5.93,2025-01-23,False
E0010254,T003341,Alimentação,478.06,2025-06-12,True
E0010255,T003341,Transporte terrestre,246.35,2025-06-12,True
E0010256,T003341,Ajuste de reembolso,-15.62,2025-06-18,False
E0010257,T003342,Alimentação,167.09,2024-02-26,True
E0010258,T003342,Transporte terrestre,127.82,2024-02-26,True
E0010259,T003342,Ajuste de reembolso,13.59,2024-03-07,False
E0010260,T003343,Alimentação,372.67,2024-06-02,True
E0010261,T003343,Transporte terrestre,176.57,2024-06-02,True
E0010262,T003343,Ajuste de reembolso,-5.72,2024-06-19,False
E0010263,T003344,Alimentação,179.11,2025-11-22,True
E0010264,T003344,Transporte terrestre,175.11,2025-11-22,True
E0010265,T003344,Ajuste de reembolso,24.29,2025-12-03,False
E0010266,T003345,Alimentação,284.32,2024-02-07,True
E0010267,T003345,Transporte terrestre,312.26,2024-02-07,True
E0010268,T003345,Ajuste de reembolso,2.03,2024-02-10,False
E0010269,T003346,Alimentação,254.6,2025-10-31,True
E0010270,T003346,Transporte terrestre,301.97,2025-10-31,True
E0010271,T003346,Ajuste de reembolso,-9.8,2025-11-09,False
E0010272,T003347,Alimentação,123.1,2024-01-08,True
E0010273,T003347,Transporte terrestre,193.95,2024-01-08,True
E0010274,T003347,Ajuste de reembolso,-14.78,2024-01-17,False
E0010275,T003348,Alimentação,99.29,2024-11-06,True
E0010276,T003348,Transporte terrestre,63.58,2024-11-06,True
E0010277,T003348,Ajuste de reembolso,38.85,2024-11-08,False
E0010278,T003349,Alimentação,695.88,2024-02-04,True
E0010279,T003349,Transporte terrestre,519.12,2024-02-04,True
E0010280,T003349,Outros,141.88,2024-02-04,True
E0010281,T003349,Ajuste de reembolso,4.77,2024-02-13,False
E0010282,T003350,Alimentação,291.82,2025-08-12,True
E0010283,T003350,Transporte terrestre,196.91,2025-08-12,True
E0010284,T003350,Ajuste de reembolso,18.49,2025-08-26,False
E0010285,T003351,Alimentação,144.49,2024-10-30,True
E0010286,T003351,Transporte terrestre,49.46,2024-10-30,True
E0010287,T003351,Ajuste de reembolso,-17.76,2024-11-12,False
E0010288,T003352,Alimentação,536.53,2025-03-10,True
E0010289,T003352,Transporte terrestre,292.44,2025-03-10,True
E0010290,T003352,Ajuste de reembolso,-23.72,2025-03-28,False
E0010291,T003353,Alimentação,585.94,2024-05-18,True
E0010292,T003353,Transporte terrestre,236.91,2024-05-18,True
E0010293,T003353,Pedágio,164.89,2024-05-18,True
E0010294,T003353,Ajuste de reembolso,-21.59,2024-05-28,False
E0010295,T003354,Alimentação,368.06,2025-08-22,True
E0010296,T003354,Transporte terrestre,290.88,2025-08-22,True
E0010297,T003354,Outros,62.96,2025-08-22,True
E0010298,T003354,Ajuste de reembolso,-15.14,2025-08-30,False
E0010299,T003355,Alimentação,297.11,2025-11-27,True
E0010300,T003355,Transporte terrestre,275.02,2025-11-27,True
E0010301,T003355,Ajuste de reembolso,-22.94,2025-12-16,False
E0010302,T003356,Alimentação,176.01,2025-09-23,True
E0010303,T003356,Transporte terrestre,105.8,2025-09-23,True
E0010304,T003356,Ajuste de reembolso,10.98,2025-09-28,False
E0010305,T003357,Alimentação,137.6,2025-01-03,True
E0010306,T003357,Transporte terrestre,141.63,2025-01-03,True
E0010307,T003357,Ajuste de reembolso,-17.12,2025-01-11,False
E0010308,T003358,Alimentação,260.2,2025-05-18,True
E0010309,T003358,Transporte terrestre,140.86,2025-05-18,True
E0010310,T003358,Ajuste de reembolso,38.77,2025-05-27,False
E0010311,T003359,Alimentação,598.11,2024-02-19,True
E0010312,T003359,Transporte terrestre,336.74,2024-02-19,True
E0010313,T003359,Ajuste de reembolso,41.13,2024-03-06,False
E0010314,T003360,Alimentação,117.37,2024-11-24,True
E0010315,T003360,Transporte terrestre,45.33,2024-11-24,True
E0010316,T003360,Ajuste de reembolso,11.2,2024-11-26,False
E0010317,T003361,Alimentação,104.55,2024-06-06,True
E0010318,T003361,Transporte terrestre,48.92,2024-06-06,True
E0010319,T003361,Estacionamento,198.39,2024-06-06,True
E0010320,T003361,Ajuste de reembolso,43.59,2024-06-15,False
E0010321,T003362,Alimentação,82.16,2024-10-27,True
E0010322,T003362,Transporte terrestre,62.62,2024-10-27,True
E0010323,T003362,Ajuste de reembolso,-24.42,2024-11-07,False
E0010324,T003363,Alimentação,294.93,2025-07-14,True
E0010325,T003363,Transporte terrestre,169.58,2025-07-14,True
E0010326,T003363,Ajuste de reembolso,30.55,2025-07-24,False
E0010327,T003364,Alimentação,420.28,2025-08-25,True
E0010328,T003364,Transporte terrestre,274.04,2025-08-25,True
E0010329,T003364,Ajuste de reembolso,38.02,2025-09-03,False
E0010330,T003365,Alimentação,68.71,2025-08-13,True
E0010331,T003365,Transporte terrestre,76.85,2025-08-13,True
E0010332,T003365,Ajuste de reembolso,25.96,2025-08-22,False
E0010333,T003366,Alimentação,216.35,2024-10-02,True
E0010334,T003366,Transporte terrestre,140.68,2024-10-02,True
E0010335,T003366,Ajuste de reembolso,44.21,2024-10-16,False
E0010336,T003367,Alimentação,328.11,2025-07-13,True
E0010337,T003367,Transporte terrestre,316.29,2025-07-13,True
E0010338,T003367,Ajuste de reembolso,41.22,2025-07-18,False
E0010339,T003369,Alimentação,343.88,2025-12-07,True
E0010340,T003369,Transporte terrestre,289.95,2025-12-07,True
E0010341,T003369,Ajuste de reembolso,34.42,2025-12-21,False
E0010342,T003370,Alimentação,249.24,2025-10-27,True
E0010343,T003370,Transporte terrestre,292.88,2025-10-27,True
E0010344,T003370,Outros,180.36,2025-10-27,True
E0010345,T003370,Ajuste de reembolso,-20.23,2025-11-12,False
E0010346,T003371,Alimentação,164.33,2025-08-10,True
E0010347,T003371,Transporte terrestre,89.81,2025-08-10,True
E0010348,T003371,Ajuste de reembolso,29.82,2025-08-13,False
E0010349,T003372,Alimentação,292.51,2024-03-21,True
E0010350,T003372,Transporte terrestre,206.85,2024-03-21,True
E0010351,T003372,Ajuste de reembolso,13.79,2024-04-01,False
E0010352,T003373,Alimentação,502.4,2025-12-02,True
E0010353,T003373,Transporte terrestre,249.86,2025-12-02,True
E0010354,T003373,Ajuste de reembolso,29.89,2025-12-15,False
E0010355,T003374,Alimentação,93.03,2024-06-11,True
E0010356,T003374,Transporte terrestre,43.96,2024-06-11,True
E0010357,T003374,Ajuste de reembolso,7.4,2024-06-17,False
E0010358,T003375,Alimentação,248.13,2025-08-28,True
E0010359,T003375,Transporte terrestre,124.73,2025-08-28,True
E0010360,T003375,Ajuste de reembolso,26.54,2025-09-11,False
E0010361,T003376,Alimentação,213.11,2025-12-10,True
E0010362,T003376,Transporte terrestre,182.46,2025-12-10,True
E0010363,T003376,Ajuste de reembolso,16.95,2025-12-18,False
E0010364,T003377,Alimentação,421.61,2025-09-07,True
E0010365,T003377,Transporte terrestre,204.64,2025-09-07,True
E0010366,T003377,Ajuste de reembolso,14.87,2025-09-10,False
E0010367,T003378,Alimentação,256.35,2024-05-28,True
E0010368,T003378,Transporte terrestre,144.2,2024-05-28,True
E0010369,T003378,Outros,179.74,2024-05-28,True
E0010370,T003378,Ajuste de reembolso,21.21,2024-06-02,False
E0010371,T003379,Alimentação,524.49,2025-10-27,True
E0010372,T003379,Transporte terrestre,284.14,2025-10-27,True
E0010373,T003379,Ajuste de reembolso,36.31,2025-11-09,False
E0010374,T003380,Alimentação,116.56,2025-06-03,True
E0010375,T003380,Transporte terrestre,71.9,2025-06-03,True
E0010376,T003380,Ajuste de reembolso,24.2,2025-06-12,False
E0010377,T003381,Alimentação,347.25,2025-03-27,True
E0010378,T003381,Transporte terrestre,161.41,2025-03-27,True
E0010379,T003381,Ajuste de reembolso,-24.77,2025-03-30,False
E0010380,T003382,Alimentação,513.41,2025-12-16,True
E0010381,T003382,Transporte terrestre,188.89,2025-12-16,True
E0010382,T003382,Ajuste de reembolso,42.76,2026-01-03,False
E0010383,T003383,Alimentação,362.35,2025-03-31,True
E0010384,T003383,Transporte terrestre,198.38,2025-03-31,True
E0010385,T003383,Ajuste de reembolso,-7.1,2025-04-10,False
E0010386,T003384,Alimentação,475.02,2024-12-20,True
E0010387,T003384,Transporte terrestre,231.51,2024-12-20,True
E0010388,T003384,Ajuste de reembolso,31.28,2024-12-25,False
E0010389,T003385,Alimentação,257.56,2025-02-18,True
E0010390,T003385,Transporte terrestre,194.15,2025-02-18,True
E0010391,T003385,Pedágio,36.94,2025-02-18,True
E0010392,T003385,Ajuste de reembolso,-20.72,2025-02-22,False
E0010393,T003386,Alimentação,608.06,2024-08-15,True
E0010394,T003386,Transporte terrestre,229.92,2024-08-15,True
E0010395,T003386,Ajuste de reembolso,5.22,2024-08-30,False
E0010396,T003387,Alimentação,282.7,2025-09-01,True
E0010397,T003387,Transporte terrestre,202.7,2025-09-01,True
E0010398,T003387,Ajuste de reembolso,-17.01,2025-09-17,False
E0010399,T003388,Alimentação,220.94,2024-10-30,True
E0010400,T003388,Transporte terrestre,211.51,2024-10-30,True
E0010401,T003388,Ajuste de reembolso,-0.92,2024-11-16,False
E0010402,T003389,Alimentação,262.88,2024-07-15,True
E0010403,T003389,Transporte terrestre,182.9,2024-07-15,True
E0010404,T003389,Outros,143.26,2024-07-15,True
E0010405,T003389,Ajuste de reembolso,1.54,2024-07-27,False
E0010406,T003391,Alimentação,490.77,2025-12-05,True
E0010407,T003391,Transporte terrestre,274.81,2025-12-05,True
E0010408,T003391,Ajuste de reembolso,-7.28,2025-12-18,False
E0010409,T003392,Alimentação,384.28,2024-04-15,True
E0010410,T003392,Transporte terrestre,503.53,2024-04-15,True
E0010411,T003392,Ajuste de reembolso,22.57,2024-04-22,False
E0010412,T003393,Alimentação,259.58,2024-07-24,True
E0010413,T003393,Transporte terrestre,127.44,2024-07-24,True
E0010414,T003393,Ajuste de reembolso,28.63,2024-08-12,False
E0010415,T003394,Alimentação,422.26,2025-05-01,True
E0010416,T003394,Transporte terrestre,128.49,2025-05-01,True
E0010417,T003394,Ajuste de reembolso,-20.88,2025-05-07,False
E0010418,T003395,Alimentação,595.88,2024-06-26,True
E0010419,T003395,Transporte terrestre,727.91,2024-06-26,True
E0010420,T003395,Ajuste de reembolso,17.96,2024-07-14,False
E0010421,T003396,Alimentação,499.79,2025-10-24,True
E0010422,T003396,Transporte terrestre,406.83,2025-10-24,True
E0010423,T003396,Ajuste de reembolso,34.35,2025-11-07,False
E0010424,T003397,Alimentação,377.78,2024-10-26,True
E0010425,T003397,Transporte terrestre,169.04,2024-10-26,True
E0010426,T003397,Ajuste de reembolso,9.78,2024-11-03,False
E0010427,T003398,Alimentação,245.08,2024-02-02,True
E0010428,T003398,Transporte terrestre,117.35,2024-02-02,True
E0010429,T003398,Ajuste de reembolso,-11.43,2024-02-21,False
E0010430,T003399,Alimentação,291.41,2025-02-23,True
E0010431,T003399,Transporte terrestre,421.61,2025-02-23,True
E0010432,T003399,Ajuste de reembolso,42.87,2025-03-12,False
E0010433,T003400,Alimentação,311.38,2024-09-29,True
E0010434,T003400,Transporte terrestre,183.62,2024-09-29,True
E0010435,T003400,Taxa,94.85,2024-09-29,True
E0010436,T003400,Ajuste de reembolso,17.79,2024-10-14,False
E0010437,T003402,Alimentação,88.49,2025-01-24,True
E0010438,T003402,Transporte terrestre,87.47,2025-01-24,True
E0010439,T003402,Ajuste de reembolso,42.06,2025-02-02,False
E0010440,T003403,Alimentação,58.29,2025-10-31,True
E0010441,T003403,Transporte terrestre,81.42,2025-10-31,True
E0010442,T003403,Ajuste de reembolso,-14.33,2025-11-04,False
E0010443,T003404,Alimentação,81.32,2024-01-18,True
E0010444,T003404,Transporte terrestre,48.66,2024-01-18,True
E0010445,T003404,Ajuste de reembolso,-11.05,2024-02-01,False
E0010446,T003405,Alimentação,220.72,2025-02-18,True
E0010447,T003405,Transporte terrestre,167.2,2025-02-18,True
E0010448,T003405,Ajuste de reembolso,0.87,2025-03-01,False
E0010449,T003406,Alimentação,501.54,2024-02-22,True
E0010450,T003406,Transporte terrestre,444.29,2024-02-22,True
E0010451,T003406,Ajuste de reembolso,-23.38,2024-03-05,False
E0010452,T003407,Alimentação,1120.49,2024-06-17,True
E0010453,T003407,Transporte terrestre,564.54,2024-06-17,True
E0010454,T003407,Ajuste de reembolso,35.05,2024-06-27,False
E0010455,T003408,Alimentação,139.74,2024-12-03,True
E0010456,T003408,Transporte terrestre,212.22,2024-12-03,True
E0010457,T003408,Taxa,243.17,2024-12-03,True
E0010458,T003408,Ajuste de reembolso,-5.98,2024-12-12,False
E0010459,T003409,Alimentação,426.01,2024-02-09,True
E0010460,T003409,Transporte terrestre,208.52,2024-02-09,True
E0010461,T003409,Ajuste de reembolso,8.17,2024-02-16,False
E0010462,T003410,Alimentação,193.95,2024-10-04,True
E0010463,T003410,Transporte terrestre,135.35,2024-10-04,True
E0010464,T003410,Ajuste de reembolso,4.3,2024-10-16,False
E0010465,T003411,Alimentação,800.27,2024-03-30,True
E0010466,T003411,Transporte terrestre,463.19,2024-03-30,True
E0010467,T003411,Ajuste de reembolso,28.06,2024-04-20,False
E0010468,T003412,Alimentação,209.24,2025-12-09,True
E0010469,T003412,Transporte terrestre,147.76,2025-12-09,True
E0010470,T003412,Ajuste de reembolso,37.23,2025-12-18,False
E0010471,T003413,Alimentação,212.68,2025-06-27,True
E0010472,T003413,Transporte terrestre,110.99,2025-06-27,True
E0010473,T003413,Ajuste de reembolso,34.68,2025-07-01,False
E0010474,T003414,Alimentação,287.96,2025-06-17,True
E0010475,T003414,Transporte terrestre,217.53,2025-06-17,True
E0010476,T003414,Ajuste de reembolso,9.31,2025-06-22,False
E0010477,T003416,Alimentação,207.28,2025-08-29,True
E0010478,T003416,Transporte terrestre,205.96,2025-08-29,True
E0010479,T003416,Ajuste de reembolso,11.67,2025-09-12,False
E0010480,T003417,Alimentação,72.22,2024-01-03,True
E0010481,T003417,Transporte terrestre,42.65,2024-01-03,True
E0010482,T003417,Ajuste de reembolso,-15.22,2024-01-16,False
E0010483,T003418,Alimentação,533.26,2025-08-09,True
E0010484,T003418,Transporte terrestre,231.11,2025-08-09,True
E0010485,T003418,Ajuste de reembolso,-12.07,2025-08-26,False
E0010486,T003419,Alimentação,140.57,2024-09-03,True
E0010487,T003419,Transporte terrestre,284.25,2024-09-03,True
E0010488,T003419,Ajuste de reembolso,27.25,2024-09-23,False
E0010489,T003420,Alimentação,79.25,2024-03-02,True
E0010490,T003420,Transporte terrestre,82.79,2024-03-02,True
E0010491,T003420,Pedágio,241.01,2024-03-02,True
E0010492,T003420,Ajuste de reembolso,38.41,2024-03-17,False
E0010493,T003421,Alimentação,339.06,2024-11-24,True
E0010494,T003421,Transporte terrestre,196.7,2024-11-24,True
E0010495,T003421,Ajuste de reembolso,-11.06,2024-12-07,False
E0010496,T003422,Alimentação,165.5,2024-01-04,True
E0010497,T003422,Transporte terrestre,153.78,2024-01-04,True
E0010498,T003422,Taxa,217.72,2024-01-04,True
E0010499,T003422,Ajuste de reembolso,-11.67,2024-01-12,False
E0010500,T003423,Alimentação,424.3,2024-03-07,True
E0010501,T003423,Transporte terrestre,421.53,2024-03-07,True
E0010502,T003423,Ajuste de reembolso,-4.68,2024-03-23,False
E0010503,T003424,Alimentação,70.7,2025-01-07,True
E0010504,T003424,Transporte terrestre,72.1,2025-01-07,True
E0010505,T003424,Ajuste de reembolso,8.52,2025-01-16,False
E0010506,T003425,Alimentação,239.76,2025-09-25,True
E0010507,T003425,Transporte terrestre,171.47,2025-09-25,True
E0010508,T003425,Ajuste de reembolso,30.08,2025-10-07,False
E0010509,T003426,Alimentação,114.14,2025-12-25,True
E0010510,T003426,Transporte terrestre,184.49,2025-12-25,True
E0010511,T003426,Outros,139.0,2025-12-25,True
E0010512,T003426,Ajuste de reembolso,18.19,2026-01-01,False
E0010513,T003427,Alimentação,635.22,2025-06-17,True
E0010514,T003427,Transporte terrestre,227.07,2025-06-17,True
E0010515,T003427,Ajuste de reembolso,20.23,2025-06-30,False
E0010516,T003428,Alimentação,835.71,2025-03-20,True
E0010517,T003428,Transporte terrestre,192.38,2025-03-20,True
E0010518,T003428,Ajuste de reembolso,-8.11,2025-04-09,False
E0010519,T003429,Alimentação,57.42,2024-06-08,True
E0010520,T003429,Transporte terrestre,51.39,2024-06-08,True
E0010521,T003429,Taxa,96.48,2024-06-08,True
E0010522,T003429,Ajuste de reembolso,-18.69,2024-06-19,False
E0010523,T003430,Alimentação,152.71,2024-02-06,True
E0010524,T003430,Transporte terrestre,104.62,2024-02-06,True
E0010525,T003430,Ajuste de reembolso,-15.07,2024-02-21,False
E0010526,T003431,Alimentação,233.54,2024-04-07,True
E0010527,T003431,Transporte terrestre,93.48,2024-04-07,True
E0010528,T003431,Ajuste de reembolso,-14.97,2024-04-15,False
E0010529,T003432,Alimentação,375.93,2025-01-24,True
E0010530,T003432,Transporte terrestre,291.05,2025-01-24,True
E0010531,T003432,Ajuste de reembolso,-18.68,2025-02-07,False
E0010532,T003433,Alimentação,145.1,2024-05-10,True
E0010533,T003433,Transporte terrestre,139.29,2024-05-10,True
E0010534,T003433,Ajuste de reembolso,16.4,2024-05-22,False
E0010535,T003434,Alimentação,95.26,2025-08-26,True
E0010536,T003434,Transporte terrestre,70.34,2025-08-26,True
E0010537,T003434,Outros,142.1,2025-08-26,True
E0010538,T003434,Ajuste de reembolso,-21.42,2025-09-13,False
E0010539,T003435,Alimentação,312.17,2025-09-22,True
E0010540,T003435,Transporte terrestre,146.15,2025-09-22,True
E0010541,T003435,Ajuste de reembolso,37.61,2025-10-04,False
E0010542,T003436,Alimentação,242.06,2024-09-01,True
E0010543,T003436,Transporte terrestre,164.91,2024-09-01,True
E0010544,T003436,Ajuste de reembolso,19.65,2024-09-27,False
E0010545,T003437,Alimentação,646.79,2024-03-21,True
E0010546,T003437,Transporte terrestre,215.16,2024-03-21,True
E0010547,T003437,Ajuste de reembolso,14.06,2024-03-29,False
E0010548,T003438,Alimentação,457.87,2024-10-17,True
E0010549,T003438,Transporte terrestre,299.77,2024-10-17,True
E0010550,T003438,Pedágio,169.23,2024-10-17,True
E0010551,T003438,Ajuste de reembolso,16.96,2024-10-31,False
E0010552,T003439,Alimentação,180.25,2024-01-12,True
E0010553,T003439,Transporte terrestre,126.85,2024-01-12,True
E0010554,T003439,Ajuste de reembolso,42.23,2024-01-17,False
E0010555,T003440,Alimentação,420.68,2025-02-26,True
E0010556,T003440,Transporte terrestre,304.47,2025-02-26,True
E0010557,T003440,Ajuste de reembolso,36.09,2025-03-12,False
E0010558,T003441,Alimentação,106.19,2024-11-06,True
E0010559,T003441,Transporte terrestre,52.77,2024-11-06,True
E0010560,T003441,Ajuste de reembolso,25.0,2024-11-18,False
E0010561,T003442,Alimentação,506.36,2024-01-06,True
E0010562,T003442,Transporte terrestre,340.13,2024-01-06,True
E0010563,T003442,Ajuste de reembolso,9.48,2024-01-25,False
E0010564,T003443,Alimentação,533.15,2025-08-31,True
E0010565,T003443,Transporte terrestre,286.19,2025-08-31,True
E0010566,T003443,Ajuste de reembolso,-18.54,2025-09-10,False
E0010567,T003444,Alimentação,625.65,2025-04-05,True
E0010568,T003444,Transporte terrestre,271.67,2025-04-05,True
E0010569,T003444,Ajuste de reembolso,-2.27,2025-04-26,False
E0010570,T003445,Alimentação,687.47,2024-10-11,True
E0010571,T003445,Transporte terrestre,399.7,2024-10-11,True
E0010572,T003445,Pedágio,198.34,2024-10-11,True
E0010573,T003445,Ajuste de reembolso,-12.72,2024-10-20,False
E0010574,T003446,Alimentação,94.64,2024-11-25,True
E0010575,T003446,Transporte terrestre,50.61,2024-11-25,True
E0010576,T003446,Ajuste de reembolso,-11.09,2024-12-05,False
E0010577,T003447,Alimentação,186.74,2024-01-14,True
E0010578,T003447,Transporte terrestre,303.3,2024-01-14,True
E0010579,T003447,Ajuste de reembolso,-18.53,2024-01-23,False
E0010580,T003448,Alimentação,262.05,2024-09-18,True
E0010581,T003448,Transporte terrestre,223.75,2024-09-18,True
E0010582,T003448,Ajuste de reembolso,8.18,2024-10-06,False
E0010583,T003449,Alimentação,227.05,2025-12-18,True
E0010584,T003449,Transporte terrestre,180.16,2025-12-18,True
E0010585,T003449,Ajuste de reembolso,25.36,2025-12-31,False
E0010586,T003450,Alimentação,362.2,2025-11-08,True
E0010587,T003450,Transporte terrestre,165.75,2025-11-08,True
E0010588,T003450,Outros,78.24,2025-11-08,True
E0010589,T003450,Ajuste de reembolso,-22.08,2025-11-19,False
E0010590,T003451,Alimentação,681.45,2025-11-27,True
E0010591,T003451,Transporte terrestre,405.03,2025-11-27,True
E0010592,T003451,Ajuste de reembolso,41.77,2025-12-14,False
E0010593,T003452,Alimentação,599.94,2025-06-09,True
E0010594,T003452,Transporte terrestre,287.42,2025-06-09,True
E0010595,T003452,Ajuste de reembolso,9.86,2025-06-25,False
E0010596,T003453,Alimentação,230.82,2025-08-27,True
E0010597,T003453,Transporte terrestre,214.98,2025-08-27,True
E0010598,T003453,Ajuste de reembolso,34.1,2025-09-06,False
E0010599,T003454,Alimentação,508.07,2025-06-08,True
E0010600,T003454,Transporte terrestre,528.4,2025-06-08,True
E0010601,T003454,Pedágio,232.2,2025-06-08,True
E0010602,T003454,Ajuste de reembolso,-18.73,2025-06-20,False
E0010603,T003455,Alimentação,372.57,2024-03-01,True
E0010604,T003455,Transporte terrestre,445.11,2024-03-01,True
E0010605,T003455,Ajuste de reembolso,-17.97,2024-03-06,False
E0010606,T003456,Alimentação,296.01,2025-03-24,True
E0010607,T003456,Transporte terrestre,204.29,2025-03-24,True
E0010608,T003456,Taxa,79.39,2025-03-24,True
E0010609,T003456,Ajuste de reembolso,-12.86,2025-04-05,False
E0010610,T003457,Alimentação,164.95,2025-01-06,True
E0010611,T003457,Transporte terrestre,394.21,2025-01-06,True
E0010612,T003457,Taxa,186.22,2025-01-06,True
E0010613,T003457,Ajuste de reembolso,-1.19,2025-01-10,False
E0010614,T003458,Alimentação,355.82,2025-11-06,True
E0010615,T003458,Transporte terrestre,185.77,2025-11-06,True
E0010616,T003458,Ajuste de reembolso,3.06,2025-11-26,False
E0010617,T003459,Alimentação,452.88,2025-05-14,True
E0010618,T003459,Transporte terrestre,226.63,2025-05-14,True
E0010619,T003459,Ajuste de reembolso,33.72,2025-06-05,False
E0010620,T003460,Alimentação,390.05,2024-02-19,True
E0010621,T003460,Transporte terrestre,386.62,2024-02-19,True
E0010622,T003460,Ajuste de reembolso,-3.83,2024-02-25,False
E0010623,T003461,Alimentação,74.03,2025-06-08,True
E0010624,T003461,Transporte terrestre,50.6,2025-06-08,True
E0010625,T003461,Ajuste de reembolso,-5.72,2025-06-21,False
E0010626,T003462,Alimentação,323.94,2024-12-31,True
E0010627,T003462,Transporte terrestre,258.94,2024-12-31,True
E0010628,T003462,Ajuste de reembolso,17.66,2025-01-20,False
E0010629,T003463,Alimentação,252.07,2024-09-25,True
E0010630,T003463,Transporte terrestre,133.76,2024-09-25,True
E0010631,T003463,Ajuste de reembolso,29.95,2024-10-03,False
E0010632,T003464,Alimentação,491.54,2025-05-26,True
E0010633,T003464,Transporte terrestre,192.17,2025-05-26,True
E0010634,T003464,Ajuste de reembolso,9.65,2025-06-03,False
E0010635,T003465,Alimentação,268.73,2024-11-19,True
E0010636,T003465,Transporte terrestre,135.38,2024-11-19,True
E0010637,T003465,Ajuste de reembolso,23.68,2024-12-04,False
E0010638,T003466,Alimentação,168.62,2025-09-03,True
E0010639,T003466,Transporte terrestre,258.39,2025-09-03,True
E0010640,T003466,Ajuste de reembolso,16.08,2025-09-15,False
E0010641,T003467,Alimentação,80.89,2025-11-13,True
E0010642,T003467,Transporte terrestre,137.37,2025-11-13,True
E0010643,T003467,Ajuste de reembolso,-1.59,2025-11-22,False
E0010644,T003468,Alimentação,284.34,2024-01-06,True
E0010645,T003468,Transporte terrestre,147.43,2024-01-06,True
E0010646,T003468,Ajuste de reembolso,28.06,2024-01-11,False
E0010647,T003469,Alimentação,213.54,2025-04-12,True
E0010648,T003469,Transporte terrestre,117.79,2025-04-12,True
E0010649,T003469,Outros,81.79,2025-04-12,True
E0010650,T003469,Ajuste de reembolso,-12.06,2025-04-14,False
E0010651,T003470,Alimentação,123.24,2024-10-04,True
E0010652,T003470,Transporte terrestre,55.77,2024-10-04,True
E0010653,T003470,Ajuste de reembolso,22.27,2024-10-11,False
E0010654,T003471,Alimentação,201.18,2025-08-11,True
E0010655,T003471,Transporte terrestre,123.17,2025-08-11,True
E0010656,T003471,Ajuste de reembolso,18.71,2025-08-29,False
E0010657,T003472,Alimentação,172.58,2024-09-22,True
E0010658,T003472,Transporte terrestre,131.24,2024-09-22,True
E0010659,T003472,Ajuste de reembolso,4.34,2024-10-05,False
E0010660,T003473,Alimentação,276.98,2025-03-24,True
E0010661,T003473,Transporte terrestre,221.91,2025-03-24,True
E0010662,T003473,Ajuste de reembolso,6.03,2025-04-03,False
E0010663,T003474,Alimentação,222.59,2024-11-17,True
E0010664,T003474,Transporte terrestre,102.93,2024-11-17,True
E0010665,T003474,Ajuste de reembolso,-8.2,2024-11-19,False
E0010666,T003475,Alimentação,143.6,2025-12-21,True
E0010667,T003475,Transporte terrestre,187.76,2025-12-21,True
E0010668,T003475,Ajuste de reembolso,-20.76,2025-12-30,False
E0010669,T003476,Alimentação,380.97,2024-08-18,True
E0010670,T003476,Transporte terrestre,289.75,2024-08-18,True
E0010671,T003476,Ajuste de reembolso,-4.38,2024-09-01,False
E0010672,T003477,Alimentação,147.88,2024-06-12,True
E0010673,T003477,Transporte terrestre,209.35,2024-06-12,True
E0010674,T003477,Ajuste de reembolso,26.63,2024-06-16,False
E0010675,T003478,Alimentação,462.29,2025-12-03,True
E0010676,T003478,Transporte terrestre,248.98,2025-12-03,True
E0010677,T003478,Ajuste de reembolso,-3.86,2025-12-20,False
E0010678,T003479,Alimentação,148.67,2024-10-18,True
E0010679,T003479,Transporte terrestre,102.25,2024-10-18,True
E0010680,T003479,Ajuste de reembolso,-7.39,2024-10-20,False
E0010681,T003480,Alimentação,451.42,2024-04-09,True
E0010682,T003480,Transporte terrestre,369.22,2024-04-09,True
E0010683,T003480,Ajuste de reembolso,15.41,2024-04-23,False
E0010684,T003482,Alimentação,475.6,2024-11-01,True
E0010685,T003482,Transporte terrestre,469.83,2024-11-01,True
E0010686,T003482,Ajuste de reembolso,-16.69,2024-11-14,False
E0010687,T003483,Alimentação,268.96,2025-01-06,True
E0010688,T003483,Transporte terrestre,174.37,2025-01-06,True
E0010689,T003483,Outros,57.02,2025-01-06,True
E0010690,T003483,Ajuste de reembolso,-20.04,2025-01-08,False
E0010691,T003484,Alimentação,421.53,2024-05-09,True
E0010692,T003484,Transporte terrestre,332.73,2024-05-09,True
E0010693,T003484,Ajuste de reembolso,30.09,2024-05-18,False
E0010694,T003486,Alimentação,287.81,2024-10-14,True
E0010695,T003486,Transporte terrestre,215.39,2024-10-14,True
E0010696,T003486,Ajuste de reembolso,-13.78,2024-10-26,False
E0010697,T003487,Alimentação,226.38,2025-11-02,True
E0010698,T003487,Transporte terrestre,298.82,2025-11-02,True
E0010699,T003487,Ajuste de reembolso,-19.37,2025-11-12,False
E0010700,T003488,Alimentação,109.28,2025-09-19,True
E0010701,T003488,Transporte terrestre,103.81,2025-09-19,True
E0010702,T003488,Ajuste de reembolso,-18.13,2025-09-21,False
E0010703,T003489,Alimentação,398.39,2025-01-04,True
E0010704,T003489,Transporte terrestre,331.51,2025-01-04,True
E0010705,T003489,Ajuste de reembolso,18.3,2025-01-13,False
E0010706,T003490,Alimentação,94.74,2025-09-03,True
E0010707,T003490,Transporte terrestre,54.35,2025-09-03,True
E0010708,T003490,Ajuste de reembolso,42.69,2025-09-09,False
E0010709,T003491,Alimentação,560.12,2025-01-21,True
E0010710,T003491,Transporte terrestre,430.77,2025-01-21,True
E0010711,T003491,Ajuste de reembolso,15.59,2025-01-26,False
E0010712,T003492,Alimentação,161.93,2024-04-22,True
E0010713,T003492,Transporte terrestre,84.57,2024-04-22,True
E0010714,T003492,Ajuste de reembolso,21.12,2024-05-04,False
E0010715,T003493,Alimentação,508.24,2025-06-30,True
E0010716,T003493,Transporte terrestre,215.79,2025-06-30,True
E0010717,T003493,Ajuste de reembolso,43.54,2025-07-05,False
E0010718,T003494,Alimentação,232.05,2024-11-21,True
E0010719,T003494,Transporte terrestre,158.68,2024-11-21,True
E0010720,T003494,Outros,183.31,2024-11-21,True
E0010721,T003494,Ajuste de reembolso,11.49,2024-12-05,False
E0010722,T003495,Alimentação,193.08,2024-08-17,True
E0010723,T003495,Transporte terrestre,127.6,2024-08-17,True
E0010724,T003495,Ajuste de reembolso,38.55,2024-09-03,False
E0010725,T003496,Alimentação,230.9,2025-02-13,True
E0010726,T003496,Transporte terrestre,215.55,2025-02-13,True
E0010727,T003496,Taxa,151.89,2025-02-13,True
E0010728,T003496,Ajuste de reembolso,7.17,2025-02-19,False
E0010729,T003497,Alimentação,101.56,2025-08-16,True
E0010730,T003497,Transporte terrestre,152.39,2025-08-16,True
E0010731,T003497,Ajuste de reembolso,27.02,2025-08-30,False
E0010732,T003498,Alimentação,434.18,2025-06-22,True
E0010733,T003498,Transporte terrestre,269.76,2025-06-22,True
E0010734,T003498,Ajuste de reembolso,20.87,2025-07-01,False
E0010735,T003499,Alimentação,351.21,2024-09-06,True
E0010736,T003499,Transporte terrestre,413.14,2024-09-06,True
E0010737,T003499,Outros,268.09,2024-09-06,True
E0010738,T003499,Ajuste de reembolso,0.85,2024-09-26,False
E0010739,T003500,Alimentação,473.57,2024-04-05,True
E0010740,T003500,Transporte terrestre,240.88,2024-04-05,True
E0010741,T003500,Ajuste de reembolso,-0.07,2024-04-16,False
E0010742,T003501,Alimentação,117.28,2024-11-19,True
E0010743,T003501,Transporte terrestre,55.6,2024-11-19,True
E0010744,T003501,Pedágio,223.36,2024-11-19,True
E0010745,T003501,Ajuste de reembolso,-11.98,2024-12-08,False
E0010746,T003502,Alimentação,73.32,2024-04-09,True
E0010747,T003502,Transporte terrestre,69.02,2024-04-09,True
E0010748,T003502,Ajuste de reembolso,25.36,2024-05-01,False
E0010749,T003503,Alimentação,213.95,2025-06-17,True
E0010750,T003503,Transporte terrestre,248.04,2025-06-17,True
E0010751,T003503,Ajuste de reembolso,-18.04,2025-06-28,False
E0010752,T003504,Alimentação,136.64,2025-04-08,True
E0010753,T003504,Transporte terrestre,105.35,2025-04-08,True
E0010754,T003504,Ajuste de reembolso,-20.48,2025-04-17,False
E0010755,T003505,Alimentação,418.74,2024-10-16,True
E0010756,T003505,Transporte terrestre,135.47,2024-10-16,True
E0010757,T003505,Pedágio,56.39,2024-10-16,True
E0010758,T003505,Ajuste de reembolso,11.88,2024-10-29,False
E0010759,T003506,Alimentação,334.68,2025-07-25,True
E0010760,T003506,Transporte terrestre,212.38,2025-07-25,True
E0010761,T003506,Ajuste de reembolso,6.86,2025-08-10,False
E0010762,T003507,Alimentação,111.75,2024-11-03,True
E0010763,T003507,Transporte terrestre,76.57,2024-11-03,True
E0010764,T003507,Ajuste de reembolso,22.86,2024-11-10,False
E0010765,T003508,Alimentação,223.42,2025-01-03,True
E0010766,T003508,Transporte terrestre,48.0,2025-01-03,True
E0010767,T003508,Taxa,217.44,2025-01-03,True
E0010768,T003508,Ajuste de reembolso,-18.83,2025-01-12,False
E0010769,T003509,Alimentação,89.62,2024-06-10,True
E0010770,T003509,Transporte terrestre,152.42,2024-06-10,True
E0010771,T003509,Ajuste de reembolso,26.74,2024-06-17,False
E0010772,T003510,Alimentação,420.31,2024-01-18,True
E0010773,T003510,Transporte terrestre,294.7,2024-01-18,True
E0010774,T003510,Outros,141.27,2024-01-18,True
E0010775,T003510,Ajuste de reembolso,26.47,2024-01-21,False
E0010776,T003511,Alimentação,239.3,2025-09-14,True
E0010777,T003511,Transporte terrestre,401.12,2025-09-14,True
E0010778,T003511,Ajuste de reembolso,37.81,2025-09-26,False
E0010779,T003512,Alimentação,244.37,2024-10-17,True
E0010780,T003512,Transporte terrestre,139.45,2024-10-17,True
E0010781,T003512,Ajuste de reembolso,2.72,2024-10-29,False
E0010782,T003513,Alimentação,287.46,2025-03-22,True
E0010783,T003513,Transporte terrestre,185.11,2025-03-22,True
E0010784,T003513,Ajuste de reembolso,-18.76,2025-03-28,False
E0010785,T003514,Alimentação,192.15,2025-03-08,True
E0010786,T003514,Transporte terrestre,307.56,2025-03-08,True
E0010787,T003514,Ajuste de reembolso,-10.29,2025-03-14,False
E0010788,T003515,Alimentação,488.06,2024-04-30,True
E0010789,T003515,Transporte terrestre,358.11,2024-04-30,True
E0010790,T003515,Ajuste de reembolso,31.01,2024-05-12,False
E0010791,T003516,Alimentação,373.13,2024-08-03,True
E0010792,T003516,Transporte terrestre,308.23,2024-08-03,True
E0010793,T003516,Ajuste de reembolso,-8.6,2024-08-22,False
E0010794,T003517,Alimentação,150.54,2025-08-03,True
E0010795,T003517,Transporte terrestre,99.32,2025-08-03,True
E0010796,T003517,Ajuste de reembolso,10.61,2025-08-09,False
E0010797,T003518,Alimentação,163.36,2025-06-28,True
E0010798,T003518,Transporte terrestre,202.23,2025-06-28,True
E0010799,T003518,Ajuste de reembolso,19.38,2025-07-05,False
E0010800,T003519,Alimentação,178.56,2025-02-09,True
E0010801,T003519,Transporte terrestre,214.57,2025-02-09,True
E0010802,T003519,Pedágio,254.14,2025-02-09,True
E0010803,T003519,Ajuste de reembolso,21.68,2025-02-18,False
E0010804,T003520,Alimentação,47.59,2025-03-16,True
E0010805,T003520,Transporte terrestre,73.34,2025-03-16,True
E0010806,T003520,Ajuste de reembolso,34.87,2025-03-18,False
E0010807,T003521,Alimentação,605.91,2024-11-08,True
E0010808,T003521,Transporte terrestre,521.1,2024-11-08,True
E0010809,T003521,Ajuste de reembolso,9.56,2024-11-13,False
E0010810,T003522,Alimentação,295.21,2024-11-01,True
E0010811,T003522,Transporte terrestre,405.83,2024-11-01,True
E0010812,T003522,Ajuste de reembolso,11.08,2024-11-13,False
E0010813,T003523,Alimentação,190.92,2024-10-10,True
E0010814,T003523,Transporte terrestre,131.69,2024-10-10,True
E0010815,T003523,Ajuste de reembolso,-14.81,2024-10-19,False
E0010816,T003524,Alimentação,198.24,2024-10-28,True
E0010817,T003524,Transporte terrestre,189.32,2024-10-28,True
E0010818,T003524,Ajuste de reembolso,16.6,2024-11-02,False
E0010819,T003525,Alimentação,698.29,2025-05-22,True
E0010820,T003525,Transporte terrestre,404.04,2025-05-22,True
E0010821,T003525,Ajuste de reembolso,-3.5,2025-06-02,False
E0010822,T003526,Alimentação,125.17,2025-07-20,True
E0010823,T003526,Transporte terrestre,221.84,2025-07-20,True
E0010824,T003526,Ajuste de reembolso,-18.07,2025-07-30,False
E0010825,T003527,Alimentação,229.18,2024-01-25,True
E0010826,T003527,Transporte terrestre,126.74,2024-01-25,True
E0010827,T003527,Ajuste de reembolso,2.19,2024-02-06,False
E0010828,T003528,Alimentação,309.45,2024-11-21,True
E0010829,T003528,Transporte terrestre,126.83,2024-11-21,True
E0010830,T003528,Ajuste de reembolso,32.6,2024-12-02,False
E0010831,T003529,Alimentação,250.79,2024-11-07,True
E0010832,T003529,Transporte terrestre,145.01,2024-11-07,True
E0010833,T003529,Ajuste de reembolso,-11.99,2024-11-15,False
E0010834,T003530,Alimentação,776.75,2025-10-09,True
E0010835,T003530,Transporte terrestre,325.39,2025-10-09,True
E0010836,T003530,Ajuste de reembolso,-22.12,2025-10-17,False
E0010837,T003531,Alimentação,376.69,2024-08-10,True
E0010838,T003531,Transporte terrestre,246.84,2024-08-10,True
E0010839,T003531,Estacionamento,94.45,2024-08-10,True
E0010840,T003531,Ajuste de reembolso,36.93,2024-08-19,False
E0010841,T003532,Alimentação,178.85,2024-07-01,True
E0010842,T003532,Transporte terrestre,126.18,2024-07-01,True
E0010843,T003532,Outros,173.72,2024-07-01,True
E0010844,T003532,Ajuste de reembolso,11.97,2024-07-13,False
E0010845,T003533,Alimentação,289.66,2025-04-16,True
E0010846,T003533,Transporte terrestre,213.04,2025-04-16,True
E0010847,T003533,Ajuste de reembolso,-23.68,2025-04-22,False
E0010848,T003534,Alimentação,399.97,2025-02-02,True
E0010849,T003534,Transporte terrestre,181.22,2025-02-02,True
E0010850,T003534,Ajuste de reembolso,14.23,2025-02-13,False
E0010851,T003535,Alimentação,176.09,2024-10-03,True
E0010852,T003535,Transporte terrestre,192.21,2024-10-03,True
E0010853,T003535,Ajuste de reembolso,40.5,2024-10-10,False
E0010854,T003536,Alimentação,169.38,2025-07-02,True
E0010855,T003536,Transporte terrestre,124.37,2025-07-02,True
E0010856,T003536,Ajuste de reembolso,6.28,2025-07-09,False
E0010857,T003537,Alimentação,61.03,2024-12-15,True
E0010858,T003537,Transporte terrestre,84.97,2024-12-15,True
E0010859,T003537,Ajuste de reembolso,-13.07,2024-12-19,False
E0010860,T003538,Alimentação,46.18,2024-03-20,True
E0010861,T003538,Transporte terrestre,48.64,2024-03-20,True
E0010862,T003538,Ajuste de reembolso,39.99,2024-04-05,False
E0010863,T003539,Alimentação,634.43,2024-01-03,True
E0010864,T003539,Transporte terrestre,416.12,2024-01-03,True
E0010865,T003539,Pedágio,240.45,2024-01-03,True
E0010866,T003539,Ajuste de reembolso,7.86,2024-01-19,False
E0010867,T003540,Alimentação,157.79,2024-03-26,True
E0010868,T003540,Transporte terrestre,72.02,2024-03-26,True
E0010869,T003540,Ajuste de reembolso,19.97,2024-04-14,False
E0010870,T003541,Alimentação,241.84,2025-06-09,True
E0010871,T003541,Transporte terrestre,184.16,2025-06-09,True
E0010872,T003541,Ajuste de reembolso,31.76,2025-06-22,False
E0010873,T003542,Alimentação,150.25,2024-03-11,True
E0010874,T003542,Transporte terrestre,159.64,2024-03-11,True
E0010875,T003542,Ajuste de reembolso,-5.2,2024-03-24,False
E0010876,T003543,Alimentação,193.27,2025-10-11,True
E0010877,T003543,Transporte terrestre,196.76,2025-10-11,True
E0010878,T003543,Ajuste de reembolso,44.64,2025-10-20,False
E0010879,T003544,Alimentação,840.58,2024-11-17,True
E0010880,T003544,Transporte terrestre,342.72,2024-11-17,True
E0010881,T003544,Ajuste de reembolso,-14.75,2024-11-23,False
E0010882,T003545,Alimentação,98.51,2025-06-28,True
E0010883,T003545,Transporte terrestre,76.01,2025-06-28,True
E0010884,T003545,Ajuste de reembolso,22.3,2025-07-06,False
E0010885,T003546,Alimentação,104.85,2025-05-09,True
E0010886,T003546,Transporte terrestre,41.43,2025-05-09,True
E0010887,T003546,Ajuste de reembolso,20.82,2025-05-22,False
E0010888,T003547,Alimentação,533.85,2025-05-20,True
E0010889,T003547,Transporte terrestre,323.73,2025-05-20,True
E0010890,T003547,Ajuste de reembolso,37.05,2025-06-05,False
E0010891,T003548,Alimentação,640.89,2025-09-04,True
E0010892,T003548,Transporte terrestre,545.78,2025-09-04,True
E0010893,T003548,Ajuste de reembolso,-0.4,2025-09-12,False
E0010894,T003549,Alimentação,496.21,2024-07-01,True
E0010895,T003549,Transporte terrestre,320.34,2024-07-01,True
E0010896,T003549,Ajuste de reembolso,38.43,2024-07-18,False
E0010897,T003550,Alimentação,715.21,2024-03-01,True
E0010898,T003550,Transporte terrestre,337.35,2024-03-01,True
E0010899,T003550,Ajuste de reembolso,9.22,2024-03-13,False
E0010900,T003551,Alimentação,116.5,2024-11-17,True
E0010901,T003551,Transporte terrestre,70.09,2024-11-17,True
E0010902,T003551,Ajuste de reembolso,-15.38,2024-11-24,False
E0010903,T003552,Alimentação,299.07,2024-10-12,True
E0010904,T003552,Transporte terrestre,172.44,2024-10-12,True
E0010905,T003552,Ajuste de reembolso,10.17,2024-10-21,False
E0010906,T003553,Alimentação,256.82,2025-10-20,True
E0010907,T003553,Transporte terrestre,138.74,2025-10-20,True
E0010908,T003553,Ajuste de reembolso,6.41,2025-10-29,False
E0010909,T003554,Alimentação,147.86,2025-10-11,True
E0010910,T003554,Transporte terrestre,193.05,2025-10-11,True
E0010911,T003554,Ajuste de reembolso,-23.36,2025-10-17,False
E0010912,T003555,Alimentação,323.64,2024-04-03,True
E0010913,T003555,Transporte terrestre,131.81,2024-04-03,True
E0010914,T003555,Ajuste de reembolso,6.21,2024-04-17,False
E0010915,T003556,Alimentação,254.55,2025-11-05,True
E0010916,T003556,Transporte terrestre,414.7,2025-11-05,True
E0010917,T003556,Ajuste de reembolso,-22.28,2025-11-09,False
E0010918,T003557,Alimentação,455.81,2024-04-25,True
E0010919,T003557,Transporte terrestre,211.69,2024-04-25,True
E0010920,T003557,Ajuste de reembolso,-17.74,2024-05-15,False
E0010921,T003558,Alimentação,468.92,2024-03-11,True
E0010922,T003558,Transporte terrestre,234.08,2024-03-11,True
E0010923,T003558,Outros,171.34,2024-03-11,True
E0010924,T003558,Ajuste de reembolso,23.95,2024-03-18,False
E0010925,T003559,Alimentação,191.02,2025-10-19,True
E0010926,T003559,Transporte terrestre,182.89,2025-10-19,True
E0010927,T003559,Ajuste de reembolso,13.8,2025-10-27,False
E0010928,T003560,Alimentação,431.65,2025-06-13,True
E0010929,T003560,Transporte terrestre,217.35,2025-06-13,True
E0010930,T003560,Ajuste de reembolso,-19.42,2025-06-23,False
E0010931,T003561,Alimentação,65.07,2025-06-24,True
E0010932,T003561,Transporte terrestre,105.24,2025-06-24,True
E0010933,T003561,Ajuste de reembolso,20.74,2025-07-05,False
E0010934,T003562,Alimentação,462.85,2025-08-26,True
E0010935,T003562,Transporte terrestre,193.36,2025-08-26,True
E0010936,T003562,Ajuste de reembolso,-16.05,2025-09-04,False
E0010937,T003563,Alimentação,430.09,2024-10-30,True
E0010938,T003563,Transporte terrestre,320.84,2024-10-30,True
E0010939,T003563,Ajuste de reembolso,41.5,2024-11-13,False
E0010940,T003564,Alimentação,160.84,2025-05-18,True
E0010941,T003564,Transporte terrestre,109.94,2025-05-18,True
E0010942,T003564,Ajuste de reembolso,-23.63,2025-05-31,False
E0010943,T003565,Alimentação,374.39,2025-09-19,True
E0010944,T003565,Transporte terrestre,146.28,2025-09-19,True
E0010945,T003565,Ajuste de reembolso,36.13,2025-09-29,False
E0010946,T003566,Alimentação,269.96,2024-10-11,True
E0010947,T003566,Transporte terrestre,140.95,2024-10-11,True
E0010948,T003566,Ajuste de reembolso,15.8,2024-11-01,False
E0010949,T003567,Alimentação,418.1,2024-03-27,True
E0010950,T003567,Transporte terrestre,153.3,2024-03-27,True
E0010951,T003567,Ajuste de reembolso,13.78,2024-03-30,False
E0010952,T003568,Alimentação,95.64,2024-02-28,True
E0010953,T003568,Transporte terrestre,64.96,2024-02-28,True
E0010954,T003568,Ajuste de reembolso,-2.17,2024-03-11,False
E0010955,T003569,Alimentação,110.14,2025-03-26,True
E0010956,T003569,Transporte terrestre,91.62,2025-03-26,True
E0010957,T003569,Pedágio,108.72,2025-03-26,True
E0010958,T003569,Ajuste de reembolso,44.07,2025-04-14,False
E0010959,T003570,Alimentação,361.44,2025-07-27,True
E0010960,T003570,Transporte terrestre,129.85,2025-07-27,True
E0010961,T003570,Ajuste de reembolso,-17.41,2025-08-01,False
E0010962,T003571,Alimentação,314.13,2025-01-11,True
E0010963,T003571,Transporte terrestre,378.62,2025-01-11,True
E0010964,T003571,Ajuste de reembolso,-15.66,2025-01-22,False
E0010965,T003572,Alimentação,201.24,2024-12-13,True
E0010966,T003572,Transporte terrestre,109.94,2024-12-13,True
E0010967,T003572,Ajuste de reembolso,-17.59,2024-12-30,False
E0010968,T003573,Alimentação,144.49,2025-04-23,True
E0010969,T003573,Transporte terrestre,112.4,2025-04-23,True
E0010970,T003573,Ajuste de reembolso,44.74,2025-04-29,False
E0010971,T003574,Alimentação,205.17,2025-11-09,True
E0010972,T003574,Transporte terrestre,149.84,2025-11-09,True
E0010973,T003574,Ajuste de reembolso,4.46,2025-11-17,False
E0010974,T003576,Alimentação,278.72,2024-11-18,True
E0010975,T003576,Transporte terrestre,210.94,2024-11-18,True
E0010976,T003576,Ajuste de reembolso,19.73,2024-11-30,False
E0010977,T003577,Alimentação,523.23,2025-06-12,True
E0010978,T003577,Transporte terrestre,242.48,2025-06-12,True
E0010979,T003577,Ajuste de reembolso,17.28,2025-06-25,False
E0010980,T003578,Alimentação,127.03,2025-08-20,True
E0010981,T003578,Transporte terrestre,46.72,2025-08-20,True
E0010982,T003578,Pedágio,250.75,2025-08-20,True
E0010983,T003578,Ajuste de reembolso,40.61,2025-09-05,False
E0010984,T003579,Alimentação,216.27,2025-12-09,True
E0010985,T003579,Transporte terrestre,145.91,2025-12-09,True
E0010986,T003579,Ajuste de reembolso,31.22,2025-12-19,False
E0010987,T003580,Alimentação,109.62,2025-09-14,True
E0010988,T003580,Transporte terrestre,176.6,2025-09-14,True
E0010989,T003580,Ajuste de reembolso,-18.24,2025-09-26,False
E0010990,T003581,Alimentação,571.06,2025-04-18,True
E0010991,T003581,Transporte terrestre,229.18,2025-04-18,True
E0010992,T003581,Ajuste de reembolso,-21.31,2025-05-02,False
E0010993,T003582,Alimentação,444.7,2025-09-26,True
E0010994,T003582,Transporte terrestre,198.59,2025-09-26,True
E0010995,T003582,Ajuste de reembolso,17.26,2025-10-05,False
E0010996,T003583,Alimentação,496.12,2024-12-23,True
E0010997,T003583,Transporte terrestre,189.45,2024-12-23,True
E0010998,T003583,Taxa,191.34,2024-12-23,True
E0010999,T003583,Ajuste de reembolso,16.94,2025-01-06,False
E0011000,T003584,Alimentação,383.85,2024-06-14,True
E0011001,T003584,Transporte terrestre,262.57,2024-06-14,True
E0011002,T003584,Ajuste de reembolso,39.01,2024-06-29,False
E0011003,T003585,Alimentação,268.07,2025-12-21,True
E0011004,T003585,Transporte terrestre,97.26,2025-12-21,True
E0011005,T003585,Ajuste de reembolso,28.51,2025-12-28,False
E0011006,T003586,Alimentação,887.23,2024-06-03,True
E0011007,T003586,Transporte terrestre,398.93,2024-06-03,True
E0011008,T003586,Ajuste de reembolso,-12.83,2024-06-10,False
E0011009,T003587,Alimentação,102.24,2025-08-16,True
E0011010,T003587,Transporte terrestre,214.56,2025-08-16,True
E0011011,T003587,Ajuste de reembolso,-23.47,2025-08-31,False
E0011012,T003588,Alimentação,267.27,2024-10-11,True
E0011013,T003588,Transporte terrestre,314.13,2024-10-11,True
E0011014,T003588,Ajuste de reembolso,-24.42,2024-10-15,False
E0011015,T003589,Alimentação,196.34,2024-04-07,True
E0011016,T003589,Transporte terrestre,154.45,2024-04-07,True
E0011017,T003589,Ajuste de reembolso,20.27,2024-04-09,False
E0011018,T003590,Alimentação,62.32,2025-02-04,True
E0011019,T003590,Transporte terrestre,70.44,2025-02-04,True
E0011020,T003590,Pedágio,93.0,2025-02-04,True
E0011021,T003590,Ajuste de reembolso,34.7,2025-02-13,False
E0011022,T003591,Alimentação,387.97,2025-09-12,True
E0011023,T003591,Transporte terrestre,193.97,2025-09-12,True
E0011024,T003591,Ajuste de reembolso,16.84,2025-09-17,False
E0011025,T003592,Alimentação,601.39,2024-11-25,True
E0011026,T003592,Transporte terrestre,249.83,2024-11-25,True
E0011027,T003592,Ajuste de reembolso,31.71,2024-12-12,False
E0011028,T003593,Alimentação,477.77,2025-04-24,True
E0011029,T003593,Transporte terrestre,319.86,2025-04-24,True
E0011030,T003593,Ajuste de reembolso,-22.86,2025-05-14,False
E0011031,T003595,Alimentação,412.53,2024-09-20,True
E0011032,T003595,Transporte terrestre,270.7,2024-09-20,True
E0011033,T003595,Ajuste de reembolso,9.85,2024-10-04,False
E0011034,T003596,Alimentação,357.67,2024-08-10,True
E0011035,T003596,Transporte terrestre,356.93,2024-08-10,True
E0011036,T003596,Ajuste de reembolso,13.12,2024-08-21,False
E0011037,T003597,Alimentação,269.24,2025-12-22,True
E0011038,T003597,Transporte terrestre,104.7,2025-12-22,True
E0011039,T003597,Ajuste de reembolso,31.74,2025-12-26,False
E0011040,T003598,Alimentação,628.03,2024-09-12,True
E0011041,T003598,Transporte terrestre,210.51,2024-09-12,True
E0011042,T003598,Ajuste de reembolso,-10.46,2024-09-17,False
E0011043,T003599,Alimentação,134.73,2025-09-26,True
E0011044,T003599,Transporte terrestre,143.72,2025-09-26,True
E0011045,T003599,Ajuste de reembolso,-0.76,2025-10-03,False
E0011046,T003600,Alimentação,266.99,2024-01-05,True
E0011047,T003600,Transporte terrestre,200.59,2024-01-05,True
E0011048,T003600,Ajuste de reembolso,6.52,2024-01-11,False
E0011049,T003601,Alimentação,416.77,2024-08-23,True
E0011050,T003601,Transporte terrestre,148.29,2024-08-23,True
E0011051,T003601,Pedágio,87.25,2024-08-23,True
E0011052,T003601,Ajuste de reembolso,-22.3,2024-09-08,False
E0011053,T003602,Alimentação,107.08,2024-09-14,True
E0011054,T003602,Transporte terrestre,107.06,2024-09-14,True
E0011055,T003602,Estacionamento,77.11,2024-09-14,True
E0011056,T003602,Ajuste de reembolso,10.29,2024-09-26,False
E0011057,T003603,Alimentação,267.85,2025-08-14,True
E0011058,T003603,Transporte terrestre,193.18,2025-08-14,True
E0011059,T003603,Ajuste de reembolso,-5.37,2025-08-30,False
E0011060,T003604,Alimentação,174.71,2024-12-11,True
E0011061,T003604,Transporte terrestre,121.41,2024-12-11,True
E0011062,T003604,Ajuste de reembolso,2.81,2024-12-25,False
E0011063,T003605,Alimentação,604.76,2024-01-12,True
E0011064,T003605,Transporte terrestre,320.51,2024-01-12,True
E0011065,T003605,Taxa,209.42,2024-01-12,True
E0011066,T003605,Ajuste de reembolso,-14.39,2024-01-22,False
E0011067,T003606,Alimentação,140.14,2025-01-26,True
E0011068,T003606,Transporte terrestre,206.78,2025-01-26,True
E0011069,T003606,Outros,189.39,2025-01-26,True
E0011070,T003606,Ajuste de reembolso,-5.53,2025-02-02,False
E0011071,T003607,Alimentação,382.15,2024-06-21,True
E0011072,T003607,Transporte terrestre,180.03,2024-06-21,True
E0011073,T003607,Ajuste de reembolso,-8.17,2024-06-29,False
E0011074,T003608,Alimentação,643.02,2024-12-26,True
E0011075,T003608,Transporte terrestre,370.23,2024-12-26,True
E0011076,T003608,Estacionamento,255.79,2024-12-26,True
E0011077,T003608,Ajuste de reembolso,14.0,2025-01-01,False
E0011078,T003609,Alimentação,279.89,2025-12-27,True
E0011079,T003609,Transporte terrestre,320.46,2025-12-27,True
E0011080,T003609,Ajuste de reembolso,-7.59,2026-01-11,False
E0011081,T003610,Alimentação,151.72,2024-07-17,True
E0011082,T003610,Transporte terrestre,126.61,2024-07-17,True
E0011083,T003610,Ajuste de reembolso,24.77,2024-07-22,False
E0011084,T003611,Alimentação,151.61,2025-01-02,True
E0011085,T003611,Transporte terrestre,155.36,2025-01-02,True
E0011086,T003611,Ajuste de reembolso,-6.59,2025-01-24,False
E0011087,T003612,Alimentação,505.69,2025-05-23,True
E0011088,T003612,Transporte terrestre,629.75,2025-05-23,True
E0011089,T003612,Ajuste de reembolso,27.31,2025-06-10,False
E0011090,T003613,Alimentação,582.22,2025-07-16,True
E0011091,T003613,Transporte terrestre,420.84,2025-07-16,True
E0011092,T003613,Ajuste de reembolso,11.9,2025-07-25,False
E0011093,T003614,Alimentação,565.1,2024-05-05,True
E0011094,T003614,Transporte terrestre,466.11,2024-05-05,True
E0011095,T003614,Ajuste de reembolso,-3.26,2024-05-15,False
E0011096,T003615,Alimentação,309.8,2025-06-11,True
E0011097,T003615,Transporte terrestre,315.6,2025-06-11,True
E0011098,T003615,Ajuste de reembolso,16.5,2025-06-22,False
E0011099,T003616,Alimentação,530.89,2025-11-05,True
E0011100,T003616,Transporte terrestre,200.38,2025-11-05,True
E0011101,T003616,Ajuste de reembolso,-8.42,2025-11-13,False
E0011102,T003617,Alimentação,369.6,2025-03-09,True
E0011103,T003617,Transporte terrestre,201.06,2025-03-09,True
E0011104,T003617,Ajuste de reembolso,12.94,2025-03-24,False
E0011105,T003618,Alimentação,205.95,2025-07-14,True
E0011106,T003618,Transporte terrestre,225.53,2025-07-14,True
E0011107,T003618,Ajuste de reembolso,34.22,2025-07-25,False
E0011108,T003619,Alimentação,62.88,2024-08-29,True
E0011109,T003619,Transporte terrestre,79.01,2024-08-29,True
E0011110,T003619,Ajuste de reembolso,37.61,2024-09-10,False
E0011111,T003620,Alimentação,143.35,2024-09-05,True
E0011112,T003620,Transporte terrestre,119.95,2024-09-05,True
E0011113,T003620,Estacionamento,89.3,2024-09-05,True
E0011114,T003620,Ajuste de reembolso,-9.07,2024-09-19,False
E0011115,T003621,Alimentação,415.84,2025-09-06,True
E0011116,T003621,Transporte terrestre,392.4,2025-09-06,True
E0011117,T003621,Outros,105.75,2025-09-06,True
E0011118,T003621,Ajuste de reembolso,41.37,2025-09-24,False
E0011119,T003622,Alimentação,586.19,2024-06-02,True
E0011120,T003622,Transporte terrestre,381.39,2024-06-02,True
E0011121,T003622,Ajuste de reembolso,31.83,2024-06-13,False
E0011122,T003623,Alimentação,361.55,2025-11-02,True
E0011123,T003623,Transporte terrestre,210.72,2025-11-02,True
E0011124,T003623,Ajuste de reembolso,36.26,2025-11-08,False
E0011125,T003624,Alimentação,278.07,2024-03-08,True
E0011126,T003624,Transporte terrestre,304.38,2024-03-08,True
E0011127,T003624,Ajuste de reembolso,33.69,2024-03-23,False
E0011128,T003625,Alimentação,204.41,2025-10-19,True
E0011129,T003625,Transporte terrestre,122.84,2025-10-19,True
E0011130,T003625,Outros,122.6,2025-10-19,True
E0011131,T003625,Ajuste de reembolso,34.71,2025-10-28,False
E0011132,T003626,Alimentação,277.83,2025-03-22,True
E0011133,T003626,Transporte terrestre,125.32,2025-03-22,True
E0011134,T003626,Pedágio,132.16,2025-03-22,True
E0011135,T003626,Ajuste de reembolso,-10.07,2025-03-29,False
E0011136,T003627,Alimentação,49.94,2024-11-15,True
E0011137,T003627,Transporte terrestre,41.55,2024-11-15,True
E0011138,T003627,Ajuste de reembolso,6.36,2024-12-05,False
E0011139,T003628,Alimentação,279.89,2024-08-05,True
E0011140,T003628,Transporte terrestre,424.86,2024-08-05,True
E0011141,T003628,Ajuste de reembolso,10.14,2024-08-16,False
E0011142,T003629,Alimentação,422.61,2025-01-14,True
E0011143,T003629,Transporte terrestre,213.18,2025-01-14,True
E0011144,T003629,Ajuste de reembolso,-10.75,2025-01-22,False
E0011145,T003630,Alimentação,180.66,2025-02-26,True
E0011146,T003630,Transporte terrestre,184.5,2025-02-26,True
E0011147,T003630,Ajuste de reembolso,-14.74,2025-03-03,False
E0011148,T003631,Alimentação,93.35,2025-06-26,True
E0011149,T003631,Transporte terrestre,52.28,2025-06-26,True
E0011150,T003631,Ajuste de reembolso,-13.56,2025-07-05,False
E0011151,T003633,Alimentação,200.19,2024-09-26,True
E0011152,T003633,Transporte terrestre,156.39,2024-09-26,True
E0011153,T003633,Ajuste de reembolso,37.96,2024-10-02,False
E0011154,T003634,Alimentação,220.72,2024-07-02,True
E0011155,T003634,Transporte terrestre,174.88,2024-07-02,True
E0011156,T003634,Ajuste de reembolso,15.41,2024-07-23,False
E0011157,T003635,Alimentação,263.47,2024-09-15,True
E0011158,T003635,Transporte terrestre,155.99,2024-09-15,True
E0011159,T003635,Ajuste de reembolso,44.06,2024-09-30,False
E0011160,T003636,Alimentação,354.25,2024-03-13,True
E0011161,T003636,Transporte terrestre,342.65,2024-03-13,True
E0011162,T003636,Outros,165.63,2024-03-13,True
E0011163,T003636,Ajuste de reembolso,25.9,2024-03-24,False
E0011164,T003637,Alimentação,343.98,2024-02-17,True
E0011165,T003637,Transporte terrestre,179.69,2024-02-17,True
E0011166,T003637,Ajuste de reembolso,-7.52,2024-02-25,False
E0011167,T003638,Alimentação,119.12,2024-05-30,True
E0011168,T003638,Transporte terrestre,134.99,2024-05-30,True
E0011169,T003638,Ajuste de reembolso,14.87,2024-06-13,False
E0011170,T003639,Alimentação,309.53,2024-02-19,True
E0011171,T003639,Transporte terrestre,256.71,2024-02-19,True
E0011172,T003639,Ajuste de reembolso,-6.15,2024-02-29,False
E0011173,T003640,Alimentação,954.55,2025-04-08,True
E0011174,T003640,Transporte terrestre,766.07,2025-04-08,True
E0011175,T003640,Ajuste de reembolso,35.84,2025-04-26,False
E0011176,T003641,Alimentação,82.35,2025-08-06,True
E0011177,T003641,Transporte terrestre,43.74,2025-08-06,True
E0011178,T003641,Ajuste de reembolso,39.82,2025-08-17,False
E0011179,T003642,Alimentação,457.11,2024-11-14,True
E0011180,T003642,Transporte terrestre,386.87,2024-11-14,True
E0011181,T003642,Pedágio,96.24,2024-11-14,True
E0011182,T003642,Ajuste de reembolso,21.43,2024-11-25,False
E0011183,T003643,Alimentação,1024.54,2025-01-08,True
E0011184,T003643,Transporte terrestre,630.16,2025-01-08,True
E0011185,T003643,Ajuste de reembolso,34.41,2025-02-05,False
E0011186,T003644,Alimentação,121.37,2025-10-15,True
E0011187,T003644,Transporte terrestre,55.4,2025-10-15,True
E0011188,T003644,Ajuste de reembolso,-3.26,2025-11-03,False
E0011189,T003645,Alimentação,406.92,2025-07-31,True
E0011190,T003645,Transporte terrestre,281.47,2025-07-31,True
E0011191,T003645,Estacionamento,223.52,2025-07-31,True
E0011192,T003645,Ajuste de reembolso,6.25,2025-08-04,False
E0011193,T003646,Alimentação,205.47,2025-10-24,True
E0011194,T003646,Transporte terrestre,141.45,2025-10-24,True
E0011195,T003646,Ajuste de reembolso,4.76,2025-10-27,False
E0011196,T003647,Alimentação,330.19,2024-03-27,True
E0011197,T003647,Transporte terrestre,293.21,2024-03-27,True
E0011198,T003647,Ajuste de reembolso,14.52,2024-04-14,False
E0011199,T003648,Alimentação,285.41,2025-10-18,True
E0011200,T003648,Transporte terrestre,317.84,2025-10-18,True
E0011201,T003648,Ajuste de reembolso,-1.37,2025-10-28,False
E0011202,T003649,Alimentação,280.8,2024-07-21,True
E0011203,T003649,Transporte terrestre,187.59,2024-07-21,True
E0011204,T003649,Ajuste de reembolso,12.72,2024-08-03,False
E0011205,T003650,Alimentação,357.14,2024-05-24,True
E0011206,T003650,Transporte terrestre,214.49,2024-05-24,True
E0011207,T003650,Ajuste de reembolso,-22.19,2024-06-09,False
E0011208,T003651,Alimentação,622.99,2024-01-06,True
E0011209,T003651,Transporte terrestre,291.72,2024-01-06,True
E0011210,T003651,Ajuste de reembolso,30.79,2024-01-17,False
E0011211,T003652,Alimentação,301.16,2025-01-21,True
E0011212,T003652,Transporte terrestre,128.51,2025-01-21,True
E0011213,T003652,Ajuste de reembolso,7.03,2025-02-05,False
E0011214,T003653,Alimentação,336.31,2024-08-23,True
E0011215,T003653,Transporte terrestre,238.46,2024-08-23,True
E0011216,T003653,Ajuste de reembolso,-13.36,2024-08-30,False
E0011217,T003654,Alimentação,738.71,2024-05-14,True
E0011218,T003654,Transporte terrestre,330.77,2024-05-14,True
E0011219,T003654,Ajuste de reembolso,42.74,2024-05-29,False
E0011220,T003655,Alimentação,81.94,2025-09-30,True
E0011221,T003655,Transporte terrestre,70.34,2025-09-30,True
E0011222,T003655,Ajuste de reembolso,30.3,2025-10-09,False
E0011223,T003656,Alimentação,210.29,2025-12-23,True
E0011224,T003656,Transporte terrestre,131.38,2025-12-23,True
E0011225,T003656,Ajuste de reembolso,42.07,2026-01-04,False
E0011226,T003657,Alimentação,89.65,2024-01-21,True
E0011227,T003657,Transporte terrestre,93.43,2024-01-21,True
E0011228,T003657,Ajuste de reembolso,-6.89,2024-02-07,False
E0011229,T003658,Alimentação,399.52,2025-05-14,True
E0011230,T003658,Transporte terrestre,342.85,2025-05-14,True
E0011231,T003658,Ajuste de reembolso,-5.12,2025-06-01,False
E0011232,T003659,Alimentação,356.57,2025-02-01,True
E0011233,T003659,Transporte terrestre,210.74,2025-02-01,True
E0011234,T003659,Ajuste de reembolso,15.48,2025-02-07,False
E0011235,T003661,Alimentação,116.75,2025-03-14,True
E0011236,T003661,Transporte terrestre,50.85,2025-03-14,True
E0011237,T003661,Ajuste de reembolso,33.45,2025-03-31,False
E0011238,T003662,Alimentação,291.01,2025-04-25,True
E0011239,T003662,Transporte terrestre,144.11,2025-04-25,True
E0011240,T003662,Ajuste de reembolso,-24.11,2025-05-01,False
E0011241,T003663,Alimentação,109.06,2025-03-29,True
E0011242,T003663,Transporte terrestre,61.81,2025-03-29,True
E0011243,T003663,Ajuste de reembolso,3.88,2025-04-05,False
E0011244,T003664,Alimentação,179.72,2025-02-25,True
E0011245,T003664,Transporte terrestre,129.78,2025-02-25,True
E0011246,T003664,Ajuste de reembolso,39.54,2025-03-02,False
E0011247,T003665,Alimentação,204.77,2025-03-13,True
E0011248,T003665,Transporte terrestre,66.58,2025-03-13,True
E0011249,T003665,Ajuste de reembolso,2.73,2025-03-22,False
E0011250,T003666,Alimentação,283.45,2025-04-27,True
E0011251,T003666,Transporte terrestre,122.03,2025-04-27,True
E0011252,T003666,Ajuste de reembolso,-0.94,2025-05-10,False
E0011253,T003667,Alimentação,292.66,2025-12-02,True
E0011254,T003667,Transporte terrestre,140.83,2025-12-02,True
E0011255,T003667,Ajuste de reembolso,15.91,2025-12-15,False
E0011256,T003669,Alimentação,185.45,2024-06-24,True
E0011257,T003669,Transporte terrestre,146.03,2024-06-24,True
E0011258,T003669,Taxa,179.01,2024-06-24,True
E0011259,T003669,Ajuste de reembolso,28.99,2024-07-01,False
E0011260,T003670,Alimentação,467.74,2024-09-25,True
E0011261,T003670,Transporte terrestre,306.14,2024-09-25,True
E0011262,T003670,Ajuste de reembolso,-10.55,2024-10-13,False
E0011263,T003671,Alimentação,349.68,2024-09-06,True
E0011264,T003671,Transporte terrestre,140.67,2024-09-06,True
E0011265,T003671,Ajuste de reembolso,-18.99,2024-09-13,False
E0011266,T003672,Alimentação,250.92,2024-05-14,True
E0011267,T003672,Transporte terrestre,127.88,2024-05-14,True
E0011268,T003672,Ajuste de reembolso,12.81,2024-05-26,False
E0011269,T003673,Alimentação,137.08,2024-07-15,True
E0011270,T003673,Transporte terrestre,114.92,2024-07-15,True
E0011271,T003673,Outros,102.83,2024-07-15,True
E0011272,T003673,Ajuste de reembolso,9.38,2024-07-21,False
E0011273,T003674,Alimentação,69.01,2025-10-06,True
E0011274,T003674,Transporte terrestre,46.45,2025-10-06,True
E0011275,T003674,Ajuste de reembolso,18.89,2025-10-14,False
E0011276,T003675,Alimentação,386.52,2025-12-03,True
E0011277,T003675,Transporte terrestre,200.51,2025-12-03,True
E0011278,T003675,Ajuste de reembolso,7.52,2025-12-13,False
E0011279,T003676,Alimentação,832.36,2025-12-09,True
E0011280,T003676,Transporte terrestre,625.87,2025-12-09,True
E0011281,T003676,Ajuste de reembolso,20.65,2025-12-16,False
E0011282,T003677,Alimentação,424.6,2024-01-14,True
E0011283,T003677,Transporte terrestre,312.47,2024-01-14,True
E0011284,T003677,Ajuste de reembolso,3.19,2024-01-22,False
E0011285,T003678,Alimentação,408.6,2025-04-16,True
E0011286,T003678,Transporte terrestre,225.48,2025-04-16,True
E0011287,T003678,Ajuste de reembolso,7.1,2025-05-01,False
E0011288,T003679,Alimentação,702.22,2025-09-06,True
E0011289,T003679,Transporte terrestre,346.54,2025-09-06,True
E0011290,T003679,Ajuste de reembolso,8.46,2025-09-14,False
E0011291,T003680,Alimentação,150.58,2025-05-27,True
E0011292,T003680,Transporte terrestre,63.15,2025-05-27,True
E0011293,T003680,Ajuste de reembolso,-23.13,2025-06-07,False
E0011294,T003681,Alimentação,461.49,2025-09-14,True
E0011295,T003681,Transporte terrestre,317.31,2025-09-14,True
E0011296,T003681,Ajuste de reembolso,4.26,2025-09-24,False
E0011297,T003683,Alimentação,145.12,2025-05-02,True
E0011298,T003683,Transporte terrestre,122.77,2025-05-02,True
E0011299,T003683,Ajuste de reembolso,20.86,2025-05-04,False
E0011300,T003684,Alimentação,147.54,2024-07-20,True
E0011301,T003684,Transporte terrestre,143.51,2024-07-20,True
E0011302,T003684,Ajuste de reembolso,-0.27,2024-07-28,False
E0011303,T003685,Alimentação,361.11,2024-02-29,True
E0011304,T003685,Transporte terrestre,161.48,2024-02-29,True
E0011305,T003685,Estacionamento,68.03,2024-02-29,True
E0011306,T003685,Ajuste de reembolso,-23.39,2024-03-13,False
E0011307,T003686,Alimentação,653.74,2024-02-07,True
E0011308,T003686,Transporte terrestre,293.05,2024-02-07,True
E0011309,T003686,Ajuste de reembolso,12.04,2024-02-13,False
E0011310,T003687,Alimentação,199.11,2025-08-24,True
E0011311,T003687,Transporte terrestre,124.94,2025-08-24,True
E0011312,T003687,Ajuste de reembolso,19.51,2025-08-29,False
E0011313,T003688,Alimentação,69.93,2024-04-23,True
E0011314,T003688,Transporte terrestre,82.29,2024-04-23,True
E0011315,T003688,Ajuste de reembolso,42.86,2024-04-30,False
E0011316,T003689,Alimentação,148.4,2025-03-08,True
E0011317,T003689,Transporte terrestre,87.04,2025-03-08,True
E0011318,T003689,Ajuste de reembolso,27.32,2025-03-24,False
E0011319,T003690,Alimentação,303.16,2024-03-04,True
E0011320,T003690,Transporte terrestre,151.58,2024-03-04,True
E0011321,T003690,Estacionamento,119.25,2024-03-04,True
E0011322,T003690,Ajuste de reembolso,19.56,2024-03-10,False
E0011323,T003691,Alimentação,169.17,2024-04-13,True
E0011324,T003691,Transporte terrestre,95.34,2024-04-13,True
E0011325,T003691,Ajuste de reembolso,9.16,2024-04-23,False
E0011326,T003692,Alimentação,200.37,2024-05-03,True
E0011327,T003692,Transporte terrestre,228.67,2024-05-03,True
E0011328,T003692,Outros,70.99,2024-05-03,True
E0011329,T003692,Ajuste de reembolso,-11.91,2024-05-13,False
E0011330,T003693,Alimentação,162.78,2025-04-24,True
E0011331,T003693,Transporte terrestre,156.11,2025-04-24,True
E0011332,T003693,Ajuste de reembolso,19.19,2025-05-07,False
E0011333,T003694,Alimentação,69.71,2024-09-23,True
E0011334,T003694,Transporte terrestre,87.47,2024-09-23,True
E0011335,T003694,Ajuste de reembolso,21.66,2024-10-05,False
E0011336,T003695,Alimentação,383.42,2025-02-15,True
E0011337,T003695,Transporte terrestre,181.46,2025-02-15,True
E0011338,T003695,Ajuste de reembolso,39.52,2025-03-05,False
E0011339,T003696,Alimentação,368.14,2024-06-27,True
E0011340,T003696,Transporte terrestre,158.24,2024-06-27,True
E0011341,T003696,Estacionamento,185.77,2024-06-27,True
E0011342,T003696,Ajuste de reembolso,6.27,2024-07-10,False
E0011343,T003697,Alimentação,131.5,2025-06-23,True
E0011344,T003697,Transporte terrestre,43.52,2025-06-23,True
E0011345,T003697,Ajuste de reembolso,13.92,2025-07-04,False
E0011346,T003698,Alimentação,295.43,2024-08-18,True
E0011347,T003698,Transporte terrestre,259.25,2024-08-18,True
E0011348,T003698,Outros,226.28,2024-08-18,True
E0011349,T003698,Ajuste de reembolso,38.32,2024-09-04,False
E0011350,T003700,Alimentação,172.23,2024-10-23,True
E0011351,T003700,Transporte terrestre,61.85,2024-10-23,True
E0011352,T003700,Pedágio,253.89,2024-10-23,True
E0011353,T003700,Ajuste de reembolso,13.5,2024-11-03,False
E0011354,T003701,Alimentação,408.77,2025-03-25,True
E0011355,T003701,Transporte terrestre,259.42,2025-03-25,True
E0011356,T003701,Ajuste de reembolso,30.58,2025-04-06,False
E0011357,T003702,Alimentação,217.85,2025-05-30,True
E0011358,T003702,Transporte terrestre,137.33,2025-05-30,True
E0011359,T003702,Ajuste de reembolso,12.66,2025-06-19,False
E0011360,T003703,Alimentação,528.64,2024-06-27,True
E0011361,T003703,Transporte terrestre,313.07,2024-06-27,True
E0011362,T003703,Ajuste de reembolso,-9.49,2024-07-11,False
E0011363,T003704,Alimentação,578.14,2025-08-30,True
E0011364,T003704,Transporte terrestre,305.21,2025-08-30,True
E0011365,T003704,Ajuste de reembolso,-9.32,2025-09-11,False
E0011366,T003705,Alimentação,151.34,2025-11-25,True
E0011367,T003705,Transporte terrestre,125.93,2025-11-25,True
E0011368,T003705,Ajuste de reembolso,41.78,2025-12-05,False
E0011369,T003706,Alimentação,433.2,2025-02-22,True
E0011370,T003706,Transporte terrestre,264.11,2025-02-22,True
E0011371,T003706,Outros,264.75,2025-02-22,True
E0011372,T003706,Ajuste de reembolso,13.01,2025-03-02,False
E0011373,T003707,Alimentação,424.12,2024-09-07,True
E0011374,T003707,Transporte terrestre,187.77,2024-09-07,True
E0011375,T003707,Ajuste de reembolso,-2.11,2024-09-22,False
E0011376,T003708,Alimentação,132.38,2024-04-22,True
E0011377,T003708,Transporte terrestre,105.4,2024-04-22,True
E0011378,T003708,Estacionamento,232.73,2024-04-22,True
E0011379,T003708,Ajuste de reembolso,1.69,2024-04-24,False
E0011380,T003709,Alimentação,126.56,2024-10-10,True
E0011381,T003709,Transporte terrestre,58.83,2024-10-10,True
E0011382,T003709,Ajuste de reembolso,41.66,2024-10-17,False
E0011383,T003710,Alimentação,144.85,2025-04-09,True
E0011384,T003710,Transporte terrestre,71.9,2025-04-09,True
E0011385,T003710,Ajuste de reembolso,-16.06,2025-04-28,False
E0011386,T003711,Alimentação,180.96,2025-09-12,True
E0011387,T003711,Transporte terrestre,189.44,2025-09-12,True
E0011388,T003711,Ajuste de reembolso,17.84,2025-09-14,False
E0011389,T003712,Alimentação,305.82,2024-04-13,True
E0011390,T003712,Transporte terrestre,211.71,2024-04-13,True
E0011391,T003712,Outros,131.03,2024-04-13,True
E0011392,T003712,Ajuste de reembolso,42.19,2024-04-22,False
E0011393,T003713,Alimentação,87.48,2024-09-04,True
E0011394,T003713,Transporte terrestre,137.1,2024-09-04,True
E0011395,T003713,Ajuste de reembolso,16.19,2024-09-17,False
E0011396,T003714,Alimentação,200.32,2024-11-04,True
E0011397,T003714,Transporte terrestre,84.8,2024-11-04,True
E0011398,T003714,Ajuste de reembolso,11.93,2024-11-18,False
E0011399,T003715,Alimentação,397.77,2024-01-22,True
E0011400,T003715,Transporte terrestre,512.78,2024-01-22,True
E0011401,T003715,Ajuste de reembolso,15.25,2024-02-05,False
E0011402,T003716,Alimentação,472.14,2024-03-28,True
E0011403,T003716,Transporte terrestre,169.38,2024-03-28,True
E0011404,T003716,Ajuste de reembolso,6.3,2024-04-06,False
E0011405,T003717,Alimentação,248.51,2024-09-28,True
E0011406,T003717,Transporte terrestre,87.01,2024-09-28,True
E0011407,T003717,Ajuste de reembolso,-2.38,2024-10-08,False
E0011408,T003718,Alimentação,102.58,2024-09-09,True
E0011409,T003718,Transporte terrestre,41.3,2024-09-09,True
E0011410,T003718,Ajuste de reembolso,33.45,2024-09-25,False
E0011411,T003719,Alimentação,122.09,2025-04-28,True
E0011412,T003719,Transporte terrestre,155.78,2025-04-28,True
E0011413,T003719,Ajuste de reembolso,8.93,2025-05-01,False
E0011414,T003720,Alimentação,154.65,2025-04-26,True
E0011415,T003720,Transporte terrestre,71.18,2025-04-26,True
E0011416,T003720,Ajuste de reembolso,37.48,2025-04-30,False
E0011417,T003721,Alimentação,499.91,2024-03-02,True
E0011418,T003721,Transporte terrestre,265.78,2024-03-02,True
E0011419,T003721,Ajuste de reembolso,-4.13,2024-03-13,False
E0011420,T003722,Alimentação,536.67,2024-12-19,True
E0011421,T003722,Transporte terrestre,232.34,2024-12-19,True
E0011422,T003722,Ajuste de reembolso,44.83,2025-01-03,False
E0011423,T003723,Alimentação,200.4,2025-12-04,True
E0011424,T003723,Transporte terrestre,109.1,2025-12-04,True
E0011425,T003723,Ajuste de reembolso,6.56,2025-12-16,False
E0011426,T003724,Alimentação,237.87,2025-05-06,True
E0011427,T003724,Transporte terrestre,197.18,2025-05-06,True
E0011428,T003724,Ajuste de reembolso,-23.05,2025-05-15,False
E0011429,T003725,Alimentação,174.8,2024-02-21,True
E0011430,T003725,Transporte terrestre,218.49,2024-02-21,True
E0011431,T003725,Ajuste de reembolso,-16.4,2024-02-29,False
E0011432,T003726,Alimentação,297.63,2024-07-21,True
E0011433,T003726,Transporte terrestre,275.72,2024-07-21,True
E0011434,T003726,Ajuste de reembolso,-20.69,2024-07-29,False
E0011435,T003727,Alimentação,454.7,2025-05-31,True
E0011436,T003727,Transporte terrestre,317.33,2025-05-31,True
E0011437,T003727,Ajuste de reembolso,18.66,2025-06-04,False
E0011438,T003728,Alimentação,309.35,2024-01-11,True
E0011439,T003728,Transporte terrestre,268.94,2024-01-11,True
E0011440,T003728,Ajuste de reembolso,7.62,2024-01-18,False
E0011441,T003729,Alimentação,422.9,2025-05-03,True
E0011442,T003729,Transporte terrestre,203.79,2025-05-03,True
E0011443,T003729,Ajuste de reembolso,38.43,2025-05-10,False
E0011444,T003730,Alimentação,79.12,2024-03-14,True
E0011445,T003730,Transporte terrestre,63.42,2024-03-14,True
E0011446,T003730,Ajuste de reembolso,41.26,2024-03-26,False
E0011447,T003731,Alimentação,121.29,2024-02-28,True
E0011448,T003731,Transporte terrestre,73.09,2024-02-28,True
E0011449,T003731,Ajuste de reembolso,16.61,2024-03-14,False
E0011450,T003732,Alimentação,381.93,2025-04-08,True
E0011451,T003732,Transporte terrestre,300.58,2025-04-08,True
E0011452,T003732,Ajuste de reembolso,12.11,2025-04-15,False
E0011453,T003733,Alimentação,168.16,2025-08-27,True
E0011454,T003733,Transporte terrestre,201.46,2025-08-27,True
E0011455,T003733,Taxa,192.06,2025-08-27,True
E0011456,T003733,Ajuste de reembolso,27.45,2025-09-12,False
E0011457,T003735,Alimentação,367.26,2024-11-10,True
E0011458,T003735,Transporte terrestre,215.52,2024-11-10,True
E0011459,T003735,Ajuste de reembolso,42.8,2024-11-13,False
E0011460,T003736,Alimentação,300.05,2025-01-01,True
E0011461,T003736,Transporte terrestre,148.31,2025-01-01,True
E0011462,T003736,Ajuste de reembolso,31.5,2025-01-12,False
E0011463,T003737,Alimentação,152.02,2024-09-18,True
E0011464,T003737,Transporte terrestre,116.92,2024-09-18,True
E0011465,T003737,Pedágio,186.8,2024-09-18,True
E0011466,T003737,Ajuste de reembolso,38.84,2024-09-29,False
E0011467,T003738,Alimentação,243.74,2025-08-03,True
E0011468,T003738,Transporte terrestre,119.59,2025-08-03,True
E0011469,T003738,Taxa,35.68,2025-08-03,True
E0011470,T003738,Ajuste de reembolso,-5.8,2025-08-14,False
E0011471,T003739,Alimentação,348.54,2024-09-10,True
E0011472,T003739,Transporte terrestre,253.4,2024-09-10,True
E0011473,T003739,Ajuste de reembolso,-22.07,2024-09-24,False
E0011474,T003740,Alimentação,459.1,2024-04-22,True
E0011475,T003740,Transporte terrestre,416.79,2024-04-22,True
E0011476,T003740,Ajuste de reembolso,-17.27,2024-05-06,False
E0011477,T003742,Alimentação,541.74,2025-12-01,True
E0011478,T003742,Transporte terrestre,271.25,2025-12-01,True
E0011479,T003742,Ajuste de reembolso,-20.03,2025-12-16,False
E0011480,T003743,Alimentação,762.15,2024-02-18,True
E0011481,T003743,Transporte terrestre,579.37,2024-02-18,True
E0011482,T003743,Ajuste de reembolso,-10.16,2024-03-04,False
E0011483,T003744,Alimentação,343.49,2025-08-08,True
E0011484,T003744,Transporte terrestre,313.13,2025-08-08,True
E0011485,T003744,Ajuste de reembolso,16.1,2025-08-21,False
E0011486,T003745,Alimentação,49.07,2025-05-29,True
E0011487,T003745,Transporte terrestre,72.78,2025-05-29,True
E0011488,T003745,Ajuste de reembolso,10.99,2025-06-06,False
E0011489,T003746,Alimentação,437.35,2024-06-26,True
E0011490,T003746,Transporte terrestre,155.27,2024-06-26,True
E0011491,T003746,Ajuste de reembolso,13.44,2024-06-29,False
E0011492,T003747,Alimentação,302.71,2025-09-21,True
E0011493,T003747,Transporte terrestre,163.77,2025-09-21,True
E0011494,T003747,Ajuste de reembolso,-2.6,2025-10-05,False
E0011495,T003748,Alimentação,287.93,2024-04-01,True
E0011496,T003748,Transporte terrestre,266.35,2024-04-01,True
E0011497,T003748,Ajuste de reembolso,4.33,2024-04-18,False
E0011498,T003749,Alimentação,187.89,2024-05-12,True
E0011499,T003749,Transporte terrestre,95.89,2024-05-12,True
E0011500,T003749,Ajuste de reembolso,-0.73,2024-05-24,False
E0011501,T003750,Alimentação,273.43,2024-09-11,True
E0011502,T003750,Transporte terrestre,198.59,2024-09-11,True
E0011503,T003750,Outros,103.44,2024-09-11,True
E0011504,T003750,Ajuste de reembolso,29.26,2024-09-19,False
E0011505,T003751,Alimentação,204.23,2024-02-02,True
E0011506,T003751,Transporte terrestre,293.28,2024-02-02,True
E0011507,T003751,Ajuste de reembolso,-13.44,2024-02-09,False
E0011508,T003752,Alimentação,255.74,2024-09-13,True
E0011509,T003752,Transporte terrestre,124.22,2024-09-13,True
E0011510,T003752,Ajuste de reembolso,28.06,2024-09-21,False
E0011511,T003753,Alimentação,207.84,2025-04-23,True
E0011512,T003753,Transporte terrestre,95.71,2025-04-23,True
E0011513,T003753,Ajuste de reembolso,-12.69,2025-05-03,False
E0011514,T003754,Alimentação,1175.17,2025-12-18,True
E0011515,T003754,Transporte terrestre,631.25,2025-12-18,True
E0011516,T003754,Ajuste de reembolso,6.16,2026-01-06,False
E0011517,T003755,Alimentação,514.56,2024-10-25,True
E0011518,T003755,Transporte terrestre,213.32,2024-10-25,True
E0011519,T003755,Ajuste de reembolso,42.59,2024-11-08,False
E0011520,T003756,Alimentação,507.95,2025-02-21,True
E0011521,T003756,Transporte terrestre,324.83,2025-02-21,True
E0011522,T003756,Ajuste de reembolso,42.59,2025-03-01,False
E0011523,T003757,Alimentação,84.25,2024-09-06,True
E0011524,T003757,Transporte terrestre,56.46,2024-09-06,True
E0011525,T003757,Ajuste de reembolso,-14.38,2024-09-08,False
E0011526,T003758,Alimentação,290.69,2025-09-05,True
E0011527,T003758,Transporte terrestre,186.92,2025-09-05,True
E0011528,T003758,Ajuste de reembolso,-18.07,2025-09-16,False
E0011529,T003759,Alimentação,279.5,2024-11-28,True
E0011530,T003759,Transporte terrestre,402.07,2024-11-28,True
E0011531,T003759,Ajuste de reembolso,39.9,2024-12-06,False
E0011532,T003760,Alimentação,240.62,2025-06-22,True
E0011533,T003760,Transporte terrestre,147.12,2025-06-22,True
E0011534,T003760,Pedágio,146.49,2025-06-22,True
E0011535,T003760,Ajuste de reembolso,-2.93,2025-07-01,False
E0011536,T003761,Alimentação,688.02,2024-03-16,True
E0011537,T003761,Transporte terrestre,557.67,2024-03-16,True
E0011538,T003761,Ajuste de reembolso,-15.66,2024-03-28,False
E0011539,T003762,Alimentação,186.54,2025-11-16,True
E0011540,T003762,Transporte terrestre,212.64,2025-11-16,True
E0011541,T003762,Ajuste de reembolso,18.51,2025-12-08,False
E0011542,T003763,Alimentação,339.58,2025-07-20,True
E0011543,T003763,Transporte terrestre,255.95,2025-07-20,True
E0011544,T003763,Pedágio,221.5,2025-07-20,True
E0011545,T003763,Ajuste de reembolso,-21.83,2025-08-07,False
E0011546,T003764,Alimentação,634.47,2025-12-14,True
E0011547,T003764,Transporte terrestre,552.22,2025-12-14,True
E0011548,T003764,Ajuste de reembolso,-0.14,2025-12-24,False
E0011549,T003765,Alimentação,232.37,2025-07-21,True
E0011550,T003765,Transporte terrestre,385.27,2025-07-21,True
E0011551,T003765,Ajuste de reembolso,21.75,2025-08-09,False
E0011552,T003766,Alimentação,213.54,2025-03-26,True
E0011553,T003766,Transporte terrestre,124.21,2025-03-26,True
E0011554,T003766,Ajuste de reembolso,0.04,2025-03-28,False
E0011555,T003767,Alimentação,505.37,2025-05-11,True
E0011556,T003767,Transporte terrestre,308.29,2025-05-11,True
E0011557,T003767,Ajuste de reembolso,-13.83,2025-05-20,False
E0011558,T003768,Alimentação,276.43,2024-11-04,True
E0011559,T003768,Transporte terrestre,203.55,2024-11-04,True
E0011560,T003768,Taxa,278.53,2024-11-04,True
E0011561,T003768,Ajuste de reembolso,35.41,2024-11-10,False
E0011562,T003769,Alimentação,128.94,2025-03-20,True
E0011563,T003769,Transporte terrestre,209.52,2025-03-20,True
E0011564,T003769,Ajuste de reembolso,-6.21,2025-04-12,False
E0011565,T003772,Alimentação,742.27,2025-11-26,True
E0011566,T003772,Transporte terrestre,231.92,2025-11-26,True
E0011567,T003772,Ajuste de reembolso,31.35,2025-11-30,False
E0011568,T003773,Alimentação,314.77,2024-08-04,True
E0011569,T003773,Transporte terrestre,175.84,2024-08-04,True
E0011570,T003773,Ajuste de reembolso,-21.73,2024-08-08,False
E0011571,T003774,Alimentação,131.08,2024-10-15,True
E0011572,T003774,Transporte terrestre,68.93,2024-10-15,True
E0011573,T003774,Estacionamento,175.35,2024-10-15,True
E0011574,T003774,Ajuste de reembolso,-9.54,2024-10-25,False
E0011575,T003775,Alimentação,186.6,2025-08-24,True
E0011576,T003775,Transporte terrestre,122.96,2025-08-24,True
E0011577,T003775,Ajuste de reembolso,11.4,2025-09-03,False
E0011578,T003776,Alimentação,329.03,2024-03-22,True
E0011579,T003776,Transporte terrestre,189.02,2024-03-22,True
E0011580,T003776,Ajuste de reembolso,4.5,2024-03-30,False
E0011581,T003777,Alimentação,517.78,2025-04-15,True
E0011582,T003777,Transporte terrestre,194.77,2025-04-15,True
E0011583,T003777,Taxa,129.64,2025-04-15,True
E0011584,T003777,Ajuste de reembolso,32.13,2025-04-26,False
E0011585,T003778,Alimentação,130.21,2024-05-14,True
E0011586,T003778,Transporte terrestre,138.55,2024-05-14,True
E0011587,T003778,Ajuste de reembolso,-24.27,2024-05-27,False
E0011588,T003779,Alimentação,257.12,2025-05-15,True
E0011589,T003779,Transporte terrestre,142.03,2025-05-15,True
E0011590,T003779,Ajuste de reembolso,28.72,2025-05-24,False
E0011591,T003780,Alimentação,195.21,2025-10-30,True
E0011592,T003780,Transporte terrestre,134.59,2025-10-30,True
E0011593,T003780,Ajuste de reembolso,-21.77,2025-11-03,False
E0011594,T003781,Alimentação,361.47,2025-10-22,True
E0011595,T003781,Transporte terrestre,231.5,2025-10-22,True
E0011596,T003781,Ajuste de reembolso,-17.37,2025-11-02,False
E0011597,T003782,Alimentação,233.67,2024-03-01,True
E0011598,T003782,Transporte terrestre,290.5,2024-03-01,True
E0011599,T003782,Ajuste de reembolso,17.59,2024-03-10,False
E0011600,T003783,Alimentação,490.5,2025-09-08,True
E0011601,T003783,Transporte terrestre,237.79,2025-09-08,True
E0011602,T003783,Estacionamento,270.39,2025-09-08,True
E0011603,T003783,Ajuste de reembolso,9.72,2025-10-01,False
E0011604,T003784,Alimentação,226.84,2025-06-14,True
E0011605,T003784,Transporte terrestre,279.02,2025-06-14,True
E0011606,T003784,Ajuste de reembolso,-19.91,2025-06-24,False
E0011607,T003786,Alimentação,492.56,2024-10-31,True
E0011608,T003786,Transporte terrestre,312.03,2024-10-31,True
E0011609,T003786,Ajuste de reembolso,12.36,2024-11-11,False
E0011610,T003787,Alimentação,162.45,2024-11-16,True
E0011611,T003787,Transporte terrestre,203.86,2024-11-16,True
E0011612,T003787,Pedágio,195.42,2024-11-16,True
E0011613,T003787,Ajuste de reembolso,35.23,2024-11-27,False
E0011614,T003788,Alimentação,161.93,2024-12-10,True
E0011615,T003788,Transporte terrestre,184.19,2024-12-10,True
E0011616,T003788,Estacionamento,139.44,2024-12-10,True
E0011617,T003788,Ajuste de reembolso,43.63,2024-12-18,False
E0011618,T003789,Alimentação,268.16,2024-06-06,True
E0011619,T003789,Transporte terrestre,185.23,2024-06-06,True
E0011620,T003789,Ajuste de reembolso,-10.4,2024-06-16,False
E0011621,T003790,Alimentação,79.57,2025-01-26,True
E0011622,T003790,Transporte terrestre,44.18,2025-01-26,True
E0011623,T003790,Ajuste de reembolso,12.41,2025-02-09,False
E0011624,T003791,Alimentação,240.75,2025-10-28,True
E0011625,T003791,Transporte terrestre,155.88,2025-10-28,True
E0011626,T003791,Ajuste de reembolso,30.81,2025-11-02,False
E0011627,T003792,Alimentação,181.5,2024-09-12,True
E0011628,T003792,Transporte terrestre,185.03,2024-09-12,True
E0011629,T003792,Ajuste de reembolso,31.88,2024-09-20,False
E0011630,T003793,Alimentação,189.17,2025-09-24,True
E0011631,T003793,Transporte terrestre,142.1,2025-09-24,True
E0011632,T003793,Outros,255.76,2025-09-24,True
E0011633,T003793,Ajuste de reembolso,23.08,2025-10-01,False
E0011634,T003794,Alimentação,200.7,2024-11-06,True
E0011635,T003794,Transporte terrestre,392.44,2024-11-06,True
E0011636,T003794,Ajuste de reembolso,18.21,2024-11-18,False
E0011637,T003795,Alimentação,283.14,2024-06-21,True
E0011638,T003795,Transporte terrestre,185.97,2024-06-21,True
E0011639,T003795,Ajuste de reembolso,-10.98,2024-06-27,False
E0011640,T003796,Alimentação,287.99,2025-09-21,True
E0011641,T003796,Transporte terrestre,170.65,2025-09-21,True
E0011642,T003796,Ajuste de reembolso,44.75,2025-09-27,False
E0011643,T003797,Alimentação,169.58,2025-04-16,True
E0011644,T003797,Transporte terrestre,83.69,2025-04-16,True
E0011645,T003797,Ajuste de reembolso,4.03,2025-04-22,False
E0011646,T003798,Alimentação,328.33,2024-10-06,True
E0011647,T003798,Transporte terrestre,386.59,2024-10-06,True
E0011648,T003798,Ajuste de reembolso,-6.59,2024-10-15,False
E0011649,T003799,Alimentação,433.68,2025-08-01,True
E0011650,T003799,Transporte terrestre,268.27,2025-08-01,True
E0011651,T003799,Ajuste de reembolso,10.13,2025-08-16,False
E0011652,T003800,Alimentação,205.18,2025-10-01,True
E0011653,T003800,Transporte terrestre,146.97,2025-10-01,True
E0011654,T003800,Ajuste de reembolso,-5.41,2025-10-19,False
E0011655,T003801,Alimentação,100.16,2025-09-19,True
E0011656,T003801,Transporte terrestre,107.72,2025-09-19,True
E0011657,T003801,Ajuste de reembolso,-23.05,2025-09-26,False
E0011658,T003802,Alimentação,197.12,2025-05-25,True
E0011659,T003802,Transporte terrestre,130.18,2025-05-25,True
E0011660,T003802,Ajuste de reembolso,-21.9,2025-06-02,False
E0011661,T003803,Alimentação,334.39,2024-12-28,True
E0011662,T003803,Transporte terrestre,188.08,2024-12-28,True
E0011663,T003803,Ajuste de reembolso,-21.33,2025-01-12,False
E0011664,T003804,Alimentação,441.65,2025-09-05,True
E0011665,T003804,Transporte terrestre,393.06,2025-09-05,True
E0011666,T003804,Ajuste de reembolso,1.54,2025-09-11,False
E0011667,T003805,Alimentação,202.85,2025-03-13,True
E0011668,T003805,Transporte terrestre,211.51,2025-03-13,True
E0011669,T003805,Ajuste de reembolso,18.04,2025-03-22,False
E0011670,T003806,Alimentação,535.12,2025-09-08,True
E0011671,T003806,Transporte terrestre,290.22,2025-09-08,True
E0011672,T003806,Ajuste de reembolso,34.71,2025-09-19,False
E0011673,T003807,Alimentação,815.57,2025-05-23,True
E0011674,T003807,Transporte terrestre,832.92,2025-05-23,True
E0011675,T003807,Ajuste de reembolso,37.74,2025-06-05,False
E0011676,T003808,Alimentação,337.07,2025-12-15,True
E0011677,T003808,Transporte terrestre,249.25,2025-12-15,True
E0011678,T003808,Ajuste de reembolso,-12.59,2025-12-31,False
E0011679,T003809,Alimentação,78.93,2025-03-15,True
E0011680,T003809,Transporte terrestre,53.52,2025-03-15,True
E0011681,T003809,Ajuste de reembolso,6.31,2025-03-18,False
E0011682,T003810,Alimentação,86.82,2025-05-28,True
E0011683,T003810,Transporte terrestre,66.57,2025-05-28,True
E0011684,T003810,Outros,248.88,2025-05-28,True
E0011685,T003810,Ajuste de reembolso,37.22,2025-06-10,False
E0011686,T003811,Alimentação,752.73,2024-06-18,True
E0011687,T003811,Transporte terrestre,223.39,2024-06-18,True
E0011688,T003811,Ajuste de reembolso,7.34,2024-07-05,False
E0011689,T003812,Alimentação,628.78,2025-04-26,True
E0011690,T003812,Transporte terrestre,598.38,2025-04-26,True
E0011691,T003812,Estacionamento,62.2,2025-04-26,True
E0011692,T003812,Ajuste de reembolso,11.37,2025-05-07,False
E0011693,T003813,Alimentação,803.18,2025-06-24,True
E0011694,T003813,Transporte terrestre,313.73,2025-06-24,True
E0011695,T003813,Ajuste de reembolso,26.26,2025-07-14,False
E0011696,T003814,Alimentação,204.02,2024-06-22,True
E0011697,T003814,Transporte terrestre,128.92,2024-06-22,True
E0011698,T003814,Ajuste de reembolso,-12.55,2024-07-05,False
E0011699,T003816,Alimentação,175.66,2025-05-28,True
E0011700,T003816,Transporte terrestre,300.29,2025-05-28,True
E0011701,T003816,Ajuste de reembolso,14.47,2025-06-02,False
E0011702,T003817,Alimentação,407.83,2025-10-18,True
E0011703,T003817,Transporte terrestre,240.18,2025-10-18,True
E0011704,T003817,Ajuste de reembolso,-24.49,2025-10-26,False
E0011705,T003818,Alimentação,663.26,2025-09-07,True
E0011706,T003818,Transporte terrestre,383.19,2025-09-07,True
E0011707,T003818,Ajuste de reembolso,-7.02,2025-09-18,False
E0011708,T003819,Alimentação,495.7,2025-05-21,True
E0011709,T003819,Transporte terrestre,291.9,2025-05-21,True
E0011710,T003819,Ajuste de reembolso,29.31,2025-06-04,False
E0011711,T003820,Alimentação,244.89,2024-12-25,True
E0011712,T003820,Transporte terrestre,127.74,2024-12-25,True
E0011713,T003820,Ajuste de reembolso,22.5,2025-01-08,False
E0011714,T003821,Alimentação,178.26,2024-06-29,True
E0011715,T003821,Transporte terrestre,134.41,2024-06-29,True
E0011716,T003821,Ajuste de reembolso,22.63,2024-07-11,False
E0011717,T003822,Alimentação,312.16,2025-06-20,True
E0011718,T003822,Transporte terrestre,120.71,2025-06-20,True
E0011719,T003822,Ajuste de reembolso,20.27,2025-07-04,False
E0011720,T003823,Alimentação,741.97,2025-04-23,True
E0011721,T003823,Transporte terrestre,255.55,2025-04-23,True
E0011722,T003823,Taxa,36.64,2025-04-23,True
E0011723,T003823,Ajuste de reembolso,39.27,2025-05-06,False
E0011724,T003824,Alimentação,770.96,2025-10-03,True
E0011725,T003824,Transporte terrestre,503.79,2025-10-03,True
E0011726,T003824,Ajuste de reembolso,23.75,2025-10-18,False
E0011727,T003825,Alimentação,72.14,2024-01-07,True
E0011728,T003825,Transporte terrestre,79.15,2024-01-07,True
E0011729,T003825,Ajuste de reembolso,26.32,2024-01-09,False
E0011730,T003826,Alimentação,113.33,2025-05-01,True
E0011731,T003826,Transporte terrestre,42.88,2025-05-01,True
E0011732,T003826,Ajuste de reembolso,38.1,2025-05-14,False
E0011733,T003827,Alimentação,73.0,2025-07-30,True
E0011734,T003827,Transporte terrestre,43.61,2025-07-30,True
E0011735,T003827,Ajuste de reembolso,-16.33,2025-08-05,False
E0011736,T003829,Alimentação,86.26,2024-08-12,True
E0011737,T003829,Transporte terrestre,54.03,2024-08-12,True
E0011738,T003829,Ajuste de reembolso,33.05,2024-08-22,False
E0011739,T003830,Alimentação,573.24,2025-11-14,True
E0011740,T003830,Transporte terrestre,311.79,2025-11-14,True
E0011741,T003830,Ajuste de reembolso,-12.93,2025-12-01,False
E0011742,T003831,Alimentação,415.57,2025-03-24,True
E0011743,T003831,Transporte terrestre,258.03,2025-03-24,True
E0011744,T003831,Ajuste de reembolso,-0.82,2025-04-07,False
E0011745,T003832,Alimentação,112.62,2024-11-10,True
E0011746,T003832,Transporte terrestre,72.05,2024-11-10,True
E0011747,T003832,Outros,43.88,2024-11-10,True
E0011748,T003832,Ajuste de reembolso,-7.97,2024-11-12,False
E0011749,T003833,Alimentação,106.19,2025-03-19,True
E0011750,T003833,Transporte terrestre,64.9,2025-03-19,True
E0011751,T003833,Ajuste de reembolso,-23.55,2025-03-28,False
E0011752,T003834,Alimentação,207.71,2025-07-15,True
E0011753,T003834,Transporte terrestre,269.6,2025-07-15,True
E0011754,T003834,Ajuste de reembolso,-17.57,2025-07-26,False
E0011755,T003835,Alimentação,308.99,2024-04-22,True
E0011756,T003835,Transporte terrestre,222.66,2024-04-22,True
E0011757,T003835,Ajuste de reembolso,10.68,2024-05-07,False
E0011758,T003836,Alimentação,467.88,2025-12-26,True
E0011759,T003836,Transporte terrestre,198.42,2025-12-26,True
E0011760,T003836,Ajuste de reembolso,2.81,2026-01-21,False
E0011761,T003837,Alimentação,191.7,2024-09-29,True
E0011762,T003837,Transporte terrestre,179.36,2024-09-29,True
E0011763,T003837,Ajuste de reembolso,42.4,2024-10-07,False
E0011764,T003838,Alimentação,248.49,2024-07-30,True
E0011765,T003838,Transporte terrestre,194.03,2024-07-30,True
E0011766,T003838,Pedágio,83.13,2024-07-30,True
E0011767,T003838,Ajuste de reembolso,13.95,2024-08-10,False
E0011768,T003839,Alimentação,610.57,2024-10-15,True
E0011769,T003839,Transporte terrestre,281.67,2024-10-15,True
E0011770,T003839,Ajuste de reembolso,-20.75,2024-10-20,False
E0011771,T003840,Alimentação,348.52,2025-07-20,True
E0011772,T003840,Transporte terrestre,171.56,2025-07-20,True
E0011773,T003840,Ajuste de reembolso,-21.95,2025-07-25,False
E0011774,T003841,Alimentação,131.49,2025-08-10,True
E0011775,T003841,Transporte terrestre,43.84,2025-08-10,True
E0011776,T003841,Ajuste de reembolso,30.93,2025-08-22,False
E0011777,T003842,Alimentação,113.32,2024-11-19,True
E0011778,T003842,Transporte terrestre,211.11,2024-11-19,True
E0011779,T003842,Pedágio,146.11,2024-11-19,True
E0011780,T003842,Ajuste de reembolso,42.02,2024-11-28,False
E0011781,T003843,Alimentação,626.77,2025-09-18,True
E0011782,T003843,Transporte terrestre,262.21,2025-09-18,True
E0011783,T003843,Ajuste de reembolso,-12.64,2025-09-28,False
E0011784,T003844,Alimentação,213.52,2025-01-08,True
E0011785,T003844,Transporte terrestre,173.17,2025-01-08,True
E0011786,T003844,Ajuste de reembolso,34.99,2025-01-17,False
E0011787,T003845,Alimentação,85.22,2024-04-08,True
E0011788,T003845,Transporte terrestre,96.62,2024-04-08,True
E0011789,T003845,Ajuste de reembolso,-0.77,2024-04-19,False
E0011790,T003846,Alimentação,93.46,2024-01-14,True
E0011791,T003846,Transporte terrestre,45.59,2024-01-14,True
E0011792,T003846,Ajuste de reembolso,38.77,2024-01-21,False
E0011793,T003847,Alimentação,844.05,2025-04-16,True
E0011794,T003847,Transporte terrestre,360.68,2025-04-16,True
E0011795,T003847,Ajuste de reembolso,-6.36,2025-04-25,False
E0011796,T003848,Alimentação,192.76,2024-10-13,True
E0011797,T003848,Transporte terrestre,144.51,2024-10-13,True
E0011798,T003848,Ajuste de reembolso,-18.01,2024-10-23,False
E0011799,T003849,Alimentação,175.16,2025-03-17,True
E0011800,T003849,Transporte terrestre,202.21,2025-03-17,True
E0011801,T003849,Ajuste de reembolso,-9.34,2025-03-20,False
E0011802,T003850,Alimentação,383.13,2025-10-16,True
E0011803,T003850,Transporte terrestre,183.62,2025-10-16,True
E0011804,T003850,Ajuste de reembolso,-4.62,2025-10-22,False
E0011805,T003851,Alimentação,66.14,2025-04-04,True
E0011806,T003851,Transporte terrestre,73.57,2025-04-04,True
E0011807,T003851,Ajuste de reembolso,-12.78,2025-04-15,False
E0011808,T003852,Alimentação,207.2,2025-10-19,True
E0011809,T003852,Transporte terrestre,137.51,2025-10-19,True
E0011810,T003852,Ajuste de reembolso,-16.03,2025-10-22,False
E0011811,T003853,Alimentação,195.59,2025-10-01,True
E0011812,T003853,Transporte terrestre,146.56,2025-10-01,True
E0011813,T003853,Estacionamento,184.83,2025-10-01,True
E0011814,T003853,Ajuste de reembolso,-17.15,2025-10-05,False
E0011815,T003854,Alimentação,443.09,2025-03-18,True
E0011816,T003854,Transporte terrestre,462.8,2025-03-18,True
E0011817,T003854,Ajuste de reembolso,8.18,2025-03-24,False
E0011818,T003855,Alimentação,282.39,2024-02-19,True
E0011819,T003855,Transporte terrestre,204.46,2024-02-19,True
E0011820,T003855,Ajuste de reembolso,-20.73,2024-03-05,False
E0011821,T003856,Alimentação,521.64,2025-11-05,True
E0011822,T003856,Transporte terrestre,386.96,2025-11-05,True
E0011823,T003856,Ajuste de reembolso,9.74,2025-11-22,False
E0011824,T003857,Alimentação,98.42,2024-11-11,True
E0011825,T003857,Transporte terrestre,95.3,2024-11-11,True
E0011826,T003857,Ajuste de reembolso,-5.84,2024-11-18,False
E0011827,T003858,Alimentação,536.14,2025-08-29,True
E0011828,T003858,Transporte terrestre,285.29,2025-08-29,True
E0011829,T003858,Ajuste de reembolso,9.97,2025-09-05,False
E0011830,T003860,Alimentação,179.51,2025-06-13,True
E0011831,T003860,Transporte terrestre,192.83,2025-06-13,True
E0011832,T003860,Ajuste de reembolso,-7.17,2025-06-29,False
E0011833,T003861,Alimentação,284.61,2025-10-08,True
E0011834,T003861,Transporte terrestre,90.75,2025-10-08,True
E0011835,T003861,Pedágio,205.13,2025-10-08,True
E0011836,T003861,Ajuste de reembolso,-24.66,2025-10-12,False
E0011837,T003862,Alimentação,588.15,2024-11-05,True
E0011838,T003862,Transporte terrestre,355.1,2024-11-05,True
E0011839,T003862,Pedágio,208.63,2024-11-05,True
E0011840,T003862,Ajuste de reembolso,-3.55,2024-11-13,False
E0011841,T003863,Alimentação,98.52,2024-10-10,True
E0011842,T003863,Transporte terrestre,74.05,2024-10-10,True
E0011843,T003863,Ajuste de reembolso,10.25,2024-10-19,False
E0011844,T003864,Alimentação,287.24,2024-03-07,True
E0011845,T003864,Transporte terrestre,395.93,2024-03-07,True
E0011846,T003864,Ajuste de reembolso,-18.8,2024-03-23,False
E0011847,T003865,Alimentação,265.75,2025-10-04,True
E0011848,T003865,Transporte terrestre,133.16,2025-10-04,True
E0011849,T003865,Ajuste de reembolso,-19.53,2025-10-16,False
E0011850,T003866,Alimentação,364.61,2024-08-31,True
E0011851,T003866,Transporte terrestre,204.64,2024-08-31,True
E0011852,T003866,Ajuste de reembolso,4.99,2024-09-13,False
E0011853,T003867,Alimentação,207.66,2024-01-09,True
E0011854,T003867,Transporte terrestre,168.54,2024-01-09,True
E0011855,T003867,Ajuste de reembolso,20.12,2024-01-20,False
E0011856,T003868,Alimentação,95.67,2025-02-09,True
E0011857,T003868,Transporte terrestre,87.86,2025-02-09,True
E0011858,T003868,Ajuste de reembolso,14.82,2025-02-26,False
E0011859,T003870,Alimentação,155.46,2025-12-22,True
E0011860,T003870,Transporte terrestre,85.33,2025-12-22,True
E0011861,T003870,Pedágio,55.72,2025-12-22,True
E0011862,T003870,Ajuste de reembolso,35.25,2026-01-09,False
E0011863,T003871,Alimentação,408.12,2025-10-09,True
E0011864,T003871,Transporte terrestre,246.66,2025-10-09,True
E0011865,T003871,Ajuste de reembolso,-23.08,2025-10-23,False
E0011866,T003872,Alimentação,251.2,2024-05-20,True
E0011867,T003872,Transporte terrestre,120.59,2024-05-20,True
E0011868,T003872,Ajuste de reembolso,26.44,2024-05-30,False
E0011869,T003873,Alimentação,119.76,2025-05-02,True
E0011870,T003873,Transporte terrestre,71.21,2025-05-02,True
E0011871,T003873,Ajuste de reembolso,29.23,2025-05-21,False
E0011872,T003874,Alimentação,176.91,2024-12-22,True
E0011873,T003874,Transporte terrestre,253.23,2024-12-22,True
E0011874,T003874,Ajuste de reembolso,35.92,2024-12-31,False
E0011875,T003875,Alimentação,145.34,2025-10-29,True
E0011876,T003875,Transporte terrestre,61.95,2025-10-29,True
E0011877,T003875,Ajuste de reembolso,-8.57,2025-11-09,False
E0011878,T003876,Alimentação,433.28,2025-08-26,True
E0011879,T003876,Transporte terrestre,267.62,2025-08-26,True
E0011880,T003876,Ajuste de reembolso,-1.38,2025-09-08,False
E0011881,T003877,Alimentação,133.2,2024-08-20,True
E0011882,T003877,Transporte terrestre,51.17,2024-08-20,True
E0011883,T003877,Ajuste de reembolso,-5.42,2024-09-03,False
E0011884,T003878,Alimentação,53.3,2024-04-22,True
E0011885,T003878,Transporte terrestre,69.7,2024-04-22,True
E0011886,T003878,Ajuste de reembolso,5.42,2024-04-24,False
E0011887,T003879,Alimentação,265.4,2024-04-26,True
E0011888,T003879,Transporte terrestre,193.22,2024-04-26,True
E0011889,T003879,Ajuste de reembolso,25.16,2024-05-03,False
E0011890,T003880,Alimentação,163.3,2025-10-21,True
E0011891,T003880,Transporte terrestre,256.0,2025-10-21,True
E0011892,T003880,Ajuste de reembolso,42.6,2025-10-25,False
E0011893,T003881,Alimentação,510.82,2025-11-25,True
E0011894,T003881,Transporte terrestre,398.72,2025-11-25,True
E0011895,T003881,Ajuste de reembolso,4.78,2025-12-15,False
E0011896,T003882,Alimentação,305.94,2024-06-02,True
E0011897,T003882,Transporte terrestre,137.72,2024-06-02,True
E0011898,T003882,Ajuste de reembolso,25.87,2024-06-12,False
E0011899,T003883,Alimentação,98.09,2024-10-21,True
E0011900,T003883,Transporte terrestre,200.79,2024-10-21,True
E0011901,T003883,Ajuste de reembolso,5.19,2024-10-28,False
E0011902,T003884,Alimentação,90.63,2024-08-28,True
E0011903,T003884,Transporte terrestre,48.76,2024-08-28,True
E0011904,T003884,Ajuste de reembolso,-6.5,2024-09-08,False
E0011905,T003885,Alimentação,298.42,2024-12-25,True
E0011906,T003885,Transporte terrestre,321.09,2024-12-25,True
E0011907,T003885,Ajuste de reembolso,-0.07,2025-01-07,False
E0011908,T003886,Alimentação,384.52,2025-12-25,True
E0011909,T003886,Transporte terrestre,206.07,2025-12-25,True
E0011910,T003886,Ajuste de reembolso,33.26,2026-01-05,False
E0011911,T003887,Alimentação,238.12,2024-06-29,True
E0011912,T003887,Transporte terrestre,263.17,2024-06-29,True
E0011913,T003887,Ajuste de reembolso,18.89,2024-07-05,False
E0011914,T003888,Alimentação,96.01,2025-01-14,True
E0011915,T003888,Transporte terrestre,51.82,2025-01-14,True
E0011916,T003888,Outros,68.45,2025-01-14,True
E0011917,T003888,Ajuste de reembolso,26.95,2025-01-23,False
E0011918,T003889,Alimentação,469.06,2025-10-07,True
E0011919,T003889,Transporte terrestre,208.57,2025-10-07,True
E0011920,T003889,Ajuste de reembolso,0.28,2025-10-17,False
E0011921,T003890,Alimentação,302.24,2025-04-25,True
E0011922,T003890,Transporte terrestre,147.43,2025-04-25,True
E0011923,T003890,Ajuste de reembolso,-23.07,2025-04-28,False
E0011924,T003891,Alimentação,664.57,2025-10-23,True
E0011925,T003891,Transporte terrestre,261.18,2025-10-23,True
E0011926,T003891,Ajuste de reembolso,19.21,2025-11-03,False
E0011927,T003892,Alimentação,156.03,2025-04-16,True
E0011928,T003892,Transporte terrestre,177.55,2025-04-16,True
E0011929,T003892,Ajuste de reembolso,-9.76,2025-04-21,False
E0011930,T003893,Alimentação,458.39,2024-04-05,True
E0011931,T003893,Transporte terrestre,335.86,2024-04-05,True
E0011932,T003893,Ajuste de reembolso,22.35,2024-04-15,False
E0011933,T003894,Alimentação,531.08,2025-04-05,True
E0011934,T003894,Transporte terrestre,283.21,2025-04-05,True
E0011935,T003894,Ajuste de reembolso,30.12,2025-04-19,False
E0011936,T003895,Alimentação,839.77,2024-05-19,True
E0011937,T003895,Transporte terrestre,289.13,2024-05-19,True
E0011938,T003895,Ajuste de reembolso,42.0,2024-06-05,False
E0011939,T003896,Alimentação,324.24,2024-06-21,True
E0011940,T003896,Transporte terrestre,211.98,2024-06-21,True
E0011941,T003896,Ajuste de reembolso,30.73,2024-06-29,False
E0011942,T003897,Alimentação,507.05,2024-11-10,True
E0011943,T003897,Transporte terrestre,333.94,2024-11-10,True
E0011944,T003897,Ajuste de reembolso,-22.58,2024-11-24,False
E0011945,T003898,Alimentação,311.75,2024-11-15,True
E0011946,T003898,Transporte terrestre,197.25,2024-11-15,True
E0011947,T003898,Ajuste de reembolso,-7.59,2024-12-02,False
E0011948,T003899,Alimentação,245.74,2024-07-29,True
E0011949,T003899,Transporte terrestre,128.92,2024-07-29,True
E0011950,T003899,Ajuste de reembolso,5.53,2024-08-06,False
E0011951,T003900,Alimentação,414.28,2024-04-30,True
E0011952,T003900,Transporte terrestre,231.76,2024-04-30,True
E0011953,T003900,Ajuste de reembolso,-8.08,2024-05-10,False
E0011954,T003901,Alimentação,65.41,2025-04-22,True
E0011955,T003901,Transporte terrestre,45.5,2025-04-22,True
E0011956,T003901,Taxa,61.19,2025-04-22,True
E0011957,T003901,Ajuste de reembolso,-11.82,2025-05-09,False
E0011958,T003902,Alimentação,281.2,2025-02-08,True
E0011959,T003902,Transporte terrestre,200.76,2025-02-08,True
E0011960,T003902,Ajuste de reembolso,42.38,2025-02-18,False
E0011961,T003903,Alimentação,182.73,2024-04-08,True
E0011962,T003903,Transporte terrestre,221.07,2024-04-08,True
E0011963,T003903,Outros,57.74,2024-04-08,True
E0011964,T003903,Ajuste de reembolso,-9.31,2024-04-18,False
E0011965,T003904,Alimentação,116.26,2025-08-03,True
E0011966,T003904,Transporte terrestre,76.54,2025-08-03,True
E0011967,T003904,Ajuste de reembolso,20.99,2025-08-14,False
E0011968,T003905,Alimentação,199.36,2024-06-25,True
E0011969,T003905,Transporte terrestre,199.27,2024-06-25,True
E0011970,T003905,Ajuste de reembolso,24.93,2024-07-15,False
E0011971,T003906,Alimentação,466.29,2024-12-16,True
E0011972,T003906,Transporte terrestre,286.41,2024-12-16,True
E0011973,T003906,Ajuste de reembolso,15.46,2024-12-25,False
E0011974,T003907,Alimentação,224.57,2024-11-13,True
E0011975,T003907,Transporte terrestre,205.38,2024-11-13,True
E0011976,T003907,Ajuste de reembolso,-12.73,2024-11-26,False
E0011977,T003908,Alimentação,183.04,2025-11-20,True
E0011978,T003908,Transporte terrestre,85.72,2025-11-20,True
E0011979,T003908,Ajuste de reembolso,14.11,2025-11-22,False
E0011980,T003909,Alimentação,180.77,2025-08-25,True
E0011981,T003909,Transporte terrestre,133.11,2025-08-25,True
E0011982,T003909,Ajuste de reembolso,29.61,2025-09-05,False
E0011983,T003910,Alimentação,325.58,2025-09-16,True
E0011984,T003910,Transporte terrestre,276.17,2025-09-16,True
E0011985,T003910,Ajuste de reembolso,29.47,2025-09-25,False
E0011986,T003911,Alimentação,1041.14,2024-02-10,True
E0011987,T003911,Transporte terrestre,399.12,2024-02-10,True
E0011988,T003911,Ajuste de reembolso,37.32,2024-02-19,False
E0011989,T003912,Alimentação,484.44,2025-12-12,True
E0011990,T003912,Transporte terrestre,284.11,2025-12-12,True
E0011991,T003912,Ajuste de reembolso,41.92,2025-12-28,False
E0011992,T003913,Alimentação,251.19,2025-11-09,True
E0011993,T003913,Transporte terrestre,403.29,2025-11-09,True
E0011994,T003913,Ajuste de reembolso,37.45,2025-11-13,False
E0011995,T003914,Alimentação,509.12,2025-11-21,True
E0011996,T003914,Transporte terrestre,423.54,2025-11-21,True
E0011997,T003914,Ajuste de reembolso,-11.09,2025-12-05,False
E0011998,T003915,Alimentação,564.13,2024-05-24,True
E0011999,T003915,Transporte terrestre,241.33,2024-05-24,True
E0012000,T003915,Ajuste de reembolso,6.07,2024-06-04,False
E0012001,T003916,Alimentação,128.37,2025-02-23,True
E0012002,T003916,Transporte terrestre,83.23,2025-02-23,True
E0012003,T003916,Ajuste de reembolso,26.59,2025-03-03,False
E0012004,T003917,Alimentação,193.8,2025-04-22,True
E0012005,T003917,Transporte terrestre,231.64,2025-04-22,True
E0012006,T003917,Ajuste de reembolso,7.32,2025-05-11,False
E0012007,T003918,Alimentação,230.74,2025-06-08,True
E0012008,T003918,Transporte terrestre,188.7,2025-06-08,True
E0012009,T003918,Ajuste de reembolso,-20.03,2025-06-27,False
E0012010,T003919,Alimentação,472.26,2025-05-02,True
E0012011,T003919,Transporte terrestre,247.99,2025-05-02,True
E0012012,T003919,Pedágio,219.39,2025-05-02,True
E0012013,T003919,Ajuste de reembolso,41.39,2025-05-20,False
E0012014,T003920,Alimentação,164.34,2024-04-26,True
E0012015,T003920,Transporte terrestre,123.22,2024-04-26,True
E0012016,T003920,Ajuste de reembolso,-0.28,2024-05-02,False
E0012017,T003921,Alimentação,152.7,2024-09-07,True
E0012018,T003921,Transporte terrestre,163.25,2024-09-07,True
E0012019,T003921,Pedágio,159.43,2024-09-07,True
E0012020,T003921,Ajuste de reembolso,39.33,2024-09-16,False
E0012021,T003922,Alimentação,350.14,2024-03-21,True
E0012022,T003922,Transporte terrestre,190.72,2024-03-21,True
E0012023,T003922,Ajuste de reembolso,34.98,2024-03-24,False
E0012024,T003923,Alimentação,127.51,2024-07-23,True
E0012025,T003923,Transporte terrestre,219.79,2024-07-23,True
E0012026,T003923,Estacionamento,56.88,2024-07-23,True
E0012027,T003923,Ajuste de reembolso,42.58,2024-08-03,False
E0012028,T003924,Alimentação,167.81,2024-01-24,True
E0012029,T003924,Transporte terrestre,159.12,2024-01-24,True
E0012030,T003924,Pedágio,243.13,2024-01-24,True
E0012031,T003924,Ajuste de reembolso,21.67,2024-02-05,False
E0012032,T003925,Alimentação,463.63,2025-07-05,True
E0012033,T003925,Transporte terrestre,318.97,2025-07-05,True
E0012034,T003925,Ajuste de reembolso,18.77,2025-07-13,False
E0012035,T003926,Alimentação,505.53,2024-08-21,True
E0012036,T003926,Transporte terrestre,327.35,2024-08-21,True
E0012037,T003926,Ajuste de reembolso,21.65,2024-09-03,False
E0012038,T003927,Alimentação,365.5,2024-11-17,True
E0012039,T003927,Transporte terrestre,145.71,2024-11-17,True
E0012040,T003927,Ajuste de reembolso,-11.52,2024-11-27,False
E0012041,T003928,Alimentação,243.36,2024-01-13,True
E0012042,T003928,Transporte terrestre,340.49,2024-01-13,True
E0012043,T003928,Ajuste de reembolso,23.54,2024-01-24,False
E0012044,T003929,Alimentação,317.52,2024-04-08,True
E0012045,T003929,Transporte terrestre,146.56,2024-04-08,True
E0012046,T003929,Taxa,258.46,2024-04-08,True
E0012047,T003929,Ajuste de reembolso,-16.8,2024-04-19,False
E0012048,T003930,Alimentação,84.39,2025-05-28,True
E0012049,T003930,Transporte terrestre,56.24,2025-05-28,True
E0012050,T003930,Outros,122.55,2025-05-28,True
E0012051,T003930,Ajuste de reembolso,10.97,2025-06-12,False
E0012052,T003931,Alimentação,333.7,2024-05-01,True
E0012053,T003931,Transporte terrestre,315.37,2024-05-01,True
E0012054,T003931,Ajuste de reembolso,22.55,2024-05-14,False
E0012055,T003932,Alimentação,224.68,2025-10-15,True
E0012056,T003932,Transporte terrestre,162.66,2025-10-15,True
E0012057,T003932,Ajuste de reembolso,26.28,2025-10-29,False
E0012058,T003933,Alimentação,108.24,2025-08-05,True
E0012059,T003933,Transporte terrestre,87.58,2025-08-05,True
E0012060,T003933,Ajuste de reembolso,-10.26,2025-08-17,False
E0012061,T003934,Alimentação,211.26,2025-02-05,True
E0012062,T003934,Transporte terrestre,179.92,2025-02-05,True
E0012063,T003934,Outros,132.55,2025-02-05,True
E0012064,T003934,Ajuste de reembolso,42.71,2025-02-09,False
E0012065,T003935,Alimentação,128.67,2024-07-31,True
E0012066,T003935,Transporte terrestre,55.45,2024-07-31,True
E0012067,T003935,Ajuste de reembolso,37.33,2024-08-15,False
E0012068,T003936,Alimentação,216.98,2024-05-19,True
E0012069,T003936,Transporte terrestre,136.67,2024-05-19,True
E0012070,T003936,Ajuste de reembolso,-17.35,2024-05-31,False
E0012071,T003937,Alimentação,147.01,2025-08-30,True
E0012072,T003937,Transporte terrestre,132.51,2025-08-30,True
E0012073,T003937,Ajuste de reembolso,16.2,2025-09-07,False
E0012074,T003938,Alimentação,100.26,2025-10-27,True
E0012075,T003938,Transporte terrestre,46.86,2025-10-27,True
E0012076,T003938,Ajuste de reembolso,38.6,2025-11-08,False
E0012077,T003939,Alimentação,1038.7,2024-03-01,True
E0012078,T003939,Transporte terrestre,335.75,2024-03-01,True
E0012079,T003939,Ajuste de reembolso,39.62,2024-03-11,False
E0012080,T003940,Alimentação,120.17,2024-09-14,True
E0012081,T003940,Transporte terrestre,272.38,2024-09-14,True
E0012082,T003940,Ajuste de reembolso,36.15,2024-09-29,False
E0012083,T003941,Alimentação,211.56,2024-05-26,True
E0012084,T003941,Transporte terrestre,143.74,2024-05-26,True
E0012085,T003941,Ajuste de reembolso,38.85,2024-06-05,False
E0012086,T003942,Alimentação,520.17,2024-03-02,True
E0012087,T003942,Transporte terrestre,350.74,2024-03-02,True
E0012088,T003942,Ajuste de reembolso,-1.62,2024-03-10,False
E0012089,T003943,Alimentação,590.72,2024-10-13,True
E0012090,T003943,Transporte terrestre,435.81,2024-10-13,True
E0012091,T003943,Ajuste de reembolso,-12.71,2024-10-28,False
E0012092,T003944,Alimentação,394.66,2024-06-27,True
E0012093,T003944,Transporte terrestre,177.36,2024-06-27,True
E0012094,T003944,Ajuste de reembolso,11.46,2024-07-03,False
E0012095,T003945,Alimentação,64.96,2025-09-14,True
E0012096,T003945,Transporte terrestre,93.88,2025-09-14,True
E0012097,T003945,Ajuste de reembolso,31.63,2025-10-03,False
E0012098,T003946,Alimentação,773.89,2024-04-23,True
E0012099,T003946,Transporte terrestre,240.83,2024-04-23,True
E0012100,T003946,Ajuste de reembolso,19.83,2024-04-30,False
E0012101,T003947,Alimentação,262.7,2025-10-05,True
E0012102,T003947,Transporte terrestre,297.98,2025-10-05,True
E0012103,T003947,Ajuste de reembolso,31.78,2025-10-16,False
E0012104,T003948,Alimentação,327.49,2024-01-19,True
E0012105,T003948,Transporte terrestre,169.44,2024-01-19,True
E0012106,T003948,Ajuste de reembolso,-17.31,2024-02-01,False
E0012107,T003949,Alimentação,182.63,2024-05-12,True
E0012108,T003949,Transporte terrestre,204.12,2024-05-12,True
E0012109,T003949,Ajuste de reembolso,43.12,2024-05-22,False
E0012110,T003950,Alimentação,587.65,2025-10-31,True
E0012111,T003950,Transporte terrestre,397.5,2025-10-31,True
E0012112,T003950,Ajuste de reembolso,13.2,2025-11-15,False
E0012113,T003951,Alimentação,720.19,2024-05-12,True
E0012114,T003951,Transporte terrestre,371.15,2024-05-12,True
E0012115,T003951,Ajuste de reembolso,-7.3,2024-05-26,False
E0012116,T003952,Alimentação,187.18,2025-01-14,True
E0012117,T003952,Transporte terrestre,255.13,2025-01-14,True
E0012118,T003952,Ajuste de reembolso,14.34,2025-01-20,False
E0012119,T003953,Alimentação,316.75,2024-07-30,True
E0012120,T003953,Transporte terrestre,275.76,2024-07-30,True
E0012121,T003953,Ajuste de reembolso,-20.31,2024-08-05,False
E0012122,T003954,Alimentação,314.89,2025-02-26,True
E0012123,T003954,Transporte terrestre,333.54,2025-02-26,True
E0012124,T003954,Ajuste de reembolso,40.25,2025-03-10,False
E0012125,T003955,Alimentação,194.83,2025-03-04,True
E0012126,T003955,Transporte terrestre,106.95,2025-03-04,True
E0012127,T003955,Ajuste de reembolso,-24.88,2025-03-17,False
E0012128,T003956,Alimentação,355.64,2024-12-10,True
E0012129,T003956,Transporte terrestre,129.37,2024-12-10,True
E0012130,T003956,Ajuste de reembolso,-9.08,2024-12-22,False
E0012131,T003957,Alimentação,266.73,2025-02-04,True
E0012132,T003957,Transporte terrestre,153.86,2025-02-04,True
E0012133,T003957,Ajuste de reembolso,39.09,2025-02-15,False
E0012134,T003958,Alimentação,63.74,2024-09-21,True
E0012135,T003958,Transporte terrestre,75.91,2024-09-21,True
E0012136,T003958,Ajuste de reembolso,26.7,2024-09-24,False
E0012137,T003959,Alimentação,665.8,2025-02-12,True
E0012138,T003959,Transporte terrestre,302.19,2025-02-12,True
E0012139,T003959,Ajuste de reembolso,26.67,2025-02-18,False
E0012140,T003960,Alimentação,199.43,2024-06-18,True
E0012141,T003960,Transporte terrestre,201.19,2024-06-18,True
E0012142,T003960,Ajuste de reembolso,-9.13,2024-06-25,False
E0012143,T003961,Alimentação,144.87,2024-09-03,True
E0012144,T003961,Transporte terrestre,124.37,2024-09-03,True
E0012145,T003961,Ajuste de reembolso,-24.34,2024-09-13,False
E0012146,T003962,Alimentação,201.28,2025-05-02,True
E0012147,T003962,Transporte terrestre,162.22,2025-05-02,True
E0012148,T003962,Ajuste de reembolso,24.77,2025-05-23,False
E0012149,T003963,Alimentação,376.87,2024-09-06,True
E0012150,T003963,Transporte terrestre,311.04,2024-09-06,True
E0012151,T003963,Ajuste de reembolso,13.64,2024-09-20,False
E0012152,T003964,Alimentação,376.88,2024-10-02,True
E0012153,T003964,Transporte terrestre,332.45,2024-10-02,True
E0012154,T003964,Ajuste de reembolso,30.07,2024-10-10,False
E0012155,T003965,Alimentação,210.13,2024-11-24,True
E0012156,T003965,Transporte terrestre,167.9,2024-11-24,True
E0012157,T003965,Ajuste de reembolso,-20.47,2024-12-04,False
E0012158,T003966,Alimentação,303.53,2025-04-25,True
E0012159,T003966,Transporte terrestre,391.1,2025-04-25,True
E0012160,T003966,Ajuste de reembolso,3.28,2025-05-08,False
E0012161,T003967,Alimentação,645.36,2024-06-29,True
E0012162,T003967,Transporte terrestre,634.99,2024-06-29,True
E0012163,T003967,Outros,193.28,2024-06-29,True
E0012164,T003967,Ajuste de reembolso,38.03,2024-07-18,False
E0012165,T003968,Alimentação,125.23,2024-07-14,True
E0012166,T003968,Transporte terrestre,133.93,2024-07-14,True
E0012167,T003968,Ajuste de reembolso,36.1,2024-07-17,False
E0012168,T003969,Alimentação,202.34,2025-07-18,True
E0012169,T003969,Transporte terrestre,422.32,2025-07-18,True
E0012170,T003969,Ajuste de reembolso,21.25,2025-07-30,False
E0012171,T003970,Alimentação,255.0,2024-07-14,True
E0012172,T003970,Transporte terrestre,184.71,2024-07-14,True
E0012173,T003970,Outros,262.68,2024-07-14,True
E0012174,T003970,Ajuste de reembolso,2.45,2024-07-21,False
E0012175,T003971,Alimentação,364.19,2024-02-26,True
E0012176,T003971,Transporte terrestre,199.82,2024-02-26,True
E0012177,T003971,Ajuste de reembolso,-11.04,2024-03-06,False
E0012178,T003972,Alimentação,641.96,2025-06-01,True
E0012179,T003972,Transporte terrestre,384.42,2025-06-01,True
E0012180,T003972,Ajuste de reembolso,13.44,2025-06-14,False
E0012181,T003973,Alimentação,401.18,2024-03-23,True
E0012182,T003973,Transporte terrestre,285.47,2024-03-23,True
E0012183,T003973,Taxa,151.42,2024-03-23,True
E0012184,T003973,Ajuste de reembolso,13.86,2024-04-01,False
E0012185,T003974,Alimentação,276.32,2024-05-08,True
E0012186,T003974,Transporte terrestre,148.28,2024-05-08,True
E0012187,T003974,Ajuste de reembolso,8.2,2024-05-18,False
E0012188,T003975,Alimentação,387.16,2024-10-18,True
E0012189,T003975,Transporte terrestre,423.57,2024-10-18,True
E0012190,T003975,Ajuste de reembolso,8.16,2024-10-22,False
E0012191,T003976,Alimentação,311.88,2025-06-07,True
E0012192,T003976,Transporte terrestre,203.03,2025-06-07,True
E0012193,T003976,Ajuste de reembolso,-7.56,2025-06-24,False
E0012194,T003977,Alimentação,379.25,2024-04-07,True
E0012195,T003977,Transporte terrestre,227.41,2024-04-07,True
E0012196,T003977,Ajuste de reembolso,10.17,2024-04-24,False
E0012197,T003978,Alimentação,520.22,2025-05-20,True
E0012198,T003978,Transporte terrestre,586.43,2025-05-20,True
E0012199,T003978,Ajuste de reembolso,-11.03,2025-05-28,False
E0012200,T003979,Alimentação,398.97,2025-11-09,True
E0012201,T003979,Transporte terrestre,349.2,2025-11-09,True
E0012202,T003979,Estacionamento,40.85,2025-11-09,True
E0012203,T003979,Ajuste de reembolso,38.5,2025-11-25,False
E0012204,T003980,Alimentação,589.68,2024-11-21,True
E0012205,T003980,Transporte terrestre,391.84,2024-11-21,True
E0012206,T003980,Ajuste de reembolso,-22.74,2024-12-11,False
E0012207,T003981,Alimentação,297.1,2024-09-05,True
E0012208,T003981,Transporte terrestre,138.26,2024-09-05,True
E0012209,T003981,Ajuste de reembolso,36.03,2024-09-17,False
E0012210,T003982,Alimentação,324.97,2025-05-10,True
E0012211,T003982,Transporte terrestre,197.85,2025-05-10,True
E0012212,T003982,Ajuste de reembolso,-1.04,2025-05-13,False
E0012213,T003983,Alimentação,174.44,2025-03-23,True
E0012214,T003983,Transporte terrestre,177.89,2025-03-23,True
E0012215,T003983,Outros,56.17,2025-03-23,True
E0012216,T003983,Ajuste de reembolso,14.04,2025-04-10,False
E0012217,T003984,Alimentação,151.49,2024-09-19,True
E0012218,T003984,Transporte terrestre,183.71,2024-09-19,True
E0012219,T003984,Ajuste de reembolso,-23.92,2024-09-27,False
E0012220,T003985,Alimentação,143.71,2024-04-06,True
E0012221,T003985,Transporte terrestre,87.75,2024-04-06,True
E0012222,T003985,Ajuste de reembolso,14.42,2024-04-09,False
E0012223,T003986,Alimentação,502.36,2025-05-20,True
E0012224,T003986,Transporte terrestre,587.82,2025-05-20,True
E0012225,T003986,Ajuste de reembolso,44.11,2025-06-03,False
E0012226,T003987,Alimentação,696.45,2024-08-20,True
E0012227,T003987,Transporte terrestre,256.9,2024-08-20,True
E0012228,T003987,Ajuste de reembolso,15.13,2024-09-01,False
E0012229,T003988,Alimentação,475.73,2024-06-13,True
E0012230,T003988,Transporte terrestre,186.39,2024-06-13,True
E0012231,T003988,Ajuste de reembolso,26.29,2024-06-25,False
E0012232,T003989,Alimentação,160.58,2025-09-18,True
E0012233,T003989,Transporte terrestre,190.08,2025-09-18,True
E0012234,T003989,Ajuste de reembolso,-4.52,2025-09-27,False
E0012235,T003990,Alimentação,145.19,2024-11-17,True
E0012236,T003990,Transporte terrestre,127.03,2024-11-17,True
E0012237,T003990,Ajuste de reembolso,22.4,2024-11-28,False
E0012238,T003991,Alimentação,179.08,2024-09-07,True
E0012239,T003991,Transporte terrestre,231.47,2024-09-07,True
E0012240,T003991,Ajuste de reembolso,-9.51,2024-09-19,False
E0012241,T003992,Alimentação,359.2,2025-03-03,True
E0012242,T003992,Transporte terrestre,201.64,2025-03-03,True
E0012243,T003992,Ajuste de reembolso,30.31,2025-03-20,False
E0012244,T003993,Alimentação,332.19,2025-02-14,True
E0012245,T003993,Transporte terrestre,183.97,2025-02-14,True
E0012246,T003993,Ajuste de reembolso,30.52,2025-02-26,False
E0012247,T003994,Alimentação,58.72,2024-03-29,True
E0012248,T003994,Transporte terrestre,45.49,2024-03-29,True
E0012249,T003994,Ajuste de reembolso,36.75,2024-04-11,False
E0012250,T003995,Alimentação,587.88,2024-08-15,True
E0012251,T003995,Transporte terrestre,192.95,2024-08-15,True
E0012252,T003995,Pedágio,92.42,2024-08-15,True
E0012253,T003995,Ajuste de reembolso,13.8,2024-09-03,False
E0012254,T003996,Alimentação,391.88,2025-09-30,True
E0012255,T003996,Transporte terrestre,324.29,2025-09-30,True
E0012256,T003996,Estacionamento,258.55,2025-09-30,True
E0012257,T003996,Ajuste de reembolso,-18.26,2025-10-13,False
E0012258,T003997,Alimentação,106.05,2025-02-18,True
E0012259,T003997,Transporte terrestre,72.07,2025-02-18,True
E0012260,T003997,Ajuste de reembolso,21.79,2025-02-26,False
E0012261,T003998,Alimentação,278.9,2025-05-16,True
E0012262,T003998,Transporte terrestre,140.85,2025-05-16,True
E0012263,T003998,Ajuste de reembolso,-23.58,2025-05-28,False
E0012264,T003999,Alimentação,259.36,2025-11-02,True
E0012265,T003999,Transporte terrestre,318.78,2025-11-02,True
E0012266,T003999,Ajuste de reembolso,6.86,2025-11-14,False
E0012267,T004000,Alimentação,75.26,2025-08-05,True
E0012268,T004000,Transporte terrestre,135.4,2025-08-05,True
E0012269,T004000,Ajuste de reembolso,27.74,2025-08-18,False
E0012270,T004001,Alimentação,737.81,2025-04-18,True
E0012271,T004001,Transporte terrestre,392.86,2025-04-18,True
E0012272,T004001,Ajuste de reembolso,-16.01,2025-05-01,False
E0012273,T004002,Alimentação,212.44,2024-04-06,True
E0012274,T004002,Transporte terrestre,197.3,2024-04-06,True
E0012275,T004002,Ajuste de reembolso,-8.02,2024-04-13,False
E0012276,T004003,Alimentação,102.76,2025-03-29,True
E0012277,T004003,Transporte terrestre,63.73,2025-03-29,True
E0012278,T004003,Ajuste de reembolso,-12.29,2025-04-06,False
E0012279,T004004,Alimentação,167.41,2025-11-03,True
E0012280,T004004,Transporte terrestre,98.81,2025-11-03,True
E0012281,T004004,Ajuste de reembolso,7.16,2025-11-12,False
E0012282,T004005,Alimentação,315.78,2025-06-26,True
E0012283,T004005,Transporte terrestre,262.17,2025-06-26,True
E0012284,T004005,Ajuste de reembolso,20.38,2025-06-30,False
E0012285,T004006,Alimentação,132.82,2025-06-09,True
E0012286,T004006,Transporte terrestre,82.63,2025-06-09,True
E0012287,T004006,Ajuste de reembolso,0.98,2025-06-26,False
E0012288,T004007,Alimentação,388.26,2025-11-10,True
E0012289,T004007,Transporte terrestre,197.97,2025-11-10,True
E0012290,T004007,Ajuste de reembolso,10.73,2025-11-19,False
E0012291,T004008,Alimentação,262.85,2025-11-12,True
E0012292,T004008,Transporte terrestre,107.21,2025-11-12,True
E0012293,T004008,Ajuste de reembolso,16.13,2025-11-23,False
E0012294,T004009,Alimentação,343.01,2025-12-22,True
E0012295,T004009,Transporte terrestre,288.28,2025-12-22,True
E0012296,T004009,Ajuste de reembolso,-17.68,2025-12-28,False
E0012297,T004010,Alimentação,292.94,2025-09-11,True
E0012298,T004010,Transporte terrestre,194.24,2025-09-11,True
E0012299,T004010,Ajuste de reembolso,33.78,2025-09-23,False
E0012300,T004011,Alimentação,344.51,2025-10-11,True
E0012301,T004011,Transporte terrestre,205.16,2025-10-11,True
E0012302,T004011,Ajuste de reembolso,-21.65,2025-10-30,False
E0012303,T004012,Alimentação,456.4,2024-03-06,True
E0012304,T004012,Transporte terrestre,306.57,2024-03-06,True
E0012305,T004012,Ajuste de reembolso,-8.0,2024-03-16,False
E0012306,T004013,Alimentação,199.11,2024-02-03,True
E0012307,T004013,Transporte terrestre,125.67,2024-02-03,True
E0012308,T004013,Ajuste de reembolso,-10.44,2024-02-13,False
E0012309,T004014,Alimentação,673.61,2025-04-16,True
E0012310,T004014,Transporte terrestre,295.42,2025-04-16,True
E0012311,T004014,Ajuste de reembolso,44.85,2025-05-05,False
E0012312,T004015,Alimentação,602.13,2025-08-23,True
E0012313,T004015,Transporte terrestre,302.01,2025-08-23,True
E0012314,T004015,Ajuste de reembolso,-23.39,2025-09-06,False
E0012315,T004016,Alimentação,240.73,2025-07-24,True
E0012316,T004016,Transporte terrestre,125.17,2025-07-24,True
E0012317,T004016,Ajuste de reembolso,-2.7,2025-07-28,False
E0012318,T004017,Alimentação,515.37,2025-09-21,True
E0012319,T004017,Transporte terrestre,229.03,2025-09-21,True
E0012320,T004017,Ajuste de reembolso,13.1,2025-10-02,False
E0012321,T004018,Alimentação,551.31,2025-06-13,True
E0012322,T004018,Transporte terrestre,515.92,2025-06-13,True
E0012323,T004018,Ajuste de reembolso,12.77,2025-06-21,False
E0012324,T004019,Alimentação,72.59,2024-11-05,True
E0012325,T004019,Transporte terrestre,56.3,2024-11-05,True
E0012326,T004019,Ajuste de reembolso,38.96,2024-11-20,False
E0012327,T004020,Alimentação,75.44,2025-11-10,True
E0012328,T004020,Transporte terrestre,58.27,2025-11-10,True
E0012329,T004020,Ajuste de reembolso,30.04,2025-11-20,False
E0012330,T004021,Alimentação,140.78,2025-05-01,True
E0012331,T004021,Transporte terrestre,120.84,2025-05-01,True
E0012332,T004021,Ajuste de reembolso,-4.77,2025-05-16,False
E0012333,T004022,Alimentação,362.52,2024-01-01,True
E0012334,T004022,Transporte terrestre,183.22,2024-01-01,True
E0012335,T004022,Ajuste de reembolso,-9.16,2024-01-11,False
E0012336,T004023,Alimentação,223.42,2025-10-31,True
E0012337,T004023,Transporte terrestre,120.23,2025-10-31,True
E0012338,T004023,Ajuste de reembolso,-3.19,2025-11-03,False
E0012339,T004024,Alimentação,335.76,2025-02-19,True
E0012340,T004024,Transporte terrestre,224.07,2025-02-19,True
E0012341,T004024,Ajuste de reembolso,41.64,2025-03-03,False
E0012342,T004025,Alimentação,204.89,2025-06-07,True
E0012343,T004025,Transporte terrestre,165.65,2025-06-07,True
E0012344,T004025,Ajuste de reembolso,-13.98,2025-06-14,False
E0012345,T004026,Alimentação,103.67,2024-01-08,True
E0012346,T004026,Transporte terrestre,80.9,2024-01-08,True
E0012347,T004026,Ajuste de reembolso,-14.66,2024-01-20,False
E0012348,T004027,Alimentação,332.03,2024-06-24,True
E0012349,T004027,Transporte terrestre,167.08,2024-06-24,True
E0012350,T004027,Ajuste de reembolso,-17.67,2024-06-30,False
E0012351,T004028,Alimentação,417.95,2025-04-05,True
E0012352,T004028,Transporte terrestre,237.85,2025-04-05,True
E0012353,T004028,Taxa,260.74,2025-04-05,True
E0012354,T004028,Ajuste de reembolso,1.5,2025-04-11,False
E0012355,T004029,Alimentação,177.09,2025-09-20,True
E0012356,T004029,Transporte terrestre,103.89,2025-09-20,True
E0012357,T004029,Ajuste de reembolso,-11.47,2025-10-03,False
E0012358,T004030,Alimentação,256.43,2024-09-26,True
E0012359,T004030,Transporte terrestre,308.62,2024-09-26,True
E0012360,T004030,Taxa,44.95,2024-09-26,True
E0012361,T004030,Ajuste de reembolso,44.68,2024-10-08,False
E0012362,T004031,Alimentação,378.28,2024-08-20,True
E0012363,T004031,Transporte terrestre,293.22,2024-08-20,True
E0012364,T004031,Taxa,159.42,2024-08-20,True
E0012365,T004031,Ajuste de reembolso,-9.27,2024-09-08,False
E0012366,T004032,Alimentação,280.51,2025-10-18,True
E0012367,T004032,Transporte terrestre,147.04,2025-10-18,True
E0012368,T004032,Ajuste de reembolso,2.06,2025-10-30,False
E0012369,T004033,Alimentação,89.04,2024-09-17,True
E0012370,T004033,Transporte terrestre,47.1,2024-09-17,True
E0012371,T004033,Ajuste de reembolso,11.1,2024-09-21,False
E0012372,T004034,Alimentação,168.16,2025-06-12,True
E0012373,T004034,Transporte terrestre,96.03,2025-06-12,True
E0012374,T004034,Estacionamento,155.33,2025-06-12,True
E0012375,T004034,Ajuste de reembolso,-5.85,2025-06-25,False
E0012376,T004035,Alimentação,356.94,2024-11-08,True
E0012377,T004035,Transporte terrestre,295.31,2024-11-08,True
E0012378,T004035,Ajuste de reembolso,-17.64,2024-11-20,False
E0012379,T004036,Alimentação,379.49,2024-12-19,True
E0012380,T004036,Transporte terrestre,289.47,2024-12-19,True
E0012381,T004036,Taxa,163.83,2024-12-19,True
E0012382,T004036,Ajuste de reembolso,18.17,2025-01-03,False
E0012383,T004037,Alimentação,141.53,2024-08-23,True
E0012384,T004037,Transporte terrestre,70.39,2024-08-23,True
E0012385,T004037,Ajuste de reembolso,-14.06,2024-09-11,False
E0012386,T004038,Alimentação,401.08,2025-09-22,True
E0012387,T004038,Transporte terrestre,208.73,2025-09-22,True
E0012388,T004038,Outros,244.17,2025-09-22,True
E0012389,T004038,Ajuste de reembolso,0.28,2025-09-29,False
E0012390,T004039,Alimentação,760.01,2024-12-02,True
E0012391,T004039,Transporte terrestre,265.14,2024-12-02,True
E0012392,T004039,Ajuste de reembolso,44.16,2024-12-12,False
E0012393,T004040,Alimentação,306.99,2024-08-08,True
E0012394,T004040,Transporte terrestre,260.95,2024-08-08,True
E0012395,T004040,Ajuste de reembolso,18.38,2024-08-17,False
E0012396,T004041,Alimentação,716.43,2025-11-23,True
E0012397,T004041,Transporte terrestre,643.27,2025-11-23,True
E0012398,T004041,Ajuste de reembolso,27.94,2025-12-06,False
E0012399,T004043,Alimentação,544.51,2024-08-17,True
E0012400,T004043,Transporte terrestre,272.32,2024-08-17,True
E0012401,T004043,Ajuste de reembolso,9.34,2024-08-29,False
E0012402,T004044,Alimentação,391.26,2025-10-09,True
E0012403,T004044,Transporte terrestre,181.49,2025-10-09,True
E0012404,T004044,Ajuste de reembolso,35.02,2025-10-27,False
E0012405,T004045,Alimentação,199.28,2025-08-31,True
E0012406,T004045,Transporte terrestre,128.4,2025-08-31,True
E0012407,T004045,Ajuste de reembolso,22.83,2025-09-14,False
E0012408,T004046,Alimentação,155.69,2025-08-28,True
E0012409,T004046,Transporte terrestre,156.57,2025-08-28,True
E0012410,T004046,Ajuste de reembolso,-3.52,2025-09-04,False
E0012411,T004047,Alimentação,367.27,2024-12-22,True
E0012412,T004047,Transporte terrestre,235.07,2024-12-22,True
E0012413,T004047,Pedágio,57.42,2024-12-22,True
E0012414,T004047,Ajuste de reembolso,9.88,2024-12-30,False
E0012415,T004048,Alimentação,475.96,2025-01-27,True
E0012416,T004048,Transporte terrestre,576.18,2025-01-27,True
E0012417,T004048,Ajuste de reembolso,-23.2,2025-02-03,False
E0012418,T004049,Alimentação,370.1,2025-07-16,True
E0012419,T004049,Transporte terrestre,247.28,2025-07-16,True
E0012420,T004049,Taxa,133.22,2025-07-16,True
E0012421,T004049,Ajuste de reembolso,35.66,2025-07-20,False
E0012422,T004050,Alimentação,393.88,2025-05-24,True
E0012423,T004050,Transporte terrestre,157.74,2025-05-24,True
E0012424,T004050,Ajuste de reembolso,0.33,2025-05-27,False
E0012425,T004051,Alimentação,356.6,2025-08-01,True
E0012426,T004051,Transporte terrestre,483.12,2025-08-01,True
E0012427,T004051,Ajuste de reembolso,-0.48,2025-08-12,False
E0012428,T004052,Alimentação,557.89,2025-08-06,True
E0012429,T004052,Transporte terrestre,515.5,2025-08-06,True
E0012430,T004052,Ajuste de reembolso,5.27,2025-08-14,False
E0012431,T004053,Alimentação,91.51,2025-02-24,True
E0012432,T004053,Transporte terrestre,52.65,2025-02-24,True
E0012433,T004053,Ajuste de reembolso,-5.83,2025-03-09,False
E0012434,T004054,Alimentação,162.57,2024-01-01,True
E0012435,T004054,Transporte terrestre,273.3,2024-01-01,True
E0012436,T004054,Ajuste de reembolso,-12.41,2024-01-11,False
E0012437,T004055,Alimentação,558.2,2024-01-04,True
E0012438,T004055,Transporte terrestre,261.75,2024-01-04,True
E0012439,T004055,Estacionamento,50.04,2024-01-04,True
E0012440,T004055,Ajuste de reembolso,37.59,2024-01-16,False
E0012441,T004056,Alimentação,547.88,2025-04-09,True
E0012442,T004056,Transporte terrestre,192.4,2025-04-09,True
E0012443,T004056,Ajuste de reembolso,7.9,2025-04-17,False
E0012444,T004057,Alimentação,138.53,2025-12-13,True
E0012445,T004057,Transporte terrestre,109.78,2025-12-13,True
E0012446,T004057,Ajuste de reembolso,-15.76,2025-12-27,False
E0012447,T004058,Alimentação,487.39,2024-06-24,True
E0012448,T004058,Transporte terrestre,510.45,2024-06-24,True
E0012449,T004058,Estacionamento,193.87,2024-06-24,True
E0012450,T004058,Ajuste de reembolso,-10.52,2024-07-14,False
E0012451,T004059,Alimentação,307.12,2025-04-09,True
E0012452,T004059,Transporte terrestre,217.47,2025-04-09,True
E0012453,T004059,Ajuste de reembolso,16.5,2025-04-23,False
E0012454,T004060,Alimentação,150.2,2025-04-03,True
E0012455,T004060,Transporte terrestre,169.63,2025-04-03,True
E0012456,T004060,Ajuste de reembolso,-20.87,2025-04-05,False
E0012457,T004061,Alimentação,312.47,2025-01-25,True
E0012458,T004061,Transporte terrestre,207.22,2025-01-25,True
E0012459,T004061,Ajuste de reembolso,1.46,2025-02-01,False
E0012460,T004062,Alimentação,291.99,2025-02-16,True
E0012461,T004062,Transporte terrestre,200.61,2025-02-16,True
E0012462,T004062,Ajuste de reembolso,-19.62,2025-03-01,False
E0012463,T004063,Alimentação,710.17,2025-03-10,True
E0012464,T004063,Transporte terrestre,610.35,2025-03-10,True
E0012465,T004063,Taxa,77.26,2025-03-10,True
E0012466,T004063,Ajuste de reembolso,-0.6,2025-03-26,False
E0012467,T004064,Alimentação,210.83,2025-06-01,True
E0012468,T004064,Transporte terrestre,96.66,2025-06-01,True
E0012469,T004064,Ajuste de reembolso,42.59,2025-06-10,False
E0012470,T004065,Alimentação,290.45,2025-12-20,True
E0012471,T004065,Transporte terrestre,164.21,2025-12-20,True
E0012472,T004065,Ajuste de reembolso,-19.65,2025-12-23,False
E0012473,T004066,Alimentação,394.07,2025-05-27,True
E0012474,T004066,Transporte terrestre,240.77,2025-05-27,True
E0012475,T004066,Ajuste de reembolso,-17.37,2025-06-07,False
E0012476,T004067,Alimentação,519.96,2025-06-29,True
E0012477,T004067,Transporte terrestre,253.56,2025-06-29,True
E0012478,T004067,Ajuste de reembolso,25.62,2025-07-12,False
E0012479,T004068,Alimentação,73.14,2024-01-20,True
E0012480,T004068,Transporte terrestre,64.56,2024-01-20,True
E0012481,T004068,Ajuste de reembolso,19.34,2024-01-30,False
E0012482,T004069,Alimentação,472.06,2025-04-28,True
E0012483,T004069,Transporte terrestre,179.68,2025-04-28,True
E0012484,T004069,Ajuste de reembolso,0.28,2025-05-16,False
E0012485,T004070,Alimentação,212.48,2025-10-01,True
E0012486,T004070,Transporte terrestre,129.23,2025-10-01,True
E0012487,T004070,Estacionamento,246.13,2025-10-01,True
E0012488,T004070,Ajuste de reembolso,-19.64,2025-10-10,False
E0012489,T004071,Alimentação,280.77,2025-04-28,True
E0012490,T004071,Transporte terrestre,237.71,2025-04-28,True
E0012491,T004071,Ajuste de reembolso,18.0,2025-05-11,False
E0012492,T004072,Alimentação,198.62,2024-06-04,True
E0012493,T004072,Transporte terrestre,94.38,2024-06-04,True
E0012494,T004072,Outros,152.13,2024-06-04,True
E0012495,T004072,Ajuste de reembolso,2.47,2024-06-18,False
E0012496,T004073,Alimentação,313.59,2025-09-04,True
E0012497,T004073,Transporte terrestre,165.8,2025-09-04,True
E0012498,T004073,Ajuste de reembolso,42.46,2025-09-15,False
E0012499,T004074,Alimentação,146.59,2025-11-15,True
E0012500,T004074,Transporte terrestre,140.86,2025-11-15,True
E0012501,T004074,Ajuste de reembolso,9.34,2025-12-02,False
E0012502,T004075,Alimentação,441.77,2025-09-13,True
E0012503,T004075,Transporte terrestre,281.76,2025-09-13,True
E0012504,T004075,Ajuste de reembolso,-6.99,2025-09-27,False
E0012505,T004076,Alimentação,433.76,2024-09-17,True
E0012506,T004076,Transporte terrestre,216.85,2024-09-17,True
E0012507,T004076,Ajuste de reembolso,27.46,2024-10-04,False
E0012508,T004077,Alimentação,83.98,2025-03-04,True
E0012509,T004077,Transporte terrestre,71.64,2025-03-04,True
E0012510,T004077,Ajuste de reembolso,18.7,2025-03-11,False
E0012511,T004078,Alimentação,608.4,2024-11-24,True
E0012512,T004078,Transporte terrestre,304.24,2024-11-24,True
E0012513,T004078,Outros,86.24,2024-11-24,True
E0012514,T004078,Ajuste de reembolso,9.1,2024-12-11,False
E0012515,T004080,Alimentação,134.25,2024-05-19,True
E0012516,T004080,Transporte terrestre,70.23,2024-05-19,True
E0012517,T004080,Pedágio,56.94,2024-05-19,True
E0012518,T004080,Ajuste de reembolso,-8.76,2024-06-04,False
E0012519,T004081,Alimentação,44.39,2025-05-29,True
E0012520,T004081,Transporte terrestre,71.33,2025-05-29,True
E0012521,T004081,Taxa,56.63,2025-05-29,True
E0012522,T004081,Ajuste de reembolso,12.86,2025-06-07,False
E0012523,T004082,Alimentação,194.45,2025-05-18,True
E0012524,T004082,Transporte terrestre,186.25,2025-05-18,True
E0012525,T004082,Ajuste de reembolso,22.97,2025-05-27,False
E0012526,T004083,Alimentação,118.3,2025-11-13,True
E0012527,T004083,Transporte terrestre,56.46,2025-11-13,True
E0012528,T004083,Ajuste de reembolso,-14.17,2025-11-25,False
E0012529,T004084,Alimentação,196.04,2024-02-13,True
E0012530,T004084,Transporte terrestre,166.75,2024-02-13,True
E0012531,T004084,Ajuste de reembolso,-20.96,2024-03-04,False
E0012532,T004085,Alimentação,393.79,2024-09-21,True
E0012533,T004085,Transporte terrestre,300.25,2024-09-21,True
E0012534,T004085,Ajuste de reembolso,44.59,2024-09-25,False
E0012535,T004086,Alimentação,473.23,2025-10-17,True
E0012536,T004086,Transporte terrestre,431.95,2025-10-17,True
E0012537,T004086,Ajuste de reembolso,7.97,2025-10-28,False
E0012538,T004087,Alimentação,67.38,2025-06-25,True
E0012539,T004087,Transporte terrestre,54.78,2025-06-25,True
E0012540,T004087,Ajuste de reembolso,24.01,2025-07-07,False
E0012541,T004088,Alimentação,758.04,2024-02-28,True
E0012542,T004088,Transporte terrestre,391.38,2024-02-28,True
E0012543,T004088,Ajuste de reembolso,-2.83,2024-03-08,False
E0012544,T004089,Alimentação,216.42,2025-02-16,True
E0012545,T004089,Transporte terrestre,168.24,2025-02-16,True
E0012546,T004089,Ajuste de reembolso,-9.08,2025-03-01,False
E0012547,T004090,Alimentação,296.04,2025-10-26,True
E0012548,T004090,Transporte terrestre,177.98,2025-10-26,True
E0012549,T004090,Ajuste de reembolso,0.75,2025-11-12,False
E0012550,T004091,Alimentação,302.98,2024-08-06,True
E0012551,T004091,Transporte terrestre,131.12,2024-08-06,True
E0012552,T004091,Ajuste de reembolso,-6.46,2024-08-16,False
E0012553,T004092,Alimentação,693.15,2025-07-02,True
E0012554,T004092,Transporte terrestre,429.11,2025-07-02,True
E0012555,T004092,Ajuste de reembolso,36.5,2025-07-17,False
E0012556,T004093,Alimentação,60.13,2025-06-24,True
E0012557,T004093,Transporte terrestre,66.21,2025-06-24,True
E0012558,T004093,Pedágio,186.89,2025-06-24,True
E0012559,T004093,Ajuste de reembolso,43.74,2025-07-06,False
E0012560,T004094,Alimentação,83.26,2024-07-24,True
E0012561,T004094,Transporte terrestre,71.83,2024-07-24,True
E0012562,T004094,Ajuste de reembolso,14.88,2024-08-03,False
E0012563,T004095,Alimentação,80.26,2024-09-04,True
E0012564,T004095,Transporte terrestre,53.76,2024-09-04,True
E0012565,T004095,Ajuste de reembolso,-17.57,2024-09-09,False
E0012566,T004096,Alimentação,382.24,2024-07-08,True
E0012567,T004096,Transporte terrestre,132.25,2024-07-08,True
E0012568,T004096,Ajuste de reembolso,29.58,2024-07-24,False
E0012569,T004097,Alimentação,221.56,2024-01-02,True
E0012570,T004097,Transporte terrestre,280.23,2024-01-02,True
E0012571,T004097,Ajuste de reembolso,21.32,2024-01-08,False
E0012572,T004098,Alimentação,586.13,2025-05-22,True
E0012573,T004098,Transporte terrestre,347.17,2025-05-22,True
E0012574,T004098,Ajuste de reembolso,37.89,2025-06-06,False
E0012575,T004099,Alimentação,231.59,2025-10-28,True
E0012576,T004099,Transporte terrestre,141.61,2025-10-28,True
E0012577,T004099,Pedágio,181.64,2025-10-28,True
E0012578,T004099,Ajuste de reembolso,15.65,2025-11-06,False
E0012579,T004100,Alimentação,252.05,2024-04-06,True
E0012580,T004100,Transporte terrestre,267.21,2024-04-06,True
E0012581,T004100,Ajuste de reembolso,-10.59,2024-04-14,False
E0012582,T004101,Alimentação,202.17,2024-06-08,True
E0012583,T004101,Transporte terrestre,103.67,2024-06-08,True
E0012584,T004101,Ajuste de reembolso,-5.09,2024-06-29,False
E0012585,T004102,Alimentação,87.22,2025-03-30,True
E0012586,T004102,Transporte terrestre,78.35,2025-03-30,True
E0012587,T004102,Ajuste de reembolso,-14.67,2025-04-16,False
E0012588,T004103,Alimentação,639.84,2024-11-26,True
E0012589,T004103,Transporte terrestre,273.49,2024-11-26,True
E0012590,T004103,Ajuste de reembolso,39.58,2024-12-16,False
E0012591,T004104,Alimentação,102.52,2025-06-02,True
E0012592,T004104,Transporte terrestre,48.56,2025-06-02,True
E0012593,T004104,Ajuste de reembolso,14.86,2025-06-16,False
E0012594,T004105,Alimentação,167.36,2024-02-01,True
E0012595,T004105,Transporte terrestre,74.89,2024-02-01,True
E0012596,T004105,Outros,118.15,2024-02-01,True
E0012597,T004105,Ajuste de reembolso,-15.76,2024-02-07,False
E0012598,T004106,Alimentação,422.25,2024-04-28,True
E0012599,T004106,Transporte terrestre,523.77,2024-04-28,True
E0012600,T004106,Outros,80.73,2024-04-28,True
E0012601,T004106,Ajuste de reembolso,31.43,2024-05-13,False
E0012602,T004107,Alimentação,285.68,2025-06-18,True
E0012603,T004107,Transporte terrestre,151.47,2025-06-18,True
E0012604,T004107,Ajuste de reembolso,-15.05,2025-06-26,False
E0012605,T004108,Alimentação,304.32,2024-10-29,True
E0012606,T004108,Transporte terrestre,203.07,2024-10-29,True
E0012607,T004108,Ajuste de reembolso,33.02,2024-11-09,False
E0012608,T004109,Alimentação,246.66,2025-06-24,True
E0012609,T004109,Transporte terrestre,132.03,2025-06-24,True
E0012610,T004109,Ajuste de reembolso,39.48,2025-06-29,False
E0012611,T004110,Alimentação,276.13,2024-03-22,True
E0012612,T004110,Transporte terrestre,135.75,2024-03-22,True
E0012613,T004110,Ajuste de reembolso,40.69,2024-03-31,False
E0012614,T004111,Alimentação,152.07,2024-03-11,True
E0012615,T004111,Transporte terrestre,138.85,2024-03-11,True
E0012616,T004111,Ajuste de reembolso,-23.3,2024-03-26,False
E0012617,T004112,Alimentação,261.36,2025-10-18,True
E0012618,T004112,Transporte terrestre,164.5,2025-10-18,True
E0012619,T004112,Ajuste de reembolso,-17.96,2025-10-26,False
E0012620,T004113,Alimentação,83.51,2024-02-16,True
E0012621,T004113,Transporte terrestre,56.88,2024-02-16,True
E0012622,T004113,Outros,69.41,2024-02-16,True
E0012623,T004113,Ajuste de reembolso,-23.77,2024-02-25,False
E0012624,T004114,Alimentação,336.42,2024-04-25,True
E0012625,T004114,Transporte terrestre,261.1,2024-04-25,True
E0012626,T004114,Ajuste de reembolso,-0.21,2024-05-08,False
E0012627,T004115,Alimentação,842.03,2025-10-24,True
E0012628,T004115,Transporte terrestre,416.0,2025-10-24,True
E0012629,T004115,Ajuste de reembolso,12.96,2025-11-03,False
E0012630,T004116,Alimentação,403.21,2025-07-01,True
E0012631,T004116,Transporte terrestre,154.24,2025-07-01,True
E0012632,T004116,Ajuste de reembolso,-16.28,2025-07-11,False
E0012633,T004117,Alimentação,197.04,2024-06-30,True
E0012634,T004117,Transporte terrestre,182.22,2024-06-30,True
E0012635,T004117,Estacionamento,150.19,2024-06-30,True
E0012636,T004117,Ajuste de reembolso,9.41,2024-07-14,False
E0012637,T004118,Alimentação,230.49,2024-10-23,True
E0012638,T004118,Transporte terrestre,208.18,2024-10-23,True
E0012639,T004118,Ajuste de reembolso,-9.51,2024-11-01,False
E0012640,T004119,Alimentação,57.21,2025-04-20,True
E0012641,T004119,Transporte terrestre,99.05,2025-04-20,True
E0012642,T004119,Ajuste de reembolso,34.7,2025-04-28,False
E0012643,T004120,Alimentação,356.61,2024-08-17,True
E0012644,T004120,Transporte terrestre,186.82,2024-08-17,True
E0012645,T004120,Ajuste de reembolso,-0.29,2024-08-20,False
E0012646,T004121,Alimentação,440.99,2025-12-12,True
E0012647,T004121,Transporte terrestre,314.18,2025-12-12,True
E0012648,T004121,Ajuste de reembolso,-21.0,2025-12-17,False
E0012649,T004122,Alimentação,410.36,2025-05-09,True
E0012650,T004122,Transporte terrestre,264.91,2025-05-09,True
E0012651,T004122,Ajuste de reembolso,-9.65,2025-05-17,False
E0012652,T004123,Alimentação,313.03,2024-10-09,True
E0012653,T004123,Transporte terrestre,307.78,2024-10-09,True
E0012654,T004123,Ajuste de reembolso,32.45,2024-10-22,False
E0012655,T004124,Alimentação,141.74,2025-02-20,True
E0012656,T004124,Transporte terrestre,50.14,2025-02-20,True
E0012657,T004124,Ajuste de reembolso,42.74,2025-02-22,False
E0012658,T004125,Alimentação,242.19,2025-09-12,True
E0012659,T004125,Transporte terrestre,94.26,2025-09-12,True
E0012660,T004125,Ajuste de reembolso,-13.29,2025-09-20,False
E0012661,T004126,Alimentação,375.14,2025-12-28,True
E0012662,T004126,Transporte terrestre,362.84,2025-12-28,True
E0012663,T004126,Ajuste de reembolso,-23.17,2026-01-13,False
E0012664,T004127,Alimentação,214.28,2025-12-22,True
E0012665,T004127,Transporte terrestre,158.55,2025-12-22,True
E0012666,T004127,Ajuste de reembolso,-4.62,2025-12-27,False
E0012667,T004128,Alimentação,107.59,2025-08-11,True
E0012668,T004128,Transporte terrestre,51.82,2025-08-11,True
E0012669,T004128,Taxa,215.22,2025-08-11,True
E0012670,T004128,Ajuste de reembolso,16.23,2025-08-20,False
E0012671,T004129,Alimentação,151.79,2024-07-31,True
E0012672,T004129,Transporte terrestre,88.38,2024-07-31,True
E0012673,T004129,Ajuste de reembolso,42.2,2024-08-17,False
E0012674,T004130,Alimentação,382.87,2025-06-14,True
E0012675,T004130,Transporte terrestre,186.42,2025-06-14,True
E0012676,T004130,Estacionamento,102.74,2025-06-14,True
E0012677,T004130,Ajuste de reembolso,11.2,2025-07-01,False
E0012678,T004131,Alimentação,429.87,2025-01-27,True
E0012679,T004131,Transporte terrestre,243.82,2025-01-27,True
E0012680,T004131,Taxa,204.16,2025-01-27,True
E0012681,T004131,Ajuste de reembolso,-22.43,2025-02-11,False
E0012682,T004132,Alimentação,335.98,2025-06-01,True
E0012683,T004132,Transporte terrestre,157.01,2025-06-01,True
E0012684,T004132,Estacionamento,125.98,2025-06-01,True
E0012685,T004132,Ajuste de reembolso,6.02,2025-06-15,False
E0012686,T004134,Alimentação,87.05,2025-04-09,True
E0012687,T004134,Transporte terrestre,204.19,2025-04-09,True
E0012688,T004134,Taxa,73.37,2025-04-09,True
E0012689,T004134,Ajuste de reembolso,21.43,2025-04-25,False
E0012690,T004135,Alimentação,286.71,2025-05-26,True
E0012691,T004135,Transporte terrestre,370.76,2025-05-26,True
E0012692,T004135,Ajuste de reembolso,19.08,2025-06-02,False
E0012693,T004136,Alimentação,147.36,2024-03-15,True
E0012694,T004136,Transporte terrestre,117.2,2024-03-15,True
E0012695,T004136,Ajuste de reembolso,-5.65,2024-03-25,False
E0012696,T004137,Alimentação,371.87,2024-05-30,True
E0012697,T004137,Transporte terrestre,203.67,2024-05-30,True
E0012698,T004137,Ajuste de reembolso,-20.23,2024-06-15,False
E0012699,T004138,Alimentação,123.99,2024-11-06,True
E0012700,T004138,Transporte terrestre,90.6,2024-11-06,True
E0012701,T004138,Outros,158.59,2024-11-06,True
E0012702,T004138,Ajuste de reembolso,-19.29,2024-11-11,False
E0012703,T004139,Alimentação,473.19,2024-03-13,True
E0012704,T004139,Transporte terrestre,262.63,2024-03-13,True
E0012705,T004139,Ajuste de reembolso,-15.45,2024-03-19,False
E0012706,T004140,Alimentação,244.61,2025-08-08,True
E0012707,T004140,Transporte terrestre,222.38,2025-08-08,True
E0012708,T004140,Pedágio,106.16,2025-08-08,True
E0012709,T004140,Ajuste de reembolso,0.48,2025-08-16,False
E0012710,T004141,Alimentação,75.33,2025-02-13,True
E0012711,T004141,Transporte terrestre,99.44,2025-02-13,True
E0012712,T004141,Pedágio,200.23,2025-02-13,True
E0012713,T004141,Ajuste de reembolso,-11.98,2025-02-19,False
E0012714,T004142,Alimentação,407.66,2025-08-04,True
E0012715,T004142,Transporte terrestre,212.46,2025-08-04,True
E0012716,T004142,Ajuste de reembolso,13.18,2025-08-16,False
E0012717,T004143,Alimentação,146.25,2025-08-25,True
E0012718,T004143,Transporte terrestre,101.5,2025-08-25,True
E0012719,T004143,Ajuste de reembolso,-1.83,2025-09-01,False
E0012720,T004144,Alimentação,238.69,2025-09-14,True
E0012721,T004144,Transporte terrestre,227.67,2025-09-14,True
E0012722,T004144,Ajuste de reembolso,3.75,2025-09-24,False
E0012723,T004145,Alimentação,233.37,2024-05-05,True
E0012724,T004145,Transporte terrestre,279.17,2024-05-05,True
E0012725,T004145,Ajuste de reembolso,34.69,2024-05-20,False
E0012726,T004146,Alimentação,435.44,2025-05-14,True
E0012727,T004146,Transporte terrestre,214.49,2025-05-14,True
E0012728,T004146,Estacionamento,78.64,2025-05-14,True
E0012729,T004146,Ajuste de reembolso,-13.98,2025-05-24,False
E0012730,T004147,Alimentação,96.23,2025-04-25,True
E0012731,T004147,Transporte terrestre,44.11,2025-04-25,True
E0012732,T004147,Ajuste de reembolso,6.62,2025-05-06,False
E0012733,T004148,Alimentação,394.65,2024-09-15,True
E0012734,T004148,Transporte terrestre,288.98,2024-09-15,True
E0012735,T004148,Ajuste de reembolso,27.51,2024-09-28,False
E0012736,T004149,Alimentação,83.89,2024-07-21,True
E0012737,T004149,Transporte terrestre,50.38,2024-07-21,True
E0012738,T004149,Ajuste de reembolso,9.7,2024-07-30,False
E0012739,T004150,Alimentação,354.23,2024-10-11,True
E0012740,T004150,Transporte terrestre,421.25,2024-10-11,True
E0012741,T004150,Ajuste de reembolso,11.28,2024-10-23,False
E0012742,T004151,Alimentação,528.31,2025-11-15,True
E0012743,T004151,Transporte terrestre,299.88,2025-11-15,True
E0012744,T004151,Pedágio,132.69,2025-11-15,True
E0012745,T004151,Ajuste de reembolso,-4.62,2025-12-02,False
E0012746,T004152,Alimentação,115.63,2024-11-28,True
E0012747,T004152,Transporte terrestre,50.5,2024-11-28,True
E0012748,T004152,Ajuste de reembolso,14.66,2024-12-14,False
E0012749,T004153,Alimentação,335.29,2025-01-17,True
E0012750,T004153,Transporte terrestre,672.24,2025-01-17,True
E0012751,T004153,Ajuste de reembolso,2.29,2025-02-05,False
E0012752,T004154,Alimentação,212.07,2025-07-14,True
E0012753,T004154,Transporte terrestre,102.17,2025-07-14,True
E0012754,T004154,Ajuste de reembolso,-10.72,2025-07-29,False
E0012755,T004155,Alimentação,494.37,2024-11-01,True
E0012756,T004155,Transporte terrestre,182.59,2024-11-01,True
E0012757,T004155,Ajuste de reembolso,28.55,2024-11-09,False
E0012758,T004156,Alimentação,84.48,2024-08-21,True
E0012759,T004156,Transporte terrestre,53.21,2024-08-21,True
E0012760,T004156,Ajuste de reembolso,43.65,2024-08-30,False
E0012761,T004157,Alimentação,272.11,2025-01-01,True
E0012762,T004157,Transporte terrestre,164.69,2025-01-01,True
E0012763,T004157,Ajuste de reembolso,14.16,2025-01-22,False
E0012764,T004158,Alimentação,166.95,2025-09-06,True
E0012765,T004158,Transporte terrestre,121.62,2025-09-06,True
E0012766,T004158,Ajuste de reembolso,-7.24,2025-09-19,False
E0012767,T004159,Alimentação,724.07,2024-07-31,True
E0012768,T004159,Transporte terrestre,349.59,2024-07-31,True
E0012769,T004159,Ajuste de reembolso,-2.93,2024-08-19,False
E0012770,T004160,Alimentação,273.0,2025-12-05,True
E0012771,T004160,Transporte terrestre,127.66,2025-12-05,True
E0012772,T004160,Ajuste de reembolso,43.73,2025-12-19,False
E0012773,T004161,Alimentação,375.02,2025-11-19,True
E0012774,T004161,Transporte terrestre,427.92,2025-11-19,True
E0012775,T004161,Ajuste de reembolso,-15.16,2025-11-29,False
E0012776,T004162,Alimentação,305.32,2024-02-10,True
E0012777,T004162,Transporte terrestre,206.58,2024-02-10,True
E0012778,T004162,Ajuste de reembolso,7.33,2024-02-16,False
E0012779,T004163,Alimentação,351.32,2024-03-04,True
E0012780,T004163,Transporte terrestre,141.8,2024-03-04,True
E0012781,T004163,Ajuste de reembolso,17.25,2024-03-19,False
E0012782,T004164,Alimentação,402.34,2024-09-25,True
E0012783,T004164,Transporte terrestre,284.53,2024-09-25,True
E0012784,T004164,Ajuste de reembolso,-10.34,2024-10-11,False
E0012785,T004165,Alimentação,126.36,2024-05-05,True
E0012786,T004165,Transporte terrestre,57.52,2024-05-05,True
E0012787,T004165,Ajuste de reembolso,42.79,2024-05-15,False
E0012788,T004166,Alimentação,479.97,2025-09-30,True
E0012789,T004166,Transporte terrestre,179.41,2025-09-30,True
E0012790,T004166,Ajuste de reembolso,1.56,2025-10-14,False
E0012791,T004167,Alimentação,327.48,2025-05-07,True
E0012792,T004167,Transporte terrestre,187.27,2025-05-07,True
E0012793,T004167,Ajuste de reembolso,13.35,2025-05-23,False
E0012794,T004168,Alimentação,210.71,2025-09-10,True
E0012795,T004168,Transporte terrestre,122.36,2025-09-10,True
E0012796,T004168,Ajuste de reembolso,-7.07,2025-09-18,False
E0012797,T004169,Alimentação,341.61,2025-06-13,True
E0012798,T004169,Transporte terrestre,129.98,2025-06-13,True
E0012799,T004169,Ajuste de reembolso,37.53,2025-06-21,False
E0012800,T004170,Alimentação,703.11,2025-05-04,True
E0012801,T004170,Transporte terrestre,599.89,2025-05-04,True
E0012802,T004170,Ajuste de reembolso,42.53,2025-05-21,False
E0012803,T004171,Alimentação,405.35,2024-12-03,True
E0012804,T004171,Transporte terrestre,179.35,2024-12-03,True
E0012805,T004171,Ajuste de reembolso,35.96,2024-12-14,False
E0012806,T004172,Alimentação,207.18,2025-07-29,True
E0012807,T004172,Transporte terrestre,210.78,2025-07-29,True
E0012808,T004172,Ajuste de reembolso,11.67,2025-08-14,False
E0012809,T004173,Alimentação,257.37,2025-04-30,True
E0012810,T004173,Transporte terrestre,302.44,2025-04-30,True
E0012811,T004173,Pedágio,116.64,2025-04-30,True
E0012812,T004173,Ajuste de reembolso,-23.48,2025-05-03,False
E0012813,T004174,Alimentação,264.83,2025-06-08,True
E0012814,T004174,Transporte terrestre,381.56,2025-06-08,True
E0012815,T004174,Estacionamento,49.19,2025-06-08,True
E0012816,T004174,Ajuste de reembolso,10.24,2025-06-20,False
E0012817,T004175,Alimentação,224.6,2025-09-25,True
E0012818,T004175,Transporte terrestre,297.14,2025-09-25,True
E0012819,T004175,Ajuste de reembolso,-22.01,2025-10-06,False
E0012820,T004176,Alimentação,182.27,2024-09-14,True
E0012821,T004176,Transporte terrestre,61.97,2024-09-14,True
E0012822,T004176,Ajuste de reembolso,42.75,2024-09-26,False
E0012823,T004177,Alimentação,270.25,2024-07-08,True
E0012824,T004177,Transporte terrestre,128.16,2024-07-08,True
E0012825,T004177,Ajuste de reembolso,-6.22,2024-07-26,False
E0012826,T004178,Alimentação,319.27,2024-06-19,True
E0012827,T004178,Transporte terrestre,148.25,2024-06-19,True
E0012828,T004178,Taxa,222.37,2024-06-19,True
E0012829,T004178,Ajuste de reembolso,-6.41,2024-07-04,False
E0012830,T004179,Alimentação,415.49,2024-08-22,True
E0012831,T004179,Transporte terrestre,179.62,2024-08-22,True
E0012832,T004179,Ajuste de reembolso,20.28,2024-08-29,False
E0012833,T004180,Alimentação,279.5,2024-09-12,True
E0012834,T004180,Transporte terrestre,114.9,2024-09-12,True
E0012835,T004180,Ajuste de reembolso,-18.1,2024-09-24,False
E0012836,T004181,Alimentação,197.87,2024-08-11,True
E0012837,T004181,Transporte terrestre,130.56,2024-08-11,True
E0012838,T004181,Ajuste de reembolso,32.73,2024-08-31,False
E0012839,T004182,Alimentação,235.91,2024-05-01,True
E0012840,T004182,Transporte terrestre,193.63,2024-05-01,True
E0012841,T004182,Ajuste de reembolso,-6.18,2024-05-14,False
E0012842,T004183,Alimentação,329.04,2024-06-14,True
E0012843,T004183,Transporte terrestre,167.65,2024-06-14,True
E0012844,T004183,Estacionamento,218.42,2024-06-14,True
E0012845,T004183,Ajuste de reembolso,-23.69,2024-06-30,False
E0012846,T004184,Alimentação,135.75,2024-03-28,True
E0012847,T004184,Transporte terrestre,85.61,2024-03-28,True
E0012848,T004184,Ajuste de reembolso,-8.76,2024-04-07,False
E0012849,T004185,Alimentação,101.97,2024-03-13,True
E0012850,T004185,Transporte terrestre,65.2,2024-03-13,True
E0012851,T004185,Ajuste de reembolso,-17.32,2024-04-01,False
E0012852,T004186,Alimentação,238.79,2025-02-09,True
E0012853,T004186,Transporte terrestre,297.33,2025-02-09,True
E0012854,T004186,Ajuste de reembolso,-19.54,2025-02-17,False
E0012855,T004187,Alimentação,269.8,2024-12-09,True
E0012856,T004187,Transporte terrestre,278.2,2024-12-09,True
E0012857,T004187,Ajuste de reembolso,-16.35,2024-12-24,False
E0012858,T004189,Alimentação,536.03,2024-01-22,True
E0012859,T004189,Transporte terrestre,435.18,2024-01-22,True
E0012860,T004189,Ajuste de reembolso,-9.75,2024-01-31,False
E0012861,T004190,Alimentação,160.26,2025-12-29,True
E0012862,T004190,Transporte terrestre,98.72,2025-12-29,True
E0012863,T004190,Ajuste de reembolso,26.58,2026-01-18,False
E0012864,T004192,Alimentação,275.43,2024-03-12,True
E0012865,T004192,Transporte terrestre,141.14,2024-03-12,True
E0012866,T004192,Ajuste de reembolso,-10.5,2024-03-24,False
E0012867,T004193,Alimentação,562.32,2025-11-13,True
E0012868,T004193,Transporte terrestre,363.32,2025-11-13,True
E0012869,T004193,Ajuste de reembolso,12.78,2025-11-25,False
E0012870,T004194,Alimentação,350.92,2024-06-29,True
E0012871,T004194,Transporte terrestre,224.15,2024-06-29,True
E0012872,T004194,Ajuste de reembolso,-9.01,2024-07-17,False
E0012873,T004195,Alimentação,317.97,2025-09-20,True
E0012874,T004195,Transporte terrestre,265.25,2025-09-20,True
E0012875,T004195,Ajuste de reembolso,3.2,2025-10-07,False
E0012876,T004196,Alimentação,334.18,2024-05-09,True
E0012877,T004196,Transporte terrestre,233.96,2024-05-09,True
E0012878,T004196,Ajuste de reembolso,-15.73,2024-05-22,False
E0012879,T004197,Alimentação,291.04,2025-04-05,True
E0012880,T004197,Transporte terrestre,184.48,2025-04-05,True
E0012881,T004197,Ajuste de reembolso,22.76,2025-04-12,False
E0012882,T004198,Alimentação,149.51,2025-08-15,True
E0012883,T004198,Transporte terrestre,102.47,2025-08-15,True
E0012884,T004198,Ajuste de reembolso,6.82,2025-09-01,False
E0012885,T004199,Alimentação,156.45,2025-03-31,True
E0012886,T004199,Transporte terrestre,151.57,2025-03-31,True
E0012887,T004199,Ajuste de reembolso,37.32,2025-04-05,False
E0012888,T004200,Alimentação,224.17,2025-11-18,True
E0012889,T004200,Transporte terrestre,143.09,2025-11-18,True
E0012890,T004200,Ajuste de reembolso,-1.67,2025-11-24,False
E0012891,T004201,Alimentação,309.71,2024-06-14,True
E0012892,T004201,Transporte terrestre,318.38,2024-06-14,True
E0012893,T004201,Ajuste de reembolso,-0.72,2024-06-30,False
E0012894,T004202,Alimentação,230.78,2025-11-09,True
E0012895,T004202,Transporte terrestre,111.58,2025-11-09,True
E0012896,T004202,Ajuste de reembolso,-9.6,2025-11-17,False
E0012897,T004203,Alimentação,978.9,2024-06-04,True
E0012898,T004203,Transporte terrestre,321.86,2024-06-04,True
E0012899,T004203,Ajuste de reembolso,12.49,2024-06-16,False
E0012900,T004204,Alimentação,91.13,2025-06-03,True
E0012901,T004204,Transporte terrestre,51.36,2025-06-03,True
E0012902,T004204,Ajuste de reembolso,-22.58,2025-06-17,False
E0012903,T004205,Alimentação,316.3,2025-05-24,True
E0012904,T004205,Transporte terrestre,254.27,2025-05-24,True
E0012905,T004205,Estacionamento,109.04,2025-05-24,True
E0012906,T004205,Ajuste de reembolso,11.99,2025-06-06,False
E0012907,T004206,Alimentação,429.03,2024-10-21,True
E0012908,T004206,Transporte terrestre,387.42,2024-10-21,True
E0012909,T004206,Ajuste de reembolso,32.31,2024-10-28,False
E0012910,T004207,Alimentação,218.83,2025-08-27,True
E0012911,T004207,Transporte terrestre,255.87,2025-08-27,True
E0012912,T004207,Taxa,239.45,2025-08-27,True
E0012913,T004207,Ajuste de reembolso,-10.04,2025-09-04,False
E0012914,T004208,Alimentação,536.15,2025-04-05,True
E0012915,T004208,Transporte terrestre,251.48,2025-04-05,True
E0012916,T004208,Ajuste de reembolso,-2.23,2025-04-13,False
E0012917,T004209,Alimentação,525.37,2024-10-05,True
E0012918,T004209,Transporte terrestre,429.39,2024-10-05,True
E0012919,T004209,Ajuste de reembolso,20.08,2024-10-27,False
E0012920,T004210,Alimentação,656.37,2025-06-23,True
E0012921,T004210,Transporte terrestre,462.64,2025-06-23,True
E0012922,T004210,Ajuste de reembolso,2.6,2025-07-09,False
E0012923,T004211,Alimentação,307.68,2024-05-16,True
E0012924,T004211,Transporte terrestre,328.29,2024-05-16,True
E0012925,T004211,Ajuste de reembolso,9.21,2024-05-28,False
E0012926,T004212,Alimentação,80.17,2024-09-08,True
E0012927,T004212,Transporte terrestre,79.18,2024-09-08,True
E0012928,T004212,Ajuste de reembolso,30.38,2024-09-10,False
E0012929,T004213,Alimentação,304.58,2024-10-23,True
E0012930,T004213,Transporte terrestre,179.21,2024-10-23,True
E0012931,T004213,Ajuste de reembolso,3.61,2024-11-11,False
E0012932,T004214,Alimentação,457.26,2025-10-13,True
E0012933,T004214,Transporte terrestre,243.32,2025-10-13,True
E0012934,T004214,Ajuste de reembolso,23.29,2025-10-28,False
E0012935,T004215,Alimentação,262.55,2024-03-26,True
E0012936,T004215,Transporte terrestre,107.8,2024-03-26,True
E0012937,T004215,Ajuste de reembolso,-15.22,2024-04-11,False
E0012938,T004216,Alimentação,75.7,2025-06-16,True
E0012939,T004216,Transporte terrestre,71.23,2025-06-16,True
E0012940,T004216,Estacionamento,263.14,2025-06-16,True
E0012941,T004216,Ajuste de reembolso,31.69,2025-06-24,False
E0012942,T004217,Alimentação,161.22,2025-10-31,True
E0012943,T004217,Transporte terrestre,102.67,2025-10-31,True
E0012944,T004217,Ajuste de reembolso,29.52,2025-11-04,False
E0012945,T004218,Alimentação,284.88,2024-10-08,True
E0012946,T004218,Transporte terrestre,83.02,2024-10-08,True
E0012947,T004218,Ajuste de reembolso,-15.53,2024-10-16,False
E0012948,T004219,Alimentação,104.86,2024-09-25,True
E0012949,T004219,Transporte terrestre,59.71,2024-09-25,True
E0012950,T004219,Ajuste de reembolso,-21.31,2024-10-02,False
E0012951,T004220,Alimentação,66.76,2024-09-09,True
E0012952,T004220,Transporte terrestre,67.57,2024-09-09,True
E0012953,T004220,Ajuste de reembolso,-24.94,2024-09-23,False
E0012954,T004221,Alimentação,174.49,2025-07-25,True
E0012955,T004221,Transporte terrestre,170.47,2025-07-25,True
E0012956,T004221,Ajuste de reembolso,41.32,2025-08-03,False
E0012957,T004222,Alimentação,211.99,2025-02-25,True
E0012958,T004222,Transporte terrestre,86.48,2025-02-25,True
E0012959,T004222,Ajuste de reembolso,24.72,2025-03-11,False
E0012960,T004223,Alimentação,563.14,2025-01-15,True
E0012961,T004223,Transporte terrestre,295.78,2025-01-15,True
E0012962,T004223,Ajuste de reembolso,26.12,2025-02-01,False
E0012963,T004224,Alimentação,349.99,2024-02-28,True
E0012964,T004224,Transporte terrestre,202.53,2024-02-28,True
E0012965,T004224,Ajuste de reembolso,28.86,2024-03-12,False
E0012966,T004225,Alimentação,200.72,2024-11-20,True
E0012967,T004225,Transporte terrestre,134.05,2024-11-20,True
E0012968,T004225,Ajuste de reembolso,2.32,2024-11-25,False
E0012969,T004226,Alimentação,113.02,2025-11-03,True
E0012970,T004226,Transporte terrestre,74.46,2025-11-03,True
E0012971,T004226,Ajuste de reembolso,1.25,2025-11-11,False
E0012972,T004227,Alimentação,278.3,2025-10-22,True
E0012973,T004227,Transporte terrestre,289.43,2025-10-22,True
E0012974,T004227,Ajuste de reembolso,-18.61,2025-11-02,False
E0012975,T004228,Alimentação,205.2,2024-02-28,True
E0012976,T004228,Transporte terrestre,209.24,2024-02-28,True
E0012977,T004228,Ajuste de reembolso,-16.04,2024-03-08,False
E0012978,T004229,Alimentação,1019.9,2025-06-23,True
E0012979,T004229,Transporte terrestre,614.48,2025-06-23,True
E0012980,T004229,Outros,77.85,2025-06-23,True
E0012981,T004229,Ajuste de reembolso,9.41,2025-07-07,False
E0012982,T004230,Alimentação,225.44,2024-05-22,True
E0012983,T004230,Transporte terrestre,189.07,2024-05-22,True
E0012984,T004230,Ajuste de reembolso,16.71,2024-05-31,False
E0012985,T004231,Alimentação,544.73,2024-07-10,True
E0012986,T004231,Transporte terrestre,612.98,2024-07-10,True
E0012987,T004231,Ajuste de reembolso,-21.61,2024-07-27,False
E0012988,T004232,Alimentação,456.89,2024-06-04,True
E0012989,T004232,Transporte terrestre,485.64,2024-06-04,True
E0012990,T004232,Ajuste de reembolso,20.59,2024-06-24,False
E0012991,T004233,Alimentação,181.39,2025-03-26,True
E0012992,T004233,Transporte terrestre,215.69,2025-03-26,True
E0012993,T004233,Estacionamento,121.42,2025-03-26,True
E0012994,T004233,Ajuste de reembolso,-17.66,2025-04-06,False
E0012995,T004234,Alimentação,417.75,2024-01-25,True
E0012996,T004234,Transporte terrestre,123.93,2024-01-25,True
E0012997,T004234,Ajuste de reembolso,43.6,2024-02-10,False
E0012998,T004235,Alimentação,269.51,2025-11-12,True
E0012999,T004235,Transporte terrestre,142.7,2025-11-12,True
E0013000,T004235,Ajuste de reembolso,-12.0,2025-11-29,False
E0013001,T004236,Alimentação,227.02,2024-06-04,True
E0013002,T004236,Transporte terrestre,105.5,2024-06-04,True
E0013003,T004236,Ajuste de reembolso,-15.11,2024-06-18,False
E0013004,T004237,Alimentação,871.23,2024-05-18,True
E0013005,T004237,Transporte terrestre,383.88,2024-05-18,True
E0013006,T004237,Ajuste de reembolso,34.11,2024-06-01,False
E0013007,T004238,Alimentação,95.5,2025-12-24,True
E0013008,T004238,Transporte terrestre,62.14,2025-12-24,True
E0013009,T004238,Ajuste de reembolso,-5.42,2026-01-04,False
E0013010,T004239,Alimentação,260.28,2024-01-08,True
E0013011,T004239,Transporte terrestre,110.25,2024-01-08,True
E0013012,T004239,Ajuste de reembolso,9.04,2024-01-16,False
E0013013,T004240,Alimentação,402.88,2025-02-12,True
E0013014,T004240,Transporte terrestre,519.45,2025-02-12,True
E0013015,T004240,Ajuste de reembolso,42.37,2025-02-26,False
E0013016,T004241,Alimentação,423.24,2025-04-13,True
E0013017,T004241,Transporte terrestre,288.08,2025-04-13,True
E0013018,T004241,Ajuste de reembolso,12.88,2025-04-20,False
E0013019,T004242,Alimentação,502.8,2024-06-22,True
E0013020,T004242,Transporte terrestre,318.35,2024-06-22,True
E0013021,T004242,Ajuste de reembolso,11.8,2024-07-03,False
E0013022,T004243,Alimentação,412.44,2024-02-09,True
E0013023,T004243,Transporte terrestre,453.14,2024-02-09,True
E0013024,T004243,Ajuste de reembolso,-7.71,2024-02-21,False
E0013025,T004244,Alimentação,609.71,2024-03-13,True
E0013026,T004244,Transporte terrestre,283.3,2024-03-13,True
E0013027,T004244,Estacionamento,131.55,2024-03-13,True
E0013028,T004244,Ajuste de reembolso,23.67,2024-03-25,False
E0013029,T004245,Alimentação,95.75,2024-06-28,True
E0013030,T004245,Transporte terrestre,62.03,2024-06-28,True
E0013031,T004245,Ajuste de reembolso,-12.21,2024-07-06,False
E0013032,T004246,Alimentação,760.27,2024-04-25,True
E0013033,T004246,Transporte terrestre,510.6,2024-04-25,True
E0013034,T004246,Ajuste de reembolso,7.24,2024-05-12,False
E0013035,T004247,Alimentação,223.88,2024-04-19,True
E0013036,T004247,Transporte terrestre,158.39,2024-04-19,True
E0013037,T004247,Ajuste de reembolso,5.67,2024-04-28,False
E0013038,T004248,Alimentação,603.56,2025-03-01,True
E0013039,T004248,Transporte terrestre,321.2,2025-03-01,True
E0013040,T004248,Estacionamento,270.5,2025-03-01,True
E0013041,T004248,Ajuste de reembolso,-4.12,2025-03-16,False
E0013042,T004249,Alimentação,269.33,2024-09-11,True
E0013043,T004249,Transporte terrestre,143.4,2024-09-11,True
E0013044,T004249,Pedágio,174.73,2024-09-11,True
E0013045,T004249,Ajuste de reembolso,-1.46,2024-10-03,False
E0013046,T004250,Alimentação,138.35,2024-08-16,True
E0013047,T004250,Transporte terrestre,144.23,2024-08-16,True
E0013048,T004250,Pedágio,103.44,2024-08-16,True
E0013049,T004250,Ajuste de reembolso,39.51,2024-08-27,False
E0013050,T004251,Alimentação,233.3,2025-09-11,True
E0013051,T004251,Transporte terrestre,240.68,2025-09-11,True
E0013052,T004251,Ajuste de reembolso,18.13,2025-09-24,False
E0013053,T004252,Alimentação,177.8,2024-02-14,True
E0013054,T004252,Transporte terrestre,183.99,2024-02-14,True
E0013055,T004252,Ajuste de reembolso,15.32,2024-02-24,False
E0013056,T004253,Alimentação,178.41,2024-10-28,True
E0013057,T004253,Transporte terrestre,94.18,2024-10-28,True
E0013058,T004253,Ajuste de reembolso,-18.27,2024-11-04,False
E0013059,T004254,Alimentação,202.7,2025-02-06,True
E0013060,T004254,Transporte terrestre,177.28,2025-02-06,True
E0013061,T004254,Ajuste de reembolso,20.71,2025-02-26,False
E0013062,T004255,Alimentação,238.23,2025-11-13,True
E0013063,T004255,Transporte terrestre,113.74,2025-11-13,True
E0013064,T004255,Pedágio,78.02,2025-11-13,True
E0013065,T004255,Ajuste de reembolso,-1.61,2025-11-21,False
E0013066,T004256,Alimentação,681.28,2024-08-23,True
E0013067,T004256,Transporte terrestre,388.89,2024-08-23,True
E0013068,T004256,Ajuste de reembolso,-2.27,2024-09-02,False
E0013069,T004257,Alimentação,99.11,2024-02-03,True
E0013070,T004257,Transporte terrestre,47.95,2024-02-03,True
E0013071,T004257,Ajuste de reembolso,-15.25,2024-02-12,False
E0013072,T004258,Alimentação,287.8,2024-09-18,True
E0013073,T004258,Transporte terrestre,260.34,2024-09-18,True
E0013074,T004258,Ajuste de reembolso,23.3,2024-09-22,False
E0013075,T004259,Alimentação,361.39,2025-08-22,True
E0013076,T004259,Transporte terrestre,308.39,2025-08-22,True
E0013077,T004259,Ajuste de reembolso,-14.74,2025-08-31,False
E0013078,T004260,Alimentação,448.4,2024-08-24,True
E0013079,T004260,Transporte terrestre,182.51,2024-08-24,True
E0013080,T004260,Estacionamento,253.29,2024-08-24,True
E0013081,T004260,Ajuste de reembolso,16.58,2024-09-08,False
E0013082,T004261,Alimentação,106.25,2025-08-05,True
E0013083,T004261,Transporte terrestre,109.55,2025-08-05,True
E0013084,T004261,Pedágio,63.46,2025-08-05,True
E0013085,T004261,Ajuste de reembolso,39.25,2025-08-12,False
E0013086,T004262,Alimentação,423.09,2025-06-15,True
E0013087,T004262,Transporte terrestre,199.76,2025-06-15,True
E0013088,T004262,Ajuste de reembolso,0.87,2025-06-23,False
E0013089,T004263,Alimentação,318.32,2024-01-12,True
E0013090,T004263,Transporte terrestre,298.53,2024-01-12,True
E0013091,T004263,Ajuste de reembolso,28.42,2024-01-18,False
E0013092,T004264,Alimentação,312.38,2024-07-26,True
E0013093,T004264,Transporte terrestre,205.04,2024-07-26,True
E0013094,T004264,Pedágio,72.12,2024-07-26,True
E0013095,T004264,Ajuste de reembolso,33.45,2024-08-06,False
E0013096,T004265,Alimentação,174.42,2024-06-23,True
E0013097,T004265,Transporte terrestre,162.59,2024-06-23,True
E0013098,T004265,Ajuste de reembolso,30.84,2024-07-06,False
E0013099,T004266,Alimentação,177.02,2025-08-04,True
E0013100,T004266,Transporte terrestre,95.92,2025-08-04,True
E0013101,T004266,Ajuste de reembolso,-3.28,2025-08-11,False
E0013102,T004267,Alimentação,99.94,2025-06-25,True
E0013103,T004267,Transporte terrestre,82.43,2025-06-25,True
E0013104,T004267,Ajuste de reembolso,42.55,2025-07-04,False
E0013105,T004268,Alimentação,181.66,2024-10-08,True
E0013106,T004268,Transporte terrestre,136.39,2024-10-08,True
E0013107,T004268,Ajuste de reembolso,13.18,2024-10-10,False
E0013108,T004269,Alimentação,94.79,2025-11-16,True
E0013109,T004269,Transporte terrestre,106.63,2025-11-16,True
E0013110,T004269,Ajuste de reembolso,-16.33,2025-11-23,False
E0013111,T004270,Alimentação,354.98,2024-08-19,True
E0013112,T004270,Transporte terrestre,399.56,2024-08-19,True
E0013113,T004270,Ajuste de reembolso,-7.97,2024-08-31,False
E0013114,T004271,Alimentação,239.04,2025-11-04,True
E0013115,T004271,Transporte terrestre,294.19,2025-11-04,True
E0013116,T004271,Ajuste de reembolso,-24.37,2025-11-12,False
E0013117,T004272,Alimentação,576.79,2024-03-18,True
E0013118,T004272,Transporte terrestre,543.62,2024-03-18,True
E0013119,T004272,Ajuste de reembolso,-4.4,2024-04-03,False
E0013120,T004273,Alimentação,293.12,2025-03-30,True
E0013121,T004273,Transporte terrestre,165.29,2025-03-30,True
E0013122,T004273,Ajuste de reembolso,-0.01,2025-04-08,False
E0013123,T004274,Alimentação,581.35,2025-02-16,True
E0013124,T004274,Transporte terrestre,500.1,2025-02-16,True
E0013125,T004274,Ajuste de reembolso,12.14,2025-02-26,False
E0013126,T004275,Alimentação,457.2,2024-08-08,True
E0013127,T004275,Transporte terrestre,327.24,2024-08-08,True
E0013128,T004275,Estacionamento,88.72,2024-08-08,True
E0013129,T004275,Ajuste de reembolso,15.35,2024-08-21,False
E0013130,T004276,Alimentação,328.6,2024-05-31,True
E0013131,T004276,Transporte terrestre,241.54,2024-05-31,True
E0013132,T004276,Ajuste de reembolso,-16.99,2024-06-21,False
E0013133,T004277,Alimentação,134.22,2025-06-08,True
E0013134,T004277,Transporte terrestre,49.59,2025-06-08,True
E0013135,T004277,Ajuste de reembolso,30.76,2025-06-14,False
E0013136,T004278,Alimentação,409.13,2024-06-19,True
E0013137,T004278,Transporte terrestre,136.74,2024-06-19,True
E0013138,T004278,Estacionamento,111.31,2024-06-19,True
E0013139,T004278,Ajuste de reembolso,18.87,2024-06-26,False
E0013140,T004279,Alimentação,501.01,2025-05-13,True
E0013141,T004279,Transporte terrestre,331.09,2025-05-13,True
E0013142,T004279,Ajuste de reembolso,34.29,2025-05-27,False
E0013143,T004280,Alimentação,224.84,2025-11-15,True
E0013144,T004280,Transporte terrestre,93.7,2025-11-15,True
E0013145,T004280,Outros,114.28,2025-11-15,True
E0013146,T004280,Ajuste de reembolso,19.9,2025-11-24,False
E0013147,T004281,Alimentação,335.7,2025-08-09,True
E0013148,T004281,Transporte terrestre,422.01,2025-08-09,True
E0013149,T004281,Ajuste de reembolso,37.65,2025-08-26,False
E0013150,T004282,Alimentação,840.22,2025-02-07,True
E0013151,T004282,Transporte terrestre,369.3,2025-02-07,True
E0013152,T004282,Taxa,278.56,2025-02-07,True
E0013153,T004282,Ajuste de reembolso,1.22,2025-02-15,False
E0013154,T004283,Alimentação,265.72,2025-03-04,True
E0013155,T004283,Transporte terrestre,188.0,2025-03-04,True
E0013156,T004283,Ajuste de reembolso,0.5,2025-03-15,False
E0013157,T004284,Alimentação,410.23,2025-07-17,True
E0013158,T004284,Transporte terrestre,265.31,2025-07-17,True
E0013159,T004284,Ajuste de reembolso,-23.32,2025-07-31,False
E0013160,T004285,Alimentação,142.48,2025-12-28,True
E0013161,T004285,Transporte terrestre,136.96,2025-12-28,True
E0013162,T004285,Pedágio,69.6,2025-12-28,True
E0013163,T004285,Ajuste de reembolso,22.22,2026-01-07,False
E0013164,T004286,Alimentação,121.52,2025-11-08,True
E0013165,T004286,Transporte terrestre,56.62,2025-11-08,True
E0013166,T004286,Ajuste de reembolso,-0.91,2025-11-19,False
E0013167,T004287,Alimentação,170.18,2024-12-06,True
E0013168,T004287,Transporte terrestre,315.61,2024-12-06,True
E0013169,T004287,Ajuste de reembolso,-10.97,2024-12-17,False
E0013170,T004288,Alimentação,96.35,2024-02-07,True
E0013171,T004288,Transporte terrestre,138.03,2024-02-07,True
E0013172,T004288,Ajuste de reembolso,-9.22,2024-02-20,False
E0013173,T004289,Alimentação,581.61,2024-04-15,True
E0013174,T004289,Transporte terrestre,278.21,2024-04-15,True
E0013175,T004289,Ajuste de reembolso,41.45,2024-05-08,False
E0013176,T004290,Alimentação,232.71,2024-08-29,True
E0013177,T004290,Transporte terrestre,195.03,2024-08-29,True
E0013178,T004290,Taxa,221.32,2024-08-29,True
E0013179,T004290,Ajuste de reembolso,-1.79,2024-09-04,False
E0013180,T004291,Alimentação,252.66,2024-10-21,True
E0013181,T004291,Transporte terrestre,244.91,2024-10-21,True
E0013182,T004291,Ajuste de reembolso,27.52,2024-10-30,False
E0013183,T004292,Alimentação,238.74,2024-03-25,True
E0013184,T004292,Transporte terrestre,160.54,2024-03-25,True
E0013185,T004292,Ajuste de reembolso,-4.51,2024-04-05,False
E0013186,T004293,Alimentação,581.56,2024-11-17,True
E0013187,T004293,Transporte terrestre,260.52,2024-11-17,True
E0013188,T004293,Ajuste de reembolso,-4.39,2024-11-25,False
E0013189,T004294,Alimentação,424.72,2024-04-17,True
E0013190,T004294,Transporte terrestre,209.66,2024-04-17,True
E0013191,T004294,Ajuste de reembolso,41.84,2024-04-21,False
E0013192,T004295,Alimentação,215.3,2024-03-25,True
E0013193,T004295,Transporte terrestre,170.22,2024-03-25,True
E0013194,T004295,Ajuste de reembolso,-14.2,2024-03-30,False
E0013195,T004296,Alimentação,391.95,2025-05-14,True
E0013196,T004296,Transporte terrestre,232.02,2025-05-14,True
E0013197,T004296,Ajuste de reembolso,-12.82,2025-05-31,False
E0013198,T004297,Alimentação,447.7,2024-11-15,True
E0013199,T004297,Transporte terrestre,216.56,2024-11-15,True
E0013200,T004297,Ajuste de reembolso,29.31,2024-11-27,False
E0013201,T004298,Alimentação,398.17,2024-03-14,True
E0013202,T004298,Transporte terrestre,240.28,2024-03-14,True
E0013203,T004298,Ajuste de reembolso,38.51,2024-03-20,False
E0013204,T004300,Alimentação,400.51,2025-05-28,True
E0013205,T004300,Transporte terrestre,142.29,2025-05-28,True
E0013206,T004300,Ajuste de reembolso,-8.97,2025-06-14,False
E0013207,T004301,Alimentação,163.71,2024-03-22,True
E0013208,T004301,Transporte terrestre,177.45,2024-03-22,True
E0013209,T004301,Pedágio,58.46,2024-03-22,True
E0013210,T004301,Ajuste de reembolso,31.74,2024-03-25,False
E0013211,T004302,Alimentação,583.13,2024-09-18,True
E0013212,T004302,Transporte terrestre,721.8,2024-09-18,True
E0013213,T004302,Ajuste de reembolso,30.6,2024-09-30,False
E0013214,T004303,Alimentação,259.92,2025-05-16,True
E0013215,T004303,Transporte terrestre,309.24,2025-05-16,True
E0013216,T004303,Ajuste de reembolso,-2.39,2025-05-28,False
E0013217,T004304,Alimentação,244.79,2025-10-23,True
E0013218,T004304,Transporte terrestre,204.31,2025-10-23,True
E0013219,T004304,Ajuste de reembolso,7.78,2025-11-06,False
E0013220,T004305,Alimentação,272.08,2024-04-28,True
E0013221,T004305,Transporte terrestre,183.24,2024-04-28,True
E0013222,T004305,Ajuste de reembolso,12.16,2024-05-05,False
E0013223,T004306,Alimentação,226.65,2025-11-20,True
E0013224,T004306,Transporte terrestre,285.21,2025-11-20,True
E0013225,T004306,Ajuste de reembolso,-23.43,2025-11-29,False
E0013226,T004307,Alimentação,104.02,2025-01-24,True
E0013227,T004307,Transporte terrestre,100.42,2025-01-24,True
E0013228,T004307,Ajuste de reembolso,4.14,2025-02-11,False
E0013229,T004308,Alimentação,333.98,2024-12-21,True
E0013230,T004308,Transporte terrestre,241.77,2024-12-21,True
E0013231,T004308,Ajuste de reembolso,19.67,2025-01-02,False
E0013232,T004309,Alimentação,299.92,2025-01-21,True
E0013233,T004309,Transporte terrestre,167.51,2025-01-21,True
E0013234,T004309,Ajuste de reembolso,-24.16,2025-01-31,False
E0013235,T004310,Alimentação,214.59,2025-05-03,True
E0013236,T004310,Transporte terrestre,258.73,2025-05-03,True
E0013237,T004310,Ajuste de reembolso,-7.72,2025-05-21,False
E0013238,T004311,Alimentação,187.11,2025-12-13,True
E0013239,T004311,Transporte terrestre,319.06,2025-12-13,True
E0013240,T004311,Ajuste de reembolso,27.48,2025-12-25,False
E0013241,T004312,Alimentação,569.27,2025-08-29,True
E0013242,T004312,Transporte terrestre,281.99,2025-08-29,True
E0013243,T004312,Ajuste de reembolso,30.34,2025-09-08,False
E0013244,T004313,Alimentação,436.42,2025-08-06,True
E0013245,T004313,Transporte terrestre,206.2,2025-08-06,True
E0013246,T004313,Ajuste de reembolso,-9.46,2025-08-20,False
E0013247,T004314,Alimentação,300.48,2024-10-02,True
E0013248,T004314,Transporte terrestre,179.01,2024-10-02,True
E0013249,T004314,Estacionamento,138.92,2024-10-02,True
E0013250,T004314,Ajuste de reembolso,18.54,2024-10-16,False
E0013251,T004315,Alimentação,359.09,2024-05-02,True
E0013252,T004315,Transporte terrestre,172.9,2024-05-02,True
E0013253,T004315,Ajuste de reembolso,28.25,2024-05-13,False
E0013254,T004316,Alimentação,384.79,2024-05-18,True
E0013255,T004316,Transporte terrestre,183.94,2024-05-18,True
E0013256,T004316,Ajuste de reembolso,10.07,2024-05-31,False
E0013257,T004317,Alimentação,174.39,2024-05-20,True
E0013258,T004317,Transporte terrestre,211.22,2024-05-20,True
E0013259,T004317,Pedágio,246.8,2024-05-20,True
E0013260,T004317,Ajuste de reembolso,-21.11,2024-06-03,False
E0013261,T004318,Alimentação,172.37,2024-03-12,True
E0013262,T004318,Transporte terrestre,92.27,2024-03-12,True
E0013263,T004318,Ajuste de reembolso,25.49,2024-03-24,False
E0013264,T004319,Alimentação,707.85,2025-04-12,True
E0013265,T004319,Transporte terrestre,360.27,2025-04-12,True
E0013266,T004319,Ajuste de reembolso,31.89,2025-04-24,False
E0013267,T004320,Alimentação,194.0,2025-11-15,True
E0013268,T004320,Transporte terrestre,129.19,2025-11-15,True
E0013269,T004320,Estacionamento,59.98,2025-11-15,True
E0013270,T004320,Ajuste de reembolso,21.74,2025-11-19,False
E0013271,T004321,Alimentação,420.41,2024-02-14,True
E0013272,T004321,Transporte terrestre,453.57,2024-02-14,True
E0013273,T004321,Ajuste de reembolso,-4.06,2024-02-27,False
E0013274,T004322,Alimentação,330.46,2025-11-15,True
E0013275,T004322,Transporte terrestre,307.22,2025-11-15,True
E0013276,T004322,Ajuste de reembolso,29.14,2025-11-21,False
E0013277,T004323,Alimentação,103.26,2024-10-22,True
E0013278,T004323,Transporte terrestre,55.73,2024-10-22,True
E0013279,T004323,Ajuste de reembolso,-11.08,2024-11-02,False
E0013280,T004324,Alimentação,241.39,2024-04-13,True
E0013281,T004324,Transporte terrestre,194.41,2024-04-13,True
E0013282,T004324,Ajuste de reembolso,6.97,2024-04-24,False
E0013283,T004325,Alimentação,134.24,2025-04-01,True
E0013284,T004325,Transporte terrestre,114.51,2025-04-01,True
E0013285,T004325,Ajuste de reembolso,-1.88,2025-04-15,False
E0013286,T004326,Alimentação,115.4,2025-03-26,True
E0013287,T004326,Transporte terrestre,43.58,2025-03-26,True
E0013288,T004326,Ajuste de reembolso,2.62,2025-04-08,False
E0013289,T004327,Alimentação,192.56,2025-03-09,True
E0013290,T004327,Transporte terrestre,190.26,2025-03-09,True
E0013291,T004327,Ajuste de reembolso,39.1,2025-03-11,False
E0013292,T004328,Alimentação,108.47,2024-02-01,True
E0013293,T004328,Transporte terrestre,71.53,2024-02-01,True
E0013294,T004328,Ajuste de reembolso,-9.57,2024-02-10,False
E0013295,T004329,Alimentação,157.49,2025-12-05,True
E0013296,T004329,Transporte terrestre,177.71,2025-12-05,True
E0013297,T004329,Ajuste de reembolso,44.37,2025-12-11,False
E0013298,T004330,Alimentação,85.08,2025-07-14,True
E0013299,T004330,Transporte terrestre,94.19,2025-07-14,True
E0013300,T004330,Ajuste de reembolso,-15.04,2025-07-23,False
E0013301,T004331,Alimentação,236.86,2025-06-19,True
E0013302,T004331,Transporte terrestre,107.42,2025-06-19,True
E0013303,T004331,Ajuste de reembolso,-9.29,2025-06-28,False
E0013304,T004332,Alimentação,337.0,2025-08-28,True
E0013305,T004332,Transporte terrestre,354.35,2025-08-28,True
E0013306,T004332,Ajuste de reembolso,8.22,2025-09-12,False
E0013307,T004333,Alimentação,411.79,2025-05-21,True
E0013308,T004333,Transporte terrestre,498.77,2025-05-21,True
E0013309,T004333,Ajuste de reembolso,21.24,2025-06-15,False
E0013310,T004334,Alimentação,240.25,2025-08-09,True
E0013311,T004334,Transporte terrestre,144.52,2025-08-09,True
E0013312,T004334,Pedágio,81.3,2025-08-09,True
E0013313,T004334,Ajuste de reembolso,36.97,2025-08-16,False
E0013314,T004335,Alimentação,240.77,2024-05-20,True
E0013315,T004335,Transporte terrestre,211.57,2024-05-20,True
E0013316,T004335,Ajuste de reembolso,9.59,2024-05-27,False
E0013317,T004336,Alimentação,591.32,2024-04-09,True
E0013318,T004336,Transporte terrestre,505.15,2024-04-09,True
E0013319,T004336,Ajuste de reembolso,-5.37,2024-04-22,False
E0013320,T004337,Alimentação,87.64,2025-08-03,True
E0013321,T004337,Transporte terrestre,101.33,2025-08-03,True
E0013322,T004337,Estacionamento,274.95,2025-08-03,True
E0013323,T004337,Ajuste de reembolso,-20.71,2025-08-20,False
E0013324,T004338,Alimentação,179.29,2025-08-27,True
E0013325,T004338,Transporte terrestre,145.21,2025-08-27,True
E0013326,T004338,Ajuste de reembolso,-0.84,2025-09-03,False
E0013327,T004339,Alimentação,789.43,2024-12-13,True
E0013328,T004339,Transporte terrestre,273.58,2024-12-13,True
E0013329,T004339,Ajuste de reembolso,16.2,2024-12-29,False
E0013330,T004340,Alimentação,263.28,2024-07-10,True
E0013331,T004340,Transporte terrestre,167.24,2024-07-10,True
E0013332,T004340,Outros,172.43,2024-07-10,True
E0013333,T004340,Ajuste de reembolso,23.23,2024-07-21,False
E0013334,T004341,Alimentação,71.43,2025-10-08,True
E0013335,T004341,Transporte terrestre,47.94,2025-10-08,True
E0013336,T004341,Ajuste de reembolso,42.21,2025-10-11,False
E0013337,T004342,Alimentação,412.63,2025-06-28,True
E0013338,T004342,Transporte terrestre,132.02,2025-06-28,True
E0013339,T004342,Ajuste de reembolso,24.31,2025-07-07,False
E0013340,T004344,Alimentação,237.8,2024-03-06,True
E0013341,T004344,Transporte terrestre,195.86,2024-03-06,True
E0013342,T004344,Ajuste de reembolso,25.02,2024-03-16,False
E0013343,T004345,Alimentação,997.3,2025-06-20,True
E0013344,T004345,Transporte terrestre,334.02,2025-06-20,True
E0013345,T004345,Ajuste de reembolso,-20.92,2025-07-10,False
E0013346,T004346,Alimentação,237.64,2024-09-25,True
E0013347,T004346,Transporte terrestre,249.21,2024-09-25,True
E0013348,T004346,Taxa,279.7,2024-09-25,True
E0013349,T004346,Ajuste de reembolso,11.55,2024-09-30,False
E0013350,T004347,Alimentação,97.76,2025-10-09,True
E0013351,T004347,Transporte terrestre,48.39,2025-10-09,True
E0013352,T004347,Ajuste de reembolso,34.53,2025-10-18,False
E0013353,T004348,Alimentação,301.56,2024-09-26,True
E0013354,T004348,Transporte terrestre,191.35,2024-09-26,True
E0013355,T004348,Ajuste de reembolso,-5.7,2024-10-06,False
E0013356,T004349,Alimentação,227.78,2025-06-12,True
E0013357,T004349,Transporte terrestre,189.0,2025-06-12,True
E0013358,T004349,Outros,153.82,2025-06-12,True
E0013359,T004349,Ajuste de reembolso,38.33,2025-06-27,False
E0013360,T004350,Alimentação,144.66,2025-10-07,True
E0013361,T004350,Transporte terrestre,68.05,2025-10-07,True
E0013362,T004350,Taxa,182.19,2025-10-07,True
E0013363,T004350,Ajuste de reembolso,-11.39,2025-10-20,False
E0013364,T004351,Alimentação,349.47,2025-10-29,True
E0013365,T004351,Transporte terrestre,329.05,2025-10-29,True
E0013366,T004351,Pedágio,35.63,2025-10-29,True
E0013367,T004351,Ajuste de reembolso,37.85,2025-11-03,False
E0013368,T004352,Alimentação,243.67,2025-10-10,True
E0013369,T004352,Transporte terrestre,130.59,2025-10-10,True
E0013370,T004352,Ajuste de reembolso,24.66,2025-10-24,False
E0013371,T004353,Alimentação,73.38,2025-08-21,True
E0013372,T004353,Transporte terrestre,50.06,2025-08-21,True
E0013373,T004353,Ajuste de reembolso,-4.62,2025-09-03,False
E0013374,T004354,Alimentação,383.58,2025-07-13,True
E0013375,T004354,Transporte terrestre,273.79,2025-07-13,True
E0013376,T004354,Ajuste de reembolso,-18.02,2025-07-29,False
E0013377,T004355,Alimentação,322.51,2024-08-09,True
E0013378,T004355,Transporte terrestre,227.88,2024-08-09,True
E0013379,T004355,Ajuste de reembolso,-8.61,2024-08-20,False
E0013380,T004356,Alimentação,281.22,2025-01-05,True
E0013381,T004356,Transporte terrestre,124.89,2025-01-05,True
E0013382,T004356,Ajuste de reembolso,30.69,2025-01-17,False
E0013383,T004357,Alimentação,206.41,2024-10-18,True
E0013384,T004357,Transporte terrestre,175.58,2024-10-18,True
E0013385,T004357,Ajuste de reembolso,-2.09,2024-10-30,False
E0013386,T004358,Alimentação,279.77,2025-10-20,True
E0013387,T004358,Transporte terrestre,267.49,2025-10-20,True
E0013388,T004358,Ajuste de reembolso,-11.72,2025-10-31,False
E0013389,T004359,Alimentação,512.61,2025-05-04,True
E0013390,T004359,Transporte terrestre,410.19,2025-05-04,True
E0013391,T004359,Outros,173.61,2025-05-04,True
E0013392,T004359,Ajuste de reembolso,4.0,2025-05-16,False
E0013393,T004360,Alimentação,72.7,2025-08-28,True
E0013394,T004360,Transporte terrestre,48.26,2025-08-28,True
E0013395,T004360,Pedágio,219.44,2025-08-28,True
E0013396,T004360,Ajuste de reembolso,-7.97,2025-09-10,False
E0013397,T004361,Alimentação,379.81,2025-03-31,True
E0013398,T004361,Transporte terrestre,296.12,2025-03-31,True
E0013399,T004361,Ajuste de reembolso,-3.95,2025-04-14,False
E0013400,T004362,Alimentação,192.41,2025-04-23,True
E0013401,T004362,Transporte terrestre,138.95,2025-04-23,True
E0013402,T004362,Pedágio,192.38,2025-04-23,True
E0013403,T004362,Ajuste de reembolso,17.3,2025-05-04,False
E0013404,T004363,Alimentação,903.29,2025-09-24,True
E0013405,T004363,Transporte terrestre,586.2,2025-09-24,True
E0013406,T004363,Taxa,111.09,2025-09-24,True
E0013407,T004363,Ajuste de reembolso,38.05,2025-09-30,False
E0013408,T004364,Alimentação,443.01,2024-07-20,True
E0013409,T004364,Transporte terrestre,378.68,2024-07-20,True
E0013410,T004364,Ajuste de reembolso,18.39,2024-08-07,False
E0013411,T004365,Alimentação,377.14,2024-09-24,True
E0013412,T004365,Transporte terrestre,361.89,2024-09-24,True
E0013413,T004365,Outros,237.55,2024-09-24,True
E0013414,T004365,Ajuste de reembolso,-17.37,2024-10-11,False
E0013415,T004366,Alimentação,154.74,2025-08-24,True
E0013416,T004366,Transporte terrestre,139.92,2025-08-24,True
E0013417,T004366,Ajuste de reembolso,21.2,2025-09-02,False
E0013418,T004367,Alimentação,310.76,2024-02-22,True
E0013419,T004367,Transporte terrestre,157.46,2024-02-22,True
E0013420,T004367,Ajuste de reembolso,1.76,2024-03-04,False
E0013421,T004369,Alimentação,490.47,2025-02-16,True
E0013422,T004369,Transporte terrestre,321.88,2025-02-16,True
E0013423,T004369,Ajuste de reembolso,15.93,2025-02-26,False
E0013424,T004370,Alimentação,89.98,2025-04-06,True
E0013425,T004370,Transporte terrestre,98.51,2025-04-06,True
E0013426,T004370,Ajuste de reembolso,35.11,2025-04-10,False
E0013427,T004371,Alimentação,91.2,2024-08-29,True
E0013428,T004371,Transporte terrestre,51.81,2024-08-29,True
E0013429,T004371,Ajuste de reembolso,39.66,2024-08-31,False
E0013430,T004372,Alimentação,311.43,2024-06-15,True
E0013431,T004372,Transporte terrestre,190.19,2024-06-15,True
E0013432,T004372,Ajuste de reembolso,25.33,2024-06-29,False
E0013433,T004373,Alimentação,101.36,2024-05-29,True
E0013434,T004373,Transporte terrestre,50.7,2024-05-29,True
E0013435,T004373,Ajuste de reembolso,5.54,2024-06-05,False
E0013436,T004374,Alimentação,220.09,2024-09-17,True
E0013437,T004374,Transporte terrestre,184.18,2024-09-17,True
E0013438,T004374,Ajuste de reembolso,-9.73,2024-10-10,False
E0013439,T004375,Alimentação,307.41,2025-02-17,True
E0013440,T004375,Transporte terrestre,205.75,2025-02-17,True
E0013441,T004375,Pedágio,212.07,2025-02-17,True
E0013442,T004375,Ajuste de reembolso,-8.95,2025-03-01,False
E0013443,T004376,Alimentação,256.01,2024-08-20,True
E0013444,T004376,Transporte terrestre,250.22,2024-08-20,True
E0013445,T004376,Ajuste de reembolso,-9.3,2024-08-31,False
E0013446,T004377,Alimentação,348.81,2025-09-17,True
E0013447,T004377,Transporte terrestre,221.87,2025-09-17,True
E0013448,T004377,Ajuste de reembolso,6.54,2025-10-05,False
E0013449,T004378,Alimentação,298.59,2025-10-27,True
E0013450,T004378,Transporte terrestre,357.58,2025-10-27,True
E0013451,T004378,Ajuste de reembolso,-19.37,2025-11-08,False
E0013452,T004379,Alimentação,154.58,2025-08-19,True
E0013453,T004379,Transporte terrestre,96.94,2025-08-19,True
E0013454,T004379,Ajuste de reembolso,6.71,2025-08-28,False
E0013455,T004380,Alimentação,86.33,2024-01-25,True
E0013456,T004380,Transporte terrestre,41.46,2024-01-25,True
E0013457,T004380,Pedágio,227.58,2024-01-25,True
E0013458,T004380,Ajuste de reembolso,21.82,2024-02-02,False
E0013459,T004381,Alimentação,453.4,2024-05-31,True
E0013460,T004381,Transporte terrestre,222.52,2024-05-31,True
E0013461,T004381,Outros,37.86,2024-05-31,True
E0013462,T004381,Ajuste de reembolso,22.25,2024-06-17,False
E0013463,T004382,Alimentação,151.6,2024-10-09,True
E0013464,T004382,Transporte terrestre,163.62,2024-10-09,True
E0013465,T004382,Ajuste de reembolso,44.54,2024-10-20,False
E0013466,T004383,Alimentação,442.48,2024-04-14,True
E0013467,T004383,Transporte terrestre,369.13,2024-04-14,True
E0013468,T004383,Ajuste de reembolso,-12.55,2024-04-21,False
E0013469,T004384,Alimentação,719.21,2024-12-25,True
E0013470,T004384,Transporte terrestre,614.74,2024-12-25,True
E0013471,T004384,Ajuste de reembolso,31.45,2025-01-09,False
E0013472,T004385,Alimentação,183.41,2025-03-20,True
E0013473,T004385,Transporte terrestre,133.89,2025-03-20,True
E0013474,T004385,Ajuste de reembolso,7.49,2025-04-02,False
E0013475,T004386,Alimentação,386.37,2025-05-09,True
E0013476,T004386,Transporte terrestre,257.88,2025-05-09,True
E0013477,T004386,Ajuste de reembolso,6.12,2025-05-22,False
E0013478,T004387,Alimentação,303.23,2025-10-09,True
E0013479,T004387,Transporte terrestre,186.66,2025-10-09,True
E0013480,T004387,Ajuste de reembolso,-21.58,2025-10-22,False
E0013481,T004388,Alimentação,323.12,2025-04-08,True
E0013482,T004388,Transporte terrestre,367.77,2025-04-08,True
E0013483,T004388,Ajuste de reembolso,-24.42,2025-04-18,False
E0013484,T004389,Alimentação,825.93,2024-12-15,True
E0013485,T004389,Transporte terrestre,368.91,2024-12-15,True
E0013486,T004389,Ajuste de reembolso,-22.47,2024-12-31,False
E0013487,T004390,Alimentação,128.75,2024-01-28,True
E0013488,T004390,Transporte terrestre,45.71,2024-01-28,True
E0013489,T004390,Ajuste de reembolso,-24.7,2024-02-14,False
E0013490,T004391,Alimentação,291.71,2025-11-10,True
E0013491,T004391,Transporte terrestre,132.28,2025-11-10,True
E0013492,T004391,Ajuste de reembolso,6.32,2025-11-15,False
E0013493,T004392,Alimentação,294.93,2024-02-01,True
E0013494,T004392,Transporte terrestre,350.59,2024-02-01,True
E0013495,T004392,Ajuste de reembolso,35.53,2024-02-13,False
E0013496,T004393,Alimentação,250.08,2025-09-21,True
E0013497,T004393,Transporte terrestre,153.32,2025-09-21,True
E0013498,T004393,Pedágio,159.19,2025-09-21,True
E0013499,T004393,Ajuste de reembolso,25.67,2025-10-03,False
E0013500,T004394,Alimentação,323.7,2025-11-04,True
E0013501,T004394,Transporte terrestre,430.62,2025-11-04,True
E0013502,T004394,Ajuste de reembolso,16.77,2025-11-16,False
E0013503,T004395,Alimentação,328.86,2024-04-07,True
E0013504,T004395,Transporte terrestre,221.41,2024-04-07,True
E0013505,T004395,Ajuste de reembolso,4.98,2024-04-16,False
E0013506,T004396,Alimentação,48.37,2024-08-06,True
E0013507,T004396,Transporte terrestre,69.06,2024-08-06,True
E0013508,T004396,Ajuste de reembolso,-12.88,2024-08-20,False
E0013509,T004397,Alimentação,381.45,2025-02-01,True
E0013510,T004397,Transporte terrestre,191.81,2025-02-01,True
E0013511,T004397,Ajuste de reembolso,-18.77,2025-02-09,False
E0013512,T004399,Alimentação,434.62,2025-09-13,True
E0013513,T004399,Transporte terrestre,280.38,2025-09-13,True
E0013514,T004399,Ajuste de reembolso,-15.38,2025-09-23,False
E0013515,T004400,Alimentação,311.05,2025-09-03,True
E0013516,T004400,Transporte terrestre,129.42,2025-09-03,True
E0013517,T004400,Ajuste de reembolso,32.71,2025-09-09,False
E0013518,T004401,Alimentação,76.73,2024-06-03,True
E0013519,T004401,Transporte terrestre,55.07,2024-06-03,True
E0013520,T004401,Ajuste de reembolso,12.84,2024-06-12,False
E0013521,T004402,Alimentação,208.49,2025-02-13,True
E0013522,T004402,Transporte terrestre,192.24,2025-02-13,True
E0013523,T004402,Ajuste de reembolso,-1.58,2025-02-23,False
E0013524,T004403,Alimentação,502.92,2024-03-15,True
E0013525,T004403,Transporte terrestre,360.07,2024-03-15,True
E0013526,T004403,Ajuste de reembolso,20.67,2024-03-25,False
E0013527,T004404,Alimentação,303.64,2025-11-06,True
E0013528,T004404,Transporte terrestre,386.79,2025-11-06,True
E0013529,T004404,Ajuste de reembolso,23.23,2025-11-20,False
E0013530,T004405,Alimentação,126.86,2025-01-06,True
E0013531,T004405,Transporte terrestre,48.85,2025-01-06,True
E0013532,T004405,Ajuste de reembolso,-12.65,2025-01-25,False
E0013533,T004406,Alimentação,305.04,2025-09-17,True
E0013534,T004406,Transporte terrestre,258.41,2025-09-17,True
E0013535,T004406,Ajuste de reembolso,36.34,2025-09-30,False
E0013536,T004407,Alimentação,129.42,2025-10-11,True
E0013537,T004407,Transporte terrestre,81.57,2025-10-11,True
E0013538,T004407,Ajuste de reembolso,-0.56,2025-10-25,False
E0013539,T004408,Alimentação,214.52,2025-03-18,True
E0013540,T004408,Transporte terrestre,296.43,2025-03-18,True
E0013541,T004408,Outros,39.1,2025-03-18,True
E0013542,T004408,Ajuste de reembolso,-16.91,2025-03-24,False
E0013543,T004409,Alimentação,169.29,2024-09-02,True
E0013544,T004409,Transporte terrestre,95.55,2024-09-02,True
E0013545,T004409,Estacionamento,169.86,2024-09-02,True
E0013546,T004409,Ajuste de reembolso,18.83,2024-09-14,False
E0013547,T004410,Alimentação,473.65,2025-02-28,True
E0013548,T004410,Transporte terrestre,280.46,2025-02-28,True
E0013549,T004410,Ajuste de reembolso,-8.43,2025-03-11,False
E0013550,T004411,Alimentação,101.5,2024-03-20,True
E0013551,T004411,Transporte terrestre,56.16,2024-03-20,True
E0013552,T004411,Ajuste de reembolso,42.73,2024-04-04,False
E0013553,T004412,Alimentação,184.51,2025-04-28,True
E0013554,T004412,Transporte terrestre,96.86,2025-04-28,True
E0013555,T004412,Ajuste de reembolso,44.47,2025-05-15,False
E0013556,T004413,Alimentação,778.59,2025-10-05,True
E0013557,T004413,Transporte terrestre,579.09,2025-10-05,True
E0013558,T004413,Outros,65.14,2025-10-05,True
E0013559,T004413,Ajuste de reembolso,-10.67,2025-10-22,False
E0013560,T004414,Alimentação,232.03,2025-04-26,True
E0013561,T004414,Transporte terrestre,117.91,2025-04-26,True
E0013562,T004414,Ajuste de reembolso,7.54,2025-04-28,False
E0013563,T004415,Alimentação,469.32,2025-01-23,True
E0013564,T004415,Transporte terrestre,279.6,2025-01-23,True
E0013565,T004415,Outros,67.76,2025-01-23,True
E0013566,T004415,Ajuste de reembolso,-17.21,2025-02-05,False
E0013567,T004416,Alimentação,268.62,2025-05-08,True
E0013568,T004416,Transporte terrestre,587.04,2025-05-08,True
E0013569,T004416,Ajuste de reembolso,19.75,2025-05-17,False
E0013570,T004417,Alimentação,770.3,2025-08-15,True
E0013571,T004417,Transporte terrestre,386.17,2025-08-15,True
E0013572,T004417,Outros,167.67,2025-08-15,True
E0013573,T004417,Ajuste de reembolso,-24.67,2025-09-08,False
E0013574,T004418,Alimentação,291.65,2025-05-16,True
E0013575,T004418,Transporte terrestre,185.37,2025-05-16,True
E0013576,T004418,Ajuste de reembolso,-6.81,2025-05-19,False
E0013577,T004419,Alimentação,377.87,2025-05-27,True
E0013578,T004419,Transporte terrestre,229.84,2025-05-27,True
E0013579,T004419,Estacionamento,38.55,2025-05-27,True
E0013580,T004419,Ajuste de reembolso,20.43,2025-06-05,False
E0013581,T004420,Alimentação,350.09,2025-03-01,True
E0013582,T004420,Transporte terrestre,274.76,2025-03-01,True
E0013583,T004420,Ajuste de reembolso,13.25,2025-03-14,False
E0013584,T004421,Alimentação,132.6,2025-03-09,True
E0013585,T004421,Transporte terrestre,52.78,2025-03-09,True
E0013586,T004421,Ajuste de reembolso,15.91,2025-03-22,False
E0013587,T004422,Alimentação,500.75,2025-01-03,True
E0013588,T004422,Transporte terrestre,407.15,2025-01-03,True
E0013589,T004422,Taxa,202.41,2025-01-03,True
E0013590,T004422,Ajuste de reembolso,27.99,2025-01-12,False
E0013591,T004423,Alimentação,741.1,2025-01-20,True
E0013592,T004423,Transporte terrestre,439.64,2025-01-20,True
E0013593,T004423,Ajuste de reembolso,5.7,2025-02-01,False
E0013594,T004424,Alimentação,429.43,2024-10-13,True
E0013595,T004424,Transporte terrestre,445.57,2024-10-13,True
E0013596,T004424,Ajuste de reembolso,25.75,2024-10-25,False
E0013597,T004425,Alimentação,251.33,2025-06-21,True
E0013598,T004425,Transporte terrestre,249.0,2025-06-21,True
E0013599,T004425,Ajuste de reembolso,13.0,2025-07-04,False
E0013600,T004426,Alimentação,238.79,2024-08-11,True
E0013601,T004426,Transporte terrestre,354.97,2024-08-11,True
E0013602,T004426,Ajuste de reembolso,19.85,2024-08-22,False
E0013603,T004427,Alimentação,391.19,2025-02-26,True
E0013604,T004427,Transporte terrestre,246.65,2025-02-26,True
E0013605,T004427,Ajuste de reembolso,-14.39,2025-03-19,False
E0013606,T004428,Alimentação,558.83,2025-01-25,True
E0013607,T004428,Transporte terrestre,583.7,2025-01-25,True
E0013608,T004428,Ajuste de reembolso,5.0,2025-02-05,False
E0013609,T004429,Alimentação,236.52,2024-11-24,True
E0013610,T004429,Transporte terrestre,286.9,2024-11-24,True
E0013611,T004429,Ajuste de reembolso,-12.63,2024-12-07,False
E0013612,T004430,Alimentação,398.23,2024-02-20,True
E0013613,T004430,Transporte terrestre,178.67,2024-02-20,True
E0013614,T004430,Ajuste de reembolso,43.06,2024-02-27,False
E0013615,T004431,Alimentação,808.02,2024-09-12,True
E0013616,T004431,Transporte terrestre,986.23,2024-09-12,True
E0013617,T004431,Ajuste de reembolso,32.23,2024-09-30,False
E0013618,T004432,Alimentação,350.53,2025-10-30,True
E0013619,T004432,Transporte terrestre,147.22,2025-10-30,True
E0013620,T004432,Pedágio,221.97,2025-10-30,True
E0013621,T004432,Ajuste de reembolso,4.18,2025-11-09,False
E0013622,T004433,Alimentação,188.34,2025-08-16,True
E0013623,T004433,Transporte terrestre,131.14,2025-08-16,True
E0013624,T004433,Ajuste de reembolso,-2.11,2025-08-31,False
E0013625,T004434,Alimentação,326.2,2025-09-04,True
E0013626,T004434,Transporte terrestre,275.8,2025-09-04,True
E0013627,T004434,Ajuste de reembolso,-2.72,2025-09-18,False
E0013628,T004435,Alimentação,762.89,2024-02-23,True
E0013629,T004435,Transporte terrestre,357.1,2024-02-23,True
E0013630,T004435,Ajuste de reembolso,25.06,2024-03-12,False
E0013631,T004436,Alimentação,733.64,2024-10-23,True
E0013632,T004436,Transporte terrestre,664.06,2024-10-23,True
E0013633,T004436,Pedágio,68.18,2024-10-23,True
E0013634,T004436,Ajuste de reembolso,18.79,2024-11-03,False
E0013635,T004437,Alimentação,438.69,2025-01-20,True
E0013636,T004437,Transporte terrestre,186.81,2025-01-20,True
E0013637,T004437,Ajuste de reembolso,0.76,2025-02-01,False
E0013638,T004438,Alimentação,119.19,2024-09-18,True
E0013639,T004438,Transporte terrestre,91.87,2024-09-18,True
E0013640,T004438,Ajuste de reembolso,1.13,2024-09-25,False
E0013641,T004439,Alimentação,378.93,2024-02-25,True
E0013642,T004439,Transporte terrestre,280.27,2024-02-25,True
E0013643,T004439,Ajuste de reembolso,-13.56,2024-02-29,False
E0013644,T004440,Alimentação,345.4,2024-04-08,True
E0013645,T004440,Transporte terrestre,87.48,2024-04-08,True
E0013646,T004440,Ajuste de reembolso,0.82,2024-04-10,False
E0013647,T004441,Alimentação,598.92,2025-08-28,True
E0013648,T004441,Transporte terrestre,340.84,2025-08-28,True
E0013649,T004441,Taxa,129.43,2025-08-28,True
E0013650,T004441,Ajuste de reembolso,-12.57,2025-09-08,False
E0013651,T004442,Alimentação,86.26,2025-04-14,True
E0013652,T004442,Transporte terrestre,97.44,2025-04-14,True
E0013653,T004442,Ajuste de reembolso,-16.38,2025-04-24,False
E0013654,T004443,Alimentação,658.15,2024-01-23,True
E0013655,T004443,Transporte terrestre,362.54,2024-01-23,True
E0013656,T004443,Pedágio,253.43,2024-01-23,True
E0013657,T004443,Ajuste de reembolso,-8.67,2024-01-31,False
E0013658,T004444,Alimentação,368.07,2024-04-13,True
E0013659,T004444,Transporte terrestre,255.3,2024-04-13,True
E0013660,T004444,Ajuste de reembolso,43.09,2024-04-23,False
E0013661,T004445,Alimentação,518.64,2025-10-11,True
E0013662,T004445,Transporte terrestre,424.08,2025-10-11,True
E0013663,T004445,Ajuste de reembolso,33.5,2025-10-25,False
E0013664,T004446,Alimentação,104.01,2024-11-03,True
E0013665,T004446,Transporte terrestre,98.4,2024-11-03,True
E0013666,T004446,Ajuste de reembolso,39.33,2024-11-17,False
E0013667,T004447,Alimentação,576.19,2025-11-14,True
E0013668,T004447,Transporte terrestre,324.85,2025-11-14,True
E0013669,T004447,Ajuste de reembolso,12.83,2025-11-24,False
E0013670,T004448,Alimentação,126.92,2025-03-03,True
E0013671,T004448,Transporte terrestre,97.91,2025-03-03,True
E0013672,T004448,Taxa,79.29,2025-03-03,True
E0013673,T004448,Ajuste de reembolso,-5.26,2025-03-08,False
E0013674,T004450,Alimentação,946.31,2025-06-20,True
E0013675,T004450,Transporte terrestre,954.66,2025-06-20,True
E0013676,T004450,Ajuste de reembolso,-6.91,2025-07-05,False
E0013677,T004451,Alimentação,355.79,2025-11-10,True
E0013678,T004451,Transporte terrestre,291.06,2025-11-10,True
E0013679,T004451,Ajuste de reembolso,-0.6,2025-11-15,False
E0013680,T004452,Alimentação,212.1,2025-11-15,True
E0013681,T004452,Transporte terrestre,94.46,2025-11-15,True
E0013682,T004452,Ajuste de reembolso,7.59,2025-11-17,False
E0013683,T004453,Alimentação,123.92,2025-05-30,True
E0013684,T004453,Transporte terrestre,72.71,2025-05-30,True
E0013685,T004453,Ajuste de reembolso,-22.97,2025-06-03,False
E0013686,T004454,Alimentação,486.57,2024-05-09,True
E0013687,T004454,Transporte terrestre,287.94,2024-05-09,True
E0013688,T004454,Ajuste de reembolso,-23.73,2024-05-21,False
E0013689,T004455,Alimentação,185.42,2024-08-10,True
E0013690,T004455,Transporte terrestre,124.08,2024-08-10,True
E0013691,T004455,Ajuste de reembolso,-9.52,2024-08-20,False
E0013692,T004456,Alimentação,268.1,2025-03-12,True
E0013693,T004456,Transporte terrestre,200.89,2025-03-12,True
E0013694,T004456,Taxa,40.78,2025-03-12,True
E0013695,T004456,Ajuste de reembolso,-23.72,2025-03-18,False
E0013696,T004457,Alimentação,78.3,2024-03-20,True
E0013697,T004457,Transporte terrestre,68.29,2024-03-20,True
E0013698,T004457,Ajuste de reembolso,29.83,2024-03-28,False
E0013699,T004458,Alimentação,99.1,2024-08-14,True
E0013700,T004458,Transporte terrestre,46.69,2024-08-14,True
E0013701,T004458,Ajuste de reembolso,2.58,2024-08-16,False
E0013702,T004459,Alimentação,428.11,2025-06-07,True
E0013703,T004459,Transporte terrestre,230.65,2025-06-07,True
E0013704,T004459,Ajuste de reembolso,21.23,2025-06-20,False
E0013705,T004460,Alimentação,388.75,2025-11-26,True
E0013706,T004460,Transporte terrestre,288.23,2025-11-26,True
E0013707,T004460,Ajuste de reembolso,-16.83,2025-12-03,False
E0013708,T004461,Alimentação,110.98,2024-10-14,True
E0013709,T004461,Transporte terrestre,94.73,2024-10-14,True
E0013710,T004461,Ajuste de reembolso,28.34,2024-10-16,False
E0013711,T004462,Alimentação,521.67,2024-11-11,True
E0013712,T004462,Transporte terrestre,158.74,2024-11-11,True
E0013713,T004462,Ajuste de reembolso,6.54,2024-11-24,False
E0013714,T004463,Alimentação,495.61,2024-05-11,True
E0013715,T004463,Transporte terrestre,179.7,2024-05-11,True
E0013716,T004463,Ajuste de reembolso,44.45,2024-05-17,False
E0013717,T004464,Alimentação,377.91,2025-10-30,True
E0013718,T004464,Transporte terrestre,173.74,2025-10-30,True
E0013719,T004464,Pedágio,108.3,2025-10-30,True
E0013720,T004464,Ajuste de reembolso,4.5,2025-11-06,False
E0013721,T004465,Alimentação,744.39,2025-07-08,True
E0013722,T004465,Transporte terrestre,521.4,2025-07-08,True
E0013723,T004465,Ajuste de reembolso,-14.41,2025-07-21,False
E0013724,T004466,Alimentação,451.77,2024-06-29,True
E0013725,T004466,Transporte terrestre,325.85,2024-06-29,True
E0013726,T004466,Ajuste de reembolso,41.07,2024-07-13,False
E0013727,T004467,Alimentação,612.05,2025-12-07,True
E0013728,T004467,Transporte terrestre,236.35,2025-12-07,True
E0013729,T004467,Ajuste de reembolso,16.42,2025-12-20,False
E0013730,T004468,Alimentação,1089.07,2024-03-20,True
E0013731,T004468,Transporte terrestre,463.81,2024-03-20,True
E0013732,T004468,Pedágio,153.57,2024-03-20,True
E0013733,T004468,Ajuste de reembolso,32.46,2024-04-05,False
E0013734,T004469,Alimentação,137.95,2025-09-22,True
E0013735,T004469,Transporte terrestre,96.75,2025-09-22,True
E0013736,T004469,Ajuste de reembolso,30.11,2025-09-29,False
E0013737,T004470,Alimentação,301.69,2025-12-11,True
E0013738,T004470,Transporte terrestre,177.55,2025-12-11,True
E0013739,T004470,Ajuste de reembolso,9.79,2025-12-25,False
E0013740,T004471,Alimentação,858.78,2024-03-29,True
E0013741,T004471,Transporte terrestre,419.79,2024-03-29,True
E0013742,T004471,Ajuste de reembolso,-11.06,2024-04-09,False
E0013743,T004472,Alimentação,156.86,2025-01-29,True
E0013744,T004472,Transporte terrestre,128.68,2025-01-29,True
E0013745,T004472,Ajuste de reembolso,-21.75,2025-02-10,False
E0013746,T004473,Alimentação,114.59,2025-04-22,True
E0013747,T004473,Transporte terrestre,87.51,2025-04-22,True
E0013748,T004473,Ajuste de reembolso,18.24,2025-05-01,False
E0013749,T004474,Alimentação,250.56,2025-05-16,True
E0013750,T004474,Transporte terrestre,152.92,2025-05-16,True
E0013751,T004474,Ajuste de reembolso,12.49,2025-05-27,False
E0013752,T004475,Alimentação,651.0,2025-01-10,True
E0013753,T004475,Transporte terrestre,414.05,2025-01-10,True
E0013754,T004475,Taxa,253.01,2025-01-10,True
E0013755,T004475,Ajuste de reembolso,24.08,2025-01-27,False
E0013756,T004476,Alimentação,192.93,2025-02-02,True
E0013757,T004476,Transporte terrestre,134.02,2025-02-02,True
E0013758,T004476,Outros,168.25,2025-02-02,True
E0013759,T004476,Ajuste de reembolso,21.32,2025-02-14,False
E0013760,T004477,Alimentação,237.78,2024-09-06,True
E0013761,T004477,Transporte terrestre,133.43,2024-09-06,True
E0013762,T004477,Ajuste de reembolso,17.29,2024-09-21,False
E0013763,T004478,Alimentação,527.67,2024-06-19,True
E0013764,T004478,Transporte terrestre,458.64,2024-06-19,True
E0013765,T004478,Ajuste de reembolso,28.7,2024-07-05,False
E0013766,T004479,Alimentação,348.66,2025-09-19,True
E0013767,T004479,Transporte terrestre,483.7,2025-09-19,True
E0013768,T004479,Ajuste de reembolso,-20.86,2025-09-30,False
E0013769,T004480,Alimentação,194.57,2024-06-21,True
E0013770,T004480,Transporte terrestre,140.55,2024-06-21,True
E0013771,T004480,Ajuste de reembolso,34.07,2024-07-11,False
E0013772,T004481,Alimentação,255.19,2024-04-08,True
E0013773,T004481,Transporte terrestre,83.87,2024-04-08,True
E0013774,T004481,Ajuste de reembolso,11.31,2024-04-14,False
E0013775,T004482,Alimentação,459.84,2024-09-04,True
E0013776,T004482,Transporte terrestre,361.18,2024-09-04,True
E0013777,T004482,Ajuste de reembolso,15.68,2024-09-17,False
E0013778,T004483,Alimentação,502.81,2024-07-14,True
E0013779,T004483,Transporte terrestre,307.97,2024-07-14,True
E0013780,T004483,Ajuste de reembolso,26.22,2024-07-25,False
E0013781,T004484,Alimentação,347.52,2024-02-05,True
E0013782,T004484,Transporte terrestre,197.6,2024-02-05,True
E0013783,T004484,Ajuste de reembolso,2.7,2024-02-22,False
E0013784,T004485,Alimentação,176.18,2024-05-22,True
E0013785,T004485,Transporte terrestre,204.31,2024-05-22,True
E0013786,T004485,Ajuste de reembolso,-3.72,2024-06-08,False
E0013787,T004486,Alimentação,801.62,2025-11-20,True
E0013788,T004486,Transporte terrestre,320.69,2025-11-20,True
E0013789,T004486,Ajuste de reembolso,22.63,2025-12-03,False
E0013790,T004487,Alimentação,536.28,2024-09-01,True
E0013791,T004487,Transporte terrestre,272.52,2024-09-01,True
E0013792,T004487,Ajuste de reembolso,-17.44,2024-09-15,False
E0013793,T004488,Alimentação,399.51,2025-06-08,True
E0013794,T004488,Transporte terrestre,204.36,2025-06-08,True
E0013795,T004488,Ajuste de reembolso,13.51,2025-06-13,False
E0013796,T004489,Alimentação,422.12,2024-07-10,True
E0013797,T004489,Transporte terrestre,287.38,2024-07-10,True
E0013798,T004489,Ajuste de reembolso,14.28,2024-07-24,False
E0013799,T004490,Alimentação,430.55,2025-08-19,True
E0013800,T004490,Transporte terrestre,190.34,2025-08-19,True
E0013801,T004490,Ajuste de reembolso,-23.8,2025-08-29,False
E0013802,T004491,Alimentação,182.63,2025-10-06,True
E0013803,T004491,Transporte terrestre,140.1,2025-10-06,True
E0013804,T004491,Pedágio,165.14,2025-10-06,True
E0013805,T004491,Ajuste de reembolso,-9.25,2025-10-18,False
E0013806,T004492,Alimentação,111.81,2024-05-09,True
E0013807,T004492,Transporte terrestre,60.39,2024-05-09,True
E0013808,T004492,Ajuste de reembolso,5.68,2024-05-12,False
E0013809,T004493,Alimentação,580.66,2025-07-05,True
E0013810,T004493,Transporte terrestre,264.77,2025-07-05,True
E0013811,T004493,Taxa,113.58,2025-07-05,True
E0013812,T004493,Ajuste de reembolso,-7.26,2025-07-27,False
E0013813,T004494,Alimentação,294.33,2024-08-22,True
E0013814,T004494,Transporte terrestre,271.44,2024-08-22,True
E0013815,T004494,Ajuste de reembolso,30.96,2024-08-31,False
E0013816,T004495,Alimentação,59.01,2025-01-29,True
E0013817,T004495,Transporte terrestre,49.68,2025-01-29,True
E0013818,T004495,Ajuste de reembolso,-4.45,2025-02-11,False
E0013819,T004496,Alimentação,267.95,2024-03-24,True
E0013820,T004496,Transporte terrestre,241.89,2024-03-24,True
E0013821,T004496,Outros,218.34,2024-03-24,True
E0013822,T004496,Ajuste de reembolso,-13.2,2024-03-28,False
E0013823,T004497,Alimentação,361.11,2025-04-27,True
E0013824,T004497,Transporte terrestre,170.61,2025-04-27,True
E0013825,T004497,Ajuste de reembolso,-23.59,2025-05-05,False
E0013826,T004498,Alimentação,490.11,2025-11-04,True
E0013827,T004498,Transporte terrestre,279.67,2025-11-04,True
E0013828,T004498,Ajuste de reembolso,-7.42,2025-11-13,False
E0013829,T004499,Alimentação,333.31,2025-05-27,True
E0013830,T004499,Transporte terrestre,314.69,2025-05-27,True
E0013831,T004499,Taxa,59.97,2025-05-27,True
E0013832,T004499,Ajuste de reembolso,-17.64,2025-06-11,False
E0013833,T004500,Alimentação,226.23,2024-06-04,True
E0013834,T004500,Transporte terrestre,237.59,2024-06-04,True
E0013835,T004500,Ajuste de reembolso,34.5,2024-06-17,False
E0013836,T004501,Alimentação,460.74,2025-03-19,True
E0013837,T004501,Transporte terrestre,352.19,2025-03-19,True
E0013838,T004501,Ajuste de reembolso,-19.33,2025-03-29,False
E0013839,T004502,Alimentação,321.58,2025-09-23,True
E0013840,T004502,Transporte terrestre,293.51,2025-09-23,True
E0013841,T004502,Ajuste de reembolso,-23.41,2025-09-29,False
E0013842,T004503,Alimentação,129.17,2024-12-29,True
E0013843,T004503,Transporte terrestre,83.92,2024-12-29,True
E0013844,T004503,Ajuste de reembolso,42.22,2025-01-06,False
E0013845,T004504,Alimentação,373.87,2025-01-31,True
E0013846,T004504,Transporte terrestre,223.42,2025-01-31,True
E0013847,T004504,Pedágio,173.0,2025-01-31,True
E0013848,T004504,Ajuste de reembolso,-22.05,2025-02-16,False
E0013849,T004506,Alimentação,234.37,2024-11-17,True
E0013850,T004506,Transporte terrestre,258.69,2024-11-17,True
E0013851,T004506,Ajuste de reembolso,14.55,2024-11-22,False
E0013852,T004507,Alimentação,218.62,2024-10-12,True
E0013853,T004507,Transporte terrestre,193.61,2024-10-12,True
E0013854,T004507,Ajuste de reembolso,24.39,2024-10-20,False
E0013855,T004508,Alimentação,275.61,2024-07-08,True
E0013856,T004508,Transporte terrestre,229.09,2024-07-08,True
E0013857,T004508,Ajuste de reembolso,22.47,2024-07-12,False
E0013858,T004509,Alimentação,161.38,2024-01-04,True
E0013859,T004509,Transporte terrestre,198.11,2024-01-04,True
E0013860,T004509,Ajuste de reembolso,37.03,2024-01-14,False
E0013861,T004510,Alimentação,176.73,2025-10-17,True
E0013862,T004510,Transporte terrestre,238.17,2025-10-17,True
E0013863,T004510,Taxa,216.35,2025-10-17,True
E0013864,T004510,Ajuste de reembolso,2.34,2025-10-20,False
E0013865,T004511,Alimentação,192.39,2024-02-05,True
E0013866,T004511,Transporte terrestre,104.65,2024-02-05,True
E0013867,T004511,Outros,53.83,2024-02-05,True
E0013868,T004511,Ajuste de reembolso,38.32,2024-02-14,False
E0013869,T004512,Alimentação,210.92,2024-11-30,True
E0013870,T004512,Transporte terrestre,101.06,2024-11-30,True
E0013871,T004512,Ajuste de reembolso,14.48,2024-12-06,False
E0013872,T004513,Alimentação,348.57,2024-06-01,True
E0013873,T004513,Transporte terrestre,207.98,2024-06-01,True
E0013874,T004513,Outros,91.78,2024-06-01,True
E0013875,T004513,Ajuste de reembolso,8.14,2024-06-13,False
E0013876,T004514,Alimentação,612.59,2024-06-10,True
E0013877,T004514,Transporte terrestre,151.2,2024-06-10,True
E0013878,T004514,Pedágio,43.45,2024-06-10,True
E0013879,T004514,Ajuste de reembolso,33.34,2024-06-18,False
E0013880,T004515,Alimentação,265.86,2024-12-21,True
E0013881,T004515,Transporte terrestre,161.36,2024-12-21,True
E0013882,T004515,Ajuste de reembolso,35.78,2025-01-04,False
E0013883,T004516,Alimentação,75.62,2024-05-13,True
E0013884,T004516,Transporte terrestre,44.81,2024-05-13,True
E0013885,T004516,Outros,51.04,2024-05-13,True
E0013886,T004516,Ajuste de reembolso,26.22,2024-05-25,False
E0013887,T004517,Alimentação,335.12,2024-10-29,True
E0013888,T004517,Transporte terrestre,195.9,2024-10-29,True
E0013889,T004517,Ajuste de reembolso,-21.32,2024-11-10,False
E0013890,T004518,Alimentação,480.47,2025-03-16,True
E0013891,T004518,Transporte terrestre,415.17,2025-03-16,True
E0013892,T004518,Ajuste de reembolso,-14.04,2025-04-01,False
E0013893,T004519,Alimentação,746.14,2025-03-21,True
E0013894,T004519,Transporte terrestre,307.8,2025-03-21,True
E0013895,T004519,Estacionamento,36.79,2025-03-21,True
E0013896,T004519,Ajuste de reembolso,3.64,2025-03-30,False
E0013897,T004520,Alimentação,257.09,2025-07-08,True
E0013898,T004520,Transporte terrestre,170.61,2025-07-08,True
E0013899,T004520,Ajuste de reembolso,-12.97,2025-07-28,False
E0013900,T004521,Alimentação,345.6,2025-12-08,True
E0013901,T004521,Transporte terrestre,195.58,2025-12-08,True
E0013902,T004521,Ajuste de reembolso,32.68,2025-12-11,False
E0013903,T004522,Alimentação,143.18,2024-03-13,True
E0013904,T004522,Transporte terrestre,54.2,2024-03-13,True
E0013905,T004522,Ajuste de reembolso,38.9,2024-03-27,False
E0013906,T004523,Alimentação,337.72,2025-08-15,True
E0013907,T004523,Transporte terrestre,286.45,2025-08-15,True
E0013908,T004523,Ajuste de reembolso,-1.39,2025-08-28,False
E0013909,T004524,Alimentação,474.04,2025-11-12,True
E0013910,T004524,Transporte terrestre,320.76,2025-11-12,True
E0013911,T004524,Ajuste de reembolso,13.45,2025-11-22,False
E0013912,T004525,Alimentação,110.43,2024-06-04,True
E0013913,T004525,Transporte terrestre,106.85,2024-06-04,True
E0013914,T004525,Estacionamento,228.28,2024-06-04,True
E0013915,T004525,Ajuste de reembolso,-1.38,2024-06-12,False
E0013916,T004526,Alimentação,278.54,2024-01-28,True
E0013917,T004526,Transporte terrestre,281.15,2024-01-28,True
E0013918,T004526,Ajuste de reembolso,44.66,2024-02-09,False
E0013919,T004527,Alimentação,170.54,2024-11-30,True
E0013920,T004527,Transporte terrestre,135.45,2024-11-30,True
E0013921,T004527,Ajuste de reembolso,-0.74,2024-12-10,False
E0013922,T004528,Alimentação,262.47,2025-03-02,True
E0013923,T004528,Transporte terrestre,211.16,2025-03-02,True
E0013924,T004528,Ajuste de reembolso,1.38,2025-03-17,False
E0013925,T004529,Alimentação,232.19,2025-07-01,True
E0013926,T004529,Transporte terrestre,219.39,2025-07-01,True
E0013927,T004529,Ajuste de reembolso,40.99,2025-07-09,False
E0013928,T004530,Alimentação,179.41,2025-08-08,True
E0013929,T004530,Transporte terrestre,293.43,2025-08-08,True
E0013930,T004530,Ajuste de reembolso,11.56,2025-08-16,False
E0013931,T004531,Alimentação,700.85,2024-11-25,True
E0013932,T004531,Transporte terrestre,375.86,2024-11-25,True
E0013933,T004531,Ajuste de reembolso,40.42,2024-11-29,False
E0013934,T004532,Alimentação,317.95,2025-10-11,True
E0013935,T004532,Transporte terrestre,278.15,2025-10-11,True
E0013936,T004532,Pedágio,145.52,2025-10-11,True
E0013937,T004532,Ajuste de reembolso,-14.26,2025-10-24,False
E0013938,T004533,Alimentação,204.2,2024-10-04,True
E0013939,T004533,Transporte terrestre,183.35,2024-10-04,True
E0013940,T004533,Ajuste de reembolso,19.59,2024-10-16,False
E0013941,T004534,Alimentação,381.61,2024-09-01,True
E0013942,T004534,Transporte terrestre,199.69,2024-09-01,True
E0013943,T004534,Pedágio,252.83,2024-09-01,True
E0013944,T004534,Ajuste de reembolso,5.62,2024-09-12,False
E0013945,T004535,Alimentação,286.28,2024-07-16,True
E0013946,T004535,Transporte terrestre,359.28,2024-07-16,True
E0013947,T004535,Ajuste de reembolso,15.66,2024-07-20,False
E0013948,T004536,Alimentação,202.13,2024-09-15,True
E0013949,T004536,Transporte terrestre,86.71,2024-09-15,True
E0013950,T004536,Ajuste de reembolso,39.22,2024-09-25,False
E0013951,T004537,Alimentação,245.61,2025-01-24,True
E0013952,T004537,Transporte terrestre,153.39,2025-01-24,True
E0013953,T004537,Ajuste de reembolso,-17.94,2025-02-06,False
E0013954,T004538,Alimentação,153.78,2025-10-29,True
E0013955,T004538,Transporte terrestre,135.43,2025-10-29,True
E0013956,T004538,Ajuste de reembolso,2.98,2025-11-21,False
E0013957,T004539,Alimentação,534.23,2025-12-25,True
E0013958,T004539,Transporte terrestre,238.48,2025-12-25,True
E0013959,T004539,Outros,45.26,2025-12-25,True
E0013960,T004539,Ajuste de reembolso,25.28,2026-01-11,False
E0013961,T004540,Alimentação,659.24,2025-05-14,True
E0013962,T004540,Transporte terrestre,331.95,2025-05-14,True
E0013963,T004540,Ajuste de reembolso,12.14,2025-05-26,False
E0013964,T004541,Alimentação,234.62,2024-04-06,True
E0013965,T004541,Transporte terrestre,208.84,2024-04-06,True
E0013966,T004541,Estacionamento,251.34,2024-04-06,True
E0013967,T004541,Ajuste de reembolso,3.12,2024-04-15,False
E0013968,T004542,Alimentação,124.74,2025-08-11,True
E0013969,T004542,Transporte terrestre,133.39,2025-08-11,True
E0013970,T004542,Ajuste de reembolso,31.52,2025-08-16,False
E0013971,T004543,Alimentação,199.23,2024-01-17,True
E0013972,T004543,Transporte terrestre,380.96,2024-01-17,True
E0013973,T004543,Outros,105.81,2024-01-17,True
E0013974,T004543,Ajuste de reembolso,-22.13,2024-01-31,False
E0013975,T004545,Alimentação,222.49,2025-10-14,True
E0013976,T004545,Transporte terrestre,129.62,2025-10-14,True
E0013977,T004545,Ajuste de reembolso,4.8,2025-10-21,False
E0013978,T004546,Alimentação,134.63,2025-04-16,True
E0013979,T004546,Transporte terrestre,84.05,2025-04-16,True
E0013980,T004546,Ajuste de reembolso,-2.75,2025-04-27,False
E0013981,T004547,Alimentação,863.84,2025-04-24,True
E0013982,T004547,Transporte terrestre,437.76,2025-04-24,True
E0013983,T004547,Ajuste de reembolso,11.47,2025-05-02,False
E0013984,T004548,Alimentação,356.93,2025-03-22,True
E0013985,T004548,Transporte terrestre,219.85,2025-03-22,True
E0013986,T004548,Ajuste de reembolso,32.42,2025-04-07,False
E0013987,T004549,Alimentação,288.35,2024-07-03,True
E0013988,T004549,Transporte terrestre,128.27,2024-07-03,True
E0013989,T004549,Ajuste de reembolso,4.2,2024-07-20,False
E0013990,T004550,Alimentação,361.27,2025-06-05,True
E0013991,T004550,Transporte terrestre,187.15,2025-06-05,True
E0013992,T004550,Outros,96.54,2025-06-05,True
E0013993,T004550,Ajuste de reembolso,-12.16,2025-06-17,False
E0013994,T004551,Alimentação,568.37,2024-10-28,True
E0013995,T004551,Transporte terrestre,420.04,2024-10-28,True
E0013996,T004551,Outros,230.24,2024-10-28,True
E0013997,T004551,Ajuste de reembolso,-7.24,2024-11-05,False
E0013998,T004552,Alimentação,142.1,2024-08-12,True
E0013999,T004552,Transporte terrestre,83.42,2024-08-12,True
E0014000,T004552,Ajuste de reembolso,36.46,2024-08-21,False
E0014001,T004553,Alimentação,576.64,2025-05-07,True
E0014002,T004553,Transporte terrestre,257.15,2025-05-07,True
E0014003,T004553,Estacionamento,146.21,2025-05-07,True
E0014004,T004553,Ajuste de reembolso,29.72,2025-05-18,False
E0014005,T004554,Alimentação,121.47,2025-12-13,True
E0014006,T004554,Transporte terrestre,106.71,2025-12-13,True
E0014007,T004554,Ajuste de reembolso,-20.76,2025-12-30,False
E0014008,T004555,Alimentação,341.02,2025-04-27,True
E0014009,T004555,Transporte terrestre,444.43,2025-04-27,True
E0014010,T004555,Ajuste de reembolso,13.04,2025-05-18,False
E0014011,T004556,Alimentação,402.99,2024-10-03,True
E0014012,T004556,Transporte terrestre,274.46,2024-10-03,True
E0014013,T004556,Ajuste de reembolso,-8.17,2024-10-20,False
E0014014,T004557,Alimentação,163.91,2024-12-30,True
E0014015,T004557,Transporte terrestre,59.15,2024-12-30,True
E0014016,T004557,Ajuste de reembolso,-9.21,2025-01-11,False
E0014017,T004558,Alimentação,729.35,2024-07-04,True
E0014018,T004558,Transporte terrestre,194.83,2024-07-04,True
E0014019,T004558,Taxa,75.58,2024-07-04,True
E0014020,T004558,Ajuste de reembolso,-12.21,2024-07-21,False
E0014021,T004559,Alimentação,138.48,2025-11-10,True
E0014022,T004559,Transporte terrestre,101.88,2025-11-10,True
E0014023,T004559,Ajuste de reembolso,-20.89,2025-11-22,False
E0014024,T004560,Alimentação,323.84,2024-10-24,True
E0014025,T004560,Transporte terrestre,317.41,2024-10-24,True
E0014026,T004560,Ajuste de reembolso,-13.61,2024-10-30,False
E0014027,T004561,Alimentação,475.28,2024-12-31,True
E0014028,T004561,Transporte terrestre,271.54,2024-12-31,True
E0014029,T004561,Estacionamento,109.41,2024-12-31,True
E0014030,T004561,Ajuste de reembolso,43.82,2025-01-11,False
E0014031,T004562,Alimentação,129.98,2024-11-08,True
E0014032,T004562,Transporte terrestre,213.96,2024-11-08,True
E0014033,T004562,Ajuste de reembolso,16.02,2024-11-10,False
E0014034,T004563,Alimentação,573.46,2025-05-25,True
E0014035,T004563,Transporte terrestre,443.93,2025-05-25,True
E0014036,T004563,Ajuste de reembolso,-16.41,2025-06-09,False
E0014037,T004564,Alimentação,271.17,2024-03-21,True
E0014038,T004564,Transporte terrestre,181.59,2024-03-21,True
E0014039,T004564,Ajuste de reembolso,28.95,2024-04-03,False
E0014040,T004565,Alimentação,106.03,2025-05-15,True
E0014041,T004565,Transporte terrestre,71.04,2025-05-15,True
E0014042,T004565,Ajuste de reembolso,-6.03,2025-05-17,False
E0014043,T004566,Alimentação,517.78,2024-05-20,True
E0014044,T004566,Transporte terrestre,185.89,2024-05-20,True
E0014045,T004566,Pedágio,179.61,2024-05-20,True
E0014046,T004566,Ajuste de reembolso,23.38,2024-05-31,False
E0014047,T004567,Alimentação,536.48,2025-08-15,True
E0014048,T004567,Transporte terrestre,318.91,2025-08-15,True
E0014049,T004567,Ajuste de reembolso,-14.01,2025-08-23,False
E0014050,T004568,Alimentação,221.32,2025-10-31,True
E0014051,T004568,Transporte terrestre,120.68,2025-10-31,True
E0014052,T004568,Ajuste de reembolso,30.58,2025-11-08,False
E0014053,T004569,Alimentação,339.8,2025-10-23,True
E0014054,T004569,Transporte terrestre,496.44,2025-10-23,True
E0014055,T004569,Outros,62.57,2025-10-23,True
E0014056,T004569,Ajuste de reembolso,42.44,2025-11-02,False
E0014057,T004570,Alimentação,107.62,2024-06-11,True
E0014058,T004570,Transporte terrestre,103.81,2024-06-11,True
E0014059,T004570,Ajuste de reembolso,31.34,2024-06-22,False
E0014060,T004571,Alimentação,442.95,2025-12-31,True
E0014061,T004571,Transporte terrestre,446.46,2025-12-31,True
E0014062,T004571,Ajuste de reembolso,35.61,2026-01-10,False
E0014063,T004572,Alimentação,72.3,2025-03-24,True
E0014064,T004572,Transporte terrestre,69.59,2025-03-24,True
E0014065,T004572,Ajuste de reembolso,34.84,2025-04-05,False
E0014066,T004573,Alimentação,369.59,2024-05-19,True
E0014067,T004573,Transporte terrestre,523.4,2024-05-19,True
E0014068,T004573,Pedágio,234.73,2024-05-19,True
E0014069,T004573,Ajuste de reembolso,10.88,2024-05-31,False
E0014070,T004574,Alimentação,394.16,2024-01-10,True
E0014071,T004574,Transporte terrestre,405.37,2024-01-10,True
E0014072,T004574,Ajuste de reembolso,9.47,2024-01-27,False
E0014073,T004575,Alimentação,429.52,2024-05-11,True
E0014074,T004575,Transporte terrestre,255.6,2024-05-11,True
E0014075,T004575,Ajuste de reembolso,-14.24,2024-05-20,False
E0014076,T004576,Alimentação,159.77,2024-03-27,True
E0014077,T004576,Transporte terrestre,134.3,2024-03-27,True
E0014078,T004576,Taxa,210.55,2024-03-27,True
E0014079,T004576,Ajuste de reembolso,-14.09,2024-04-11,False
E0014080,T004577,Alimentação,116.72,2025-10-28,True
E0014081,T004577,Transporte terrestre,64.25,2025-10-28,True
E0014082,T004577,Ajuste de reembolso,-0.28,2025-11-05,False
E0014083,T004578,Alimentação,144.47,2024-06-12,True
E0014084,T004578,Transporte terrestre,126.23,2024-06-12,True
E0014085,T004578,Ajuste de reembolso,42.73,2024-06-20,False
E0014086,T004579,Alimentação,626.7,2025-10-24,True
E0014087,T004579,Transporte terrestre,364.9,2025-10-24,True
E0014088,T004579,Ajuste de reembolso,-18.03,2025-11-06,False
E0014089,T004580,Alimentação,105.85,2024-04-09,True
E0014090,T004580,Transporte terrestre,50.46,2024-04-09,True
E0014091,T004580,Ajuste de reembolso,-0.74,2024-04-27,False
E0014092,T004581,Alimentação,324.13,2025-09-30,True
E0014093,T004581,Transporte terrestre,209.17,2025-09-30,True
E0014094,T004581,Ajuste de reembolso,4.54,2025-10-11,False
E0014095,T004582,Alimentação,349.64,2025-03-26,True
E0014096,T004582,Transporte terrestre,345.01,2025-03-26,True
E0014097,T004582,Ajuste de reembolso,43.51,2025-03-31,False
E0014098,T004583,Alimentação,125.41,2025-11-19,True
E0014099,T004583,Transporte terrestre,57.7,2025-11-19,True
E0014100,T004583,Ajuste de reembolso,-10.65,2025-11-21,False
E0014101,T004584,Alimentação,120.95,2025-09-22,True
E0014102,T004584,Transporte terrestre,288.61,2025-09-22,True
E0014103,T004584,Ajuste de reembolso,-0.89,2025-10-09,False
E0014104,T004585,Alimentação,266.9,2024-01-10,True
E0014105,T004585,Transporte terrestre,169.31,2024-01-10,True
E0014106,T004585,Pedágio,186.16,2024-01-10,True
E0014107,T004585,Ajuste de reembolso,-10.22,2024-01-26,False
E0014108,T004586,Alimentação,518.09,2025-05-06,True
E0014109,T004586,Transporte terrestre,260.54,2025-05-06,True
E0014110,T004586,Ajuste de reembolso,12.6,2025-05-22,False
E0014111,T004587,Alimentação,542.16,2025-12-11,True
E0014112,T004587,Transporte terrestre,216.09,2025-12-11,True
E0014113,T004587,Ajuste de reembolso,42.45,2025-12-19,False
E0014114,T004588,Alimentação,175.59,2024-08-22,True
E0014115,T004588,Transporte terrestre,221.8,2024-08-22,True
E0014116,T004588,Ajuste de reembolso,19.15,2024-08-25,False
E0014117,T004589,Alimentação,585.36,2025-09-14,True
E0014118,T004589,Transporte terrestre,474.7,2025-09-14,True
E0014119,T004589,Ajuste de reembolso,-2.7,2025-09-26,False
E0014120,T004590,Alimentação,471.29,2024-10-21,True
E0014121,T004590,Transporte terrestre,355.35,2024-10-21,True
E0014122,T004590,Ajuste de reembolso,42.37,2024-11-02,False
E0014123,T004591,Alimentação,393.5,2025-08-02,True
E0014124,T004591,Transporte terrestre,134.2,2025-08-02,True
E0014125,T004591,Ajuste de reembolso,-3.51,2025-08-04,False
E0014126,T004592,Alimentação,322.52,2024-12-19,True
E0014127,T004592,Transporte terrestre,213.4,2024-12-19,True
E0014128,T004592,Ajuste de reembolso,-2.04,2024-12-31,False
E0014129,T004593,Alimentação,420.79,2025-09-21,True
E0014130,T004593,Transporte terrestre,181.9,2025-09-21,True
E0014131,T004593,Pedágio,205.02,2025-09-21,True
E0014132,T004593,Ajuste de reembolso,-17.21,2025-10-08,False
E0014133,T004594,Alimentação,456.82,2025-04-02,True
E0014134,T004594,Transporte terrestre,281.13,2025-04-02,True
E0014135,T004594,Ajuste de reembolso,-13.54,2025-04-12,False
E0014136,T004595,Alimentação,818.7,2025-05-08,True
E0014137,T004595,Transporte terrestre,304.62,2025-05-08,True
E0014138,T004595,Ajuste de reembolso,30.85,2025-05-16,False
E0014139,T004596,Alimentação,976.92,2024-08-30,True
E0014140,T004596,Transporte terrestre,598.18,2024-08-30,True
E0014141,T004596,Ajuste de reembolso,39.62,2024-09-11,False
E0014142,T004597,Alimentação,756.98,2025-10-05,True
E0014143,T004597,Transporte terrestre,297.6,2025-10-05,True
E0014144,T004597,Ajuste de reembolso,38.87,2025-10-19,False
E0014145,T004598,Alimentação,285.08,2024-05-16,True
E0014146,T004598,Transporte terrestre,165.02,2024-05-16,True
E0014147,T004598,Ajuste de reembolso,6.37,2024-06-01,False
E0014148,T004599,Alimentação,85.42,2024-10-11,True
E0014149,T004599,Transporte terrestre,62.16,2024-10-11,True
E0014150,T004599,Ajuste de reembolso,35.72,2024-10-22,False
E0014151,T004600,Alimentação,304.69,2025-06-01,True
E0014152,T004600,Transporte terrestre,323.66,2025-06-01,True
E0014153,T004600,Ajuste de reembolso,19.28,2025-06-09,False
E0014154,T004601,Alimentação,322.82,2024-02-25,True
E0014155,T004601,Transporte terrestre,138.51,2024-02-25,True
E0014156,T004601,Ajuste de reembolso,-4.56,2024-03-12,False
E0014157,T004602,Alimentação,893.73,2024-08-31,True
E0014158,T004602,Transporte terrestre,407.31,2024-08-31,True
E0014159,T004602,Ajuste de reembolso,25.7,2024-09-18,False
E0014160,T004603,Alimentação,742.01,2025-03-18,True
E0014161,T004603,Transporte terrestre,665.3,2025-03-18,True
E0014162,T004603,Taxa,157.44,2025-03-18,True
E0014163,T004603,Ajuste de reembolso,-10.95,2025-04-04,False
E0014164,T004604,Alimentação,795.62,2025-04-28,True
E0014165,T004604,Transporte terrestre,486.61,2025-04-28,True
E0014166,T004604,Ajuste de reembolso,18.41,2025-05-10,False
E0014167,T004605,Alimentação,600.02,2025-08-14,True
E0014168,T004605,Transporte terrestre,258.54,2025-08-14,True
E0014169,T004605,Ajuste de reembolso,-4.2,2025-09-01,False
E0014170,T004607,Alimentação,236.8,2024-09-07,True
E0014171,T004607,Transporte terrestre,321.67,2024-09-07,True
E0014172,T004607,Ajuste de reembolso,36.37,2024-09-15,False
E0014173,T004608,Alimentação,516.81,2025-01-11,True
E0014174,T004608,Transporte terrestre,311.99,2025-01-11,True
E0014175,T004608,Ajuste de reembolso,40.94,2025-01-16,False
E0014176,T004609,Alimentação,584.82,2025-01-11,True
E0014177,T004609,Transporte terrestre,532.46,2025-01-11,True
E0014178,T004609,Ajuste de reembolso,-22.51,2025-01-25,False
E0014179,T004610,Alimentação,452.73,2025-12-15,True
E0014180,T004610,Transporte terrestre,262.66,2025-12-15,True
E0014181,T004610,Outros,132.94,2025-12-15,True
E0014182,T004610,Ajuste de reembolso,40.08,2025-12-24,False
E0014183,T004611,Alimentação,265.14,2024-05-25,True
E0014184,T004611,Transporte terrestre,205.69,2024-05-25,True
E0014185,T004611,Ajuste de reembolso,44.34,2024-06-05,False
E0014186,T004613,Alimentação,434.11,2025-12-10,True
E0014187,T004613,Transporte terrestre,400.1,2025-12-10,True
E0014188,T004613,Ajuste de reembolso,-18.34,2025-12-26,False
E0014189,T004614,Alimentação,134.46,2025-06-30,True
E0014190,T004614,Transporte terrestre,105.69,2025-06-30,True
E0014191,T004614,Ajuste de reembolso,27.59,2025-07-04,False
E0014192,T004615,Alimentação,96.7,2024-12-15,True
E0014193,T004615,Transporte terrestre,70.49,2024-12-15,True
E0014194,T004615,Ajuste de reembolso,14.54,2025-01-01,False
E0014195,T004616,Alimentação,189.64,2024-08-28,True
E0014196,T004616,Transporte terrestre,97.25,2024-08-28,True
E0014197,T004616,Estacionamento,98.88,2024-08-28,True
E0014198,T004616,Ajuste de reembolso,12.39,2024-08-31,False
E0014199,T004618,Alimentação,83.89,2025-08-19,True
E0014200,T004618,Transporte terrestre,67.04,2025-08-19,True
E0014201,T004618,Ajuste de reembolso,23.46,2025-08-29,False
E0014202,T004619,Alimentação,301.62,2024-08-25,True
E0014203,T004619,Transporte terrestre,405.5,2024-08-25,True
E0014204,T004619,Ajuste de reembolso,43.79,2024-09-14,False
E0014205,T004621,Alimentação,664.7,2024-01-24,True
E0014206,T004621,Transporte terrestre,470.73,2024-01-24,True
E0014207,T004621,Ajuste de reembolso,-8.37,2024-02-02,False
E0014208,T004622,Alimentação,173.35,2025-08-24,True
E0014209,T004622,Transporte terrestre,165.65,2025-08-24,True
E0014210,T004622,Ajuste de reembolso,-4.96,2025-09-06,False
E0014211,T004623,Alimentação,259.91,2025-08-29,True
E0014212,T004623,Transporte terrestre,158.63,2025-08-29,True
E0014213,T004623,Ajuste de reembolso,13.52,2025-09-05,False
E0014214,T004624,Alimentação,89.17,2024-10-09,True
E0014215,T004624,Transporte terrestre,71.25,2024-10-09,True
E0014216,T004624,Ajuste de reembolso,-14.82,2024-10-21,False
E0014217,T004625,Alimentação,332.36,2025-05-04,True
E0014218,T004625,Transporte terrestre,125.04,2025-05-04,True
E0014219,T004625,Ajuste de reembolso,13.48,2025-05-10,False
E0014220,T004626,Alimentação,503.41,2024-11-08,True
E0014221,T004626,Transporte terrestre,211.18,2024-11-08,True
E0014222,T004626,Ajuste de reembolso,-9.83,2024-11-25,False
E0014223,T004627,Alimentação,229.87,2025-08-06,True
E0014224,T004627,Transporte terrestre,196.96,2025-08-06,True
E0014225,T004627,Taxa,116.3,2025-08-06,True
E0014226,T004627,Ajuste de reembolso,43.61,2025-08-11,False
E0014227,T004628,Alimentação,62.01,2024-02-19,True
E0014228,T004628,Transporte terrestre,76.71,2024-02-19,True
E0014229,T004628,Ajuste de reembolso,17.19,2024-03-05,False
E0014230,T004629,Alimentação,273.25,2024-11-05,True
E0014231,T004629,Transporte terrestre,381.38,2024-11-05,True
E0014232,T004629,Ajuste de reembolso,38.58,2024-11-20,False
E0014233,T004630,Alimentação,86.5,2025-06-10,True
E0014234,T004630,Transporte terrestre,53.96,2025-06-10,True
E0014235,T004630,Ajuste de reembolso,31.98,2025-06-26,False
E0014236,T004631,Alimentação,338.59,2025-03-20,True
E0014237,T004631,Transporte terrestre,130.44,2025-03-20,True
E0014238,T004631,Ajuste de reembolso,33.73,2025-03-25,False
E0014239,T004633,Alimentação,294.71,2024-09-03,True
E0014240,T004633,Transporte terrestre,162.79,2024-09-03,True
E0014241,T004633,Ajuste de reembolso,-22.02,2024-09-06,False
E0014242,T004634,Alimentação,258.19,2025-08-22,True
E0014243,T004634,Transporte terrestre,199.76,2025-08-22,True
E0014244,T004634,Ajuste de reembolso,-14.65,2025-08-29,False
E0014245,T004635,Alimentação,578.47,2024-02-19,True
E0014246,T004635,Transporte terrestre,278.83,2024-02-19,True
E0014247,T004635,Ajuste de reembolso,-3.53,2024-03-01,False
E0014248,T004636,Alimentação,283.43,2024-02-08,True
E0014249,T004636,Transporte terrestre,173.98,2024-02-08,True
E0014250,T004636,Taxa,207.37,2024-02-08,True
E0014251,T004636,Ajuste de reembolso,-23.65,2024-02-11,False
E0014252,T004637,Alimentação,113.46,2025-03-14,True
E0014253,T004637,Transporte terrestre,104.17,2025-03-14,True
E0014254,T004637,Ajuste de reembolso,30.48,2025-03-21,False
E0014255,T004638,Alimentação,160.14,2025-09-03,True
E0014256,T004638,Transporte terrestre,143.6,2025-09-03,True
E0014257,T004638,Ajuste de reembolso,30.64,2025-09-09,False
E0014258,T004639,Alimentação,550.25,2024-04-25,True
E0014259,T004639,Transporte terrestre,232.31,2024-04-25,True
E0014260,T004639,Ajuste de reembolso,5.97,2024-05-05,False
E0014261,T004640,Alimentação,211.13,2025-04-07,True
E0014262,T004640,Transporte terrestre,126.17,2025-04-07,True
E0014263,T004640,Pedágio,277.06,2025-04-07,True
E0014264,T004640,Ajuste de reembolso,-10.25,2025-04-18,False
E0014265,T004641,Alimentação,87.73,2025-05-13,True
E0014266,T004641,Transporte terrestre,97.61,2025-05-13,True
E0014267,T004641,Ajuste de reembolso,-22.04,2025-05-20,False
E0014268,T004642,Alimentação,101.88,2025-08-28,True
E0014269,T004642,Transporte terrestre,63.72,2025-08-28,True
E0014270,T004642,Pedágio,158.97,2025-08-28,True
E0014271,T004642,Ajuste de reembolso,39.87,2025-09-09,False
E0014272,T004643,Alimentação,150.56,2024-05-29,True
E0014273,T004643,Transporte terrestre,81.31,2024-05-29,True
E0014274,T004643,Ajuste de reembolso,28.8,2024-06-12,False
E0014275,T004644,Alimentação,158.95,2024-02-27,True
E0014276,T004644,Transporte terrestre,103.04,2024-02-27,True
E0014277,T004644,Ajuste de reembolso,7.02,2024-03-13,False
E0014278,T004645,Alimentação,297.7,2024-09-14,True
E0014279,T004645,Transporte terrestre,335.42,2024-09-14,True
E0014280,T004645,Pedágio,131.93,2024-09-14,True
E0014281,T004645,Ajuste de reembolso,5.41,2024-09-19,False
E0014282,T004646,Alimentação,195.95,2025-05-09,True
E0014283,T004646,Transporte terrestre,315.44,2025-05-09,True
E0014284,T004646,Ajuste de reembolso,18.48,2025-05-13,False
E0014285,T004647,Alimentação,178.99,2025-07-28,True
E0014286,T004647,Transporte terrestre,231.9,2025-07-28,True
E0014287,T004647,Ajuste de reembolso,-3.35,2025-08-07,False
E0014288,T004648,Alimentação,469.17,2024-01-28,True
E0014289,T004648,Transporte terrestre,372.54,2024-01-28,True
E0014290,T004648,Pedágio,191.65,2024-01-28,True
E0014291,T004648,Ajuste de reembolso,38.92,2024-02-08,False
E0014292,T004649,Alimentação,219.52,2024-07-29,True
E0014293,T004649,Transporte terrestre,147.99,2024-07-29,True
E0014294,T004649,Ajuste de reembolso,9.36,2024-08-06,False
E0014295,T004650,Alimentação,232.41,2024-03-14,True
E0014296,T004650,Transporte terrestre,118.13,2024-03-14,True
E0014297,T004650,Ajuste de reembolso,-22.99,2024-03-25,False
E0014298,T004651,Alimentação,119.52,2025-11-01,True
E0014299,T004651,Transporte terrestre,49.78,2025-11-01,True
E0014300,T004651,Ajuste de reembolso,14.43,2025-11-12,False
E0014301,T004652,Alimentação,71.79,2025-10-06,True
E0014302,T004652,Transporte terrestre,86.74,2025-10-06,True
E0014303,T004652,Ajuste de reembolso,-17.76,2025-10-17,False
E0014304,T004653,Alimentação,375.53,2024-06-08,True
E0014305,T004653,Transporte terrestre,133.91,2024-06-08,True
E0014306,T004653,Ajuste de reembolso,5.51,2024-06-24,False
E0014307,T004654,Alimentação,90.28,2024-11-13,True
E0014308,T004654,Transporte terrestre,69.6,2024-11-13,True
E0014309,T004654,Ajuste de reembolso,35.2,2024-11-24,False
E0014310,T004655,Alimentação,104.01,2024-09-17,True
E0014311,T004655,Transporte terrestre,48.35,2024-09-17,True
E0014312,T004655,Outros,47.3,2024-09-17,True
E0014313,T004655,Ajuste de reembolso,44.5,2024-09-26,False
E0014314,T004656,Alimentação,444.24,2025-12-28,True
E0014315,T004656,Transporte terrestre,248.24,2025-12-28,True
E0014316,T004656,Ajuste de reembolso,14.06,2026-01-03,False
E0014317,T004657,Alimentação,100.2,2024-10-04,True
E0014318,T004657,Transporte terrestre,92.7,2024-10-04,True
E0014319,T004657,Ajuste de reembolso,25.87,2024-10-09,False
E0014320,T004658,Alimentação,326.78,2024-03-01,True
E0014321,T004658,Transporte terrestre,283.32,2024-03-01,True
E0014322,T004658,Ajuste de reembolso,31.15,2024-03-15,False
E0014323,T004659,Alimentação,427.02,2024-04-09,True
E0014324,T004659,Transporte terrestre,314.29,2024-04-09,True
E0014325,T004659,Ajuste de reembolso,30.1,2024-04-22,False
E0014326,T004660,Alimentação,47.82,2024-11-29,True
E0014327,T004660,Transporte terrestre,71.45,2024-11-29,True
E0014328,T004660,Ajuste de reembolso,43.89,2024-12-05,False
E0014329,T004661,Alimentação,107.67,2025-09-09,True
E0014330,T004661,Transporte terrestre,106.76,2025-09-09,True
E0014331,T004661,Ajuste de reembolso,16.99,2025-09-17,False
E0014332,T004662,Alimentação,296.27,2025-10-03,True
E0014333,T004662,Transporte terrestre,213.51,2025-10-03,True
E0014334,T004662,Pedágio,133.81,2025-10-03,True
E0014335,T004662,Ajuste de reembolso,20.36,2025-10-14,False
E0014336,T004663,Alimentação,86.12,2025-06-05,True
E0014337,T004663,Transporte terrestre,42.93,2025-06-05,True
E0014338,T004663,Ajuste de reembolso,18.64,2025-06-17,False
E0014339,T004664,Alimentação,391.4,2024-08-03,True
E0014340,T004664,Transporte terrestre,274.61,2024-08-03,True
E0014341,T004664,Ajuste de reembolso,7.53,2024-08-09,False
E0014342,T004665,Alimentação,460.47,2024-03-13,True
E0014343,T004665,Transporte terrestre,202.41,2024-03-13,True
E0014344,T004665,Ajuste de reembolso,25.08,2024-03-19,False
E0014345,T004666,Alimentação,192.3,2024-11-25,True
E0014346,T004666,Transporte terrestre,90.18,2024-11-25,True
E0014347,T004666,Ajuste de reembolso,-19.91,2024-11-27,False
E0014348,T004667,Alimentação,360.04,2025-06-30,True
E0014349,T004667,Transporte terrestre,420.21,2025-06-30,True
E0014350,T004667,Ajuste de reembolso,-3.83,2025-07-12,False
E0014351,T004668,Alimentação,256.53,2025-07-23,True
E0014352,T004668,Transporte terrestre,240.95,2025-07-23,True
E0014353,T004668,Ajuste de reembolso,13.15,2025-07-31,False
E0014354,T004669,Alimentação,439.11,2025-03-28,True
E0014355,T004669,Transporte terrestre,208.79,2025-03-28,True
E0014356,T004669,Ajuste de reembolso,-16.66,2025-04-02,False
E0014357,T004670,Alimentação,125.88,2025-04-26,True
E0014358,T004670,Transporte terrestre,91.38,2025-04-26,True
E0014359,T004670,Ajuste de reembolso,9.4,2025-05-03,False
E0014360,T004671,Alimentação,271.57,2024-12-09,True
E0014361,T004671,Transporte terrestre,265.4,2024-12-09,True
E0014362,T004671,Ajuste de reembolso,24.45,2024-12-15,False
E0014363,T004672,Alimentação,304.8,2025-01-20,True
E0014364,T004672,Transporte terrestre,152.13,2025-01-20,True
E0014365,T004672,Estacionamento,59.46,2025-01-20,True
E0014366,T004672,Ajuste de reembolso,1.15,2025-02-01,False
E0014367,T004673,Alimentação,1031.0,2025-05-23,True
E0014368,T004673,Transporte terrestre,431.94,2025-05-23,True
E0014369,T004673,Ajuste de reembolso,-9.27,2025-06-08,False
E0014370,T004674,Alimentação,85.14,2024-09-30,True
E0014371,T004674,Transporte terrestre,104.85,2024-09-30,True
E0014372,T004674,Ajuste de reembolso,33.7,2024-10-11,False
E0014373,T004675,Alimentação,399.16,2025-11-07,True
E0014374,T004675,Transporte terrestre,353.18,2025-11-07,True
E0014375,T004675,Ajuste de reembolso,6.67,2025-11-19,False
E0014376,T004676,Alimentação,236.12,2025-10-09,True
E0014377,T004676,Transporte terrestre,192.59,2025-10-09,True
E0014378,T004676,Ajuste de reembolso,0.77,2025-10-20,False
E0014379,T004678,Alimentação,910.58,2024-10-03,True
E0014380,T004678,Transporte terrestre,339.77,2024-10-03,True
E0014381,T004678,Ajuste de reembolso,39.35,2024-10-12,False
E0014382,T004679,Alimentação,140.86,2024-06-26,True
E0014383,T004679,Transporte terrestre,106.83,2024-06-26,True
E0014384,T004679,Ajuste de reembolso,40.64,2024-07-07,False
E0014385,T004680,Alimentação,53.68,2025-06-06,True
E0014386,T004680,Transporte terrestre,52.8,2025-06-06,True
E0014387,T004680,Ajuste de reembolso,-20.24,2025-06-22,False
E0014388,T004681,Alimentação,148.37,2025-02-23,True
E0014389,T004681,Transporte terrestre,95.6,2025-02-23,True
E0014390,T004681,Ajuste de reembolso,-18.06,2025-02-26,False
E0014391,T004682,Alimentação,495.48,2024-02-04,True
E0014392,T004682,Transporte terrestre,145.91,2024-02-04,True
E0014393,T004682,Ajuste de reembolso,16.02,2024-02-10,False
E0014394,T004683,Alimentação,278.0,2024-05-28,True
E0014395,T004683,Transporte terrestre,120.4,2024-05-28,True
E0014396,T004683,Ajuste de reembolso,-6.31,2024-06-01,False
E0014397,T004684,Alimentação,100.11,2024-09-03,True
E0014398,T004684,Transporte terrestre,62.18,2024-09-03,True
E0014399,T004684,Ajuste de reembolso,43.0,2024-09-17,False
E0014400,T004685,Alimentação,39.45,2024-06-17,True
E0014401,T004685,Transporte terrestre,45.18,2024-06-17,True
E0014402,T004685,Ajuste de reembolso,11.32,2024-06-29,False
E0014403,T004686,Alimentação,197.44,2024-05-03,True
E0014404,T004686,Transporte terrestre,171.22,2024-05-03,True
E0014405,T004686,Ajuste de reembolso,3.35,2024-05-20,False
E0014406,T004687,Alimentação,110.13,2024-09-10,True
E0014407,T004687,Transporte terrestre,81.15,2024-09-10,True
E0014408,T004687,Ajuste de reembolso,19.52,2024-09-19,False
E0014409,T004688,Alimentação,448.12,2025-05-14,True
E0014410,T004688,Transporte terrestre,308.78,2025-05-14,True
E0014411,T004688,Ajuste de reembolso,7.79,2025-05-29,False
E0014412,T004689,Alimentação,384.67,2024-02-12,True
E0014413,T004689,Transporte terrestre,317.72,2024-02-12,True
E0014414,T004689,Ajuste de reembolso,19.61,2024-02-21,False
E0014415,T004690,Alimentação,273.59,2024-05-09,True
E0014416,T004690,Transporte terrestre,121.19,2024-05-09,True
E0014417,T004690,Ajuste de reembolso,27.57,2024-05-31,False
E0014418,T004691,Alimentação,277.79,2025-11-16,True
E0014419,T004691,Transporte terrestre,210.67,2025-11-16,True
E0014420,T004691,Ajuste de reembolso,21.24,2025-11-20,False
E0014421,T004692,Alimentação,102.39,2024-12-03,True
E0014422,T004692,Transporte terrestre,73.98,2024-12-03,True
E0014423,T004692,Ajuste de reembolso,30.12,2024-12-11,False
E0014424,T004693,Alimentação,97.92,2025-06-25,True
E0014425,T004693,Transporte terrestre,65.32,2025-06-25,True
E0014426,T004693,Ajuste de reembolso,12.58,2025-07-06,False
E0014427,T004694,Alimentação,262.78,2025-08-02,True
E0014428,T004694,Transporte terrestre,190.01,2025-08-02,True
E0014429,T004694,Ajuste de reembolso,21.91,2025-08-21,False
E0014430,T004695,Alimentação,58.38,2024-07-09,True
E0014431,T004695,Transporte terrestre,103.79,2024-07-09,True
E0014432,T004695,Estacionamento,192.29,2024-07-09,True
E0014433,T004695,Ajuste de reembolso,-0.14,2024-07-14,False
E0014434,T004696,Alimentação,685.59,2024-01-30,True
E0014435,T004696,Transporte terrestre,208.21,2024-01-30,True
E0014436,T004696,Ajuste de reembolso,21.13,2024-02-10,False
E0014437,T004697,Alimentação,368.86,2025-08-17,True
E0014438,T004697,Transporte terrestre,179.58,2025-08-17,True
E0014439,T004697,Pedágio,73.16,2025-08-17,True
E0014440,T004697,Ajuste de reembolso,-7.92,2025-08-26,False
E0014441,T004698,Alimentação,235.49,2024-12-18,True
E0014442,T004698,Transporte terrestre,90.93,2024-12-18,True
E0014443,T004698,Ajuste de reembolso,30.88,2024-12-28,False
E0014444,T004699,Alimentação,429.16,2024-05-06,True
E0014445,T004699,Transporte terrestre,249.97,2024-05-06,True
E0014446,T004699,Ajuste de reembolso,1.26,2024-05-14,False
E0014447,T004700,Alimentação,90.54,2024-11-28,True
E0014448,T004700,Transporte terrestre,55.74,2024-11-28,True
E0014449,T004700,Ajuste de reembolso,24.05,2024-12-07,False
E0014450,T004701,Alimentação,281.8,2025-10-23,True
E0014451,T004701,Transporte terrestre,274.68,2025-10-23,True
E0014452,T004701,Ajuste de reembolso,20.4,2025-11-02,False
E0014453,T004702,Alimentação,322.92,2025-06-25,True
E0014454,T004702,Transporte terrestre,351.49,2025-06-25,True
E0014455,T004702,Ajuste de reembolso,-3.86,2025-07-11,False
E0014456,T004703,Alimentação,261.32,2025-08-26,True
E0014457,T004703,Transporte terrestre,138.46,2025-08-26,True
E0014458,T004703,Ajuste de reembolso,0.48,2025-08-30,False
E0014459,T004704,Alimentação,256.55,2025-10-25,True
E0014460,T004704,Transporte terrestre,308.61,2025-10-25,True
E0014461,T004704,Pedágio,181.22,2025-10-25,True
E0014462,T004704,Ajuste de reembolso,-7.29,2025-11-04,False
E0014463,T004705,Alimentação,320.22,2025-01-15,True
E0014464,T004705,Transporte terrestre,210.16,2025-01-15,True
E0014465,T004705,Estacionamento,204.75,2025-01-15,True
E0014466,T004705,Ajuste de reembolso,-14.12,2025-01-25,False
E0014467,T004706,Alimentação,706.48,2024-05-03,True
E0014468,T004706,Transporte terrestre,343.26,2024-05-03,True
E0014469,T004706,Ajuste de reembolso,29.46,2024-05-20,False
E0014470,T004707,Alimentação,190.64,2025-09-23,True
E0014471,T004707,Transporte terrestre,110.02,2025-09-23,True
E0014472,T004707,Ajuste de reembolso,-6.1,2025-10-09,False
E0014473,T004708,Alimentação,267.11,2025-08-09,True
E0014474,T004708,Transporte terrestre,84.56,2025-08-09,True
E0014475,T004708,Ajuste de reembolso,24.19,2025-08-23,False
E0014476,T004710,Alimentação,71.24,2025-04-20,True
E0014477,T004710,Transporte terrestre,61.41,2025-04-20,True
E0014478,T004710,Ajuste de reembolso,22.73,2025-05-01,False
E0014479,T004711,Alimentação,90.3,2025-03-23,True
E0014480,T004711,Transporte terrestre,51.29,2025-03-23,True
E0014481,T004711,Ajuste de reembolso,10.56,2025-03-28,False
E0014482,T004712,Alimentação,326.59,2024-06-29,True
E0014483,T004712,Transporte terrestre,126.23,2024-06-29,True
E0014484,T004712,Ajuste de reembolso,20.63,2024-07-07,False
E0014485,T004713,Alimentação,346.43,2024-09-22,True
E0014486,T004713,Transporte terrestre,321.47,2024-09-22,True
E0014487,T004713,Ajuste de reembolso,27.8,2024-10-02,False
E0014488,T004714,Alimentação,169.62,2024-04-06,True
E0014489,T004714,Transporte terrestre,117.89,2024-04-06,True
E0014490,T004714,Ajuste de reembolso,29.22,2024-04-17,False
E0014491,T004715,Alimentação,639.83,2025-09-05,True
E0014492,T004715,Transporte terrestre,256.43,2025-09-05,True
E0014493,T004715,Ajuste de reembolso,36.38,2025-09-24,False
E0014494,T004716,Alimentação,420.21,2025-03-07,True
E0014495,T004716,Transporte terrestre,426.43,2025-03-07,True
E0014496,T004716,Ajuste de reembolso,43.7,2025-03-15,False
E0014497,T004717,Alimentação,477.14,2024-04-13,True
E0014498,T004717,Transporte terrestre,267.65,2024-04-13,True
E0014499,T004717,Ajuste de reembolso,38.75,2024-04-21,False
E0014500,T004718,Alimentação,95.57,2025-01-28,True
E0014501,T004718,Transporte terrestre,123.98,2025-01-28,True
E0014502,T004718,Ajuste de reembolso,34.06,2025-02-07,False
E0014503,T004719,Alimentação,128.9,2024-09-11,True
E0014504,T004719,Transporte terrestre,41.83,2024-09-11,True
E0014505,T004719,Outros,136.29,2024-09-11,True
E0014506,T004719,Ajuste de reembolso,9.23,2024-09-21,False
E0014507,T004720,Alimentação,341.03,2024-12-01,True
E0014508,T004720,Transporte terrestre,279.96,2024-12-01,True
E0014509,T004720,Ajuste de reembolso,-15.29,2024-12-18,False
E0014510,T004721,Alimentação,100.68,2024-05-24,True
E0014511,T004721,Transporte terrestre,92.26,2024-05-24,True
E0014512,T004721,Ajuste de reembolso,41.5,2024-05-31,False
E0014513,T004722,Alimentação,207.61,2024-07-07,True
E0014514,T004722,Transporte terrestre,194.71,2024-07-07,True
E0014515,T004722,Ajuste de reembolso,40.65,2024-07-18,False
E0014516,T004723,Alimentação,790.82,2024-11-06,True
E0014517,T004723,Transporte terrestre,443.77,2024-11-06,True
E0014518,T004723,Ajuste de reembolso,25.47,2024-11-16,False
E0014519,T004724,Alimentação,501.22,2024-09-06,True
E0014520,T004724,Transporte terrestre,572.76,2024-09-06,True
E0014521,T004724,Pedágio,95.09,2024-09-06,True
E0014522,T004724,Ajuste de reembolso,32.88,2024-09-14,False
E0014523,T004725,Alimentação,249.78,2025-06-26,True
E0014524,T004725,Transporte terrestre,280.77,2025-06-26,True
E0014525,T004725,Ajuste de reembolso,3.07,2025-07-08,False
E0014526,T004726,Alimentação,372.78,2025-09-25,True
E0014527,T004726,Transporte terrestre,370.64,2025-09-25,True
E0014528,T004726,Ajuste de reembolso,36.5,2025-10-17,False
E0014529,T004728,Alimentação,88.26,2024-08-24,True
E0014530,T004728,Transporte terrestre,48.98,2024-08-24,True
E0014531,T004728,Estacionamento,211.2,2024-08-24,True
E0014532,T004728,Ajuste de reembolso,2.97,2024-09-04,False
E0014533,T004729,Alimentação,352.76,2024-10-25,True
E0014534,T004729,Transporte terrestre,409.66,2024-10-25,True
E0014535,T004729,Estacionamento,50.05,2024-10-25,True
E0014536,T004729,Ajuste de reembolso,-22.04,2024-11-09,False
E0014537,T004730,Alimentação,358.83,2025-10-26,True
E0014538,T004730,Transporte terrestre,216.88,2025-10-26,True
E0014539,T004730,Ajuste de reembolso,-12.01,2025-11-05,False
E0014540,T004731,Alimentação,475.06,2024-02-15,True
E0014541,T004731,Transporte terrestre,260.06,2024-02-15,True
E0014542,T004731,Estacionamento,216.56,2024-02-15,True
E0014543,T004731,Ajuste de reembolso,-2.63,2024-02-28,False
E0014544,T004732,Alimentação,69.53,2024-12-12,True
E0014545,T004732,Transporte terrestre,47.93,2024-12-12,True
E0014546,T004732,Estacionamento,68.16,2024-12-12,True
E0014547,T004732,Ajuste de reembolso,7.81,2024-12-24,False
E0014548,T004733,Alimentação,107.22,2024-07-21,True
E0014549,T004733,Transporte terrestre,74.12,2024-07-21,True
E0014550,T004733,Ajuste de reembolso,19.77,2024-07-31,False
E0014551,T004734,Alimentação,602.59,2024-09-17,True
E0014552,T004734,Transporte terrestre,391.25,2024-09-17,True
E0014553,T004734,Estacionamento,184.32,2024-09-17,True
E0014554,T004734,Ajuste de reembolso,35.94,2024-10-01,False
E0014555,T004735,Alimentação,142.62,2024-12-07,True
E0014556,T004735,Transporte terrestre,212.47,2024-12-07,True
E0014557,T004735,Ajuste de reembolso,15.33,2024-12-09,False
E0014558,T004736,Alimentação,365.47,2024-04-10,True
E0014559,T004736,Transporte terrestre,209.23,2024-04-10,True
E0014560,T004736,Ajuste de reembolso,35.03,2024-04-21,False
E0014561,T004737,Alimentação,223.44,2025-03-13,True
E0014562,T004737,Transporte terrestre,160.51,2025-03-13,True
E0014563,T004737,Ajuste de reembolso,-1.96,2025-03-25,False
E0014564,T004739,Alimentação,238.51,2024-03-16,True
E0014565,T004739,Transporte terrestre,132.04,2024-03-16,True
E0014566,T004739,Ajuste de reembolso,36.96,2024-04-02,False
E0014567,T004740,Alimentação,754.71,2025-01-07,True
E0014568,T004740,Transporte terrestre,268.99,2025-01-07,True
E0014569,T004740,Ajuste de reembolso,30.05,2025-01-12,False
E0014570,T004741,Alimentação,698.46,2025-07-20,True
E0014571,T004741,Transporte terrestre,366.16,2025-07-20,True
E0014572,T004741,Ajuste de reembolso,-24.4,2025-08-05,False
E0014573,T004742,Alimentação,258.95,2024-10-21,True
E0014574,T004742,Transporte terrestre,101.56,2024-10-21,True
E0014575,T004742,Ajuste de reembolso,29.2,2024-10-27,False
E0014576,T004743,Alimentação,258.0,2024-09-29,True
E0014577,T004743,Transporte terrestre,224.75,2024-09-29,True
E0014578,T004743,Ajuste de reembolso,15.76,2024-10-07,False
E0014579,T004744,Alimentação,361.54,2025-09-25,True
E0014580,T004744,Transporte terrestre,341.77,2025-09-25,True
E0014581,T004744,Ajuste de reembolso,-5.2,2025-10-01,False
E0014582,T004745,Alimentação,132.31,2024-06-07,True
E0014583,T004745,Transporte terrestre,57.34,2024-06-07,True
E0014584,T004745,Ajuste de reembolso,4.4,2024-06-15,False
E0014585,T004746,Alimentação,170.42,2024-11-20,True
E0014586,T004746,Transporte terrestre,141.39,2024-11-20,True
E0014587,T004746,Ajuste de reembolso,-8.85,2024-12-09,False
E0014588,T004747,Alimentação,59.04,2025-07-05,True
E0014589,T004747,Transporte terrestre,82.76,2025-07-05,True
E0014590,T004747,Ajuste de reembolso,29.88,2025-07-14,False
E0014591,T004748,Alimentação,72.32,2024-11-06,True
E0014592,T004748,Transporte terrestre,51.87,2024-11-06,True
E0014593,T004748,Ajuste de reembolso,-12.19,2024-11-24,False
E0014594,T004749,Alimentação,334.52,2025-02-19,True
E0014595,T004749,Transporte terrestre,236.83,2025-02-19,True
E0014596,T004749,Ajuste de reembolso,4.95,2025-03-05,False
E0014597,T004750,Alimentação,160.18,2024-04-06,True
E0014598,T004750,Transporte terrestre,166.37,2024-04-06,True
E0014599,T004750,Ajuste de reembolso,5.24,2024-04-17,False
E0014600,T004751,Alimentação,368.03,2024-08-20,True
E0014601,T004751,Transporte terrestre,179.43,2024-08-20,True
E0014602,T004751,Ajuste de reembolso,16.31,2024-08-31,False
E0014603,T004752,Alimentação,206.09,2024-02-27,True
E0014604,T004752,Transporte terrestre,187.04,2024-02-27,True
E0014605,T004752,Ajuste de reembolso,39.56,2024-03-02,False
E0014606,T004753,Alimentação,138.61,2025-03-23,True
E0014607,T004753,Transporte terrestre,61.68,2025-03-23,True
E0014608,T004753,Ajuste de reembolso,-14.79,2025-04-15,False
E0014609,T004754,Alimentação,146.86,2025-02-25,True
E0014610,T004754,Transporte terrestre,49.22,2025-02-25,True
E0014611,T004754,Ajuste de reembolso,33.61,2025-03-07,False
E0014612,T004755,Alimentação,180.53,2024-02-26,True
E0014613,T004755,Transporte terrestre,125.27,2024-02-26,True
E0014614,T004755,Ajuste de reembolso,-24.75,2024-03-06,False
E0014615,T004756,Alimentação,189.07,2025-09-21,True
E0014616,T004756,Transporte terrestre,122.71,2025-09-21,True
E0014617,T004756,Ajuste de reembolso,-14.51,2025-10-02,False
E0014618,T004757,Alimentação,187.51,2025-10-16,True
E0014619,T004757,Transporte terrestre,82.84,2025-10-16,True
E0014620,T004757,Ajuste de reembolso,24.49,2025-10-29,False
E0014621,T004758,Alimentação,531.77,2025-10-14,True
E0014622,T004758,Transporte terrestre,200.91,2025-10-14,True
E0014623,T004758,Ajuste de reembolso,35.44,2025-10-23,False
E0014624,T004759,Alimentação,71.21,2025-10-24,True
E0014625,T004759,Transporte terrestre,75.68,2025-10-24,True
E0014626,T004759,Ajuste de reembolso,21.6,2025-11-07,False
E0014627,T004760,Alimentação,281.67,2024-11-18,True
E0014628,T004760,Transporte terrestre,264.18,2024-11-18,True
E0014629,T004760,Ajuste de reembolso,32.51,2024-11-24,False
E0014630,T004761,Alimentação,384.96,2024-03-25,True
E0014631,T004761,Transporte terrestre,272.28,2024-03-25,True
E0014632,T004761,Outros,128.05,2024-03-25,True
E0014633,T004761,Ajuste de reembolso,-1.59,2024-04-10,False
E0014634,T004762,Alimentação,147.01,2024-01-15,True
E0014635,T004762,Transporte terrestre,197.32,2024-01-15,True
E0014636,T004762,Ajuste de reembolso,31.61,2024-01-28,False
E0014637,T004763,Alimentação,149.82,2024-11-06,True
E0014638,T004763,Transporte terrestre,88.76,2024-11-06,True
E0014639,T004763,Ajuste de reembolso,-9.26,2024-11-15,False
E0014640,T004764,Alimentação,400.63,2024-12-11,True
E0014641,T004764,Transporte terrestre,309.08,2024-12-11,True
E0014642,T004764,Estacionamento,206.42,2024-12-11,True
E0014643,T004764,Ajuste de reembolso,38.23,2024-12-18,False
E0014644,T004765,Alimentação,438.24,2024-09-21,True
E0014645,T004765,Transporte terrestre,293.04,2024-09-21,True
E0014646,T004765,Estacionamento,169.83,2024-09-21,True
E0014647,T004765,Ajuste de reembolso,-19.28,2024-09-27,False
E0014648,T004766,Alimentação,373.31,2025-11-29,True
E0014649,T004766,Transporte terrestre,162.97,2025-11-29,True
E0014650,T004766,Ajuste de reembolso,-5.26,2025-12-13,False
E0014651,T004767,Alimentação,506.09,2024-07-16,True
E0014652,T004767,Transporte terrestre,181.51,2024-07-16,True
E0014653,T004767,Ajuste de reembolso,1.12,2024-07-20,False
E0014654,T004768,Alimentação,288.03,2024-10-16,True
E0014655,T004768,Transporte terrestre,426.71,2024-10-16,True
E0014656,T004768,Ajuste de reembolso,38.82,2024-11-07,False
E0014657,T004769,Alimentação,41.88,2024-04-12,True
E0014658,T004769,Transporte terrestre,80.23,2024-04-12,True
E0014659,T004769,Ajuste de reembolso,10.97,2024-04-26,False
E0014660,T004770,Alimentação,436.0,2025-11-25,True
E0014661,T004770,Transporte terrestre,210.33,2025-11-25,True
E0014662,T004770,Pedágio,130.91,2025-11-25,True
E0014663,T004770,Ajuste de reembolso,8.17,2025-12-06,False
E0014664,T004771,Alimentação,308.76,2024-04-08,True
E0014665,T004771,Transporte terrestre,238.32,2024-04-08,True
E0014666,T004771,Pedágio,224.67,2024-04-08,True
E0014667,T004771,Ajuste de reembolso,42.15,2024-04-11,False
E0014668,T004772,Alimentação,168.39,2025-03-02,True
E0014669,T004772,Transporte terrestre,123.93,2025-03-02,True
E0014670,T004772,Ajuste de reembolso,-18.91,2025-03-17,False
E0014671,T004773,Alimentação,455.16,2025-11-16,True
E0014672,T004773,Transporte terrestre,282.84,2025-11-16,True
E0014673,T004773,Ajuste de reembolso,33.39,2025-11-25,False
E0014674,T004774,Alimentação,286.71,2025-12-06,True
E0014675,T004774,Transporte terrestre,165.89,2025-12-06,True
E0014676,T004774,Ajuste de reembolso,1.11,2025-12-16,False
E0014677,T004775,Alimentação,311.79,2024-11-29,True
E0014678,T004775,Transporte terrestre,144.1,2024-11-29,True
E0014679,T004775,Ajuste de reembolso,15.08,2024-12-07,False
E0014680,T004776,Alimentação,515.77,2025-03-18,True
E0014681,T004776,Transporte terrestre,187.18,2025-03-18,True
E0014682,T004776,Ajuste de reembolso,4.63,2025-04-01,False
E0014683,T004777,Alimentação,155.42,2025-10-16,True
E0014684,T004777,Transporte terrestre,91.56,2025-10-16,True
E0014685,T004777,Ajuste de reembolso,2.6,2025-10-23,False
E0014686,T004778,Alimentação,545.6,2024-12-22,True
E0014687,T004778,Transporte terrestre,285.4,2024-12-22,True
E0014688,T004778,Ajuste de reembolso,5.16,2025-01-05,False
E0014689,T004779,Alimentação,275.5,2024-02-14,True
E0014690,T004779,Transporte terrestre,134.94,2024-02-14,True
E0014691,T004779,Ajuste de reembolso,29.64,2024-02-29,False
E0014692,T004780,Alimentação,106.37,2024-09-16,True
E0014693,T004780,Transporte terrestre,53.1,2024-09-16,True
E0014694,T004780,Ajuste de reembolso,28.79,2024-09-26,False
E0014695,T004781,Alimentação,124.07,2024-03-05,True
E0014696,T004781,Transporte terrestre,153.67,2024-03-05,True
E0014697,T004781,Ajuste de reembolso,39.98,2024-03-17,False
E0014698,T004782,Alimentação,236.26,2025-01-06,True
E0014699,T004782,Transporte terrestre,274.6,2025-01-06,True
E0014700,T004782,Estacionamento,138.99,2025-01-06,True
E0014701,T004782,Ajuste de reembolso,30.48,2025-01-18,False
E0014702,T004783,Alimentação,320.64,2024-03-09,True
E0014703,T004783,Transporte terrestre,146.21,2024-03-09,True
E0014704,T004783,Ajuste de reembolso,10.14,2024-03-21,False
E0014705,T004784,Alimentação,65.3,2025-08-12,True
E0014706,T004784,Transporte terrestre,83.53,2025-08-12,True
E0014707,T004784,Taxa,98.52,2025-08-12,True
E0014708,T004784,Ajuste de reembolso,44.34,2025-08-22,False
E0014709,T004785,Alimentação,134.04,2024-08-07,True
E0014710,T004785,Transporte terrestre,54.5,2024-08-07,True
E0014711,T004785,Ajuste de reembolso,0.48,2024-08-15,False
E0014712,T004786,Alimentação,324.5,2025-04-13,True
E0014713,T004786,Transporte terrestre,131.79,2025-04-13,True
E0014714,T004786,Ajuste de reembolso,37.54,2025-04-28,False
E0014715,T004787,Alimentação,54.49,2025-05-27,True
E0014716,T004787,Transporte terrestre,74.96,2025-05-27,True
E0014717,T004787,Pedágio,206.63,2025-05-27,True
E0014718,T004787,Ajuste de reembolso,26.77,2025-06-12,False
E0014719,T004788,Alimentação,319.42,2025-03-16,True
E0014720,T004788,Transporte terrestre,214.65,2025-03-16,True
E0014721,T004788,Pedágio,77.96,2025-03-16,True
E0014722,T004788,Ajuste de reembolso,-8.82,2025-04-07,False
E0014723,T004789,Alimentação,150.26,2025-02-15,True
E0014724,T004789,Transporte terrestre,183.82,2025-02-15,True
E0014725,T004789,Ajuste de reembolso,25.39,2025-02-27,False
E0014726,T004790,Alimentação,95.48,2025-01-18,True
E0014727,T004790,Transporte terrestre,50.71,2025-01-18,True
E0014728,T004790,Outros,85.66,2025-01-18,True
E0014729,T004790,Ajuste de reembolso,-21.43,2025-01-26,False
E0014730,T004791,Alimentação,551.17,2024-09-01,True
E0014731,T004791,Transporte terrestre,132.65,2024-09-01,True
E0014732,T004791,Ajuste de reembolso,26.91,2024-09-14,False
E0014733,T004792,Alimentação,469.19,2024-02-27,True
E0014734,T004792,Transporte terrestre,205.79,2024-02-27,True
E0014735,T004792,Ajuste de reembolso,-11.8,2024-03-10,False
E0014736,T004793,Alimentação,370.89,2025-08-16,True
E0014737,T004793,Transporte terrestre,165.05,2025-08-16,True
E0014738,T004793,Ajuste de reembolso,-3.98,2025-08-28,False
E0014739,T004794,Alimentação,48.84,2024-09-08,True
E0014740,T004794,Transporte terrestre,96.9,2024-09-08,True
E0014741,T004794,Ajuste de reembolso,18.6,2024-09-10,False
E0014742,T004795,Alimentação,307.34,2025-06-02,True
E0014743,T004795,Transporte terrestre,224.92,2025-06-02,True
E0014744,T004795,Ajuste de reembolso,32.4,2025-06-15,False
E0014745,T004796,Alimentação,273.84,2025-10-10,True
E0014746,T004796,Transporte terrestre,160.96,2025-10-10,True
E0014747,T004796,Ajuste de reembolso,2.25,2025-10-22,False
E0014748,T004797,Alimentação,601.86,2024-07-12,True
E0014749,T004797,Transporte terrestre,260.38,2024-07-12,True
E0014750,T004797,Ajuste de reembolso,-13.31,2024-07-31,False
E0014751,T004798,Alimentação,248.36,2024-01-04,True
E0014752,T004798,Transporte terrestre,256.49,2024-01-04,True
E0014753,T004798,Estacionamento,45.01,2024-01-04,True
E0014754,T004798,Ajuste de reembolso,-0.07,2024-01-14,False
E0014755,T004799,Alimentação,40.58,2025-03-09,True
E0014756,T004799,Transporte terrestre,69.22,2025-03-09,True
E0014757,T004799,Ajuste de reembolso,5.05,2025-03-19,False
E0014758,T004800,Alimentação,713.36,2024-12-17,True
E0014759,T004800,Transporte terrestre,291.74,2024-12-17,True
E0014760,T004800,Ajuste de reembolso,17.32,2024-12-24,False
E0014761,T004801,Alimentação,225.25,2025-08-07,True
E0014762,T004801,Transporte terrestre,210.39,2025-08-07,True
E0014763,T004801,Ajuste de reembolso,19.72,2025-08-14,False
E0014764,T004802,Alimentação,361.63,2025-09-16,True
E0014765,T004802,Transporte terrestre,285.45,2025-09-16,True
E0014766,T004802,Ajuste de reembolso,41.9,2025-09-26,False
E0014767,T004803,Alimentação,203.59,2024-06-09,True
E0014768,T004803,Transporte terrestre,186.2,2024-06-09,True
E0014769,T004803,Ajuste de reembolso,27.07,2024-06-19,False
E0014770,T004804,Alimentação,310.01,2025-10-24,True
E0014771,T004804,Transporte terrestre,183.71,2025-10-24,True
E0014772,T004804,Ajuste de reembolso,14.18,2025-11-10,False
E0014773,T004805,Alimentação,295.18,2024-10-27,True
E0014774,T004805,Transporte terrestre,175.99,2024-10-27,True
E0014775,T004805,Ajuste de reembolso,36.75,2024-11-07,False
E0014776,T004806,Alimentação,226.36,2024-09-11,True
E0014777,T004806,Transporte terrestre,130.26,2024-09-11,True
E0014778,T004806,Pedágio,52.8,2024-09-11,True
E0014779,T004806,Ajuste de reembolso,14.33,2024-09-19,False
E0014780,T004807,Alimentação,353.83,2024-03-14,True
E0014781,T004807,Transporte terrestre,289.29,2024-03-14,True
E0014782,T004807,Pedágio,187.69,2024-03-14,True
E0014783,T004807,Ajuste de reembolso,-21.7,2024-03-30,False
E0014784,T004808,Alimentação,104.4,2024-03-01,True
E0014785,T004808,Transporte terrestre,62.94,2024-03-01,True
E0014786,T004808,Ajuste de reembolso,-10.25,2024-03-10,False
E0014787,T004809,Alimentação,291.43,2024-06-22,True
E0014788,T004809,Transporte terrestre,347.01,2024-06-22,True
E0014789,T004809,Ajuste de reembolso,-6.08,2024-07-12,False
E0014790,T004810,Alimentação,315.44,2025-08-09,True
E0014791,T004810,Transporte terrestre,252.37,2025-08-09,True
E0014792,T004810,Ajuste de reembolso,-14.07,2025-08-27,False
E0014793,T004811,Alimentação,186.15,2025-05-22,True
E0014794,T004811,Transporte terrestre,205.13,2025-05-22,True
E0014795,T004811,Pedágio,53.16,2025-05-22,True
E0014796,T004811,Ajuste de reembolso,-3.28,2025-06-05,False
E0014797,T004812,Alimentação,300.59,2025-10-04,True
E0014798,T004812,Transporte terrestre,256.95,2025-10-04,True
E0014799,T004812,Estacionamento,68.37,2025-10-04,True
E0014800,T004812,Ajuste de reembolso,43.49,2025-10-20,False
E0014801,T004813,Alimentação,327.22,2024-12-24,True
E0014802,T004813,Transporte terrestre,268.48,2024-12-24,True
E0014803,T004813,Ajuste de reembolso,5.67,2025-01-05,False
E0014804,T004814,Alimentação,415.71,2024-10-05,True
E0014805,T004814,Transporte terrestre,184.88,2024-10-05,True
E0014806,T004814,Ajuste de reembolso,13.69,2024-10-18,False
E0014807,T004815,Alimentação,742.23,2025-08-18,True
E0014808,T004815,Transporte terrestre,524.36,2025-08-18,True
E0014809,T004815,Ajuste de reembolso,41.16,2025-08-26,False
E0014810,T004816,Alimentação,252.01,2025-11-23,True
E0014811,T004816,Transporte terrestre,197.3,2025-11-23,True
E0014812,T004816,Ajuste de reembolso,19.98,2025-12-09,False
E0014813,T004817,Alimentação,153.76,2025-10-28,True
E0014814,T004817,Transporte terrestre,162.46,2025-10-28,True
E0014815,T004817,Ajuste de reembolso,2.61,2025-10-31,False
E0014816,T004819,Alimentação,422.0,2025-10-11,True
E0014817,T004819,Transporte terrestre,227.31,2025-10-11,True
E0014818,T004819,Ajuste de reembolso,-2.26,2025-10-19,False
E0014819,T004820,Alimentação,598.29,2025-02-25,True
E0014820,T004820,Transporte terrestre,631.32,2025-02-25,True
E0014821,T004820,Ajuste de reembolso,-8.4,2025-03-09,False
E0014822,T004821,Alimentação,568.66,2025-05-18,True
E0014823,T004821,Transporte terrestre,360.46,2025-05-18,True
E0014824,T004821,Ajuste de reembolso,13.44,2025-05-30,False
E0014825,T004822,Alimentação,98.47,2024-02-06,True
E0014826,T004822,Transporte terrestre,63.26,2024-02-06,True
E0014827,T004822,Ajuste de reembolso,38.57,2024-02-12,False
E0014828,T004823,Alimentação,70.43,2024-07-20,True
E0014829,T004823,Transporte terrestre,71.51,2024-07-20,True
E0014830,T004823,Ajuste de reembolso,11.03,2024-07-27,False
E0014831,T004824,Alimentação,219.0,2024-01-30,True
E0014832,T004824,Transporte terrestre,280.93,2024-01-30,True
E0014833,T004824,Ajuste de reembolso,-1.95,2024-02-20,False
E0014834,T004826,Alimentação,119.15,2024-10-13,True
E0014835,T004826,Transporte terrestre,82.73,2024-10-13,True
E0014836,T004826,Ajuste de reembolso,25.4,2024-10-25,False
E0014837,T004827,Alimentação,310.79,2025-04-09,True
E0014838,T004827,Transporte terrestre,267.55,2025-04-09,True
E0014839,T004827,Ajuste de reembolso,-8.97,2025-04-14,False
E0014840,T004828,Alimentação,657.54,2025-02-11,True
E0014841,T004828,Transporte terrestre,176.5,2025-02-11,True
E0014842,T004828,Ajuste de reembolso,11.21,2025-02-18,False
E0014843,T004829,Alimentação,111.99,2024-10-11,True
E0014844,T004829,Transporte terrestre,65.91,2024-10-11,True
E0014845,T004829,Ajuste de reembolso,-19.08,2024-10-19,False
E0014846,T004830,Alimentação,447.21,2025-04-01,True
E0014847,T004830,Transporte terrestre,367.59,2025-04-01,True
E0014848,T004830,Ajuste de reembolso,17.95,2025-04-06,False
E0014849,T004831,Alimentação,481.06,2024-04-04,True
E0014850,T004831,Transporte terrestre,350.71,2024-04-04,True
E0014851,T004831,Ajuste de reembolso,28.8,2024-04-18,False
E0014852,T004832,Alimentação,115.11,2024-09-16,True
E0014853,T004832,Transporte terrestre,67.12,2024-09-16,True
E0014854,T004832,Ajuste de reembolso,-6.94,2024-09-28,False
E0014855,T004833,Alimentação,107.96,2024-06-06,True
E0014856,T004833,Transporte terrestre,51.56,2024-06-06,True
E0014857,T004833,Estacionamento,60.78,2024-06-06,True
E0014858,T004833,Ajuste de reembolso,-22.93,2024-06-15,False
E0014859,T004834,Alimentação,377.92,2025-06-18,True
E0014860,T004834,Transporte terrestre,410.93,2025-06-18,True
E0014861,T004834,Ajuste de reembolso,11.28,2025-06-25,False
E0014862,T004835,Alimentação,461.95,2024-06-17,True
E0014863,T004835,Transporte terrestre,337.29,2024-06-17,True
E0014864,T004835,Ajuste de reembolso,-12.52,2024-06-28,False
E0014865,T004836,Alimentação,336.22,2024-01-23,True
E0014866,T004836,Transporte terrestre,208.99,2024-01-23,True
E0014867,T004836,Ajuste de reembolso,-7.43,2024-02-07,False
E0014868,T004837,Alimentação,264.26,2024-04-08,True
E0014869,T004837,Transporte terrestre,255.86,2024-04-08,True
E0014870,T004837,Estacionamento,202.87,2024-04-08,True
E0014871,T004837,Ajuste de reembolso,1.96,2024-04-25,False
E0014872,T004838,Alimentação,289.93,2025-02-21,True
E0014873,T004838,Transporte terrestre,240.31,2025-02-21,True
E0014874,T004838,Ajuste de reembolso,8.96,2025-03-02,False
E0014875,T004839,Alimentação,69.69,2024-01-25,True
E0014876,T004839,Transporte terrestre,72.22,2024-01-25,True
E0014877,T004839,Ajuste de reembolso,-16.55,2024-02-10,False
E0014878,T004840,Alimentação,964.98,2025-04-22,True
E0014879,T004840,Transporte terrestre,241.85,2025-04-22,True
E0014880,T004840,Ajuste de reembolso,27.05,2025-04-27,False
E0014881,T004841,Alimentação,103.28,2025-03-24,True
E0014882,T004841,Transporte terrestre,85.09,2025-03-24,True
E0014883,T004841,Ajuste de reembolso,23.35,2025-04-12,False
E0014884,T004842,Alimentação,303.69,2024-12-20,True
E0014885,T004842,Transporte terrestre,423.41,2024-12-20,True
E0014886,T004842,Estacionamento,124.78,2024-12-20,True
E0014887,T004842,Ajuste de reembolso,39.9,2025-01-04,False
E0014888,T004843,Alimentação,447.41,2024-01-19,True
E0014889,T004843,Transporte terrestre,183.68,2024-01-19,True
E0014890,T004843,Taxa,230.5,2024-01-19,True
E0014891,T004843,Ajuste de reembolso,-7.28,2024-01-28,False
E0014892,T004844,Alimentação,102.91,2025-09-16,True
E0014893,T004844,Transporte terrestre,97.04,2025-09-16,True
E0014894,T004844,Ajuste de reembolso,-8.41,2025-09-30,False
E0014895,T004845,Alimentação,134.64,2025-08-16,True
E0014896,T004845,Transporte terrestre,127.62,2025-08-16,True
E0014897,T004845,Taxa,241.42,2025-08-16,True
E0014898,T004845,Ajuste de reembolso,-9.73,2025-08-28,False
E0014899,T004846,Alimentação,456.67,2025-12-02,True
E0014900,T004846,Transporte terrestre,174.04,2025-12-02,True
E0014901,T004846,Ajuste de reembolso,39.77,2025-12-18,False
E0014902,T004847,Alimentação,900.09,2025-09-30,True
E0014903,T004847,Transporte terrestre,265.98,2025-09-30,True
E0014904,T004847,Taxa,181.35,2025-09-30,True
E0014905,T004847,Ajuste de reembolso,10.82,2025-10-20,False
E0014906,T004849,Alimentação,298.57,2024-03-10,True
E0014907,T004849,Transporte terrestre,259.4,2024-03-10,True
E0014908,T004849,Ajuste de reembolso,44.27,2024-03-15,False
E0014909,T004850,Alimentação,397.29,2025-06-09,True
E0014910,T004850,Transporte terrestre,191.36,2025-06-09,True
E0014911,T004850,Ajuste de reembolso,15.74,2025-06-22,False
E0014912,T004852,Alimentação,278.51,2024-06-11,True
E0014913,T004852,Transporte terrestre,201.58,2024-06-11,True
E0014914,T004852,Outros,80.02,2024-06-11,True
E0014915,T004852,Ajuste de reembolso,-20.65,2024-06-18,False
E0014916,T004853,Alimentação,253.71,2025-02-02,True
E0014917,T004853,Transporte terrestre,141.66,2025-02-02,True
E0014918,T004853,Taxa,201.88,2025-02-02,True
E0014919,T004853,Ajuste de reembolso,11.84,2025-02-12,False
E0014920,T004854,Alimentação,194.33,2024-09-14,True
E0014921,T004854,Transporte terrestre,180.27,2024-09-14,True
E0014922,T004854,Ajuste de reembolso,29.98,2024-09-20,False
E0014923,T004855,Alimentação,549.97,2025-02-07,True
E0014924,T004855,Transporte terrestre,444.64,2025-02-07,True
E0014925,T004855,Ajuste de reembolso,-11.22,2025-02-21,False
E0014926,T004856,Alimentação,129.4,2025-11-26,True
E0014927,T004856,Transporte terrestre,147.1,2025-11-26,True
E0014928,T004856,Ajuste de reembolso,-18.61,2025-12-01,False
E0014929,T004857,Alimentação,496.02,2024-02-28,True
E0014930,T004857,Transporte terrestre,392.06,2024-02-28,True
E0014931,T004857,Ajuste de reembolso,26.6,2024-03-05,False
E0014932,T004858,Alimentação,395.15,2025-03-05,True
E0014933,T004858,Transporte terrestre,147.39,2025-03-05,True
E0014934,T004858,Outros,221.32,2025-03-05,True
E0014935,T004858,Ajuste de reembolso,-23.9,2025-03-26,False
E0014936,T004859,Alimentação,351.79,2025-02-27,True
E0014937,T004859,Transporte terrestre,149.59,2025-02-27,True
E0014938,T004859,Ajuste de reembolso,41.7,2025-03-05,False
E0014939,T004860,Alimentação,226.17,2024-09-02,True
E0014940,T004860,Transporte terrestre,191.88,2024-09-02,True
E0014941,T004860,Ajuste de reembolso,21.47,2024-09-13,False
E0014942,T004861,Alimentação,359.63,2025-10-04,True
E0014943,T004861,Transporte terrestre,163.85,2025-10-04,True
E0014944,T004861,Ajuste de reembolso,3.64,2025-10-13,False
E0014945,T004862,Alimentação,424.98,2025-07-07,True
E0014946,T004862,Transporte terrestre,391.86,2025-07-07,True
E0014947,T004862,Ajuste de reembolso,6.14,2025-07-23,False
E0014948,T004863,Alimentação,401.21,2025-04-14,True
E0014949,T004863,Transporte terrestre,308.55,2025-04-14,True
E0014950,T004863,Ajuste de reembolso,33.22,2025-05-03,False
E0014951,T004864,Alimentação,120.01,2024-08-10,True
E0014952,T004864,Transporte terrestre,56.52,2024-08-10,True
E0014953,T004864,Ajuste de reembolso,44.96,2024-08-31,False
E0014954,T004865,Alimentação,190.68,2025-03-19,True
E0014955,T004865,Transporte terrestre,112.83,2025-03-19,True
E0014956,T004865,Ajuste de reembolso,38.51,2025-03-21,False
E0014957,T004866,Alimentação,299.96,2024-12-24,True
E0014958,T004866,Transporte terrestre,131.62,2024-12-24,True
E0014959,T004866,Ajuste de reembolso,11.55,2024-12-31,False
E0014960,T004867,Alimentação,311.08,2025-07-30,True
E0014961,T004867,Transporte terrestre,204.94,2025-07-30,True
E0014962,T004867,Ajuste de reembolso,-4.87,2025-08-11,False
E0014963,T004868,Alimentação,181.3,2024-07-06,True
E0014964,T004868,Transporte terrestre,130.41,2024-07-06,True
E0014965,T004868,Ajuste de reembolso,8.17,2024-07-16,False
E0014966,T004869,Alimentação,398.27,2024-07-22,True
E0014967,T004869,Transporte terrestre,336.18,2024-07-22,True
E0014968,T004869,Ajuste de reembolso,-2.5,2024-08-07,False
E0014969,T004870,Alimentação,532.75,2025-03-18,True
E0014970,T004870,Transporte terrestre,319.85,2025-03-18,True
E0014971,T004870,Ajuste de reembolso,-3.03,2025-03-30,False
E0014972,T004871,Alimentação,382.05,2024-05-24,True
E0014973,T004871,Transporte terrestre,223.06,2024-05-24,True
E0014974,T004871,Ajuste de reembolso,-13.14,2024-05-30,False
E0014975,T004872,Alimentação,262.52,2024-02-05,True
E0014976,T004872,Transporte terrestre,244.93,2024-02-05,True
E0014977,T004872,Ajuste de reembolso,34.2,2024-02-16,False
E0014978,T004873,Alimentação,323.86,2025-07-08,True
E0014979,T004873,Transporte terrestre,144.59,2025-07-08,True
E0014980,T004873,Ajuste de reembolso,0.02,2025-07-19,False
E0014981,T004874,Alimentação,329.27,2025-04-08,True
E0014982,T004874,Transporte terrestre,410.41,2025-04-08,True
E0014983,T004874,Ajuste de reembolso,32.76,2025-04-17,False
E0014984,T004875,Alimentação,133.47,2025-12-01,True
E0014985,T004875,Transporte terrestre,105.05,2025-12-01,True
E0014986,T004875,Ajuste de reembolso,28.47,2025-12-07,False
E0014987,T004876,Alimentação,616.48,2025-06-04,True
E0014988,T004876,Transporte terrestre,509.34,2025-06-04,True
E0014989,T004876,Ajuste de reembolso,-23.5,2025-06-20,False
E0014990,T004877,Alimentação,539.55,2025-11-30,True
E0014991,T004877,Transporte terrestre,272.76,2025-11-30,True
E0014992,T004877,Ajuste de reembolso,39.47,2025-12-10,False
E0014993,T004878,Alimentação,500.07,2025-04-06,True
E0014994,T004878,Transporte terrestre,344.38,2025-04-06,True
E0014995,T004878,Estacionamento,205.71,2025-04-06,True
E0014996,T004878,Ajuste de reembolso,22.35,2025-04-21,False
E0014997,T004879,Alimentação,255.23,2025-05-12,True
E0014998,T004879,Transporte terrestre,197.33,2025-05-12,True
E0014999,T004879,Ajuste de reembolso,44.76,2025-05-19,False
E0015000,T004880,Alimentação,346.28,2025-10-04,True
E0015001,T004880,Transporte terrestre,124.73,2025-10-04,True
E0015002,T004880,Ajuste de reembolso,8.02,2025-10-13,False
E0015003,T004881,Alimentação,322.1,2025-07-20,True
E0015004,T004881,Transporte terrestre,133.25,2025-07-20,True
E0015005,T004881,Ajuste de reembolso,-1.72,2025-07-28,False
E0015006,T004882,Alimentação,90.96,2025-11-16,True
E0015007,T004882,Transporte terrestre,41.83,2025-11-16,True
E0015008,T004882,Ajuste de reembolso,-14.06,2025-11-19,False
E0015009,T004883,Alimentação,223.81,2024-08-21,True
E0015010,T004883,Transporte terrestre,181.28,2024-08-21,True
E0015011,T004883,Ajuste de reembolso,-19.63,2024-08-31,False
E0015012,T004884,Alimentação,273.87,2024-08-29,True
E0015013,T004884,Transporte terrestre,187.78,2024-08-29,True
E0015014,T004884,Estacionamento,199.99,2024-08-29,True
E0015015,T004884,Ajuste de reembolso,0.19,2024-09-13,False
E0015016,T004886,Alimentação,452.41,2025-05-21,True
E0015017,T004886,Transporte terrestre,193.94,2025-05-21,True
E0015018,T004886,Ajuste de reembolso,38.36,2025-05-25,False
E0015019,T004887,Alimentação,159.57,2024-03-18,True
E0015020,T004887,Transporte terrestre,70.04,2024-03-18,True
E0015021,T004887,Outros,133.57,2024-03-18,True
E0015022,T004887,Ajuste de reembolso,37.91,2024-03-30,False
E0015023,T004888,Alimentação,393.44,2025-03-16,True
E0015024,T004888,Transporte terrestre,459.37,2025-03-16,True
E0015025,T004888,Taxa,279.43,2025-03-16,True
E0015026,T004888,Ajuste de reembolso,-18.42,2025-03-24,False
E0015027,T004889,Alimentação,341.69,2025-01-31,True
E0015028,T004889,Transporte terrestre,313.22,2025-01-31,True
E0015029,T004889,Ajuste de reembolso,40.44,2025-02-11,False
E0015030,T004890,Alimentação,71.53,2024-09-15,True
E0015031,T004890,Transporte terrestre,47.93,2024-09-15,True
E0015032,T004890,Ajuste de reembolso,-1.32,2024-09-22,False
E0015033,T004891,Alimentação,497.34,2025-11-07,True
E0015034,T004891,Transporte terrestre,284.7,2025-11-07,True
E0015035,T004891,Ajuste de reembolso,6.75,2025-11-15,False
E0015036,T004892,Alimentação,181.83,2025-01-03,True
E0015037,T004892,Transporte terrestre,189.68,2025-01-03,True
E0015038,T004892,Taxa,86.52,2025-01-03,True
E0015039,T004892,Ajuste de reembolso,33.77,2025-01-17,False
E0015040,T004893,Alimentação,351.25,2025-08-25,True
E0015041,T004893,Transporte terrestre,204.82,2025-08-25,True
E0015042,T004893,Ajuste de reembolso,42.53,2025-09-06,False
E0015043,T004894,Alimentação,106.55,2024-02-02,True
E0015044,T004894,Transporte terrestre,47.87,2024-02-02,True
E0015045,T004894,Ajuste de reembolso,-15.0,2024-02-14,False
E0015046,T004895,Alimentação,545.3,2025-08-22,True
E0015047,T004895,Transporte terrestre,435.78,2025-08-22,True
E0015048,T004895,Ajuste de reembolso,-21.96,2025-08-31,False
E0015049,T004896,Alimentação,69.97,2025-03-29,True
E0015050,T004896,Transporte terrestre,44.02,2025-03-29,True
E0015051,T004896,Ajuste de reembolso,18.04,2025-04-05,False
E0015052,T004897,Alimentação,266.92,2024-05-23,True
E0015053,T004897,Transporte terrestre,220.81,2024-05-23,True
E0015054,T004897,Ajuste de reembolso,13.72,2024-06-03,False
E0015055,T004898,Alimentação,926.48,2025-11-15,True
E0015056,T004898,Transporte terrestre,632.62,2025-11-15,True
E0015057,T004898,Ajuste de reembolso,-7.49,2025-12-07,False
E0015058,T004899,Alimentação,100.85,2025-12-31,True
E0015059,T004899,Transporte terrestre,75.97,2025-12-31,True
E0015060,T004899,Pedágio,77.26,2025-12-31,True
E0015061,T004899,Ajuste de reembolso,9.94,2026-01-08,False
E0015062,T004900,Alimentação,316.62,2024-11-11,True
E0015063,T004900,Transporte terrestre,86.96,2024-11-11,True
E0015064,T004900,Outros,48.64,2024-11-11,True
E0015065,T004900,Ajuste de reembolso,-7.88,2024-11-22,False
E0015066,T004901,Alimentação,465.06,2025-08-29,True
E0015067,T004901,Transporte terrestre,373.78,2025-08-29,True
E0015068,T004901,Ajuste de reembolso,-3.51,2025-09-08,False
E0015069,T004902,Alimentação,428.24,2025-06-19,True
E0015070,T004902,Transporte terrestre,294.52,2025-06-19,True
E0015071,T004902,Ajuste de reembolso,27.52,2025-07-01,False
E0015072,T004903,Alimentação,430.72,2025-05-28,True
E0015073,T004903,Transporte terrestre,312.33,2025-05-28,True
E0015074,T004903,Pedágio,182.94,2025-05-28,True
E0015075,T004903,Ajuste de reembolso,-21.38,2025-06-13,False
E0015076,T004904,Alimentação,374.54,2025-05-26,True
E0015077,T004904,Transporte terrestre,190.32,2025-05-26,True
E0015078,T004904,Pedágio,232.47,2025-05-26,True
E0015079,T004904,Ajuste de reembolso,-19.56,2025-06-07,False
E0015080,T004905,Alimentação,349.56,2024-01-09,True
E0015081,T004905,Transporte terrestre,215.38,2024-01-09,True
E0015082,T004905,Ajuste de reembolso,42.21,2024-02-01,False
E0015083,T004906,Alimentação,286.57,2025-09-28,True
E0015084,T004906,Transporte terrestre,199.03,2025-09-28,True
E0015085,T004906,Pedágio,196.83,2025-09-28,True
E0015086,T004906,Ajuste de reembolso,36.39,2025-10-11,False
E0015087,T004907,Alimentação,193.88,2024-10-17,True
E0015088,T004907,Transporte terrestre,68.49,2024-10-17,True
E0015089,T004907,Outros,142.83,2024-10-17,True
E0015090,T004907,Ajuste de reembolso,7.53,2024-10-31,False
E0015091,T004908,Alimentação,104.67,2024-12-08,True
E0015092,T004908,Transporte terrestre,67.13,2024-12-08,True
E0015093,T004908,Ajuste de reembolso,9.67,2024-12-21,False
E0015094,T004909,Alimentação,136.68,2025-11-10,True
E0015095,T004909,Transporte terrestre,175.02,2025-11-10,True
E0015096,T004909,Ajuste de reembolso,-21.79,2025-11-19,False
E0015097,T004910,Alimentação,213.05,2025-11-28,True
E0015098,T004910,Transporte terrestre,155.17,2025-11-28,True
E0015099,T004910,Ajuste de reembolso,21.07,2025-12-06,False
E0015100,T004911,Alimentação,179.48,2025-04-25,True
E0015101,T004911,Transporte terrestre,210.62,2025-04-25,True
E0015102,T004911,Ajuste de reembolso,32.7,2025-05-11,False
E0015103,T004912,Alimentação,144.51,2024-06-04,True
E0015104,T004912,Transporte terrestre,135.47,2024-06-04,True
E0015105,T004912,Ajuste de reembolso,12.61,2024-06-18,False
E0015106,T004913,Alimentação,255.08,2025-10-30,True
E0015107,T004913,Transporte terrestre,378.83,2025-10-30,True
E0015108,T004913,Ajuste de reembolso,29.25,2025-11-04,False
E0015109,T004914,Alimentação,83.86,2025-04-13,True
E0015110,T004914,Transporte terrestre,60.59,2025-04-13,True
E0015111,T004914,Ajuste de reembolso,-6.75,2025-04-29,False
E0015112,T004915,Alimentação,341.46,2024-05-29,True
E0015113,T004915,Transporte terrestre,529.1,2024-05-29,True
E0015114,T004915,Ajuste de reembolso,-9.98,2024-06-14,False
E0015115,T004916,Alimentação,144.35,2025-10-31,True
E0015116,T004916,Transporte terrestre,82.9,2025-10-31,True
E0015117,T004916,Ajuste de reembolso,-11.09,2025-11-07,False
E0015118,T004917,Alimentação,159.44,2025-11-12,True
E0015119,T004917,Transporte terrestre,227.0,2025-11-12,True
E0015120,T004917,Ajuste de reembolso,-11.36,2025-11-20,False
E0015121,T004918,Alimentação,205.21,2025-11-02,True
E0015122,T004918,Transporte terrestre,96.2,2025-11-02,True
E0015123,T004918,Ajuste de reembolso,-12.05,2025-11-13,False
E0015124,T004919,Alimentação,396.87,2024-05-16,True
E0015125,T004919,Transporte terrestre,140.91,2024-05-16,True
E0015126,T004919,Ajuste de reembolso,-21.97,2024-05-30,False
E0015127,T004920,Alimentação,507.29,2025-08-30,True
E0015128,T004920,Transporte terrestre,263.06,2025-08-30,True
E0015129,T004920,Ajuste de reembolso,37.06,2025-09-10,False
E0015130,T004921,Alimentação,478.44,2024-07-08,True
E0015131,T004921,Transporte terrestre,204.49,2024-07-08,True
E0015132,T004921,Ajuste de reembolso,1.51,2024-07-14,False
E0015133,T004922,Alimentação,1040.96,2025-04-27,True
E0015134,T004922,Transporte terrestre,416.79,2025-04-27,True
E0015135,T004922,Ajuste de reembolso,-11.96,2025-05-10,False
E0015136,T004923,Alimentação,882.69,2025-05-03,True
E0015137,T004923,Transporte terrestre,266.39,2025-05-03,True
E0015138,T004923,Ajuste de reembolso,9.49,2025-05-16,False
E0015139,T004924,Alimentação,984.78,2024-10-17,True
E0015140,T004924,Transporte terrestre,267.5,2024-10-17,True
E0015141,T004924,Ajuste de reembolso,37.4,2024-10-24,False
E0015142,T004925,Alimentação,175.16,2025-07-14,True
E0015143,T004925,Transporte terrestre,183.41,2025-07-14,True
E0015144,T004925,Pedágio,242.56,2025-07-14,True
E0015145,T004925,Ajuste de reembolso,25.26,2025-07-29,False
E0015146,T004926,Alimentação,761.26,2025-03-07,True
E0015147,T004926,Transporte terrestre,688.62,2025-03-07,True
E0015148,T004926,Ajuste de reembolso,19.1,2025-03-27,False
E0015149,T004927,Alimentação,691.06,2025-10-24,True
E0015150,T004927,Transporte terrestre,350.62,2025-10-24,True
E0015151,T004927,Ajuste de reembolso,27.0,2025-11-08,False
E0015152,T004928,Alimentação,200.56,2025-06-26,True
E0015153,T004928,Transporte terrestre,182.19,2025-06-26,True
E0015154,T004928,Pedágio,275.49,2025-06-26,True
E0015155,T004928,Ajuste de reembolso,-20.99,2025-07-03,False
E0015156,T004929,Alimentação,409.65,2024-12-27,True
E0015157,T004929,Transporte terrestre,169.64,2024-12-27,True
E0015158,T004929,Ajuste de reembolso,-2.89,2025-01-07,False
E0015159,T004930,Alimentação,196.29,2024-09-17,True
E0015160,T004930,Transporte terrestre,346.28,2024-09-17,True
E0015161,T004930,Ajuste de reembolso,2.63,2024-10-02,False
E0015162,T004931,Alimentação,66.39,2025-09-11,True
E0015163,T004931,Transporte terrestre,80.39,2025-09-11,True
E0015164,T004931,Pedágio,258.9,2025-09-11,True
E0015165,T004931,Ajuste de reembolso,34.95,2025-09-23,False
E0015166,T004932,Alimentação,290.23,2024-09-18,True
E0015167,T004932,Transporte terrestre,149.3,2024-09-18,True
E0015168,T004932,Ajuste de reembolso,-9.44,2024-09-23,False
E0015169,T004933,Alimentação,52.34,2025-12-13,True
E0015170,T004933,Transporte terrestre,49.82,2025-12-13,True
E0015171,T004933,Ajuste de reembolso,8.97,2025-12-24,False
E0015172,T004934,Alimentação,213.23,2025-06-02,True
E0015173,T004934,Transporte terrestre,118.79,2025-06-02,True
E0015174,T004934,Ajuste de reembolso,39.51,2025-06-05,False
E0015175,T004935,Alimentação,93.45,2025-04-05,True
E0015176,T004935,Transporte terrestre,67.72,2025-04-05,True
E0015177,T004935,Ajuste de reembolso,26.73,2025-04-19,False
E0015178,T004936,Alimentação,265.6,2024-04-29,True
E0015179,T004936,Transporte terrestre,164.77,2024-04-29,True
E0015180,T004936,Ajuste de reembolso,-18.57,2024-05-04,False
E0015181,T004937,Alimentação,607.19,2024-05-13,True
E0015182,T004937,Transporte terrestre,259.35,2024-05-13,True
E0015183,T004937,Ajuste de reembolso,41.31,2024-05-30,False
E0015184,T004938,Alimentação,371.92,2025-11-01,True
E0015185,T004938,Transporte terrestre,139.09,2025-11-01,True
E0015186,T004938,Ajuste de reembolso,2.12,2025-11-10,False
E0015187,T004939,Alimentação,136.34,2024-07-18,True
E0015188,T004939,Transporte terrestre,138.43,2024-07-18,True
E0015189,T004939,Ajuste de reembolso,44.55,2024-08-02,False
E0015190,T004940,Alimentação,105.88,2024-03-29,True
E0015191,T004940,Transporte terrestre,102.21,2024-03-29,True
E0015192,T004940,Ajuste de reembolso,1.67,2024-04-12,False
E0015193,T004941,Alimentação,86.03,2025-08-28,True
E0015194,T004941,Transporte terrestre,88.5,2025-08-28,True
E0015195,T004941,Ajuste de reembolso,38.19,2025-09-07,False
E0015196,T004942,Alimentação,47.37,2025-05-20,True
E0015197,T004942,Transporte terrestre,72.99,2025-05-20,True
E0015198,T004942,Ajuste de reembolso,43.62,2025-05-29,False
E0015199,T004943,Alimentação,81.58,2025-03-19,True
E0015200,T004943,Transporte terrestre,51.23,2025-03-19,True
E0015201,T004943,Ajuste de reembolso,33.92,2025-03-29,False
E0015202,T004944,Alimentação,97.38,2024-06-20,True
E0015203,T004944,Transporte terrestre,72.16,2024-06-20,True
E0015204,T004944,Ajuste de reembolso,9.9,2024-07-04,False
E0015205,T004945,Alimentação,203.83,2024-10-21,True
E0015206,T004945,Transporte terrestre,237.16,2024-10-21,True
E0015207,T004945,Ajuste de reembolso,-18.58,2024-11-05,False
E0015208,T004946,Alimentação,243.35,2025-09-24,True
E0015209,T004946,Transporte terrestre,213.07,2025-09-24,True
E0015210,T004946,Ajuste de reembolso,-24.81,2025-09-29,False
E0015211,T004947,Alimentação,159.9,2025-03-13,True
E0015212,T004947,Transporte terrestre,106.16,2025-03-13,True
E0015213,T004947,Ajuste de reembolso,-13.41,2025-03-21,False
E0015214,T004948,Alimentação,152.42,2025-08-26,True
E0015215,T004948,Transporte terrestre,288.4,2025-08-26,True
E0015216,T004948,Ajuste de reembolso,33.79,2025-09-01,False
E0015217,T004949,Alimentação,168.18,2025-04-28,True
E0015218,T004949,Transporte terrestre,88.04,2025-04-28,True
E0015219,T004949,Ajuste de reembolso,-21.74,2025-05-10,False
E0015220,T004950,Alimentação,238.75,2025-03-07,True
E0015221,T004950,Transporte terrestre,174.83,2025-03-07,True
E0015222,T004950,Ajuste de reembolso,35.74,2025-03-14,False
E0015223,T004951,Alimentação,68.34,2025-06-08,True
E0015224,T004951,Transporte terrestre,41.78,2025-06-08,True
E0015225,T004951,Ajuste de reembolso,38.37,2025-06-19,False
E0015226,T004952,Alimentação,397.39,2024-07-24,True
E0015227,T004952,Transporte terrestre,223.53,2024-07-24,True
E0015228,T004952,Ajuste de reembolso,36.2,2024-08-04,False
E0015229,T004953,Alimentação,215.48,2024-07-17,True
E0015230,T004953,Transporte terrestre,209.67,2024-07-17,True
E0015231,T004953,Ajuste de reembolso,26.07,2024-08-02,False
E0015232,T004954,Alimentação,274.93,2024-07-06,True
E0015233,T004954,Transporte terrestre,137.72,2024-07-06,True
E0015234,T004954,Ajuste de reembolso,-20.32,2024-07-18,False
E0015235,T004955,Alimentação,771.33,2025-07-24,True
E0015236,T004955,Transporte terrestre,423.45,2025-07-24,True
E0015237,T004955,Ajuste de reembolso,25.68,2025-08-07,False
E0015238,T004956,Alimentação,69.13,2024-10-24,True
E0015239,T004956,Transporte terrestre,101.85,2024-10-24,True
E0015240,T004956,Estacionamento,216.48,2024-10-24,True
E0015241,T004956,Ajuste de reembolso,17.41,2024-11-15,False
E0015242,T004957,Alimentação,228.36,2025-06-27,True
E0015243,T004957,Transporte terrestre,338.59,2025-06-27,True
E0015244,T004957,Ajuste de reembolso,26.54,2025-07-07,False
E0015245,T004958,Alimentação,213.28,2024-05-23,True
E0015246,T004958,Transporte terrestre,180.53,2024-05-23,True
E0015247,T004958,Taxa,108.44,2024-05-23,True
E0015248,T004958,Ajuste de reembolso,-22.35,2024-06-04,False
E0015249,T004959,Alimentação,245.59,2025-01-03,True
E0015250,T004959,Transporte terrestre,89.74,2025-01-03,True
E0015251,T004959,Ajuste de reembolso,-23.12,2025-01-15,False
E0015252,T004960,Alimentação,378.79,2025-09-05,True
E0015253,T004960,Transporte terrestre,272.41,2025-09-05,True
E0015254,T004960,Ajuste de reembolso,-1.17,2025-09-17,False
E0015255,T004962,Alimentação,274.65,2024-07-11,True
E0015256,T004962,Transporte terrestre,238.16,2024-07-11,True
E0015257,T004962,Ajuste de reembolso,-16.62,2024-07-27,False
E0015258,T004963,Alimentação,255.34,2025-11-05,True
E0015259,T004963,Transporte terrestre,120.49,2025-11-05,True
E0015260,T004963,Ajuste de reembolso,-23.0,2025-11-14,False
E0015261,T004964,Alimentação,94.25,2025-06-17,True
E0015262,T004964,Transporte terrestre,51.67,2025-06-17,True
E0015263,T004964,Ajuste de reembolso,31.39,2025-06-30,False
E0015264,T004965,Alimentação,324.64,2024-12-10,True
E0015265,T004965,Transporte terrestre,135.72,2024-12-10,True
E0015266,T004965,Ajuste de reembolso,24.51,2024-12-20,False
E0015267,T004966,Alimentação,224.22,2025-08-27,True
E0015268,T004966,Transporte terrestre,130.92,2025-08-27,True
E0015269,T004966,Ajuste de reembolso,-4.43,2025-09-05,False
E0015270,T004967,Alimentação,260.13,2024-08-31,True
E0015271,T004967,Transporte terrestre,376.9,2024-08-31,True
E0015272,T004967,Ajuste de reembolso,42.11,2024-09-08,False
E0015273,T004968,Alimentação,217.03,2025-09-15,True
E0015274,T004968,Transporte terrestre,237.72,2025-09-15,True
E0015275,T004968,Outros,71.83,2025-09-15,True
E0015276,T004968,Ajuste de reembolso,-15.31,2025-09-28,False
E0015277,T004969,Alimentação,109.65,2024-05-14,True
E0015278,T004969,Transporte terrestre,51.01,2024-05-14,True
E0015279,T004969,Ajuste de reembolso,23.72,2024-05-23,False
E0015280,T004970,Alimentação,430.81,2024-10-04,True
E0015281,T004970,Transporte terrestre,371.36,2024-10-04,True
E0015282,T004970,Ajuste de reembolso,20.19,2024-10-12,False
E0015283,T004971,Alimentação,795.73,2025-04-09,True
E0015284,T004971,Transporte terrestre,323.28,2025-04-09,True
E0015285,T004971,Ajuste de reembolso,44.86,2025-04-18,False
E0015286,T004972,Alimentação,153.2,2025-02-07,True
E0015287,T004972,Transporte terrestre,172.37,2025-02-07,True
E0015288,T004972,Ajuste de reembolso,28.69,2025-02-18,False
E0015289,T004973,Alimentação,349.96,2025-12-26,True
E0015290,T004973,Transporte terrestre,139.0,2025-12-26,True
E0015291,T004973,Taxa,137.09,2025-12-26,True
E0015292,T004973,Ajuste de reembolso,-13.18,2026-01-04,False
E0015293,T004974,Alimentação,260.56,2024-01-21,True
E0015294,T004974,Transporte terrestre,311.39,2024-01-21,True
E0015295,T004974,Ajuste de reembolso,25.8,2024-02-06,False
E0015296,T004975,Alimentação,240.21,2025-10-01,True
E0015297,T004975,Transporte terrestre,182.91,2025-10-01,True
E0015298,T004975,Ajuste de reembolso,-8.79,2025-10-12,False
E0015299,T004976,Alimentação,521.59,2024-06-25,True
E0015300,T004976,Transporte terrestre,151.54,2024-06-25,True
E0015301,T004976,Ajuste de reembolso,-23.98,2024-07-02,False
E0015302,T004978,Alimentação,144.27,2024-08-27,True
E0015303,T004978,Transporte terrestre,155.14,2024-08-27,True
E0015304,T004978,Ajuste de reembolso,19.73,2024-09-01,False
E0015305,T004979,Alimentação,377.76,2025-05-21,True
E0015306,T004979,Transporte terrestre,277.97,2025-05-21,True
E0015307,T004979,Ajuste de reembolso,40.31,2025-05-31,False
E0015308,T004980,Alimentação,442.15,2025-09-20,True
E0015309,T004980,Transporte terrestre,219.25,2025-09-20,True
E0015310,T004980,Ajuste de reembolso,1.3,2025-10-01,False
E0015311,T004982,Alimentação,641.21,2025-04-01,True
E0015312,T004982,Transporte terrestre,212.42,2025-04-01,True
E0015313,T004982,Ajuste de reembolso,1.54,2025-04-14,False
E0015314,T004983,Alimentação,92.18,2024-02-10,True
E0015315,T004983,Transporte terrestre,66.84,2024-02-10,True
E0015316,T004983,Ajuste de reembolso,30.23,2024-02-22,False
E0015317,T004984,Alimentação,103.14,2024-03-14,True
E0015318,T004984,Transporte terrestre,87.89,2024-03-14,True
E0015319,T004984,Ajuste de reembolso,12.53,2024-04-01,False
E0015320,T004985,Alimentação,112.1,2024-12-07,True
E0015321,T004985,Transporte terrestre,97.66,2024-12-07,True
E0015322,T004985,Outros,136.84,2024-12-07,True
E0015323,T004985,Ajuste de reembolso,15.54,2024-12-16,False
E0015324,T004986,Alimentação,138.95,2025-08-18,True
E0015325,T004986,Transporte terrestre,151.7,2025-08-18,True
E0015326,T004986,Ajuste de reembolso,-8.08,2025-08-29,False
E0015327,T004987,Alimentação,247.13,2025-05-22,True
E0015328,T004987,Transporte terrestre,218.01,2025-05-22,True
E0015329,T004987,Ajuste de reembolso,17.02,2025-05-29,False
E0015330,T004988,Alimentação,141.53,2025-02-15,True
E0015331,T004988,Transporte terrestre,108.91,2025-02-15,True
E0015332,T004988,Ajuste de reembolso,19.74,2025-02-22,False
E0015333,T004989,Alimentação,362.85,2025-10-05,True
E0015334,T004989,Transporte terrestre,150.4,2025-10-05,True
E0015335,T004989,Ajuste de reembolso,-9.33,2025-10-09,False
E0015336,T004990,Alimentação,332.32,2024-08-07,True
E0015337,T004990,Transporte terrestre,203.27,2024-08-07,True
E0015338,T004990,Ajuste de reembolso,-9.58,2024-08-16,False
E0015339,T004991,Alimentação,339.02,2024-06-27,True
E0015340,T004991,Transporte terrestre,215.9,2024-06-27,True
E0015341,T004991,Ajuste de reembolso,42.75,2024-07-13,False
E0015342,T004992,Alimentação,279.47,2024-05-01,True
E0015343,T004992,Transporte terrestre,148.88,2024-05-01,True
E0015344,T004992,Pedágio,216.06,2024-05-01,True
E0015345,T004992,Ajuste de reembolso,5.38,2024-05-09,False
E0015346,T004993,Alimentação,442.58,2024-04-09,True
E0015347,T004993,Transporte terrestre,454.4,2024-04-09,True
E0015348,T004993,Ajuste de reembolso,-5.21,2024-04-27,False
E0015349,T004994,Alimentação,577.92,2025-09-28,True
E0015350,T004994,Transporte terrestre,252.37,2025-09-28,True
E0015351,T004994,Ajuste de reembolso,33.7,2025-10-07,False
E0015352,T004995,Alimentação,175.66,2024-06-21,True
E0015353,T004995,Transporte terrestre,155.75,2024-06-21,True
E0015354,T004995,Ajuste de reembolso,-7.76,2024-06-29,False
E0015355,T004996,Alimentação,231.72,2025-03-03,True
E0015356,T004996,Transporte terrestre,195.71,2025-03-03,True
E0015357,T004996,Taxa,270.71,2025-03-03,True
E0015358,T004996,Ajuste de reembolso,1.72,2025-03-19,False
E0015359,T004997,Alimentação,323.91,2024-02-10,True
E0015360,T004997,Transporte terrestre,196.82,2024-02-10,True
E0015361,T004997,Ajuste de reembolso,27.27,2024-02-18,False
E0015362,T004998,Alimentação,239.21,2024-06-27,True
E0015363,T004998,Transporte terrestre,190.62,2024-06-27,True
E0015364,T004998,Ajuste de reembolso,-15.53,2024-07-14,False
E0015365,T004999,Alimentação,518.07,2025-11-27,True
E0015366,T004999,Transporte terrestre,340.57,2025-11-27,True
E0015367,T004999,Pedágio,170.96,2025-11-27,True
E0015368,T004999,Ajuste de reembolso,-20.48,2025-12-12,False
E0015369,T005000,Alimentação,184.83,2024-02-16,True
E0015370,T005000,Transporte terrestre,193.94,2024-02-16,True
E0015371,T005000,Outros,212.38,2024-02-16,True
E0015372,T005000,Ajuste de reembolso,3.09,2024-03-07,False
E0008671,T002824,Ajuste de reembolso,19.4,2025-06-05,False
E0008823,T002874,Alimentação,627.94,2024-09-27,True
E0013177,T004290,Transporte terrestre,195.03,2024-08-29,True
E0009892,T003222,Alimentação,391.6,2025-01-28,True
E0002479,T000808,Alimentação,406.94,2024-08-01,True
E0001371,T000445,Ajuste de reembolso,30.54,2024-02-04,False
E0012671,T004129,Alimentação,151.79,2024-07-31,True
E0007026,T002297,Transporte terrestre,408.69,2024-02-09,True
E0003890,T001273,Alimentação,226.13,2025-10-15,True
E0007730,T002525,Transporte terrestre,84.98,2025-11-10,True
E0009322,T003033,Ajuste de reembolso,26.43,2024-11-11,False
E0008169,T002665,Transporte terrestre,98.66,2025-06-12,True
E0009526,T003101,Alimentação,199.1,2024-08-27,True
E0011298,T003683,Transporte terrestre,122.77,2025-05-02,True
E0015372,T005000,Ajuste de reembolso,3.09,2024-03-07,False
E0014492,T004715,Transporte terrestre,256.43,2025-09-05,True
E0006467,T002114,Transporte terrestre,415.72,2024-10-14,True
E0010810,T003522,Alimentação,295.21,2024-11-01,True
E0013889,T004517,Ajuste de reembolso,-21.32,2024-11-10,False
E0015218,T004949,Transporte terrestre,88.04,2025-04-28,True
E0012050,T003930,Outros,122.55,2025-05-28,True
E0004843,T001581,Ajuste de reembolso,-0.59,2024-10-23,False
E0015060,T004899,Pedágio,77.26,2025-12-31,True
E0008582,T002796,Ajuste de reembolso,31.41,2025-11-16,False
E0003785,T001237,Alimentação,102.82,2024-01-18,True
E0011413,T003719,Ajuste de reembolso,8.93,2025-05-01,False
E0008319,T002713,Transporte terrestre,45.27,2024-10-14,True
E0002087,T000678,Transporte terrestre,139.66,2024-08-11,True
E0011286,T003678,Transporte terrestre,225.48,2025-04-16,True
E0002055,T000666,Alimentação,58.91,2025-10-02,True
