viagem_id,hotel,cidade,diarias,valor_diaria,valor_hospedagem_realizado,fora_politica_hotel
T000001,Transamerica,São Paulo,3,423.09,1269.28,False
T000002,Hotel Local,Brasília,2,299.12,598.24,False
T000003,Hotel Local,Brasília,4,347.48,1389.92,False
T000004,Transamerica,Brasília,2,429.63,859.26,True
T000005,Hotel Local,Rio de Janeiro,1,288.63,288.63,False
T000006,Accor,Brasília,3,352.48,1057.45,False
T000007,Accor,Campinas,3,362.06,1086.17,False
T000008,Rede Nacional,Fortaleza,3,369.79,1109.38,False
T000009,Intercity,Rio de Janeiro,2,339.39,678.79,False
T000010,Hotel Local,Fortaleza,1,335.22,335.22,False
T000011,Rede Nacional,Recife,2,367.89,735.78,True
T000012,Rede Nacional,Curitiba,3,203.27,609.81,False
T000013,Intercity,São Paulo,1,370.34,370.34,False
T000014,Hotel Local,Feira de Santana,2,157.59,315.19,False
T000017,Hotel Local,Brasília,3,378.64,1135.93,False
T000018,Accor,Manaus,1,293.03,293.03,False
T000019,Accor,Rio de Janeiro,2,489.25,978.49,True
T000020,Rede Nacional,São Paulo,1,263.81,263.81,False
T000021,Hotel Local,São Paulo,1,354.14,354.14,False
T000022,Hotel Local,São Paulo,7,399.66,2797.63,False
T000023,Hotel Local,Campinas,1,267.54,267.54,False
T000024,Accor,Porto Alegre,2,289.78,579.57,False
T000025,Rede Nacional,Rio de Janeiro,2,353.13,706.27,False
T000027,Transamerica,Curitiba,6,378.73,2272.38,True
T000029,Intercity,Belo Horizonte,4,253.65,1014.58,False
T000030,Accor,Campinas,4,308.38,1233.51,False
T000031,Hotel Local,Brasília,1,250.85,250.85,False
T000032,Intercity,Brasília,2,325.14,650.27,False
T000033,Accor,São Paulo,3,483.18,1449.53,False
T000034,Transamerica,Rio de Janeiro,1,430.41,430.41,True
T000035,Accor,Belo Horizonte,2,245.64,491.27,False
T000036,Hotel Local,Aracaju,2,230.45,460.9,False
T000037,Rede Nacional,Brasília,2,569.71,1139.43,True
T000039,Hotel Local,São Paulo,1,313.84,313.84,False
T000040,Accor,Brasília,1,451.28,451.28,True
T000041,Hotel Local,São Paulo,7,319.05,2233.35,False
T000042,Hotel Local,São Paulo,3,351.59,1054.78,False
T000044,Rede Nacional,Belo Horizonte,2,267.04,534.07,False
T000045,Rede Nacional,Rio de Janeiro,2,410.38,820.76,False
T000046,Rede Nacional,Porto Alegre,1,240.41,240.41,False
T000047,Hotel Local,Belo Horizonte,1,193.76,193.76,False
T000048,Intercity,Campinas,1,281.77,281.77,False
T000049,Hotel Local,Fortaleza,4,255.47,1021.89,False
T000050,Intercity,São Paulo,3,381.54,1144.61,False
T000051,Hotel Local,São Paulo,4,412.84,1651.35,False
T000052,Hotel Local,Curitiba,5,278.32,1391.62,False
T000053,Accor,Brasília,2,327.4,654.8,False
T000054,Rede Nacional,Vitória da Conquista,1,186.7,186.7,False
T000055,Transamerica,Porto Alegre,2,378.3,756.6,True
T000056,Transamerica,Manaus,3,349.66,1048.97,False
T000058,Hotel Local,Campinas,3,373.11,1119.34,False
T000059,Accor,FEIRA DE SANTANA,2,223.5,447.01,False
T000061,Rede Nacional,Campinas,1,380.66,380.66,False
T000062,Rede Nacional,Recife,3,259.03,777.1,False
T000063,Hotel Local,Recife,2,255.75,511.49,False
T000064,Accor,Campinas,3,470.06,1410.19,True
T000065,Intercity,Curitiba,1,269.75,269.75,False
T000066,Rede Nacional,Feira de Santana,4,191.99,767.97,False
T000067,Accor,São Paulo,2,503.17,1006.35,True
T000068,Accor,Vitória da Conquista,6,316.66,1899.96,True
T000069,Hotel Local,Rio de Janeiro,1,525.41,525.41,True
T000070,Rede Nacional,Brasília,3,390.34,1171.01,False
T000071,Hotel Local,Fortaleza,1,298.75,298.75,False
T000072,Transamerica,São Paulo,4,589.15,2356.59,True
T000073,Hotel Local,São Paulo,2,331.43,662.86,False
T000074,Rede Nacional,São Paulo,4,372.93,1491.71,False
T000075,Rede Nacional,Brasília,3,339.86,1019.58,False
T000076,Accor,Rio de Janeiro,1,317.82,317.82,False
T000077,Intercity,Vitória da Conquista,4,248.12,992.48,False
T000079,Intercity,Campinas,6,370.84,2225.06,False
T000080,Accor,Curitiba,1,327.61,327.61,False
T000082,Hotel Local,Vitória da Conquista,1,245.65,245.65,False
T000083,Rede Nacional,Porto Alegre,1,315.46,315.46,False
T000084,Accor,Recife,2,381.9,763.79,True
T000085,Intercity,Fortaleza,1,350.95,350.95,False
T000087,Rede Nacional,São Paulo,2,372.46,744.92,False
T000088,Hotel Local,São Paulo,3,288.92,866.75,False
T000090,Hotel Local,Belo Horizonte,1,259.35,259.35,False
T000091,Rede Nacional,São Paulo,2,330.93,661.85,False
T000092,Accor,Rio de Janeiro,1,318.45,318.45,False
T000093,Intercity,Curitiba,2,322.98,645.97,False
T000094,Rede Nacional,Ilhéus,1,300.71,300.71,False
T000096,Rede Nacional,Feira de Santana,3,230.98,692.95,False
T000097,Transamerica,Recife,2,384.23,768.47,True
T000098,Hotel Local,Sao Paulo,3,252.82,758.45,False
T000101,Intercity,Ilhéus,1,272.51,272.51,False
T000102,Intercity,Belo Horizonte,2,279.19,558.38,False
T000103,Hotel Local,São Paulo,1,493.36,493.36,True
T000105,Transamerica,São Paulo,2,425.54,851.08,False
T000106,Accor,Brasília,1,479.72,479.72,True
T000109,Transamerica,São Paulo,2,450.83,901.67,False
T000111,Accor,São Paulo,4,590.46,2361.82,True
T000112,Intercity,São Paulo,3,413.55,1240.65,False
T000116,Accor,São Paulo,3,333.56,1000.68,False
T000117,Hotel Local,Porto Alegre,1,332.25,332.25,False
T000118,Accor,São Paulo,4,406.45,1625.81,False
T000119,Accor,Brasília,2,436.32,872.63,True
T000120,Hotel Local,Recife,3,216.15,648.45,False
T000121,Rede Nacional,Rio de Janeiro,1,269.08,269.08,False
T000122,Accor,Porto Alegre,2,314.97,629.94,False
T000123,Hotel Local,Feira de Santana,1,199.81,199.81,False
T000124,Intercity,Belo Horizonte,2,308.55,617.1,False
T000126,Accor,São Paulo,1,507.54,507.54,True
T000127,Hotel Local,Campinas,6,239.47,1436.82,False
T000128,Accor,São Paulo,4,375.57,1502.28,False
T000130,Rede Nacional,Manaus,2,306.08,612.16,False
T000131,Rede Nacional,Rio de Janeiro,2,418.1,836.19,True
T000134,Intercity,Feira de Santana,2,241.54,483.08,False
T000135,Hotel Local,Belo Horizonte,3,255.61,766.83,False
T000136,Rede Nacional,São Paulo,8,285.36,2282.86,False
T000137,Accor,Feira de Santana,2,198.98,397.97,False
T000138,Hotel Local,São Paulo,2,408.87,817.73,False
T000139,Rede Nacional,Feira de Santana,3,217.39,652.17,False
T000140,Transamerica,Rio de Janeiro,2,481.3,962.6,False
T000141,Accor,Porto Alegre,4,298.87,1195.49,False
T000142,Intercity,Recife,4,280.97,1123.87,False
T000143,Intercity,Feira de Santana,2,176.07,352.13,False
T000144,Accor,Aracaju,1,316.69,316.69,True
T000145,Accor,São Paulo,3,565.59,1696.78,True
T000146,Hotel Local,Belo Horizonte,2,265.41,530.82,False
T000147,Accor,São Paulo,1,471.23,471.23,False
T000148,Accor,Belo Horizonte,1,276.45,276.45,False
T000149,Intercity,Fortaleza,3,327.32,981.96,False
T000150,Hotel Local,Vitória da Conquista,4,225.11,900.44,False
T000151,Intercity,São Paulo,5,531.51,2657.55,True
T000152,Accor,São Paulo,2,465.71,931.41,True
T000154,Rede Nacional,Aracaju,4,204.06,816.26,False
T000155,Hotel Local,Rio de Janeiro,2,312.86,625.73,False
T000157,Hotel Local,Belo Horizonte,6,267.14,1602.86,False
T000158,Accor,São Paulo,3,540.03,1620.09,True
T000159,Hotel Local,São Paulo,5,434.35,2171.75,False
T000161,Accor,Manaus,4,422.16,1688.65,False
T000162,Rede Nacional,São Paulo,2,362.97,725.94,False
T000163,Intercity,Manaus,2,332.8,665.61,False
T000164,Rede Nacional,Rio de Janeiro,1,332.08,332.08,False
T000165,Accor,São Paulo,5,552.59,2762.97,True
T000166,Rede Nacional,Fortaleza,1,289.01,289.01,False
T000167,Hotel Local,Fortaleza,2,248.51,497.01,False
T000168,Transamerica,Belo Horizonte,3,284.57,853.72,False
T000170,Hotel Local,Rio de Janeiro,3,291.61,874.83,False
T000171,Hotel Local,Rio de Janeiro,1,360.03,360.03,False
T000172,Transamerica,Fortaleza,1,323.24,323.24,False
T000173,Hotel Local,Rio de Janeiro,1,306.82,306.82,False
T000176,Intercity,Belo Horizonte,5,296.9,1484.48,False
T000177,Accor,Recife,3,264.89,794.66,False
T000178,Transamerica,Belo Horizonte,5,303.51,1517.55,False
T000179,Hotel Local,Recife,4,327.26,1309.05,False
T000180,Intercity,Feira de Santana,2,236.19,472.39,False
T000181,Intercity,Brasília,2,326.65,653.3,False
T000183,Intercity,Rio de Janeiro,1,352.1,352.1,False
T000184,Rede Nacional,Brasília,4,249.36,997.45,False
T000185,Hotel Local,Campinas,3,346.85,1040.54,False
T000186,Transamerica,Belo Horizonte,1,440.18,440.18,False
T000187,Rede Nacional,Belo Horizonte,7,346.25,2423.76,False
T000188,Accor,Recife,2,316.77,633.54,False
T000189,Hotel Local,Recife,2,185.54,371.07,False
T000191,Hotel Local,Fortaleza,2,285.27,570.54,False
T000192,Rede Nacional,Recife,1,227.35,227.35,False
T000195,Accor,Aracaju,5,321.59,1607.94,True
T000197,Accor,São Paulo,4,458.58,1834.3,False
T000198,Hotel Local,São Paulo,4,326.23,1304.93,False
T000199,Rede Nacional,Brasília,3,369.63,1108.88,False
T000200,Rede Nacional,Campinas,2,291.17,582.33,False
T000202,Transamerica,Aracaju,3,257.94,773.83,False
T000203,Accor,Rio de Janeiro,3,392.73,1178.2,False
T000204,Hotel Local,São Paulo,1,291.33,291.33,False
T000205,Accor,Porto Alegre,2,319.7,639.39,False
T000206,Accor,Brasília,2,329.52,659.04,False
T000207,Accor,São Paulo,3,361.06,1083.19,False
T000208,Hotel Local,Rio de Janeiro,2,293.08,586.16,False
T000210,Hotel Local,Fortaleza,1,253.09,253.09,False
T000211,Intercity,São Paulo,2,368.4,736.8,False
T000212,Accor,Fortaleza,3,331.99,995.97,False
T000213,Rede Nacional,Rio de Janeiro,3,341.74,1025.21,False
T000214,Hotel Local,Vitória da Conquista,2,171.05,342.1,False
T000215,Hotel Local,Manaus,4,266.93,1067.73,False
T000216,Rede Nacional,São Paulo,3,307.47,922.4,False
T000217,Rede Nacional,Fortaleza,1,336.37,336.37,False
T000219,Hotel Local,Recife,1,256.54,256.54,False
T000220,Hotel Local,Recife,4,289.36,1157.45,False
T000221,Rede Nacional,São Paulo,1,387.8,387.8,False
T000222,Rede Nacional,Curitiba,2,312.69,625.38,False
T000224,Accor,São Paulo,6,469.6,2817.58,False
T000225,Rede Nacional,Brasília,2,254.69,509.38,False
T000226,Rede Nacional,Recife,2,352.85,705.69,False
T000228,Accor,Manaus,4,414.08,1656.33,True
T000231,Intercity,Recife,4,307.88,1231.51,False
T000232,Hotel Local,Ilhéus,2,262.69,525.39,False
T000233,Accor,Fortaleza,3,292.15,876.45,False
T000234,Transamerica,Belo Horizonte,2,299.18,598.36,False
T000236,Rede Nacional,São Paulo,3,346.53,1039.6,False
T000237,Hotel Local,Recife,2,222.37,444.74,False
T000238,Rede Nacional,Aracaju,2,253.43,506.85,False
T000239,Hotel Local,São Paulo,3,302.27,906.82,False
T000240,Intercity,Curitiba,1,280.34,280.34,False
T000241,Rede Nacional,Recife,2,246.43,492.86,False
T000244,Hotel Local,São Paulo,2,387.97,775.94,False
T000245,Hotel Local,Rio de Janeiro,1,285.5,285.5,False
T000246,Accor,Porto Alegre,8,304.07,2432.59,False
T000247,Hotel Local,Brasília,3,343.52,1030.56,False
T000248,Intercity,São Paulo,1,436.51,436.51,False
T000249,Intercity,Brasília,2,337.96,675.92,False
T000250,Accor,Recife,3,330.61,991.84,False
T000251,Transamerica,Fortaleza,1,398.91,398.91,True
T000252,Rede Nacional,Campinas,3,331.91,995.74,False
T000256,Accor,São Paulo,3,355.95,1067.86,False
T000257,Rede Nacional,Brasília,2,330.62,661.24,False
T000258,Intercity,Rio de Janeiro,1,350.87,350.87,False
T000259,Intercity,São Paulo,1,434.57,434.57,True
T000261,Hotel Local,São Paulo,2,265.74,531.48,False
T000262,Accor,Fortaleza,2,352.5,705.01,False
T000263,Hotel Local,Recife,1,306.72,306.72,False
T000265,Hotel Local,São Paulo,2,477.23,954.47,False
T000266,Hotel Local,Brasília,7,308.0,2156.03,False
T000267,Hotel Local,Brasília,1,369.65,369.65,False
T000269,Accor,Fortaleza,6,368.57,2211.42,False
T000271,Hotel Local,Fortaleza,1,265.13,265.13,False
T000273,Hotel Local,São Paulo,1,311.67,311.67,False
T000275,Intercity,São Paulo,2,598.35,1196.7,True
T000276,Intercity,Fortaleza,2,325.26,650.51,False
T000277,Hotel Local,São Paulo,4,388.53,1554.11,False
T000280,Intercity,São Paulo,6,355.85,2135.09,False
T000281,Accor,São Paulo,2,379.02,758.03,False
T000282,Hotel Local,Curitiba,3,311.74,935.22,False
T000283,Hotel Local,São Paulo,5,356.54,1782.69,False
T000284,Intercity,Rio de Janeiro,3,416.39,1249.16,False
T000285,Rede Nacional,Campinas,1,349.51,349.51,False
T000286,Accor,Feira Santana,1,227.49,227.49,False
T000288,Accor,Vitória da Conquista,2,214.77,429.55,False
T000289,Hotel Local,São Paulo,2,336.62,673.23,False
T000290,Rede Nacional,São Paulo,2,576.6,1153.2,False
T000291,Rede Nacional,Vitória da Conquista,5,204.59,1022.95,False
T000292,Transamerica,São Paulo,3,491.17,1473.52,True
T000293,Accor,Aracaju,2,210.84,421.68,False
T000294,Accor,Recife,3,372.05,1116.15,False
T000295,Rede Nacional,Vitória da Conquista,4,195.16,780.63,False
T000296,Hotel Local,São Paulo,2,299.39,598.79,False
T000301,Hotel Local,São Paulo,7,417.31,2921.16,False
T000302,Accor,São Paulo,2,540.39,1080.78,True
T000304,Hotel Local,Curitiba,7,264.18,1849.25,False
T000305,Accor,Belo Horizonte,3,303.53,910.6,False
T000307,Accor,Campinas,2,272.05,544.09,False
T000308,Hotel Local,Belo Horizonte,2,260.69,521.39,False
T000309,Accor,Rio de Janeiro,2,440.82,881.65,True
T000311,Accor,Ilhéus,6,312.62,1875.71,False
T000312,Accor,SP - São Paulo,4,381.32,1525.28,False
T000313,Accor,Recife,3,359.57,1078.72,False
T000314,Accor,Manaus,3,385.25,1155.74,False
T000315,Hotel Local,São Paulo,2,377.06,754.12,False
T000316,Intercity,Recife,3,340.15,1020.44,False
T000317,Hotel Local,Rio de Janeiro,1,458.22,458.22,True
T000318,Accor,Fortaleza,2,353.47,706.94,False
T000319,Accor,Ilhéus,3,232.37,697.11,False
T000320,Accor,Porto Alegre,4,297.26,1189.02,False
T000321,Hotel Local,Feira de Santana,1,188.06,188.06,False
T000322,Rede Nacional,Fortaleza,2,212.21,424.42,False
T000324,Hotel Local,Aracaju,3,207.93,623.79,False
T000325,Intercity,Feira de Santana,2,178.95,357.9,False
T000326,Hotel Local,Fortaleza,3,220.22,660.65,False
T000327,Hotel Local,São Paulo,5,358.62,1793.1,False
T000328,Hotel Local,Brasília,3,366.34,1099.01,False
T000329,Accor,Feira de Santana,3,293.6,880.81,False
T000330,Accor,Rio de Janeiro,7,466.06,3262.4,True
T000331,Rede Nacional,São Paulo,3,409.41,1228.24,False
T000332,Rede Nacional,Rio de Janeiro,1,324.92,324.92,False
T000334,Intercity,Rio de Janeiro,1,329.91,329.91,False
T000335,Accor,São Paulo,6,433.76,2602.54,False
T000336,Hotel Local,São Paulo,3,367.5,1102.5,False
T000337,Intercity,Ilhéus,3,294.59,883.76,False
T000340,Rede Nacional,Rio de Janeiro,2,364.84,729.69,False
T000341,Accor,Recife,1,299.72,299.72,False
T000342,Intercity,Manaus,2,358.25,716.5,False
T000343,Transamerica,São Paulo,2,474.64,949.28,True
T000345,Rede Nacional,São Paulo,4,393.44,1573.77,False
T000346,Hotel Local,São Paulo,2,300.99,601.97,False
T000347,Rede Nacional,Ilhéus,1,228.88,228.88,False
T000348,Intercity,Curitiba,3,345.69,1037.07,False
T000349,Hotel Local,Brasília,2,366.77,733.55,False
T000350,Accor,Feira de Santana,4,188.17,752.69,False
T000351,Rede Nacional,Rio de Janeiro,2,402.77,805.54,False
T000352,Hotel Local,Rio de Janeiro,2,308.43,616.86,False
T000353,Accor,Feira de Santana,2,215.29,430.58,False
T000354,Hotel Local,Feira de Santana,2,212.22,424.43,False
T000355,Accor,Fortaleza,3,357.63,1072.88,False
T000357,Rede Nacional,Vitória da Conquista,2,241.21,482.42,False
T000358,Rede Nacional,Manaus,2,337.27,674.54,False
T000359,Accor,Belo Horizonte,3,280.36,841.07,False
T000360,Hotel Local,São Paulo,2,440.93,881.86,False
T000361,Transamerica,Fortaleza,5,365.42,1827.1,False
T000362,Hotel Local,Rio de Janeiro,1,295.49,295.49,False
T000363,Rede Nacional,Porto Alegre,2,276.76,553.51,False
T000364,Rede Nacional,São Paulo,2,409.95,819.89,False
T000365,Accor,Ilhéus,1,298.85,298.85,False
T000366,Accor,Feira de Santana,1,292.87,292.87,True
T000367,Rede Nacional,Curitiba,3,236.04,708.11,False
T000368,Accor,Manaus,1,347.79,347.79,False
T000369,Intercity,São Paulo,1,466.41,466.41,True
T000370,Intercity,Curitiba,5,302.67,1513.36,False
T000371,Hotel Local,São Paulo,3,402.38,1207.13,False
T000372,Rede Nacional,Rio de Janeiro,1,299.64,299.64,False
T000373,Hotel Local,Recife,1,319.15,319.15,False
T000374,Intercity,Vitória da Conquista,1,200.66,200.66,False
T000375,Hotel Local,São Paulo,4,340.44,1361.75,False
T000377,Hotel Local,Belo Horizonte,3,267.84,803.52,False
T000379,Rede Nacional,Brasília,3,413.43,1240.29,True
T000380,Intercity,Manaus,3,330.87,992.6,False
T000381,Intercity,Belo Horizonte,2,373.97,747.94,True
T000382,Transamerica,Recife,2,340.26,680.52,False
T000384,Intercity,São Paulo,3,495.08,1485.23,True
T000386,Accor,Recife,3,374.98,1124.93,True
T000389,Rede Nacional,Aracaju,1,270.18,270.18,False
T000390,Hotel Local,Rio de Janeiro,1,286.44,286.44,False
T000391,Transamerica,São Paulo,1,671.56,671.56,True
T000392,Hotel Local,Rio de Janeiro,1,323.08,323.08,False
T000393,Intercity,Recife,3,262.31,786.94,False
T000394,Intercity,Brasília,2,295.63,591.27,False
T000395,Hotel Local,Curitiba,4,251.56,1006.23,False
T000396,Rede Nacional,Brasília,2,325.86,651.73,False
T000397,Hotel Local,Aracaju,2,235.76,471.53,False
T000398,Hotel Local,Recife,2,309.94,619.88,False
T000399,Hotel Local,São Paulo,1,338.0,338.0,False
T000400,Rede Nacional,São Paulo,3,417.35,1252.06,False
T000403,Intercity,Brasília,2,310.44,620.88,False
T000404,Accor,São Paulo,3,416.54,1249.61,False
T000405,Accor,Aracaju,3,257.09,771.27,False
T000406,Accor,Curitiba,1,408.27,408.27,True
T000407,Transamerica,Rio de Janeiro,2,390.59,781.18,False
T000408,Rede Nacional,são paulo,3,364.88,1094.65,False
T000409,Accor,Brasília,2,388.73,777.47,False
T000410,Hotel Local,Porto Alegre,2,286.62,573.24,False
T000411,Hotel Local,Brasília,2,272.99,545.98,False
T000412,Intercity,Brasília,3,393.68,1181.05,False
T000413,Accor,Rio de Janeiro,3,266.74,800.23,False
T000414,Rede Nacional,Belo Horizonte,1,271.68,271.68,False
T000415,Hotel Local,Campinas,1,224.1,224.1,False
T000416,Accor,São Paulo,2,513.92,1027.85,False
T000417,Hotel Local,Vitória da Conquista,1,215.86,215.86,False
T000419,Accor,Manaus,1,321.89,321.89,False
T000420,Transamerica,São Paulo,4,393.22,1572.88,False
T000421,Transamerica,São Paulo,1,440.64,440.64,False
T000422,Rede Nacional,Fortaleza,1,260.36,260.36,False
T000423,Hotel Local,Belo Horizonte,3,398.4,1195.19,False
T000424,Hotel Local,São Paulo,2,397.13,794.25,False
T000425,Transamerica,Curitiba,2,348.5,697.0,True
T000426,Accor,Brasília,2,379.7,759.4,False
T000427,Accor,Vitória da Conquista,4,293.52,1174.07,True
T000428,Hotel Local,Feira de Santana,1,181.05,181.05,False
T000429,Intercity,Feira de Santana,3,180.4,541.21,False
T000430,Hotel Local,Recife,1,300.32,300.32,False
T000431,Accor,Recife,4,229.25,917.0,False
T000432,Intercity,Vitória da Conquista,4,226.99,907.96,False
T000433,Hotel Local,Ilhéus,2,360.12,720.24,False
T000435,Rede Nacional,São Paulo,1,336.79,336.79,False
T000436,Rede Nacional,São Paulo,2,374.44,748.88,False
T000437,Accor,São Paulo,1,428.4,428.4,False
T000438,Intercity,São Paulo,1,376.7,376.7,False
T000440,Intercity,Fortaleza,2,207.31,414.62,False
T000441,Transamerica,Belo Horizonte,2,286.77,573.53,False
T000442,Hotel Local,Porto Alegre,9,275.75,2481.75,False
T000443,Intercity,Rio de Janeiro,3,586.77,1760.32,True
T000445,Accor,Porto Alegre,1,323.79,323.79,False
T000446,Accor,São Paulo,3,430.1,1290.3,False
T000447,Transamerica,Porto Alegre,2,386.56,773.12,False
T000448,Rede Nacional,Manaus,3,467.76,1403.28,False
T000449,Hotel Local,Brasília,1,351.21,351.21,False
T000451,Transamerica,Campinas,6,363.09,2178.52,False
T000452,Hotel Local,Rio de Janeiro,2,412.56,825.12,False
T000453,Rede Nacional,Brasília,3,424.38,1273.15,False
T000454,Hotel Local,Recife,3,258.36,775.07,False
T000455,Hotel Local,São Paulo,3,354.83,1064.5,False
T000456,Rede Nacional,Curitiba,2,234.33,468.67,False
T000457,Accor,Brasília,5,476.39,2381.93,True
T000458,Transamerica,Belo Horizonte,2,250.86,501.73,False
T000459,Rede Nacional,Vitória da Conquista,1,203.06,203.06,False
T000460,Transamerica,Rio de Janeiro,3,465.43,1396.29,True
T000461,Accor,Recife,1,316.85,316.85,False
T000462,Hotel Local,Recife,2,202.88,405.75,False
T000463,Hotel Local,São Paulo,3,406.36,1219.09,False
T000464,Accor,Feira de Santana,6,243.68,1462.07,False
T000465,Intercity,Curitiba,1,308.87,308.87,False
T000466,Transamerica,Fortaleza,2,277.01,554.02,False
T000468,Accor,Feira de Santana,2,303.7,607.39,False
T000469,Intercity,São Paulo,1,330.54,330.54,False
T000471,Rede Nacional,Manaus,2,342.13,684.27,False
T000472,Accor,Manaus,4,422.44,1689.77,True
T000473,Transamerica,Fortaleza,1,434.29,434.29,False
T000474,Rede Nacional,Belo Horizonte,4,326.19,1304.75,False
T000475,Hotel Local,São Paulo,2,513.58,1027.15,True
T000476,Hotel Local,Campinas,1,345.3,345.3,False
T000477,Transamerica,Campinas,3,414.66,1243.97,True
T000478,Transamerica,Vitória da Conquista,3,277.05,831.14,False
T000479,Accor,Ilhéus,3,372.71,1118.14,False
T000480,Rede Nacional,Belo Horizonte,2,279.64,559.29,False
T000481,Intercity,Belo Horizonte,3,368.02,1104.07,False
T000482,Intercity,Belo Horizonte,2,245.27,490.54,False
T000483,Transamerica,Brasília,1,330.73,330.73,False
T000484,Accor,Feira de Santana,2,233.28,466.56,False
T000485,Rede Nacional,Brasília,6,285.33,1711.97,False
T000486,Rede Nacional,Rio de Janeiro,2,285.86,571.73,False
T000488,Intercity,Recife,1,320.74,320.74,False
T000489,Transamerica,Vitoria da Conquista,3,259.69,779.08,False
T000490,Rede Nacional,Feira de Santana,2,181.02,362.05,False
T000491,Accor,Recife,5,349.16,1745.78,False
T000492,Hotel Local,Ilhéus,2,185.15,370.29,False
T000493,Transamerica,Belo Horizonte,1,388.56,388.56,False
T000494,Hotel Local,Fortaleza,3,258.53,775.58,False
T000496,Rede Nacional,Fortaleza,2,248.74,497.49,False
T000497,Accor,Porto Alegre,2,284.43,568.87,False
T000498,Hotel Local,Vitoria da Conquista,1,186.55,186.55,False
T000500,Hotel Local,Fortaleza,2,240.64,481.28,False
T000501,Accor,Recife,2,315.83,631.66,False
T000503,Intercity,Feira de Santana,6,236.07,1416.44,False
T000504,Accor,Feira de Santana,4,277.2,1108.8,True
T000506,Transamerica,Recife,1,273.24,273.24,False
T000507,Hotel Local,São Paulo,3,330.6,991.79,False
T000508,Rede Nacional,Campinas,2,249.63,499.27,False
T000511,Transamerica,São Paulo,3,367.46,1102.37,False
T000512,Hotel Local,Vitória da Conquista,1,204.25,204.25,False
T000513,Rede Nacional,São Paulo,5,407.0,2035.01,False
T000514,Rede Nacional,Fortaleza,6,366.28,2197.69,False
T000515,Intercity,Curitiba,4,297.22,1188.9,False
T000516,Accor,São Paulo,1,414.71,414.71,False
T000517,Rede Nacional,São Paulo,1,551.17,551.17,False
T000518,Transamerica,Belo Horizonte,3,268.9,806.7,False
T000519,Rede Nacional,Fortaleza,1,310.33,310.33,False
T000520,Hotel Local,Campinas,1,278.96,278.96,False
T000522,Rede Nacional,Manaus,3,327.62,982.86,False
T000524,Rede Nacional,São Paulo,1,343.46,343.46,False
T000525,Transamerica,Curitiba,4,343.16,1372.65,False
T000526,Hotel Local,Manaus,3,295.12,885.35,False
T000527,Rede Nacional,São Paulo,3,390.01,1170.03,False
T000530,Intercity,São Paulo,7,466.03,3262.21,False
T000531,Transamerica,Aracaju,2,318.32,636.63,False
T000532,Rede Nacional,Campinas,2,261.52,523.05,False
T000533,Hotel Local,Brasilia,1,338.28,338.28,False
T000539,Hotel Local,Feira de Santana,2,184.52,369.03,False
T000540,Rede Nacional,São Paulo,3,388.85,1166.54,False
T000541,Accor,Recife,2,334.89,669.78,False
T000542,Intercity,Fortaleza,1,302.56,302.56,False
T000543,Accor,São Paulo,5,502.49,2512.44,True
T000544,Transamerica,São Paulo,1,401.94,401.94,False
T000545,Transamerica,Rio de Janeiro,2,411.55,823.11,False
T000547,Rede Nacional,Belo Horizonte,3,247.87,743.61,False
T000548,Hotel Local,Porto Alegre,1,275.03,275.03,False
T000549,Hotel Local,São Paulo,3,286.18,858.54,False
T000550,Hotel Local,Brasília,3,377.16,1131.48,False
T000551,Transamerica,Belo Horizonte,2,337.75,675.49,False
T000552,Hotel Local,Manaus,2,357.66,715.31,False
T000554,Accor,Rio de Janeiro,3,330.01,990.03,False
T000555,Transamerica,São Paulo,2,447.03,894.07,False
T000557,Intercity,Rio de Janeiro,2,438.39,876.79,True
T000559,Rede Nacional,Recife,3,291.47,874.41,False
T000560,Hotel Local,Brasília,3,373.29,1119.88,False
T000561,Intercity,Brasília,3,457.3,1371.89,True
T000562,Accor,Vitória da Conquista,1,270.28,270.28,False
T000563,Intercity,Fortaleza,2,282.32,564.65,False
T000566,Accor,São Paulo,2,465.75,931.51,False
T000567,Transamerica,Rio de Janeiro,1,383.63,383.63,False
T000568,Accor,Fortaleza,1,328.18,328.18,False
T000569,Transamerica,Vitória da Conquista,1,247.1,247.1,False
T000570,Hotel Local,Rio de Janeiro,2,422.01,844.03,True
T000571,Hotel Local,Recife,2,366.14,732.27,False
T000572,Accor,São Paulo,7,404.83,2833.81,False
T000575,Hotel Local,São Paulo,5,295.89,1479.43,False
T000577,Transamerica,São Paulo,3,453.32,1359.95,False
T000580,Rede Nacional,Brasília,4,346.22,1384.9,False
T000581,Rede Nacional,Brasília,6,263.43,1580.59,False
T000582,Hotel Local,Recife,1,224.95,224.95,False
T000583,Rede Nacional,Curitiba,1,200.95,200.95,False
T000584,Transamerica,Vitória da Conquista,2,224.99,449.97,False
T000585,Intercity,Manaus,3,357.36,1072.07,False
T000586,Hotel Local,Porto Alegre,2,384.84,769.68,True
T000587,Intercity,Brasília,1,389.66,389.66,True
T000589,Accor,São Paulo,1,557.46,557.46,False
T000590,Accor,Campinas,2,333.81,667.62,False
T000591,Accor,Ilhéus,3,219.91,659.72,False
T000593,Intercity,Feira de Santana,3,187.6,562.8,False
T000594,Hotel Local,Belo Horizonte,2,224.78,449.56,False
T000595,Accor,Belo Horizonte,2,300.01,600.03,False
T000597,Hotel Local,São Paulo,3,408.06,1224.19,False
T000598,Rede Nacional,Fortaleza,3,257.55,772.64,False
T000599,Accor,Rio de Janeiro,1,360.72,360.72,False
T000601,Hotel Local,São Paulo,1,307.08,307.08,False
T000602,Rede Nacional,Belo Horizonte,6,250.88,1505.26,False
T000603,Accor,Feira de Santana,3,192.64,577.92,False
T000604,Hotel Local,Aracaju,5,255.34,1276.69,False
T000606,Rede Nacional,Curitiba,1,356.31,356.31,True
T000607,Hotel Local,São Paulo,4,381.66,1526.66,False
T000608,Transamerica,são paulo,2,417.83,835.66,False
T000609,Hotel Local,São Paulo,2,279.55,559.1,False
T000610,Transamerica,Brasília,3,332.0,995.99,False
T000611,Transamerica,Porto Alegre,2,296.77,593.55,False
T000612,Transamerica,São Paulo,1,520.18,520.18,True
T000613,Accor,Fortaleza,1,290.03,290.03,False
T000614,Hotel Local,Curitiba,2,204.3,408.6,False
T000615,Hotel Local,Curitiba,4,227.93,911.7,False
T000616,Accor,São Paulo,2,360.35,720.69,False
T000617,Hotel Local,São Paulo,3,417.15,1251.44,False
T000618,Accor,São Paulo,1,530.16,530.16,True
T000619,Intercity,Recife,1,283.42,283.42,False
T000620,Intercity,Campinas,2,294.69,589.39,False
T000621,Hotel Local,São Paulo,2,476.01,952.02,True
T000622,Rede Nacional,Ilhéus,2,236.56,473.12,False
T000623,Hotel Local,Rio de Janeiro,4,401.28,1605.1,False
T000624,Intercity,Feira de Santana,2,221.6,443.21,False
T000626,Accor,Belo Horizonte,3,242.05,726.15,False
T000627,Accor,Campinas,1,317.61,317.61,False
T000628,Hotel Local,São Paulo,3,494.61,1483.83,False
T000629,Hotel Local,Curitiba,4,297.77,1191.08,False
T000630,Rede Nacional,São Paulo,4,362.05,1448.21,False
T000631,Transamerica,São Paulo,3,429.15,1287.44,False
T000632,Intercity,Recife,2,283.74,567.47,False
T000633,Rede Nacional,São Paulo,5,349.95,1749.74,False
T000634,Hotel Local,São Paulo,4,317.75,1271.01,False
T000639,Intercity,Aracaju,1,278.81,278.81,False
T000640,Accor,Brasília,1,454.46,454.46,True
T000641,Transamerica,São Paulo,5,591.61,2958.07,True
T000642,Transamerica,Brasília,1,419.48,419.48,True
T000644,Hotel Local,DF - Brasília,4,235.95,943.81,False
T000645,Accor,Fortaleza,1,310.99,310.99,False
T000647,Hotel Local,São Paulo,3,497.05,1491.15,True
T000648,Accor,São Paulo,3,487.74,1463.22,True
T000649,Rede Nacional,Feira de Santana,1,207.26,207.26,False
T000650,Transamerica,São Paulo,3,474.59,1423.76,True
T000652,Hotel Local,Fortaleza,3,205.55,616.64,False
T000653,Accor,Aracaju,4,311.48,1245.9,False
T000654,Rede Nacional,Brasília,2,332.94,665.88,False
T000655,Rede Nacional,Recife,3,248.57,745.71,False
T000657,Hotel Local,Vitória da Conquista,3,189.52,568.55,False
T000658,Intercity,Belo Horizonte,2,224.27,448.53,False
T000659,Rede Nacional,Recife,2,284.86,569.73,False
T000661,Accor,Recife,3,328.19,984.56,True
T000662,Intercity,Vitória da Conquista,1,260.17,260.17,False
T000664,Hotel Local,Recife,3,279.67,839.0,False
T000665,Hotel Local,Belo Horizonte,1,242.3,242.3,False
T000667,Accor,Brasília,3,445.75,1337.26,True
T000668,Accor,Brasília,5,389.89,1949.45,False
T000670,Transamerica,São Paulo,3,294.0,881.99,False
T000671,Hotel Local,Fortaleza,2,227.08,454.16,False
T000673,Accor,Fortaleza,3,322.3,966.89,False
T000674,Rede Nacional,São Paulo,2,381.59,763.18,False
T000676,Accor,Recife,2,351.8,703.61,True
T000677,Accor,São Paulo,8,395.8,3166.41,False
T000678,Hotel Local,Fortaleza,1,318.57,318.57,False
T000679,Rede Nacional,Rio de Janeiro,3,289.97,869.9,False
T000680,Rede Nacional,Manaus,2,329.28,658.56,False
T000681,Transamerica,Vitória da Conquista,5,355.71,1778.57,True
T000683,Rede Nacional,Campinas,8,352.27,2818.16,False
T000685,Hotel Local,Vitória da Conquista,4,204.18,816.72,False
T000686,Hotel Local,São Paulo,3,363.3,1089.89,False
T000688,Intercity,Curitiba,4,414.21,1656.83,True
T000689,Hotel Local,São Paulo,1,363.88,363.88,False
T000690,Accor,Manaus,2,390.12,780.24,False
T000691,Accor,Curitiba,4,292.62,1170.49,False
T000692,Intercity,Feira de Santana,3,228.22,684.67,False
T000694,Intercity,Brasília,6,402.71,2416.25,False
T000696,Hotel Local,São Paulo,2,443.48,886.96,False
T000697,Hotel Local,São Paulo,4,514.43,2057.71,True
T000698,Rede Nacional,Feira de Santana,4,168.52,674.09,False
T000699,Intercity,Ilhéus,1,253.62,253.62,False
T000700,Hotel Local,Brasília,2,260.84,521.68,False
T000701,Accor,Brasília,4,449.28,1797.13,True
T000702,Rede Nacional,São Paulo,4,361.41,1445.66,False
T000703,Intercity,Vitória da Conquista,3,258.44,775.32,False
T000704,Hotel Local,Brasília,5,366.21,1831.07,False
T000705,Hotel Local,Porto Alegre,1,251.51,251.51,False
T000706,Rede Nacional,São Paulo,2,434.27,868.54,False
T000708,Accor,Manaus,5,402.75,2013.73,True
T000709,Rede Nacional,Belo Horizonte,5,305.78,1528.89,False
T000711,Intercity,Aracaju,2,189.74,379.47,False
T000712,Accor,Aracaju,3,271.24,813.73,False
T000713,Rede Nacional,Belo Horizonte,2,252.63,505.25,False
T000714,Transamerica,Sao Paulo,5,368.72,1843.6,False
T000715,Rede Nacional,Recife,3,233.66,700.97,False
T000716,Accor,São Paulo,1,576.34,576.34,False
T000717,Transamerica,Rio de Janeiro,2,648.4,1296.79,True
T000718,Accor,Recife,1,239.25,239.25,False
T000719,Hotel Local,Recife,2,284.42,568.85,False
T000720,Transamerica,Belo Horizonte,2,334.0,668.0,True
T000721,Rede Nacional,Brasília,1,279.06,279.06,False
T000723,Accor,Aracaju,8,281.46,2251.7,False
T000724,Accor,Vitória da Conquista,1,226.32,226.32,False
T000725,Hotel Local,Feira de Santana,2,184.31,368.62,False
T000726,Hotel Local,Feira de Santana,2,238.21,476.43,False
T000727,Accor,São Paulo,2,568.05,1136.09,True
T000728,Rede Nacional,São Paulo,2,348.58,697.15,False
T000729,Accor,Brasília,2,327.03,654.06,False
T000732,Hotel Local,Rio de Janeiro,1,359.81,359.81,False
T000733,Rede Nacional,Porto Alegre,3,230.19,690.58,False
T000735,Rede Nacional,São Paulo,5,457.22,2286.11,False
T000736,Accor,São Paulo,2,323.91,647.82,False
T000737,Accor,São Paulo,3,443.17,1329.5,False
T000738,Transamerica,Belo Horizonte,2,287.5,575.01,False
T000740,Intercity,Curitiba,3,367.82,1103.45,True
T000741,Rede Nacional,São Paulo,2,354.25,708.5,False
T000743,Intercity,Brasília,3,328.77,986.3,False
T000744,Accor,Curitiba,2,403.11,806.23,True
T000747,Accor,Fortaleza,3,332.73,998.2,False
T000748,Transamerica,Rio de Janeiro,4,416.38,1665.52,False
T000750,Accor,São Paulo,6,495.19,2971.16,True
T000751,Intercity,Rio de Janeiro,3,380.26,1140.79,False
T000752,Rede Nacional,Fortaleza,2,260.84,521.68,False
T000753,Rede Nacional,Ilhéus,3,274.82,824.46,False
T000754,Hotel Local,Fortaleza,2,316.35,632.71,False
T000756,Accor,Campinas,1,383.42,383.42,True
T000757,Hotel Local,Feira de Santana,1,180.14,180.14,False
T000758,Intercity,Belo Horizonte,3,434.96,1304.88,False
T000759,Hotel Local,Brasília,4,215.88,863.54,False
T000760,Accor,Rio de Janeiro,3,454.52,1363.57,True
T000761,Hotel Local,São Paulo,2,342.01,684.02,False
T000762,Hotel Local,Curitiba,2,304.47,608.94,False
T000763,Rede Nacional,Brasília,3,291.43,874.3,False
T000764,Hotel Local,Brasília,3,417.42,1252.27,True
T000765,Intercity,Recife,5,296.57,1482.86,False
T000766,Rede Nacional,Campinas,2,287.31,574.62,False
T000767,Hotel Local,Aracaju,2,222.78,445.55,False
T000768,Accor,Fortaleza,3,345.02,1035.06,False
T000769,Rede Nacional,São Paulo,5,413.13,2065.64,False
T000770,Accor,Curitiba,1,382.22,382.22,False
T000771,Accor,Fortaleza,1,327.29,327.29,False
T000773,Transamerica,São Paulo,2,485.03,970.06,True
T000775,Accor,Campinas,6,410.63,2463.77,False
T000776,Transamerica,São Paulo,5,436.63,2183.13,False
T000777,Intercity,Brasília,3,372.47,1117.4,False
T000778,Intercity,Brasília,4,334.11,1336.45,False
T000779,Accor,Belo Horizonte,2,389.4,778.79,True
T000780,Hotel Local,Recife,1,226.61,226.61,False
T000781,Accor,Fortaleza,2,253.94,507.88,False
T000782,Rede Nacional,São Paulo,3,502.8,1508.41,True
T000783,Hotel Local,Feira de Santana,3,230.93,692.8,False
T000784,Rede Nacional,Rio de Janeiro,5,345.59,1727.95,False
T000786,Intercity,Fortaleza,3,290.75,872.25,False
T000787,Hotel Local,Curitiba,3,286.61,859.82,False
T000788,Hotel Local,Manaus,1,229.6,229.6,False
T000789,Accor,São Paulo,4,479.23,1916.92,True
T000790,Hotel Local,Brasília,1,457.88,457.88,True
T000792,Hotel Local,São Paulo,3,369.37,1108.11,False
T000795,Hotel Local,Curitiba,3,278.87,836.6,False
T000798,Rede Nacional,São Paulo,1,587.16,587.16,False
T000799,Rede Nacional,São Paulo,5,592.53,2962.63,True
T000800,Hotel Local,Campinas,4,353.33,1413.31,False
T000801,Accor,SP - São Paulo,3,347.48,1042.45,False
T000802,Transamerica,São Paulo,1,454.48,454.48,False
T000803,Accor,Curitiba,1,253.94,253.94,False
T000804,Accor,Fortaleza,3,328.78,986.35,False
T000805,Accor,Rio de Janeiro,8,375.27,3002.15,False
T000806,Hotel Local,Belo Horizonte,4,234.38,937.53,False
T000807,Hotel Local,Rio de Janeiro,3,360.07,1080.2,False
T000808,Intercity,Campinas,3,252.26,756.79,False
T000809,Hotel Local,são paulo,4,420.7,1682.8,False
T000810,Hotel Local,Sao Paulo,1,328.01,328.01,False
T000812,Intercity,Manaus,7,364.47,2551.28,False
T000813,Intercity,Porto Alegre,1,293.68,293.68,False
T000814,Hotel Local,Porto Alegre,1,257.97,257.97,False
T000816,Hotel Local,São Paulo,1,364.79,364.79,False
T000817,Rede Nacional,São Paulo,1,381.19,381.19,False
T000818,Rede Nacional,Curitiba,4,315.76,1263.06,False
T000820,Transamerica,Feira de Santana,2,237.2,474.4,False
T000821,Accor,Belo Horizonte,4,315.94,1263.75,False
T000822,Hotel Local,São Paulo,5,388.07,1940.35,False
T000823,Rede Nacional,Ilhéus,2,220.9,441.81,False
T000825,Accor,Rio de Janeiro,5,453.01,2265.04,False
T000826,Hotel Local,Recife,1,293.8,293.8,False
T000827,Rede Nacional,Recife,2,236.43,472.86,False
T000830,Hotel Local,São Paulo,1,262.73,262.73,False
T000831,Rede Nacional,Brasília,1,283.23,283.23,False
T000832,Intercity,Curitiba,2,355.01,710.02,True
T000833,Intercity,Feira de Santana,8,189.34,1514.7,False
T000834,Hotel Local,Belo Horizonte,3,268.25,804.75,False
T000836,Intercity,Feira de Santana,2,194.67,389.33,False
T000837,Transamerica,Brasília,3,414.68,1244.03,True
T000838,Accor,São Paulo,2,372.88,745.77,False
T000839,Hotel Local,São Paulo,2,597.01,1194.03,False
T000840,Transamerica,Brasília,3,386.18,1158.54,False
T000841,Transamerica,Rio de Janeiro,2,440.86,881.72,True
T000844,Hotel Local,Feira de Santana,3,202.93,608.78,False
T000845,Accor,Campinas,2,367.59,735.19,True
T000846,Hotel Local,São Paulo,1,342.24,342.24,False
T000847,Intercity,Manaus,2,259.31,518.62,False
T000849,Accor,Porto Alegre,1,411.6,411.6,True
T000850,Transamerica,Manaus,2,353.22,706.44,False
T000851,Hotel Local,Rio de Janeiro,2,344.32,688.63,False
T000852,Transamerica,São Paulo,2,635.88,1271.77,True
T000855,Transamerica,São Paulo,3,354.65,1063.94,False
T000857,Accor,Brasília,1,340.36,340.36,False
T000859,Hotel Local,Porto Alegre,1,332.49,332.49,False
T000861,Rede Nacional,Brasília,2,281.68,563.35,False
T000862,Rede Nacional,Fortaleza,2,447.81,895.61,False
T000863,Transamerica,Curitiba,4,374.87,1499.48,True
T000864,Transamerica,Ilhéus,2,237.49,474.98,False
T000865,Rede Nacional,São Paulo,4,510.1,2040.39,False
T000866,Accor,Feira de Santana,1,259.82,259.82,True
T000868,Rede Nacional,São Paulo,4,504.9,2019.59,True
T000869,Intercity,Feira de Santana,1,215.37,215.37,False
T000870,Hotel Local,Manaus,2,305.32,610.64,False
T000871,Accor,Porto Alegre,4,372.09,1488.37,False
T000872,Intercity,Manaus,3,263.43,790.3,False
T000874,Rede Nacional,Rio de Janeiro,3,324.92,974.76,False
T000875,Rede Nacional,São Paulo,2,411.25,822.49,False
T000876,Transamerica,São Paulo,4,377.14,1508.56,False
T000877,Hotel Local,Brasília,3,295.2,885.61,False
T000878,Rede Nacional,São Paulo,3,493.84,1481.53,False
T000879,Transamerica,Curitiba,2,274.83,549.65,False
T000880,Accor,Porto Alegre,7,392.89,2750.23,False
T000881,Rede Nacional,São Paulo,1,358.17,358.17,False
T000882,Accor,São Paulo,3,382.56,1147.67,False
T000883,Hotel Local,São Paulo,2,365.71,731.42,False
T000884,Intercity,Manaus,1,286.0,286.0,False
T000885,Intercity,Ilhéus,1,257.93,257.93,False
T000886,Rede Nacional,Brasília,5,237.76,1188.78,False
T000887,Accor,Porto Alegre,1,391.31,391.31,True
T000888,Rede Nacional,Aracaju,3,226.46,679.37,False
T000889,Accor,Brasília,4,375.61,1502.45,False
T000890,Accor,São Paulo,3,400.07,1200.21,False
T000891,Hotel Local,Brasília,2,302.99,605.97,False
T000892,Intercity,Feira de Santana,2,208.96,417.92,False
T000893,Hotel Local,Brasília,2,263.04,526.08,False
T000895,Rede Nacional,Belo Horizonte,3,209.32,627.97,False
T000896,Intercity,Manaus,4,332.98,1331.91,False
T000897,Hotel Local,Brasília,1,296.4,296.4,False
T000898,Hotel Local,Campinas,1,348.4,348.4,False
T000900,Accor,Fortaleza,1,250.29,250.29,False
T000901,Hotel Local,Rio de Janeiro,3,358.77,1076.31,False
T000903,Accor,Rio de Janeiro,2,475.56,951.12,True
T000904,Hotel Local,Manaus,1,233.29,233.29,False
T000905,Rede Nacional,Brasília,1,336.83,336.83,False
T000906,Accor,São Paulo,2,449.6,899.21,False
T000907,Transamerica,São Paulo,4,483.04,1932.14,True
T000908,Accor,Vitória da Conquista,3,267.44,802.31,True
T000910,Hotel Local,São Paulo,1,331.07,331.07,False
T000911,Transamerica,Vitória da Conquista,8,249.47,1995.78,False
T000912,Rede Nacional,Fortaleza,3,268.63,805.89,False
T000913,Hotel Local,Recife,2,280.25,560.49,False
T000914,Hotel Local,São Paulo,1,355.7,355.7,False
T000915,Hotel Local,Porto Alegre,3,591.41,1774.24,True
T000916,Rede Nacional,São Paulo,3,470.69,1412.08,True
T000918,Intercity,Fortaleza,3,303.47,910.41,False
T000919,Transamerica,São Paulo,2,300.49,600.97,False
T000920,Intercity,São Paulo,2,361.98,723.96,False
T000921,Hotel Local,São Paulo,2,394.32,788.65,False
T000922,Accor,Brasília,2,385.39,770.78,False
T000923,Rede Nacional,Belo Horizonte,2,236.99,473.98,False
T000924,Accor,Fortaleza,1,566.5,566.5,True
T000925,Hotel Local,Brasília,2,322.41,644.82,False
T000926,Hotel Local,Feira de Santana,1,263.33,263.33,True
T000927,Rede Nacional,Brasília,1,351.04,351.04,False
T000928,Hotel Local,São Paulo,2,384.98,769.96,False
T000929,Hotel Local,Curitiba,5,262.07,1310.37,False
T000930,Intercity,Fortaleza,3,254.86,764.58,False
T000931,Rede Nacional,Porto Alegre,2,307.31,614.62,False
T000932,Accor,Recife,2,251.13,502.25,False
T000933,Rede Nacional,São Paulo,4,424.56,1698.24,False
T000934,Accor,São Paulo,1,402.0,402.0,False
T000935,Transamerica,Recife,2,328.82,657.64,True
T000938,Accor,Rio de Janeiro,2,338.78,677.55,False
T000939,Hotel Local,São Paulo,2,386.27,772.53,False
T000940,Rede Nacional,Rio de Janeiro,3,273.72,821.17,False
T000941,Hotel Local,Campinas,1,274.49,274.49,False
T000942,Intercity,Recife,3,308.18,924.55,False
T000943,Accor,São Paulo,2,502.23,1004.45,True
T000945,Transamerica,Fortaleza,6,452.69,2716.12,True
T000946,Hotel Local,Fortaleza,4,283.35,1133.39,False
T000947,Accor,Aracaju,1,249.88,249.88,False
T000949,Intercity,Vitória da Conquista,1,208.88,208.88,False
T000951,Accor,Feira de Santana,3,288.92,866.77,False
T000953,Hotel Local,Porto Alegre,4,270.76,1083.04,False
T000954,Rede Nacional,Manaus,2,316.11,632.23,False
T000955,Accor,Porto Alegre,1,413.46,413.46,True
T000956,Intercity,Rio de Janeiro,8,454.38,3635.01,True
T000958,Transamerica,Vitória da Conquista,2,241.28,482.55,False
T000959,Rede Nacional,Campinas,4,323.69,1294.74,False
T000964,Hotel Local,Rio de Janeiro,3,284.11,852.32,False
T000965,Transamerica,São Paulo,4,380.12,1520.49,False
T000966,Transamerica,São Paulo,4,433.07,1732.29,False
T000967,Hotel Local,Manaus,1,298.14,298.14,False
T000968,Hotel Local,Curitiba,9,303.42,2730.74,False
T000969,Hotel Local,Feira de Santana,2,162.37,324.74,False
T000970,Accor,Feira de Santana,3,211.67,635.0,False
T000971,Rede Nacional,Campinas,4,196.8,787.22,False
T000972,Accor,Recife,2,240.04,480.08,False
T000973,Accor,Rio de Janeiro,3,562.79,1688.38,True
T000974,Rede Nacional,Rio de Janeiro,1,268.64,268.64,False
T000975,Hotel Local,Recife,3,229.4,688.19,False
T000976,Hotel Local,Porto Alegre,1,232.93,232.93,False
T000977,Transamerica,Fortaleza,1,336.51,336.51,False
T000978,Accor,Brasília,2,323.04,646.08,False
T000979,Hotel Local,Campinas,4,230.51,922.02,False
T000981,Accor,São Paulo,3,506.05,1518.14,True
T000982,Hotel Local,Aracaju,2,241.07,482.15,False
T000984,Hotel Local,São Paulo,1,324.51,324.51,False
T000985,Hotel Local,São Paulo,1,290.35,290.35,False
T000986,Hotel Local,São Paulo,8,448.91,3591.25,False
T000987,Intercity,Brasília,3,283.4,850.21,False
T000989,Intercity,São Paulo,2,504.67,1009.34,True
T000990,Hotel Local,Rio de Janeiro,1,345.83,345.83,False
T000991,Hotel Local,Brasília,2,298.28,596.56,False
T000992,Hotel Local,São Paulo,4,392.89,1571.55,False
T000993,Rede Nacional,São Paulo,3,465.74,1397.23,True
T000994,Intercity,Brasília,2,335.91,671.82,False
T000995,Rede Nacional,Curitiba,2,254.63,509.25,False
T000996,Hotel Local,Vitória da Conquista,3,173.14,519.43,False
T000997,Accor,Feira de Santana,5,189.55,947.75,False
T000999,Accor,São Paulo,3,466.4,1399.19,True
T001000,Hotel Local,Brasília,4,395.21,1580.82,False
T001002,Hotel Local,Rio de Janeiro,5,286.31,1431.57,False
T001003,Hotel Local,Porto Alegre,3,242.59,727.78,False
T001005,Transamerica,Curitiba,2,383.41,766.82,True
T001006,Hotel Local,Brasília,3,255.13,765.39,False
T001007,Rede Nacional,Feira de Santana,2,186.69,373.39,False
T001008,Rede Nacional,Rio de Janeiro,1,327.45,327.45,False
T001009,Rede Nacional,Manaus,4,291.03,1164.13,False
T001010,Hotel Local,Recife,3,235.06,705.18,False
T001011,Rede Nacional,Feira de Santana,2,184.9,369.8,False
T001012,Accor,Aracaju,1,371.37,371.37,False
T001014,Rede Nacional,Recife,5,268.68,1343.42,False
T001015,Accor,São Paulo,5,437.43,2187.14,False
T001016,Hotel Local,Porto Alegre,4,316.63,1266.53,False
T001017,Hotel Local,São Paulo,3,373.61,1120.82,False
T001019,Intercity,Rio de Janeiro,3,288.85,866.56,False
T001020,Accor,São Paulo,3,470.72,1412.16,False
T001021,Accor,São Paulo,1,630.77,630.77,True
T001022,Hotel Local,São Paulo,3,461.5,1384.5,False
T001023,Intercity,Brasília,3,287.28,861.84,False
T001025,Hotel Local,Feira de Santana,2,228.37,456.73,False
T001026,Transamerica,Rio de Janeiro,1,379.45,379.45,False
T001028,Hotel Local,São Paulo,2,344.82,689.63,False
T001029,Hotel Local,Curitiba,4,236.3,945.21,False
T001030,Hotel Local,Recife,1,313.87,313.87,False
T001031,Rede Nacional,Curitiba,1,260.52,260.52,False
T001032,Intercity,Fortaleza,1,317.21,317.21,False
T001033,Accor,Belo Horizonte,3,369.05,1107.15,True
T001035,Accor,São Paulo,4,431.84,1727.37,False
T001036,Hotel Local,São Paulo,1,310.49,310.49,False
T001037,Rede Nacional,Ilhéus,1,200.35,200.35,False
T001039,Hotel Local,Fortaleza,1,239.45,239.45,False
T001040,Intercity,São Paulo,3,408.33,1224.98,False
T001041,Accor,São Paulo,3,796.75,2390.26,True
T001042,Hotel Local,Feira de Santana,2,191.09,382.19,False
T001044,Transamerica,Fortaleza,1,308.79,308.79,False
T001046,Hotel Local,Aracaju,1,191.86,191.86,False
T001047,Rede Nacional,São Paulo,4,340.13,1360.52,False
T001048,Rede Nacional,Rio de Janeiro,2,375.96,751.92,False
T001049,Hotel Local,Campinas,3,318.77,956.32,False
T001050,Intercity,Manaus,1,331.51,331.51,False
T001051,Accor,São Paulo,3,421.73,1265.19,False
T001052,Intercity,Fortaleza,1,298.46,298.46,False
T001053,Hotel Local,Belo Horizonte,2,277.55,555.1,False
T001056,Transamerica,Belo Horizonte,3,276.48,829.43,False
T001057,Intercity,Aracaju,3,167.7,503.09,False
T001059,Hotel Local,Belo Horizonte,3,239.08,717.24,False
T001061,Hotel Local,São Paulo,3,389.28,1167.84,False
T001062,Hotel Local,Brasília,4,405.48,1621.91,False
T001063,Intercity,Curitiba,2,222.86,445.72,False
T001064,Intercity,São Paulo,1,430.93,430.93,False
T001065,Hotel Local,Porto Alegre,1,230.31,230.31,False
T001066,Hotel Local,Recife,1,258.03,258.03,False
T001067,Intercity,Fortaleza,2,329.61,659.22,False
T001068,Accor,Brasília,2,363.54,727.07,False
T001069,Hotel Local,São Paulo,1,306.58,306.58,False
T001070,Intercity,Belo Horizonte,1,314.77,314.77,False
T001073,Intercity,Belo Horizonte,3,370.02,1110.07,True
T001074,Hotel Local,Belo Horizonte,2,263.39,526.77,False
T001075,Accor,DF - Brasília,2,345.32,690.63,False
T001076,Hotel Local,Porto Alegre,3,287.05,861.14,False
T001077,Intercity,Recife,1,361.81,361.81,True
T001078,Accor,São Paulo,1,384.31,384.31,False
T001079,Rede Nacional,Brasília,1,371.69,371.69,False
T001080,Hotel Local,FEIRA DE SANTANA,4,239.07,956.3,False
T001081,Hotel Local,Feira de Santana,3,143.62,430.87,False
T001082,Accor,Vitória da Conquista,3,250.08,750.24,False
T001083,Rede Nacional,Brasília,1,350.98,350.98,False
T001084,Rede Nacional,Brasília,2,278.81,557.63,False
T001085,Hotel Local,São Paulo,3,397.27,1191.82,False
T001086,Accor,São Paulo,1,443.11,443.11,True
T001090,Intercity,Recife,3,285.77,857.31,False
T001091,Rede Nacional,Porto Alegre,1,345.83,345.83,False
T001093,Intercity,Fortaleza,2,328.38,656.75,False
T001094,Transamerica,Feira de Santana,4,248.3,993.22,False
T001095,Hotel Local,Belo Horizonte,3,208.49,625.48,False
T001096,Accor,São Paulo,3,330.39,991.18,False
T001097,Hotel Local,Rio de Janeiro,2,314.95,629.89,False
T001098,Accor,São Paulo,1,440.85,440.85,False
T001099,Accor,Recife,3,253.31,759.92,False
T001100,Accor,Vitória da Conquista,4,298.64,1194.58,True
T001101,Accor,Feira de Santana,1,198.28,198.28,False
T001102,Hotel Local,Rio de Janeiro,3,366.31,1098.93,False
T001104,Accor,Curitiba,1,322.2,322.2,False
T001106,Hotel Local,Fortaleza,2,264.59,529.17,False
T001107,Accor,Campinas,2,367.0,734.01,False
T001109,Hotel Local,Belo Horizonte,2,234.79,469.58,False
T001110,Hotel Local,São Paulo,5,460.02,2300.12,False
T001111,Hotel Local,Rio de Janeiro,3,396.8,1190.41,True
T001112,Intercity,Recife,3,304.48,913.45,False
T001113,Accor,Feira de Santana,7,291.82,2042.75,True
T001114,Accor,Fortaleza,7,271.75,1902.28,False
T001115,Accor,São Paulo,1,359.91,359.91,False
T001116,Intercity,São Paulo,5,359.64,1798.22,False
T001117,Rede Nacional,Manaus,4,353.04,1412.15,False
T001118,Hotel Local,Rio de Janeiro,2,479.36,958.71,True
T001119,Transamerica,Sao Paulo,2,441.94,883.88,True
T001120,Hotel Local,São Paulo,3,438.99,1316.97,False
T001122,Accor,Ilhéus,2,373.77,747.53,False
T001123,Hotel Local,Belo Horizonte,2,291.99,583.98,False
T001124,Hotel Local,Vitória da Conquista,1,172.22,172.22,False
T001126,Hotel Local,São Paulo,2,319.4,638.79,False
T001128,Hotel Local,São Paulo,1,338.64,338.64,False
T001131,Transamerica,São Paulo,3,459.01,1377.04,True
T001132,Rede Nacional,Vitória da Conquista,5,200.29,1001.46,False
T001133,Hotel Local,Rio de Janeiro,2,307.1,614.2,False
T001134,Hotel Local,Ilhéus,4,224.53,898.12,False
T001135,Transamerica,Brasília,3,371.2,1113.59,False
T001136,Transamerica,Fortaleza,1,265.75,265.75,False
T001137,Hotel Local,Belo Horizonte,1,227.85,227.85,False
T001138,Hotel Local,Belo Horizonte,1,202.8,202.8,False
T001139,Transamerica,Recife,2,278.74,557.47,False
T001140,Hotel Local,São Paulo,3,428.29,1284.87,False
T001141,Hotel Local,São Paulo,4,249.6,998.4,False
T001142,Hotel Local,Ilhéus,3,176.04,528.13,False
T001143,Hotel Local,Curitiba,5,307.57,1537.87,False
T001144,Intercity,São Paulo,1,360.68,360.68,False
T001145,Accor,São Paulo,3,357.4,1072.21,False
T001146,Transamerica,Curitiba,4,406.71,1626.83,True
T001147,Intercity,Vitória da Conquista,4,225.81,903.25,False
T001148,Rede Nacional,Belo Horizonte,2,296.79,593.58,False
T001150,Hotel Local,Aracaju,2,200.39,400.79,False
T001151,Rede Nacional,Rio de Janeiro,4,270.9,1083.61,False
T001152,Rede Nacional,Belo Horizonte,2,304.89,609.78,False
T001155,Rede Nacional,São Paulo,1,370.29,370.29,False
T001156,Hotel Local,Recife,2,238.83,477.67,False
T001157,Intercity,São Paulo,3,491.37,1474.1,False
T001159,Accor,São Paulo,4,460.7,1842.8,False
T001160,Rede Nacional,São Paulo,4,485.71,1942.85,False
T001161,Intercity,Porto Alegre,1,352.2,352.2,False
T001164,Rede Nacional,Belo Horizonte,3,326.55,979.64,False
T001165,Transamerica,São Paulo,3,486.63,1459.9,True
T001166,Accor,Brasília,4,388.62,1554.48,False
T001168,Accor,Recife,1,234.77,234.77,False
T001169,Rede Nacional,Fortaleza,3,343.29,1029.87,False
T001170,Rede Nacional,Recife,2,257.73,515.47,False
T001171,Accor,Recife,1,462.67,462.67,True
T001172,Accor,Curitiba,4,259.25,1037.0,False
T001174,Hotel Local,São Paulo,6,317.0,1902.0,False
T001175,Hotel Local,Belo Horizonte,4,245.79,983.15,False
T001176,Hotel Local,São Paulo,3,299.98,899.94,False
T001177,Intercity,Recife,2,277.67,555.35,False
T001178,Hotel Local,Curitiba,10,310.58,3105.77,False
T001180,Accor,São Paulo,3,462.68,1388.03,False
T001181,Intercity,Feira de Santana,3,213.28,639.83,False
T001183,Accor,Feira de Santana,1,228.33,228.33,False
T001184,Transamerica,Belo Horizonte,1,334.37,334.37,False
T001185,Hotel Local,Vitória da Conquista,5,273.43,1367.14,False
T001186,Rede Nacional,Ilhéus,1,215.56,215.56,False
T001187,Hotel Local,Recife,1,220.36,220.36,False
T001188,Rede Nacional,Brasília,4,338.41,1353.64,False
T001189,Rede Nacional,Belo Horizonte,1,245.53,245.53,False
T001190,Intercity,Belo Horizonte,4,236.01,944.04,False
T001191,Accor,Vitória da Conquista,4,233.07,932.28,False
T001192,Accor,Recife,7,329.81,2308.7,False
T001193,Rede Nacional,Rio de Janeiro,2,264.31,528.62,False
T001194,Hotel Local,Rio de Janeiro,1,417.93,417.93,False
T001195,Rede Nacional,São Paulo,2,445.68,891.36,False
T001197,Intercity,Rio de Janeiro,2,428.69,857.38,True
T001198,Hotel Local,SP - São Paulo,3,340.33,1020.98,False
T001200,Hotel Local,Fortaleza,1,233.76,233.76,False
T001201,Accor,Porto Alegre,4,402.4,1609.6,True
T001202,Transamerica,São Paulo,4,343.31,1373.23,False
T001204,Hotel Local,São Paulo,1,466.34,466.34,False
T001205,Hotel Local,Recife,1,273.97,273.97,False
T001206,Hotel Local,Brasília,4,315.12,1260.48,False
T001207,Hotel Local,Curitiba,1,214.05,214.05,False
T001208,Transamerica,Rio de Janeiro,3,348.56,1045.69,False
T001209,Accor,Feira de Santana,3,227.46,682.39,False
T001210,Accor,São Paulo,2,410.56,821.12,False
T001211,Transamerica,São Paulo,2,432.61,865.23,False
T001213,Transamerica,Fortaleza,1,437.29,437.29,False
T001214,Rede Nacional,Rio de Janeiro,3,362.66,1087.98,False
T001215,Transamerica,Campinas,4,359.28,1437.13,False
T001217,Hotel Local,Porto Alegre,2,248.0,496.01,False
T001219,Rede Nacional,São Paulo,2,367.73,735.46,False
T001221,Intercity,Ilhéus,4,325.1,1300.4,False
T001222,Hotel Local,Campinas,2,386.1,772.19,False
T001223,Intercity,Porto Alegre,2,303.23,606.45,False
T001224,Rede Nacional,São Paulo,2,333.86,667.71,False
T001226,Hotel Local,Rio de Janeiro,3,371.59,1114.77,False
T001227,Hotel Local,Campinas,3,287.03,861.1,False
T001228,Intercity,Brasilia,1,349.4,349.4,False
T001230,Hotel Local,São Paulo,1,438.86,438.86,False
T001232,Rede Nacional,Recife,2,240.34,480.69,False
T001233,Rede Nacional,São Paulo,4,341.67,1366.67,False
T001234,Transamerica,Porto Alegre,4,322.68,1290.73,False
T001235,Rede Nacional,Rio de Janeiro,4,326.11,1304.44,False
T001236,Accor,Recife,5,334.7,1673.52,False
T001238,Accor,Belo Horizonte,1,254.2,254.2,False
T001239,Accor,São Paulo,2,444.6,889.21,False
T001240,Accor,São Paulo,1,436.98,436.98,False
T001242,Hotel Local,São Paulo,5,295.95,1479.77,False
T001243,Accor,DF - Brasília,5,523.98,2619.91,True
T001245,Hotel Local,São Paulo,4,297.04,1188.15,False
T001247,Transamerica,Fortaleza,5,378.37,1891.83,False
T001249,Accor,Rio de Janeiro,1,266.01,266.01,False
T001252,Intercity,Aracaju,3,295.27,885.81,False
T001253,Rede Nacional,Recife,2,290.8,581.61,False
T001254,Transamerica,Vitória da Conquista,5,287.99,1439.96,False
T001255,Accor,Fortaleza,1,396.56,396.56,False
T001256,Accor,Campinas,5,350.31,1751.57,False
T001257,Rede Nacional,Recife,1,254.07,254.07,False
T001258,Intercity,Fortaleza,7,454.46,3181.25,True
T001261,Accor,Feira de Santana,5,280.22,1401.12,True
T001262,Accor,Rio de Janeiro,1,439.04,439.04,True
T001265,Intercity,São Paulo,1,420.39,420.39,False
T001268,Rede Nacional,São Paulo,5,380.87,1904.35,False
T001269,Hotel Local,Curitiba,1,354.81,354.81,True
T001271,Accor,Recife,4,321.18,1284.7,False
T001272,Intercity,São Paulo,2,448.88,897.76,False
T001273,Intercity,São Paulo,1,441.78,441.78,False
T001274,Hotel Local,Brasília,2,322.4,644.8,False
T001275,Rede Nacional,São Paulo,2,340.97,681.93,False
T001276,Rede Nacional,Campinas,2,252.16,504.33,False
T001277,Rede Nacional,São Paulo,7,388.98,2722.85,False
T001278,Hotel Local,Brasília,2,369.24,738.47,False
T001279,Transamerica,Rio de Janeiro,3,374.15,1122.46,False
T001280,Accor,São Paulo,2,377.54,755.07,False
T001282,Accor,Belo Horizonte,1,244.42,244.42,False
T001283,Transamerica,Rio de Janeiro,2,398.41,796.82,True
T001284,Hotel Local,Brasília,1,278.82,278.82,False
T001285,Hotel Local,Belo Horizonte,3,207.52,622.57,False
T001286,Rede Nacional,São Paulo,4,437.08,1748.32,True
T001287,Rede Nacional,São Paulo,1,398.26,398.26,False
T001288,Transamerica,Porto Alegre,2,315.22,630.43,False
T001290,Transamerica,Campinas,4,310.18,1240.72,False
T001293,Rede Nacional,São Paulo,4,508.73,2034.92,False
T001294,Intercity,São Paulo,2,345.63,691.26,False
T001295,Hotel Local,Brasília,1,259.66,259.66,False
T001296,Intercity,Brasília,1,281.96,281.96,False
T001297,Accor,São Paulo,2,449.97,899.94,False
T001298,Transamerica,Brasilia,1,291.45,291.45,False
T001299,Accor,São Paulo,7,456.22,3193.51,False
T001301,Accor,São Paulo,1,389.25,389.25,False
T001302,Hotel Local,Manaus,1,281.97,281.97,False
T001303,Intercity,São Paulo,4,428.65,1714.59,False
T001304,Hotel Local,Brasília,5,343.75,1718.73,False
T001307,Rede Nacional,Brasília,2,391.2,782.4,True
T001311,Intercity,Porto Alegre,2,306.14,612.28,False
T001312,Rede Nacional,Rio de Janeiro,2,383.02,766.03,False
T001313,Accor,Rio de Janeiro,3,334.93,1004.79,False
T001314,Hotel Local,São Paulo,2,372.71,745.43,False
T001315,Hotel Local,São Paulo,2,370.66,741.33,False
T001316,Accor,Porto Alegre,6,422.17,2533.02,True
T001317,Hotel Local,Curitiba,4,224.91,899.63,False
T001318,Intercity,São Paulo,1,418.84,418.84,False
T001319,Rede Nacional,são paulo,1,434.91,434.91,False
T001320,Rede Nacional,São Paulo,3,387.04,1161.11,False
T001321,Hotel Local,São Paulo,9,504.67,4542.01,True
T001322,Transamerica,Rio de Janeiro,3,365.84,1097.51,False
T001323,Hotel Local,Rio de Janeiro,2,412.67,825.35,False
T001324,Transamerica,São Paulo,4,504.11,2016.45,True
T001325,Hotel Local,Recife,3,317.93,953.78,False
T001326,Rede Nacional,Belo Horizonte,1,454.5,454.5,True
T001327,Hotel Local,São Paulo,2,367.7,735.41,False
T001328,Rede Nacional,São Paulo,2,392.82,785.65,False
T001329,Accor,Recife,1,282.61,282.61,False
T001330,Accor,Brasília,3,316.03,948.1,False
T001331,Hotel Local,Recife,9,303.01,2727.05,False
T001333,Rede Nacional,Rio de Janeiro,1,449.36,449.36,False
T001335,Accor,Curitiba,3,283.86,851.58,False
T001336,Intercity,São Paulo,2,301.29,602.57,False
T001337,Rede Nacional,São Paulo,3,428.94,1286.83,False
T001338,Rede Nacional,Fortaleza,3,304.62,913.85,False
T001339,Transamerica,Manaus,1,334.52,334.52,False
T001340,Accor,Recife,2,236.4,472.8,False
T001341,Accor,São Paulo,3,412.79,1238.38,False
T001343,Rede Nacional,Fortaleza,5,311.61,1558.04,False
T001345,Accor,Fortaleza,1,302.59,302.59,False
T001347,Rede Nacional,São Paulo,1,349.71,349.71,False
T001348,Accor,Fortaleza,4,401.51,1606.05,True
T001349,Hotel Local,Recife,2,309.53,619.07,False
T001350,Accor,Brasília,2,419.04,838.09,False
T001351,Hotel Local,Brasília,1,288.93,288.93,False
T001352,Rede Nacional,São Paulo,3,339.23,1017.7,False
T001353,Hotel Local,Feira de Santana,2,174.04,348.07,False
T001354,Hotel Local,Campinas,4,292.71,1170.85,False
T001355,Intercity,Brasília,3,465.14,1395.43,True
T001357,Transamerica,DF - Brasília,1,365.17,365.17,False
T001358,Transamerica,Recife,3,308.81,926.44,False
T001359,Rede Nacional,Fortaleza,3,292.04,876.11,False
T001360,Transamerica,Belo Horizonte,2,297.43,594.85,False
T001361,Rede Nacional,Belo Horizonte,4,312.59,1250.36,False
T001362,Hotel Local,Porto Alegre,3,250.54,751.61,False
T001363,Transamerica,Rio de Janeiro,2,573.4,1146.8,True
T001364,Hotel Local,Rio de Janeiro,1,240.61,240.61,False
T001365,Rede Nacional,Campinas,2,224.53,449.07,False
T001366,Accor,Feira de Santana,3,209.5,628.5,False
T001367,Transamerica,Feira de Santana,3,242.7,728.1,True
T001369,Accor,Fortaleza,2,340.39,680.77,False
T001370,Rede Nacional,Vitória da Conquista,4,188.4,753.6,False
T001371,Hotel Local,Porto Alegre,2,330.06,660.12,False
T001372,Intercity,São Paulo,1,354.06,354.06,False
T001373,Hotel Local,Recife,2,229.44,458.87,False
T001374,Hotel Local,São Paulo,2,325.53,651.05,False
T001375,Accor,Rio de Janeiro,2,336.48,672.97,False
T001376,Hotel Local,Fortaleza,2,232.88,465.75,False
T001377,Hotel Local,Belo Horizonte,3,288.07,864.22,False
T001378,Transamerica,Porto Alegre,1,255.63,255.63,False
T001379,Accor,Brasília,2,429.52,859.05,True
T001380,Intercity,São Paulo,3,404.11,1212.34,False
T001381,Hotel Local,São Paulo,3,470.72,1412.17,False
T001382,Accor,São Paulo,2,318.03,636.05,False
T001383,Hotel Local,Belo Horizonte,1,237.81,237.81,False
T001384,Hotel Local,Brasília,4,450.92,1803.7,False
T001385,Hotel Local,Ilhéus,2,279.16,558.31,False
T001386,Hotel Local,Curitiba,1,283.2,283.2,False
T001387,Hotel Local,Recife,1,314.14,314.14,False
T001388,Transamerica,Brasília,2,307.73,615.46,False
T001389,Rede Nacional,Belo Horizonte,1,394.01,394.01,False
T001390,Transamerica,Fortaleza,2,328.37,656.73,False
T001391,Hotel Local,Ilhéus,5,201.98,1009.9,False
T001392,Intercity,Belo Horizonte,3,271.23,813.69,False
T001393,Intercity,Ilhéus,3,274.95,824.84,False
T001395,Accor,Feira de Santana,2,272.18,544.36,True
T001396,Hotel Local,Fortaleza,4,240.98,963.91,False
T001397,Hotel Local,São Paulo,9,367.0,3303.04,False
T001398,Rede Nacional,Aracaju,2,201.91,403.83,False
T001399,Transamerica,São Paulo,3,459.67,1379.0,False
T001400,Transamerica,Curitiba,2,360.76,721.52,True
T001401,Intercity,São Paulo,1,387.33,387.33,False
T001402,Accor,São Paulo,5,467.98,2339.9,False
T001403,Transamerica,Curitiba,2,373.7,747.39,True
T001404,Accor,Rio de Janeiro,1,568.47,568.47,True
T001405,Accor,São Paulo,5,396.45,1982.24,False
T001406,Hotel Local,Campinas,2,324.18,648.35,False
T001407,Rede Nacional,Curitiba,1,343.69,343.69,True
T001408,Hotel Local,São Paulo,1,454.51,454.51,False
T001410,Rede Nacional,Brasília,1,315.45,315.45,False
T001411,Hotel Local,São Paulo,4,419.34,1677.38,False
T001413,Intercity,Brasília,4,396.61,1586.45,False
T001415,,São Paulo,2,333.07,666.15,False
T001417,Accor,Feira de Santana,3,183.09,549.26,False
T001418,Hotel Local,São Paulo,2,282.49,564.98,False
T001420,Hotel Local,São Paulo,2,352.93,705.86,False
T001421,Hotel Local,Curitiba,2,236.48,472.96,False
T001422,Accor,Curitiba,3,380.09,1140.26,True
T001423,Transamerica,São Paulo,2,619.05,1238.1,True
T001424,Rede Nacional,São Paulo,4,301.15,1204.61,False
T001425,Transamerica,Belo Horizonte,2,260.1,520.21,False
T001426,Rede Nacional,São Paulo,2,283.57,567.13,False
T001427,Accor,Feira de Santana,5,208.67,1043.33,False
T001429,Transamerica,Belo Horizonte,6,336.0,2016.01,True
T001431,Accor,São Paulo,6,358.1,2148.58,False
T001432,Transamerica,Fortaleza,4,349.78,1399.12,False
T001433,Intercity,Belo Horizonte,6,368.65,2211.92,True
T001434,Rede Nacional,São Paulo,1,303.29,303.29,False
T001435,Hotel Local,Rio de Janeiro,2,344.65,689.3,False
T001437,Intercity,Manaus,4,408.94,1635.78,True
T001438,Intercity,Vitória da Conquista,1,207.15,207.15,False
T001439,Hotel Local,São Paulo,1,500.81,500.81,False
T001440,Hotel Local,São Paulo,1,298.59,298.59,False
T001445,Intercity,Porto Alegre,2,362.79,725.58,False
T001446,Accor,São Paulo,1,335.52,335.52,False
T001447,Accor,Brasília,3,319.11,957.32,False
T001448,Transamerica,Brasília,2,417.75,835.5,True
T001449,Accor,Brasília,3,352.07,1056.22,False
T001450,Hotel Local,São Paulo,6,305.68,1834.07,False
T001452,Accor,Fortaleza,3,337.17,1011.5,True
T001453,Rede Nacional,Recife,1,328.83,328.83,False
T001454,Accor,Belo Horizonte,3,433.13,1299.4,True
T001455,Hotel Local,Brasília,1,313.43,313.43,False
T001456,Rede Nacional,Rio de Janeiro,4,497.76,1991.03,False
T001457,Rede Nacional,São Paulo,3,478.63,1435.89,False
T001460,Accor,Rio de Janeiro,3,448.83,1346.48,True
T001461,Intercity,Brasília,3,405.7,1217.1,False
T001462,Hotel Local,Campinas,3,382.05,1146.14,False
T001463,Hotel Local,Curitiba,6,290.65,1743.88,False
T001465,Hotel Local,Brasília,1,319.08,319.08,False
T001466,Accor,Recife,2,412.94,825.88,True
T001467,Rede Nacional,Curitiba,1,367.6,367.6,False
T001470,Intercity,São Paulo,6,529.09,3174.53,True
T001471,Rede Nacional,São Paulo,2,363.13,726.26,False
T001472,Hotel Local,Brasília,3,355.81,1067.42,False
T001473,Transamerica,Fortaleza,2,450.11,900.22,True
T001474,Intercity,Recife,2,317.27,634.54,False
T001476,Hotel Local,Feira de Santana,2,177.95,355.9,False
T001478,Rede Nacional,Manaus,1,383.16,383.16,True
T001479,Rede Nacional,São Paulo,1,478.32,478.32,True
T001481,Transamerica,Curitiba,1,299.98,299.98,False
T001482,Rede Nacional,Campinas,3,366.68,1100.03,False
T001484,Transamerica,São Paulo,6,435.03,2610.17,False
T001485,Hotel Local,São Paulo,1,421.55,421.55,False
T001486,Accor,Vitória da Conquista,1,251.1,251.1,False
T001487,Hotel Local,Feira de Santana,1,176.33,176.33,False
T001488,Hotel Local,Recife,1,281.08,281.08,False
T001489,Transamerica,Curitiba,1,346.29,346.29,True
T001490,Rede Nacional,Campinas,5,293.56,1467.8,False
T001492,Intercity,São Paulo,6,437.29,2623.76,False
T001493,Rede Nacional,São Paulo,2,389.54,779.08,False
T001495,Intercity,Feira de Santana,1,269.7,269.7,True
T001496,Rede Nacional,Recife,1,294.93,294.93,False
T001498,Intercity,Brasília,4,387.89,1551.56,False
T001499,Hotel Local,Feira de Santana,1,180.81,180.81,False
T001501,Accor,Rio de Janeiro,3,405.01,1215.02,True
T001502,Intercity,Rio de Janeiro,3,430.31,1290.94,True
T001503,Transamerica,Aracaju,3,252.97,758.92,False
T001504,Intercity,Ilhéus,3,249.21,747.63,False
T001505,Hotel Local,Brasília,2,463.52,927.03,False
T001506,Accor,São Paulo,4,625.63,2502.53,True
T001507,Intercity,Rio de Janeiro,3,481.29,1443.87,False
T001508,Hotel Local,São Paulo,5,301.3,1506.49,False
T001509,Transamerica,Vitória da Conquista,2,256.93,513.85,False
T001510,Rede Nacional,Curitiba,1,304.95,304.95,False
T001511,Rede Nacional,São Paulo,4,418.3,1673.22,False
T001513,Hotel Local,Campinas,2,316.06,632.11,False
T001515,Transamerica,Feira de Santana,3,238.69,716.06,False
T001516,Hotel Local,São Paulo,9,454.59,4091.33,False
T001517,Rede Nacional,São Paulo,7,369.6,2587.18,False
T001518,Accor,Recife,2,335.4,670.79,False
T001519,Accor,Brasília,4,369.62,1478.48,False
T001520,Rede Nacional,Feira de Santana,2,231.09,462.17,False
T001521,Rede Nacional,Rio de Janeiro,2,376.4,752.81,False
T001522,Hotel Local,Belo Horizonte,2,252.36,504.73,False
T001523,Accor,Recife,1,280.85,280.85,False
T001525,Accor,Porto Alegre,2,342.53,685.07,False
T001526,Hotel Local,Fortaleza,3,223.08,669.23,False
T001527,Accor,Brasília,2,432.32,864.64,True
T001528,Intercity,Belo Horizonte,3,255.75,767.26,False
T001529,Accor,São Paulo,1,304.49,304.49,False
T001530,Transamerica,Vitória da Conquista,1,240.5,240.5,False
T001531,Rede Nacional,São Paulo,1,276.95,276.95,False
T001532,Rede Nacional,Manaus,2,330.58,661.17,False
T001534,Transamerica,Fortaleza,3,285.21,855.62,False
T001535,Accor,Recife,2,259.84,519.68,False
T001536,Rede Nacional,São Paulo,2,270.23,540.46,False
T001537,Intercity,Belo Horizonte,1,268.33,268.33,False
T001538,Intercity,Brasília,1,368.38,368.38,False
T001539,Hotel Local,Fortaleza,1,244.02,244.02,False
T001544,Accor,Recife,1,272.01,272.01,False
T001545,Accor,Brasília,7,381.13,2667.89,False
T001546,Rede Nacional,Recife,5,299.0,1495.02,False
T001548,Accor,Recife,4,296.87,1187.47,False
T001549,Accor,Fortaleza,3,356.86,1070.59,False
T001550,Hotel Local,São Paulo,2,404.47,808.93,False
T001551,Accor,Vitória da Conquista,1,242.15,242.15,False
T001553,Accor,São Paulo,2,429.6,859.2,False
T001554,Hotel Local,Rio de Janeiro,3,308.55,925.66,False
T001555,Transamerica,Feira de Santana,1,192.27,192.27,False
T001556,Hotel Local,Vitória da Conquista,3,234.86,704.57,False
T001557,Accor,São Paulo,3,395.13,1185.4,False
T001558,Rede Nacional,Feira de Santana,2,231.87,463.73,False
T001559,Hotel Local,Brasília,1,335.31,335.31,False
T001560,Accor,Recife,3,262.59,787.76,False
T001561,Intercity,Sao Paulo,3,410.26,1230.79,False
T001562,Transamerica,Belo Horizonte,6,352.62,2115.73,False
T001563,Accor,Porto Alegre,2,322.63,645.25,False
T001564,Transamerica,São Paulo,2,399.42,798.84,False
T001565,Accor,Brasília,1,330.54,330.54,False
T001566,Hotel Local,Campinas,8,351.14,2809.11,False
T001568,Hotel Local,Porto Alegre,2,301.95,603.9,False
T001569,,Feira de Santana,1,215.39,215.39,False
T001571,Hotel Local,Campinas,3,363.76,1091.27,False
T001572,Rede Nacional,Brasília,1,333.83,333.83,False
T001573,Rede Nacional,Porto Alegre,1,276.06,276.06,False
T001574,Hotel Local,Belo Horizonte,4,224.73,898.93,False
T001576,Rede Nacional,Rio de Janeiro,1,311.02,311.02,False
T001577,Hotel Local,Rio de Janeiro,2,262.98,525.97,False
T001578,Hotel Local,Ilhéus,2,251.84,503.68,False
T001579,Hotel Local,São Paulo,3,454.69,1364.08,False
T001581,Rede Nacional,Campinas,3,359.49,1078.47,False
T001582,Hotel Local,São Paulo,3,327.36,982.08,False
T001583,Hotel Local,São Paulo,4,419.34,1677.35,False
T001584,Transamerica,São Paulo,3,450.94,1352.83,False
T001585,Intercity,Feira de Santana,4,220.18,880.71,False
T001586,Hotel Local,Recife,2,267.75,535.51,False
T001588,Hotel Local,Fortaleza,1,264.35,264.35,False
T001589,Accor,Rio de Janeiro,2,581.42,1162.84,True
T001590,Accor,Vitória da Conquista,3,217.83,653.5,False
T001591,Intercity,São Paulo,2,376.33,752.66,False
T001592,Hotel Local,Recife,2,244.14,488.28,False
T001593,Intercity,Curitiba,2,252.2,504.4,False
T001594,Rede Nacional,Feira de Santana,2,197.87,395.74,False
T001595,Transamerica,São Paulo,5,538.09,2690.43,True
T001596,Hotel Local,São Paulo,4,406.28,1625.11,False
T001597,Accor,Manaus,5,588.6,2943.02,True
T001598,Transamerica,Brasília,2,451.48,902.95,True
T001599,Rede Nacional,Campinas,1,315.34,315.34,False
T001600,Hotel Local,São Paulo,4,469.58,1878.33,False
T001601,Hotel Local,Belo Horizonte,3,268.01,804.03,False
T001602,Hotel Local,Fortaleza,1,260.56,260.56,False
T001603,Rede Nacional,Recife,1,277.05,277.05,False
T001604,Rede Nacional,São Paulo,2,419.57,839.14,False
T001605,Hotel Local,Fortaleza,4,315.96,1263.84,False
T001607,Rede Nacional,Rio de Janeiro,2,330.88,661.75,False
T001608,Hotel Local,Rio de Janeiro,3,338.2,1014.6,False
T001609,Intercity,Feira de Santana,1,270.79,270.79,True
T001611,Hotel Local,Fortaleza,2,264.76,529.52,False
T001612,Transamerica,Ilhéus,2,313.82,627.63,True
T001613,Accor,Rio de Janeiro,2,315.05,630.09,False
T001614,Intercity,Recife,1,292.17,292.17,False
T001615,Hotel Local,São Paulo,2,349.69,699.39,False
T001618,Intercity,Vitória da Conquista,7,254.74,1783.19,False
T001619,Rede Nacional,Campinas,3,274.17,822.5,False
T001620,Transamerica,Recife,2,295.18,590.36,False
T001621,Rede Nacional,São Paulo,1,413.13,413.13,False
T001623,Rede Nacional,Fortaleza,2,239.61,479.23,False
T001624,Hotel Local,Rio de Janeiro,3,386.08,1158.24,False
T001625,Transamerica,Fortaleza,4,343.62,1374.49,False
T001626,Transamerica,Ilhéus,1,246.25,246.25,False
T001627,Accor,Manaus,2,420.12,840.23,False
T001629,Rede Nacional,Vitória da Conquista,2,208.05,416.1,False
T001630,Accor,São Paulo,5,464.31,2321.56,False
T001632,Rede Nacional,Brasília,4,293.17,1172.67,False
T001633,Hotel Local,São Paulo,6,266.91,1601.44,False
T001635,Accor,São Paulo,5,466.6,2333.02,False
T001636,Hotel Local,São Paulo,2,256.89,513.77,False
T001637,Hotel Local,Porto Alegre,1,310.1,310.1,False
T001638,Intercity,Aracaju,1,394.43,394.43,True
T001640,Hotel Local,Brasília,2,231.82,463.64,False
T001642,Hotel Local,São Paulo,6,359.01,2154.06,False
T001643,Accor,Campinas,8,472.44,3779.55,True
T001644,Accor,Feira de Santana,1,208.41,208.41,False
T001646,Hotel Local,Campinas,2,277.22,554.43,False
T001647,Intercity,Feira de Santana,1,177.57,177.57,False
T001650,Transamerica,Brasília,2,356.71,713.41,False
T001651,Hotel Local,Feira de Santana,3,271.96,815.87,False
T001653,Rede Nacional,São Paulo,3,376.73,1130.2,False
T001654,Intercity,Curitiba,3,286.41,859.23,False
T001655,Rede Nacional,Fortaleza,5,260.29,1301.47,False
T001656,Intercity,Brasília,1,436.52,436.52,False
T001657,Intercity,Belo Horizonte,4,298.73,1194.92,False
T001658,Hotel Local,Recife,2,269.64,539.29,False
T001660,Transamerica,São Paulo,5,483.81,2419.05,False
T001662,Hotel Local,São Paulo,4,428.62,1714.46,False
T001663,Transamerica,Belo Horizonte,6,408.01,2448.06,True
T001665,Accor,Aracaju,2,230.32,460.64,False
T001666,Hotel Local,São Paulo,2,391.47,782.94,False
T001667,Hotel Local,São Paulo,2,326.81,653.62,False
T001669,Intercity,Curitiba,4,386.37,1545.47,False
T001670,Rede Nacional,Rio de Janeiro,3,352.07,1056.21,False
T001671,Hotel Local,Brasília,1,334.41,334.41,False
T001672,Intercity,Rio de Janeiro,1,365.08,365.08,False
T001673,Hotel Local,São Paulo,4,363.58,1454.3,False
T001675,Hotel Local,Feira de Santana,2,182.49,364.98,False
T001676,Accor,São Paulo,3,447.78,1343.33,False
T001677,Intercity,Brasília,1,319.62,319.62,False
T001680,Accor,Curitiba,3,318.57,955.71,False
T001681,Accor,Feira de Santana,3,201.63,604.9,False
T001682,Hotel Local,Recife,2,276.86,553.72,False
T001684,Rede Nacional,Feira de Santana,6,232.72,1396.35,False
T001685,Hotel Local,Rio de Janeiro,3,284.51,853.52,False
T001686,Hotel Local,Aracaju,4,189.28,757.13,False
T001689,Rede Nacional,São Paulo,3,464.21,1392.64,False
T001690,Accor,Brasília,4,355.32,1421.29,False
T001691,Accor,Fortaleza,4,389.02,1556.06,True
T001692,Rede Nacional,Vitória da Conquista,2,230.45,460.89,False
T001694,Transamerica,Fortaleza,1,270.78,270.78,False
T001695,Hotel Local,São Paulo,3,353.0,1058.99,False
T001696,Hotel Local,São Paulo,6,498.17,2988.99,True
T001698,Hotel Local,Feira de Santana,3,314.52,943.55,True
T001699,Hotel Local,Porto Alegre,5,366.61,1833.03,False
T001700,Hotel Local,Rio de Janeiro,3,402.58,1207.75,False
T001701,Transamerica,São Paulo,3,439.87,1319.61,False
T001702,Accor,Feira de Santana,3,241.01,723.04,False
T001703,Rede Nacional,Recife,4,242.25,968.99,False
T001704,Rede Nacional,Belo Horizonte,1,209.43,209.43,False
T001705,Rede Nacional,Rio de Janeiro,1,321.56,321.56,False
T001706,Rede Nacional,São Paulo,3,445.79,1337.37,True
T001707,Transamerica,Rio de Janeiro,4,507.97,2031.9,False
T001708,Accor,Campinas,4,481.79,1927.16,False
T001709,Hotel Local,São Paulo,3,318.94,956.81,False
T001710,Accor,Vitória da Conquista,3,408.47,1225.4,True
T001711,Accor,Porto Alegre,2,357.53,715.05,False
T001713,Rede Nacional,Recife,1,298.23,298.23,False
T001714,Intercity,Porto Alegre,6,309.21,1855.28,False
T001715,Rede Nacional,São Paulo,2,382.06,764.13,False
T001716,Transamerica,Rio de Janeiro,2,424.85,849.69,True
T001718,Accor,Belo Horizonte,2,387.6,775.21,True
T001719,Intercity,Feira de Santana,4,232.13,928.5,False
T001720,Intercity,Fortaleza,2,414.23,828.46,True
T001722,Rede Nacional,Rio de Janeiro,3,449.72,1349.17,False
T001723,Intercity,Rio de Janeiro,1,372.26,372.26,False
T001724,Intercity,São Paulo,1,404.03,404.03,False
T001725,Accor,Belo Horizonte,1,324.06,324.06,True
T001727,Hotel Local,Belo Horizonte,3,261.92,785.75,False
T001728,,Aracaju,3,273.08,819.23,True
T001729,Transamerica,São Paulo,3,351.66,1054.98,False
T001730,Accor,Vitória da Conquista,3,227.81,683.42,False
T001731,Transamerica,Brasília,2,323.27,646.53,False
T001732,Transamerica,Fortaleza,1,330.57,330.57,False
T001734,Accor,São Paulo,3,361.48,1084.43,False
T001735,Hotel Local,São Paulo,1,279.92,279.92,False
T001736,Accor,Brasília,5,356.8,1783.98,False
T001737,Intercity,Rio de Janeiro,4,386.06,1544.24,False
T001738,Rede Nacional,Rio de Janeiro,1,345.37,345.37,False
T001739,Transamerica,Belo Horizonte,2,328.35,656.7,False
T001740,Transamerica,Rio de Janeiro,2,427.39,854.79,True
T001741,Hotel Local,São Paulo,3,336.91,1010.72,False
T001743,Transamerica,Porto Alegre,3,314.18,942.53,False
T001744,Accor,Fortaleza,3,327.12,981.36,False
T001745,Rede Nacional,Curitiba,8,271.03,2168.25,False
T001746,Accor,São Paulo,2,507.52,1015.05,True
T001747,Hotel Local,São Paulo,5,327.6,1637.99,False
T001749,Rede Nacional,Fortaleza,3,321.1,963.29,False
T001750,Transamerica,São Paulo,1,343.27,343.27,False
T001751,Hotel Local,Recife,3,237.81,713.42,False
T001753,Hotel Local,Porto Alegre,1,222.31,222.31,False
T001755,Accor,Recife,2,252.76,505.53,False
T001756,Accor,São Paulo,2,423.6,847.19,False
T001757,Rede Nacional,Rio de Janeiro,3,376.92,1130.77,False
T001758,Hotel Local,São Paulo,3,282.09,846.28,False
T001759,Intercity,Curitiba,2,308.27,616.54,False
T001760,Hotel Local,Campinas,2,250.68,501.35,False
T001761,Hotel Local,Feira de Santana,1,203.99,203.99,False
T001762,Hotel Local,Aracaju,4,172.95,691.79,False
T001763,Accor,Brasília,1,401.02,401.02,False
T001765,Rede Nacional,Feira de Santana,2,202.1,404.2,False
T001766,Rede Nacional,Feira de Santana,2,174.83,349.66,False
T001767,Intercity,Curitiba,2,349.41,698.83,True
T001768,Accor,Fortaleza,3,303.49,910.47,False
T001769,Transamerica,Ilhéus,3,304.51,913.53,True
T001770,Rede Nacional,Recife,1,298.76,298.76,False
T001771,Rede Nacional,Curitiba,3,294.29,882.88,False
T001772,Hotel Local,Feira de Santana,1,188.01,188.01,False
T001773,Hotel Local,Vitória da Conquista,1,185.69,185.69,False
T001774,Hotel Local,Vitória da Conquista,3,209.4,628.21,False
T001775,Accor,Feira de Santana,2,265.35,530.7,True
T001777,Accor,São Paulo,1,401.85,401.85,False
T001778,Hotel Local,Rio de Janeiro,4,270.33,1081.32,False
T001779,Intercity,Brasília,1,358.13,358.13,False
T001780,Rede Nacional,São Paulo,2,340.95,681.9,False
T001781,Intercity,Recife,3,291.78,875.34,False
T001782,Accor,São Paulo,1,489.65,489.65,True
T001784,Accor,Feira de Santana,4,339.53,1358.13,True
T001785,Accor,Brasília,2,339.23,678.45,False
T001786,Hotel Local,Rio de Janeiro,1,392.41,392.41,True
T001787,Accor,São Paulo,1,424.91,424.91,False
T001788,Accor,Feira de Santana,2,239.77,479.54,False
T001789,Accor,Belo Horizonte,3,357.6,1072.8,False
T001790,Rede Nacional,Curitiba,2,277.27,554.55,False
T001791,Accor,Curitiba,3,253.57,760.7,False
T001793,Hotel Local,São Paulo,2,269.03,538.06,False
T001794,Accor,Campinas,1,375.02,375.02,False
T001796,Hotel Local,Vitória da Conquista,2,210.49,420.99,False
T001797,Hotel Local,Rio de Janeiro,2,320.55,641.1,False
T001799,Accor,Rio de Janeiro,3,467.36,1402.08,True
T001800,Accor,Manaus,2,305.79,611.58,False
T001801,Accor,Belo Horizonte,2,277.9,555.81,False
T001803,Accor,Ilhéus,1,222.73,222.73,False
T001804,Transamerica,Feira de Santana,2,212.94,425.87,False
T001805,Hotel Local,Rio de Janeiro,3,349.11,1047.33,False
T001806,,Vitória da Conquista,3,417.34,1252.03,True
T001807,Accor,Vitória da Conquista,1,269.04,269.04,True
T001808,Rede Nacional,São Paulo,4,401.84,1607.36,False
T001809,Rede Nacional,Curitiba,1,338.84,338.84,True
T001810,Rede Nacional,Porto Alegre,1,259.49,259.49,False
T001814,Transamerica,São Paulo,3,381.66,1144.99,False
T001815,Rede Nacional,Vitória da Conquista,2,181.93,363.87,False
T001816,Accor,Belo Horizonte,2,268.95,537.9,False
T001817,Accor,Campinas,2,310.76,621.52,False
T001818,Accor,São Paulo,3,487.32,1461.95,True
T001819,Hotel Local,São Paulo,3,599.5,1798.49,True
T001821,Rede Nacional,Aracaju,1,183.6,183.6,False
T001822,Accor,Belo Horizonte,3,296.42,889.25,False
T001823,Hotel Local,Belo Horizonte,4,296.2,1184.79,False
T001824,Accor,Belo Horizonte,3,312.22,936.66,False
T001826,Hotel Local,Fortaleza,1,216.26,216.26,False
T001827,Accor,Porto Alegre,1,349.13,349.13,True
T001828,Rede Nacional,SP - São Paulo,1,356.67,356.67,False
T001829,Rede Nacional,Brasília,3,320.67,962.01,False
T001830,Accor,Belo Horizonte,1,329.71,329.71,False
T001831,Rede Nacional,Recife,2,319.03,638.05,False
T001832,Rede Nacional,Recife,1,273.29,273.29,False
T001833,Rede Nacional,São Paulo,2,343.79,687.58,False
T001834,Intercity,São Paulo,1,393.18,393.18,False
T001836,Rede Nacional,Feira de Santana,4,173.01,692.05,False
T001837,Transamerica,Campinas,5,484.33,2421.63,True
T001838,Rede Nacional,São Paulo,1,346.84,346.84,False
T001839,Rede Nacional,Manaus,3,281.82,845.47,False
T001840,Hotel Local,Porto Alegre,2,283.83,567.65,False
T001843,Rede Nacional,Rio de Janeiro,2,426.85,853.7,False
T001844,Transamerica,Recife,1,289.02,289.02,False
T001845,Hotel Local,Porto Alegre,1,289.47,289.47,False
T001846,Accor,Recife,1,345.46,345.46,True
T001847,Rede Nacional,São Paulo,2,394.25,788.49,False
T001848,Rede Nacional,Rio de Janeiro,1,317.88,317.88,False
T001849,Rede Nacional,Brasília,4,381.35,1525.41,False
T001853,Hotel Local,Porto Alegre,3,401.61,1204.84,False
T001854,Hotel Local,Fortaleza,1,224.24,224.24,False
T001855,Hotel Local,Rio de Janeiro,1,308.96,308.96,False
T001857,Rede Nacional,Aracaju,4,180.23,720.93,False
T001859,Intercity,Campinas,3,264.13,792.39,False
T001860,Hotel Local,Brasília,1,349.42,349.42,False
T001861,Rede Nacional,Belo Horizonte,5,265.21,1326.03,False
T001862,Rede Nacional,São Paulo,9,467.75,4209.74,False
T001863,Rede Nacional,Recife,2,255.61,511.21,False
T001864,Hotel Local,Feira de Santana,3,169.33,507.98,False
T001866,Hotel Local,Recife,4,288.27,1153.08,False
T001867,Hotel Local,São Paulo,2,310.9,621.81,False
T001868,Transamerica,Brasília,1,315.56,315.56,False
T001869,Accor,Ilhéus,3,253.49,760.47,False
T001870,Intercity,Belo Horizonte,3,284.73,854.18,False
T001872,Hotel Local,São Paulo,3,465.57,1396.72,True
T001873,Hotel Local,Fortaleza,2,267.23,534.45,False
T001874,Rede Nacional,Fortaleza,4,314.72,1258.88,False
T001877,Transamerica,Brasília,6,382.18,2293.08,False
T001878,Accor,Rio de Janeiro,2,366.38,732.77,False
T001879,Rede Nacional,São Paulo,3,338.52,1015.57,False
T001880,Hotel Local,Porto Alegre,3,236.3,708.91,False
T001881,Transamerica,São Paulo,7,511.21,3578.5,True
T001882,Rede Nacional,Recife,1,284.16,284.16,False
T001883,Accor,São Paulo,2,403.47,806.93,False
T001885,Accor,São Paulo,1,467.41,467.41,False
T001886,Intercity,Recife,4,303.19,1212.78,False
T001887,Rede Nacional,São Paulo,2,459.24,918.49,False
T001888,Accor,Belo Horizonte,2,272.29,544.59,False
T001890,Rede Nacional,Aracaju,3,205.62,616.86,False
T001891,Rede Nacional,São Paulo,1,358.96,358.96,False
T001895,,São Paulo,3,417.55,1252.66,False
T001896,Rede Nacional,Recife,3,325.82,977.47,False
T001897,Transamerica,Belo Horizonte,3,232.99,698.96,False
T001898,Accor,São Paulo,2,463.87,927.75,True
T001899,Hotel Local,Aracaju,1,186.75,186.75,False
T001900,Hotel Local,São Paulo,3,322.55,967.65,False
T001901,Transamerica,Fortaleza,3,302.35,907.06,False
T001902,Hotel Local,São Paulo,3,282.11,846.34,False
T001903,Accor,Curitiba,1,231.49,231.49,False
T001904,Rede Nacional,Belo Horizonte,3,268.34,805.03,False
T001905,Hotel Local,Brasília,3,255.5,766.49,False
T001906,Rede Nacional,Curitiba,6,311.52,1869.09,False
T001908,Rede Nacional,São Paulo,5,379.0,1894.99,False
T001909,Hotel Local,Fortaleza,1,259.38,259.38,False
T001910,Hotel Local,Manaus,5,349.59,1747.97,False
T001912,Rede Nacional,Campinas,2,275.57,551.14,False
T001913,Rede Nacional,São Paulo,4,347.55,1390.21,False
T001914,Hotel Local,Rio de Janeiro,5,341.25,1706.25,False
T001916,Accor,Rio de Janeiro,2,331.07,662.14,False
T001917,Hotel Local,Aracaju,3,199.94,599.81,False
T001919,Rede Nacional,São Paulo,5,284.18,1420.89,False
T001920,Transamerica,São Paulo,1,372.88,372.88,False
T001921,Accor,Aracaju,3,275.41,826.22,False
T001922,Hotel Local,Rio de Janeiro,1,448.95,448.95,True
T001923,Rede Nacional,Fortaleza,5,450.78,2253.91,True
T001924,Hotel Local,Recife,3,256.64,769.91,False
T001925,Accor,Recife,3,230.87,692.6,False
T001926,Rede Nacional,Campinas,3,292.2,876.6,False
T001927,Accor,Brasília,5,369.62,1848.11,False
T001928,Transamerica,Ilhéus,1,276.27,276.27,False
T001930,Intercity,São Paulo,4,592.97,2371.89,True
T001931,Hotel Local,Campinas,2,341.86,683.72,False
T001933,Hotel Local,São Paulo,2,377.41,754.82,False
T001934,Rede Nacional,São Paulo,1,422.76,422.76,False
T001935,Transamerica,São Paulo,1,391.7,391.7,False
T001936,Hotel Local,Manaus,5,284.5,1422.5,False
T001938,Rede Nacional,Campinas,3,306.46,919.39,False
T001939,Rede Nacional,Recife,2,320.97,641.95,False
T001940,Accor,Rio de Janeiro,2,431.83,863.66,True
T001942,Accor,São Paulo,1,331.38,331.38,False
T001943,Rede Nacional,Brasília,3,292.56,877.68,False
T001945,Transamerica,Porto Alegre,1,325.23,325.23,False
T001946,Hotel Local,Sao Paulo,1,451.83,451.83,False
T001947,Intercity,Brasília,3,470.88,1412.65,False
T001948,Hotel Local,São Paulo,2,379.57,759.13,False
T001949,Hotel Local,Recife,1,228.8,228.8,False
T001950,Transamerica,Recife,3,301.03,903.08,False
T001951,Transamerica,Rio de Janeiro,3,356.15,1068.44,False
T001952,Transamerica,Rio de Janeiro,3,393.84,1181.51,False
T001953,Transamerica,São Paulo,5,410.57,2052.85,False
T001954,Transamerica,Rio de Janeiro,3,363.26,1089.79,False
T001955,Rede Nacional,São Paulo,1,512.53,512.53,True
T001956,Rede Nacional,Belo Horizonte,6,228.47,1370.82,False
T001960,Rede Nacional,São Paulo,2,659.52,1319.03,True
T001961,Rede Nacional,Brasília,3,320.16,960.48,False
T001962,Accor,Vitória da Conquista,1,221.23,221.23,False
T001963,Hotel Local,Brasília,2,279.82,559.63,False
T001964,Transamerica,Recife,2,314.28,628.55,False
T001965,Intercity,São Paulo,1,279.5,279.5,False
T001966,Rede Nacional,Ilhéus,3,288.68,866.05,False
T001967,Transamerica,Ilhéus,4,294.95,1179.81,False
T001968,Rede Nacional,Campinas,3,328.23,984.7,False
T001969,Accor,Manaus,1,276.2,276.2,False
T001970,,Fortaleza,6,309.08,1854.47,False
T001971,Accor,Aracaju,4,301.06,1204.26,False
T001972,Accor,Campinas,3,308.64,925.92,False
T001973,Accor,Ilhéus,1,269.22,269.22,False
T001975,Accor,Fortaleza,1,292.12,292.12,False
T001978,Rede Nacional,Fortaleza,2,323.26,646.52,False
T001979,Hotel Local,Rio de Janeiro,4,313.88,1255.5,False
T001980,Accor,São Paulo,1,449.81,449.81,False
T001981,Rede Nacional,Feira de Santana,2,251.02,502.04,True
T001982,Accor,São Paulo,2,425.78,851.56,False
T001983,Accor,Brasília,4,336.12,1344.46,False
T001984,Accor,Recife,1,331.13,331.13,False
T001985,Intercity,São Paulo,2,569.06,1138.12,True
T001987,Transamerica,Ilhéus,1,260.66,260.66,False
T001989,Transamerica,São Paulo,1,530.05,530.05,True
T001990,Hotel Local,São Paulo,4,347.77,1391.08,False
T001991,Accor,Brasília,2,362.37,724.75,False
T001992,Transamerica,Fortaleza,1,314.19,314.19,False
T001993,Rede Nacional,Ilhéus,5,276.25,1381.27,False
T001994,Intercity,Belo Horizonte,2,240.71,481.42,False
T001995,Intercity,Feira de Santana,2,225.78,451.56,False
T001997,Hotel Local,Fortaleza,2,249.88,499.76,False
T001998,Hotel Local,Vitória da Conquista,5,212.78,1063.89,False
T002000,Hotel Local,Recife,1,238.55,238.55,False
T002001,Rede Nacional,Manaus,1,311.49,311.49,False
T002002,Rede Nacional,Porto Alegre,2,303.07,606.14,False
T002003,Rede Nacional,São Paulo,3,505.91,1517.73,True
T002004,Accor,São Paulo,1,383.34,383.34,False
T002005,Hotel Local,São Paulo,1,370.17,370.17,False
T002006,Transamerica,São Paulo,1,563.02,563.02,True
T002007,Accor,Curitiba,1,349.99,349.99,True
T002009,Hotel Local,Campinas,5,279.79,1398.93,False
T002011,Transamerica,Brasília,2,338.58,677.17,False
T002012,Accor,São Paulo,1,394.27,394.27,False
T002013,Transamerica,Rio de Janeiro,3,391.37,1174.12,False
T002014,Intercity,Curitiba,1,254.2,254.2,False
T002015,Hotel Local,São Paulo,5,378.87,1894.36,False
T002016,Hotel Local,Vitória da Conquista,1,204.62,204.62,False
T002017,Accor,Belo Horizonte,2,273.01,546.02,False
T002018,Hotel Local,São Paulo,2,473.99,947.98,True
T002019,Accor,Curitiba,3,376.12,1128.36,True
T002021,Hotel Local,Rio de Janeiro,2,329.5,659.0,False
T002023,Rede Nacional,Feira de Santana,7,228.81,1601.67,False
T002024,Accor,Recife,1,323.25,323.25,False
T002026,Intercity,Manaus,2,312.91,625.82,False
T002027,Rede Nacional,Recife,3,254.8,764.39,False
T002028,Transamerica,Feira de Santana,3,218.2,654.6,False
T002030,Rede Nacional,Feira de Santana,2,147.29,294.59,False
T002031,Rede Nacional,Porto Alegre,1,284.73,284.73,False
T002032,Rede Nacional,Belo Horizonte,2,273.92,547.85,False
T002033,Hotel Local,DF - Brasília,3,291.95,875.86,False
T002034,Transamerica,São Paulo,4,418.18,1672.72,False
T002035,Rede Nacional,São Paulo,3,442.18,1326.54,False
T002036,Accor,Belo Horizonte,5,319.12,1595.62,False
T002038,Rede Nacional,Brasília,3,312.5,937.51,False
T002040,Accor,São Paulo,2,495.62,991.23,True
T002042,Hotel Local,Rio de Janeiro,2,315.75,631.5,False
T002043,Rede Nacional,São Paulo,3,347.45,1042.36,False
T002044,Intercity,São Paulo,1,387.32,387.32,False
T002046,Transamerica,Brasília,8,379.01,3032.04,False
T002047,Accor,São Paulo,1,418.27,418.27,False
T002048,Hotel Local,Fortaleza,3,257.99,773.98,False
T002050,Accor,Ilhéus,3,368.84,1106.53,False
T002052,Accor,Feira de Santana,2,214.85,429.7,False
T002054,Transamerica,São Paulo,2,403.89,807.78,False
T002056,Intercity,Rio de Janeiro,4,450.1,1800.39,False
T002058,Hotel Local,Feira de Santana,1,186.18,186.18,False
T002059,Transamerica,Vitória da Conquista,4,191.48,765.9,False
T002060,Accor,Feira de Santana,2,203.07,406.14,False
T002061,Rede Nacional,Fortaleza,3,294.06,882.19,False
T002062,Rede Nacional,São Paulo,2,370.64,741.28,False
T002064,Accor,São Paulo,1,593.93,593.93,False
T002065,Rede Nacional,Fortaleza,1,235.92,235.92,False
T002067,Rede Nacional,Aracaju,3,306.98,920.93,False
T002068,Transamerica,Recife,5,314.88,1574.39,False
T002069,Hotel Local,Rio de Janeiro,4,371.5,1485.99,False
T002070,Accor,Rio de Janeiro,5,478.9,2394.51,True
T002071,Accor,Feira de Santana,1,239.16,239.16,True
T002072,Transamerica,Rio de Janeiro,1,369.28,369.28,False
T002073,Intercity,São Paulo,3,397.41,1192.23,False
T002074,Hotel Local,Rio de Janeiro,1,420.82,420.82,False
T002075,Accor,São Paulo,5,446.53,2232.63,False
T002077,Hotel Local,Curitiba,3,244.88,734.64,False
T002080,Hotel Local,São Paulo,8,465.26,3722.09,False
T002081,Intercity,Belo Horizonte,4,301.92,1207.66,False
T002082,Hotel Local,Ilhéus,3,316.91,950.74,False
T002083,Accor,São Paulo,2,513.32,1026.64,True
T002084,Accor,São Paulo,2,363.78,727.55,False
T002085,Accor,Porto Alegre,3,379.59,1138.77,True
T002086,Accor,São Paulo,2,428.29,856.57,False
T002087,Hotel Local,Brasília,2,272.36,544.72,False
T002088,Rede Nacional,RIO DE JANEIRO,2,302.14,604.28,False
T002089,Accor,Brasília,2,341.2,682.39,False
T002090,Accor,São Paulo,3,436.16,1308.47,True
T002091,Hotel Local,São Paulo,4,328.39,1313.54,False
T002092,Intercity,Curitiba,3,269.85,809.56,False
T002093,Hotel Local,Recife,4,247.45,989.79,False
T002094,Hotel Local,Brasília,1,298.67,298.67,False
T002095,Hotel Local,São Paulo,1,336.54,336.54,False
T002096,Hotel Local,São Paulo,1,368.69,368.69,False
T002097,Hotel Local,Porto Alegre,1,225.57,225.57,False
T002098,Hotel Local,Vit. da Conquista,2,216.35,432.7,False
T002100,Rede Nacional,São Paulo,1,315.87,315.87,False
T002101,Intercity,São Paulo,5,418.53,2092.65,False
T002105,Hotel Local,Aracaju,3,211.67,635.01,False
T002107,Hotel Local,Ilhéus,4,193.69,774.76,False
T002108,Hotel Local,Ilhéus,2,215.15,430.29,False
T002110,Accor,Recife,2,330.96,661.92,True
T002111,Hotel Local,Belo Horizonte,3,289.7,869.1,False
T002113,Rede Nacional,Feira de Santana,1,240.94,240.94,True
T002114,Accor,São Paulo,4,502.59,2010.35,True
T002115,Hotel Local,Recife,3,256.55,769.66,False
T002116,Accor,São Paulo,4,589.4,2357.6,True
T002117,Rede Nacional,São Paulo,1,309.63,309.63,False
T002118,Accor,Fortaleza,1,373.58,373.58,True
T002119,Rede Nacional,São Paulo,2,340.09,680.18,False
T002120,Hotel Local,São Paulo,3,336.9,1010.7,False
T002121,Hotel Local,Rio de Janeiro,7,331.15,2318.05,False
T002122,Accor,Campinas,7,389.77,2728.42,False
T002123,Accor,São Paulo,3,393.76,1181.27,False
T002124,Hotel Local,Rio de Janeiro,2,337.54,675.08,False
T002125,Hotel Local,Brasília,3,287.09,861.27,False
T002126,Rede Nacional,Rio de Janeiro,3,417.94,1253.81,False
T002127,Accor,Rio de Janeiro,4,408.87,1635.49,False
T002128,Hotel Local,São Paulo,2,333.6,667.21,False
T002129,Accor,Rio de Janeiro,3,489.92,1469.77,False
T002130,Rede Nacional,Brasilia,3,227.17,681.52,False
T002131,Transamerica,Brasília,4,400.42,1601.67,False
T002132,,São Paulo,2,379.41,758.83,False
T002133,Transamerica,Aracaju,5,282.04,1410.19,True
T002134,Hotel Local,Rio de Janeiro,1,404.1,404.1,False
T002135,Transamerica,Curitiba,3,361.48,1084.45,True
T002136,Hotel Local,Belo Horizonte,5,241.2,1206.0,False
T002137,Hotel Local,São Paulo,2,297.16,594.31,False
T002138,Accor,Feira de Santana,2,186.52,373.04,False
T002139,Intercity,Feira de Santana,2,176.49,352.97,False
T002141,Transamerica,Rio de Janeiro,1,388.39,388.39,False
T002144,Rede Nacional,Aracaju,2,276.64,553.28,False
T002145,Accor,Brasília,4,497.44,1989.78,False
T002146,Hotel Local,São Paulo,3,302.4,907.2,False
T002147,Intercity,São Paulo,6,395.34,2372.04,False
T002148,Accor,são paulo,2,472.85,945.71,True
T002149,Rede Nacional,Rio de Janeiro,2,376.91,753.82,False
T002150,Rede Nacional,Fortaleza,2,274.36,548.72,False
T002151,Hotel Local,Curitiba,2,271.55,543.1,False
T002153,Transamerica,Recife,3,361.25,1083.74,False
T002154,Rede Nacional,São Paulo,1,386.19,386.19,False
T002155,Transamerica,Recife,2,254.45,508.91,False
T002157,Rede Nacional,Feira de Santana,2,213.81,427.62,False
T002160,Accor,Belo Horizonte,2,314.61,629.22,False
T002161,Hotel Local,São Paulo,1,313.0,313.0,False
T002163,Rede Nacional,Feira de Santana,1,195.22,195.22,False
T002164,Accor,Recife,4,387.42,1549.69,True
T002166,Transamerica,Rio de Janeiro,2,347.04,694.08,False
T002168,Accor,São Paulo,1,323.33,323.33,False
T002169,Hotel Local,São Paulo,3,284.38,853.15,False
T002170,Transamerica,Brasília,3,393.15,1179.46,False
T002171,Accor,Brasília,1,305.85,305.85,False
T002172,Accor,Rio de Janeiro,2,514.17,1028.35,True
T002173,Intercity,São Paulo,1,443.13,443.13,False
T002174,Hotel Local,Rio de Janeiro,2,296.25,592.5,False
T002175,Transamerica,Campinas,4,396.39,1585.55,False
T002177,Rede Nacional,Rio de Janeiro,3,412.63,1237.88,True
T002178,Hotel Local,Porto Alegre,3,236.57,709.72,False
T002179,Hotel Local,Recife,3,262.74,788.23,False
T002180,Hotel Local,Feira de Santana,2,157.4,314.8,False
T002181,Accor,São Paulo,4,446.01,1784.03,False
T002182,Accor,São Paulo,1,392.42,392.42,False
T002183,Accor,São Paulo,1,511.03,511.03,True
T002184,Accor,São Paulo,5,480.82,2404.09,False
T002185,Accor,Vitória da Conquista,2,237.23,474.47,False
T002186,Intercity,Rio de Janeiro,3,448.22,1344.67,True
T002187,Accor,Rio de Janeiro,2,474.73,949.46,True
T002188,Transamerica,Campinas,1,318.61,318.61,False
T002189,Accor,Vitória da Conquista,3,243.32,729.97,False
T002190,Rede Nacional,Campinas,3,382.76,1148.29,False
T002191,Hotel Local,Recife,1,265.96,265.96,False
T002192,Hotel Local,Recife,1,258.33,258.33,False
T002193,Transamerica,São Paulo,1,616.36,616.36,True
T002195,Intercity,Sao Paulo,2,409.76,819.52,False
T002196,Rede Nacional,Rio de Janeiro,3,289.99,869.96,False
T002197,Rede Nacional,Brasília,5,386.65,1933.27,False
T002198,Transamerica,Feira de Santana,1,236.16,236.16,False
T002199,Hotel Local,Campinas,2,297.76,595.51,False
T002200,Hotel Local,São Paulo,4,470.21,1880.84,False
T002201,Hotel Local,Recife,4,348.2,1392.81,False
T002202,Intercity,Vitória da Conquista,3,196.99,590.97,False
T002203,Intercity,Belo Horizonte,2,365.77,731.55,True
T002204,Hotel Local,Belo Horizonte,3,248.95,746.86,False
T002206,Transamerica,Feira de Santana,2,255.59,511.17,True
T002207,Hotel Local,Fortaleza,2,252.3,504.6,False
T002208,Intercity,Recife,1,302.62,302.62,False
T002212,Rede Nacional,Curitiba,2,228.21,456.42,False
T002213,Transamerica,Aracaju,3,306.69,920.06,True
T002214,Hotel Local,Aracaju,3,230.56,691.67,False
T002215,Intercity,Vitória da Conquista,1,236.73,236.73,False
T002216,Rede Nacional,Feira de Santana,2,181.95,363.89,False
T002217,Hotel Local,Rio de Janeiro,3,298.06,894.17,False
T002218,Hotel Local,Recife,1,205.48,205.48,False
T002219,Hotel Local,Ilhéus,1,202.62,202.62,False
T002221,Accor,Rio de Janeiro,4,434.52,1738.06,True
T002222,Hotel Local,Feira de Santana,1,217.78,217.78,False
T002223,Hotel Local,São Paulo,2,377.69,755.37,False
T002224,Hotel Local,São Paulo,3,403.54,1210.63,False
T002225,Hotel Local,Brasília,2,309.34,618.68,False
T002226,Rede Nacional,Feira de Santana,3,144.41,433.24,False
T002228,Transamerica,Rio de Janeiro,3,376.84,1130.52,False
T002230,Hotel Local,São Paulo,2,391.53,783.06,False
T002231,Transamerica,Brasília,4,440.86,1763.45,True
T002232,Intercity,RIO DE JANEIRO,2,343.99,687.99,False
T002233,Accor,Recife,3,316.3,948.89,False
T002235,Hotel Local,Rio de Janeiro,2,252.04,504.08,False
T002236,Intercity,São Paulo,1,385.27,385.27,False
T002238,Rede Nacional,Porto Alegre,3,213.46,640.39,False
T002239,Transamerica,Belo Horizonte,1,255.26,255.26,False
T002243,Hotel Local,Manaus,2,253.88,507.75,False
T002245,Accor,Rio de Janeiro,2,410.32,820.64,True
T002246,Transamerica,Rio de Janeiro,6,375.74,2254.45,False
T002247,Intercity,Fortaleza,2,311.77,623.54,False
T002249,Rede Nacional,Curitiba,1,246.26,246.26,False
T002251,Rede Nacional,Aracaju,1,249.74,249.74,False
T002252,Rede Nacional,São Paulo,2,348.34,696.69,False
T002253,Hotel Local,São Paulo,1,573.61,573.61,True
T002255,Hotel Local,Recife,1,257.76,257.76,False
T002256,Rede Nacional,Recife,1,253.46,253.46,False
T002257,Transamerica,Campinas,3,390.95,1172.84,False
T002259,Accor,Belo Horizonte,4,299.41,1197.65,False
T002260,Hotel Local,Belo Horizonte,2,266.83,533.67,False
T002261,Hotel Local,São Paulo,4,399.32,1597.3,False
T002262,Accor,Curitiba,2,299.8,599.59,False
T002263,Rede Nacional,São Paulo,2,369.81,739.61,False
T002264,Transamerica,Rio de Janeiro,1,389.03,389.03,False
T002265,Transamerica,São Paulo,3,489.72,1469.16,True
T002266,Accor,Manaus,1,318.75,318.75,False
T002267,Accor,Brasília,1,429.58,429.58,True
T002268,Transamerica,Ilhéus,2,242.32,484.64,False
T002271,Accor,Belo Horizonte,2,247.75,495.5,False
T002272,Hotel Local,Vitória da Conquista,1,204.05,204.05,False
T002273,Hotel Local,Rio de Janeiro,4,401.09,1604.34,False
T002274,Accor,Vitória da Conquista,2,175.66,351.31,False
T002275,Hotel Local,Brasília,1,280.57,280.57,False
T002276,Hotel Local,São Paulo,3,315.3,945.89,False
T002277,Intercity,Feira de Santana,2,193.66,387.33,False
T002278,Hotel Local,Recife,2,237.09,474.17,False
T002279,Rede Nacional,São Paulo,1,380.6,380.6,False
T002280,Accor,Ilhéus,3,225.69,677.06,False
T002282,Hotel Local,Fortaleza,4,282.3,1129.2,False
T002283,Accor,Recife,2,281.52,563.05,False
T002284,Intercity,São Paulo,3,655.11,1965.33,True
T002285,Rede Nacional,Ilhéus,1,272.14,272.14,False
T002286,Hotel Local,São Paulo,2,389.82,779.63,False
T002287,Intercity,Fortaleza,1,210.42,210.42,False
T002288,Hotel Local,Recife,2,325.32,650.65,False
T002289,Accor,São Paulo,1,390.51,390.51,False
T002290,Hotel Local,Brasília,2,292.18,584.35,False
T002292,Rede Nacional,Brasília,1,354.13,354.13,False
T002294,Hotel Local,Rio de Janeiro,1,300.76,300.76,False
T002295,Accor,Belo Horizonte,2,300.39,600.79,False
T002296,Hotel Local,Recife,4,246.96,987.84,False
T002297,Rede Nacional,São Paulo,4,368.49,1473.97,False
T002298,Hotel Local,Aracaju,1,226.37,226.37,False
T002299,Rede Nacional,Rio de Janeiro,1,362.75,362.75,False
T002300,Hotel Local,Feira de Santana,1,181.9,181.9,False
T002301,Rede Nacional,Porto Alegre,2,316.93,633.85,False
T002302,Hotel Local,Rio de Janeiro,1,301.28,301.28,False
T002303,Transamerica,São Paulo,3,326.57,979.71,False
T002304,Hotel Local,Brasília,9,330.85,2977.68,False
T002306,Rede Nacional,Rio de Janeiro,1,369.7,369.7,False
T002307,Accor,São Paulo,8,465.19,3721.5,False
T002308,Accor,Porto Alegre,6,393.24,2359.43,False
T002310,Rede Nacional,Manaus,2,287.74,575.48,False
T002311,Accor,São Paulo,2,649.18,1298.35,True
T002312,Rede Nacional,São Paulo,3,425.05,1275.14,True
T002313,Rede Nacional,Vitoria da Conquista,4,242.4,969.6,False
T002314,Intercity,Feira de Santana,4,218.78,875.11,False
T002315,Intercity,Porto Alegre,2,312.52,625.05,False
T002317,Transamerica,Recife,1,287.57,287.57,False
T002318,Transamerica,Brasília,2,354.99,709.97,False
T002319,Intercity,Belo Horizonte,4,395.41,1581.63,False
T002320,Accor,São Paulo,3,547.23,1641.7,True
T002321,Hotel Local,FEIRA DE SANTANA,1,156.21,156.21,False
T002323,Hotel Local,São Paulo,3,489.55,1468.64,False
T002324,Hotel Local,São Paulo,1,405.36,405.36,False
T002326,Transamerica,Fortaleza,4,301.71,1206.85,False
T002327,Accor,São Paulo,1,400.79,400.79,False
T002328,Intercity,São Paulo,5,497.08,2485.42,False
T002330,Hotel Local,Brasília,2,383.32,766.65,False
T002331,Accor,Feira de Santana,2,217.02,434.04,False
T002334,Accor,São Paulo,1,351.47,351.47,False
T002335,Accor,São Paulo,2,376.48,752.95,False
T002336,Intercity,Rio de Janeiro,1,362.99,362.99,False
T002337,Intercity,Campinas,6,446.82,2680.94,True
T002338,Intercity,Feira de Santana,1,255.57,255.57,False
T002340,Intercity,Brasília,1,346.1,346.1,False
T002341,Hotel Local,São Paulo,1,304.68,304.68,False
T002342,Accor,São Paulo,2,568.5,1137.0,True
T002343,Intercity,Rio de Janeiro,3,349.63,1048.9,False
T002344,Rede Nacional,Fortaleza,3,306.08,918.25,False
T002345,Intercity,Curitiba,2,355.44,710.88,False
T002348,Accor,Belo Horizonte,6,307.28,1843.66,False
T002349,Accor,Recife,4,306.84,1227.37,False
T002350,Hotel Local,Curitiba,1,275.07,275.07,False
T002351,Hotel Local,Porto Alegre,2,333.82,667.63,False
T002352,Hotel Local,São Paulo,2,386.84,773.68,False
T002353,Hotel Local,Rio de Janeiro,3,316.8,950.4,False
T002354,Rede Nacional,Porto Alegre,2,264.32,528.63,False
T002355,Intercity,Ilhéus,2,221.37,442.74,False
T002356,Accor,Fortaleza,2,305.67,611.34,False
T002357,Hotel Local,São Paulo,5,453.13,2265.64,False
T002358,Rede Nacional,Rio de Janeiro,1,384.76,384.76,False
T002360,Hotel Local,Curitiba,2,239.54,479.08,False
T002361,Hotel Local,Rio de Janeiro,1,249.93,249.93,False
T002362,Intercity,Vitória da Conquista,3,218.37,655.1,False
T002363,Rede Nacional,Aracaju,4,246.62,986.46,False
T002364,Rede Nacional,Brasília,2,317.23,634.46,False
T002365,Accor,Rio de Janeiro,3,418.41,1255.22,True
T002366,Transamerica,São Paulo,4,320.43,1281.74,False
T002367,Intercity,Porto Alegre,1,406.79,406.79,True
T002368,Hotel Local,Curitiba,1,273.85,273.85,False
T002370,Transamerica,Recife,4,320.9,1283.59,False
T002371,Hotel Local,Recife,2,193.7,387.41,False
T002374,Hotel Local,Brasília,2,234.89,469.77,False
T002376,Rede Nacional,RIO DE JANEIRO,3,338.93,1016.78,False
T002378,Hotel Local,São Paulo,5,531.69,2658.47,True
T002381,Rede Nacional,Campinas,2,425.19,850.38,True
T002382,Hotel Local,São Paulo,2,494.18,988.35,True
T002383,Hotel Local,Belo Horizonte,1,242.98,242.98,False
T002384,Rede Nacional,Fortaleza,1,310.21,310.21,False
T002385,Accor,Brasília,2,487.62,975.23,True
T002386,Rede Nacional,Vitória da Conquista,1,223.66,223.66,False
T002389,Intercity,Recife,3,355.25,1065.76,True
T002390,Hotel Local,Campinas,2,263.53,527.06,False
T002391,Transamerica,São Paulo,3,414.99,1244.96,False
T002392,Hotel Local,São Paulo,4,410.39,1641.55,False
T002393,Rede Nacional,Brasília,5,340.29,1701.47,False
T002394,Intercity,Brasília,2,536.06,1072.12,False
T002395,Rede Nacional,Rio de Janeiro,2,339.49,678.98,False
T002397,Hotel Local,São Paulo,3,493.24,1479.71,True
T002398,Intercity,Brasília,2,303.48,606.95,False
T002399,Hotel Local,Rio de Janeiro,1,382.93,382.93,False
T002402,Intercity,Vitória da Conquista,2,320.09,640.19,False
T002403,Intercity,Rio de Janeiro,3,321.9,965.71,False
T002405,Intercity,Feira de Santana,3,229.62,688.87,False
T002406,Transamerica,Fortaleza,3,374.68,1124.03,True
T002408,Accor,São Paulo,2,353.09,706.19,False
T002409,Hotel Local,Brasília,2,280.2,560.41,False
T002410,Hotel Local,Rio de Janeiro,2,333.17,666.34,False
T002411,Accor,Campinas,2,342.27,684.54,False
T002412,Rede Nacional,São Paulo,2,386.83,773.66,False
T002413,Hotel Local,Feira de Santana,2,234.86,469.72,False
T002414,Hotel Local,Manaus,2,355.76,711.52,False
T002415,Accor,Porto Alegre,3,307.41,922.23,False
T002417,Intercity,Manaus,2,310.05,620.11,False
T002418,Accor,São Paulo,1,379.95,379.95,False
T002420,Hotel Local,Porto Alegre,2,229.1,458.21,False
T002421,Accor,Feira de Santana,2,236.66,473.32,False
T002422,Accor,Fortaleza,6,409.45,2456.67,True
T002423,Accor,Curitiba,2,249.85,499.71,False
T002425,Rede Nacional,Ilhéus,2,244.73,489.45,False
T002426,Accor,Vitória da Conquista,1,255.53,255.53,False
T002427,Rede Nacional,Aracaju,1,213.12,213.12,False
T002428,Intercity,São Paulo,2,337.47,674.95,False
T002429,Accor,São Paulo,2,475.28,950.57,True
T002430,Accor,São Paulo,2,413.42,826.84,False
T002432,Accor,Ilhéus,5,204.74,1023.71,False
T002433,Accor,RIO DE JANEIRO,2,525.83,1051.65,False
T002434,Rede Nacional,Ilhéus,4,270.68,1082.73,False
T002438,Accor,Brasília,1,329.82,329.82,False
T002441,Transamerica,São Paulo,4,473.61,1894.42,False
T002442,Intercity,Feira de Santana,2,186.37,372.73,False
T002444,Rede Nacional,São Paulo,2,647.91,1295.82,True
T002445,Rede Nacional,Belo Horizonte,3,313.54,940.62,False
T002446,Transamerica,Brasília,1,420.35,420.35,True
T002447,Intercity,Rio de Janeiro,1,393.46,393.46,False
T002448,Transamerica,São Paulo,5,598.18,2990.9,True
T002449,Accor,São Paulo,1,603.59,603.59,True
T002450,Hotel Local,Brasília,4,336.57,1346.29,False
T002451,Intercity,Recife,5,248.93,1244.64,False
T002452,Transamerica,São Paulo,2,441.38,882.76,True
T002453,Intercity,Recife,3,278.8,836.4,False
T002454,Accor,Feira de Santana,1,203.82,203.82,False
T002455,Rede Nacional,Recife,2,212.42,424.83,False
T002456,Accor,Feira de Santana,2,229.74,459.48,False
T002457,Rede Nacional,Belo Horizonte,3,248.77,746.3,False
T002459,Hotel Local,Recife,2,282.16,564.32,False
T002460,Intercity,Fortaleza,3,383.54,1150.62,False
T002462,Rede Nacional,Feira de Santana,2,195.05,390.11,False
T002463,Intercity,Vitória da Conquista,1,197.41,197.41,False
T002464,Hotel Local,São Paulo,2,297.64,595.28,False
T002465,Hotel Local,Recife,5,230.15,1150.74,False
T002466,Hotel Local,São Paulo,4,521.37,2085.47,False
T002467,Intercity,Fortaleza,2,274.83,549.65,False
T002469,Hotel Local,Vitória da Conquista,1,205.97,205.97,False
T002470,Accor,São Paulo,2,577.27,1154.53,True
T002471,Rede Nacional,São Paulo,3,516.99,1550.98,True
T002472,Rede Nacional,São Paulo,5,438.65,2193.26,False
T002473,Rede Nacional,Rio de Janeiro,3,355.78,1067.34,False
T002474,Rede Nacional,Recife,4,184.81,739.26,False
T002475,Accor,Vitória da Conquista,2,209.22,418.44,False
T002476,Hotel Local,Rio de Janeiro,5,294.33,1471.64,False
T002477,Accor,Porto Alegre,3,346.02,1038.06,False
T002478,Hotel Local,Brasília,4,263.9,1055.61,False
T002479,Hotel Local,Porto Alegre,1,244.94,244.94,False
T002482,Accor,Ilhéus,2,259.36,518.72,False
T002484,Accor,Recife,2,383.52,767.04,True
T002485,Transamerica,Rio de Janeiro,1,432.93,432.93,True
T002486,Hotel Local,Curitiba,4,291.43,1165.73,False
T002488,Accor,São Paulo,5,456.02,2280.08,False
T002489,Intercity,Belo Horizonte,1,275.14,275.14,False
T002490,Rede Nacional,Recife,3,427.98,1283.93,False
T002491,Accor,Campinas,3,343.43,1030.28,False
T002492,Rede Nacional,Curitiba,2,264.67,529.34,False
T002493,Hotel Local,Fortaleza,4,323.2,1292.82,False
T002494,Rede Nacional,Campinas,1,251.71,251.71,False
T002495,Transamerica,Brasília,2,378.73,757.45,False
T002496,Hotel Local,Vitória da Conquista,1,233.44,233.44,False
T002497,Hotel Local,Campinas,1,267.77,267.77,False
T002498,Hotel Local,Curitiba,5,303.54,1517.7,False
T002499,Hotel Local,São Paulo,3,337.17,1011.52,False
T002500,Hotel Local,São Paulo,1,475.93,475.93,False
T002501,Hotel Local,São Paulo,1,279.06,279.06,False
T002502,Hotel Local,Recife,1,280.97,280.97,False
T002503,Intercity,Aracaju,5,259.12,1295.59,False
T002504,Intercity,São Paulo,1,456.67,456.67,False
T002505,Transamerica,Belo Horizonte,2,341.75,683.51,False
T002506,Accor,Feira de Santana,3,273.77,821.3,True
T002508,Accor,são paulo,4,472.42,1889.7,True
T002509,Rede Nacional,Recife,1,297.39,297.39,False
T002510,Rede Nacional,Porto Alegre,3,291.63,874.9,False
T002514,Hotel Local,Fortaleza,6,296.58,1779.49,False
T002516,Intercity,Rio de Janeiro,3,269.16,807.48,False
T002517,Rede Nacional,Brasília,3,310.44,931.33,False
T002519,Intercity,Brasília,4,323.64,1294.57,False
T002521,Intercity,Recife,3,270.02,810.07,False
T002523,Intercity,Belo Horizonte,3,267.02,801.07,False
T002524,Accor,São Paulo,3,596.19,1788.58,True
T002526,Accor,Rio de Janeiro,3,531.23,1593.69,False
T002528,Transamerica,Manaus,1,414.58,414.58,True
T002529,Hotel Local,Campinas,3,329.7,989.09,False
T002530,Intercity,São Paulo,3,431.07,1293.2,True
T002531,Intercity,São Paulo,2,542.17,1084.33,True
T002532,Hotel Local,Curitiba,1,375.14,375.14,False
T002533,Accor,Feira de Santana,2,245.91,491.83,True
T002534,Accor,Fortaleza,2,295.75,591.51,False
T002535,Hotel Local,Brasília,4,319.99,1279.98,False
T002536,Rede Nacional,Ilhéus,2,247.16,494.31,False
T002537,Hotel Local,Rio de Janeiro,1,429.12,429.12,False
T002538,Intercity,São Paulo,4,348.87,1395.5,False
T002541,Accor,Fortaleza,1,361.68,361.68,False
T002542,Rede Nacional,São Paulo,3,361.73,1085.2,False
T002543,Accor,Vit. da Conquista,1,343.56,343.56,False
T002544,Transamerica,Recife,2,435.95,871.89,False
T002545,Transamerica,São Paulo,1,631.01,631.01,True
T002547,Intercity,Fortaleza,2,281.58,563.17,False
T002548,Rede Nacional,São Paulo,3,442.55,1327.64,False
T002549,Accor,São Paulo,5,372.98,1864.92,False
T002550,Hotel Local,Fortaleza,1,262.48,262.48,False
T002551,Transamerica,Feira de Santana,4,245.36,981.43,False
T002552,Rede Nacional,Recife,4,352.76,1411.04,False
T002553,Intercity,Manaus,6,393.19,2359.14,False
T002554,Intercity,Porto Alegre,2,334.88,669.76,False
T002555,Accor,Curitiba,1,299.26,299.26,False
T002556,Hotel Local,Curitiba,3,250.89,752.68,False
T002557,Intercity,Recife,1,263.17,263.17,False
T002558,Transamerica,Campinas,3,383.55,1150.65,False
T002559,Accor,Belo Horizonte,1,290.76,290.76,False
T002560,Accor,Feira de Santana,1,296.6,296.6,True
T002562,Accor,Brasília,2,370.84,741.67,False
T002563,Intercity,São Paulo,1,441.7,441.7,False
T002564,Rede Nacional,Aracaju,3,227.68,683.03,False
T002566,Transamerica,São Paulo,3,361.28,1083.85,False
T002567,Hotel Local,Campinas,1,303.19,303.19,False
T002568,Accor,Recife,4,408.28,1633.11,True
T002569,Hotel Local,Rio de Janeiro,4,380.34,1521.36,False
T002570,Accor,São Paulo,3,479.8,1439.41,True
T002571,Hotel Local,São Paulo,1,320.48,320.48,False
T002572,Accor,Recife,1,477.52,477.52,True
T002573,Accor,Feira de Santana,6,243.0,1458.03,False
T002574,Hotel Local,Rio de Janeiro,1,410.58,410.58,False
T002576,Accor,São Paulo,4,517.46,2069.85,True
T002577,Hotel Local,Fortaleza,3,377.62,1132.85,False
T002578,Transamerica,São Paulo,2,327.26,654.52,False
T002579,Accor,Campinas,2,297.68,595.36,False
T002580,Rede Nacional,DF - Brasília,2,279.29,558.58,False
T002582,Hotel Local,São Paulo,1,494.31,494.31,True
T002583,Rede Nacional,Fortaleza,1,301.1,301.1,False
T002584,Transamerica,Rio de Janeiro,3,328.83,986.49,False
T002585,Accor,Rio de Janeiro,2,279.09,558.17,False
T002586,Hotel Local,Ilhéus,2,182.79,365.57,False
T002587,Accor,Belo Horizonte,2,296.97,593.94,False
T002588,Accor,Brasília,1,436.28,436.28,True
T002589,Rede Nacional,São Paulo,5,377.54,1887.69,False
T002590,Transamerica,Rio de Janeiro,2,393.73,787.47,False
T002592,Accor,Brasília,3,365.01,1095.02,False
T002593,Hotel Local,Campinas,4,326.61,1306.42,False
T002594,Hotel Local,Aracaju,3,188.69,566.06,False
T002596,Hotel Local,Belo Horizonte,2,298.42,596.84,False
T002597,Rede Nacional,Rio de Janeiro,2,339.41,678.82,False
T002598,Intercity,Curitiba,3,300.46,901.37,False
T002599,Hotel Local,Rio de Janeiro,3,336.52,1009.57,False
T002600,Rede Nacional,Feira de Santana,1,172.53,172.53,False
T002601,Accor,Brasília,3,365.06,1095.18,False
T002604,Hotel Local,São Paulo,2,303.89,607.78,False
T002605,Accor,Manaus,2,359.73,719.46,False
T002606,Accor,Rio de Janeiro,2,294.31,588.62,False
T002607,Accor,Aracaju,1,277.9,277.9,True
T002608,Hotel Local,Recife,1,258.13,258.13,False
T002609,Intercity,Rio de Janeiro,2,338.69,677.37,False
T002611,Rede Nacional,Brasília,4,282.35,1129.4,False
T002612,Accor,Recife,1,300.25,300.25,False
T002613,Rede Nacional,São Paulo,4,388.54,1554.14,False
T002614,Hotel Local,Fortaleza,1,222.83,222.83,False
T002616,Accor,Recife,4,522.51,2090.03,True
T002617,Hotel Local,São Paulo,1,345.57,345.57,False
T002618,Hotel Local,Brasília,5,379.26,1896.31,False
T002619,Intercity,Rio de Janeiro,2,335.17,670.34,False
T002620,Rede Nacional,Belo Horizonte,5,263.27,1316.35,False
T002624,Hotel Local,Recife,3,255.43,766.29,False
T002625,Rede Nacional,Brasília,4,291.72,1166.88,False
T002626,Intercity,São Paulo,2,446.93,893.86,False
T002627,Transamerica,São Paulo,1,468.35,468.35,True
T002628,Hotel Local,Rio de Janeiro,5,332.93,1664.64,False
T002630,Hotel Local,São Paulo,1,377.51,377.51,False
T002631,Accor,Brasília,1,518.06,518.06,True
T002634,Hotel Local,Feira de Santana,4,247.23,988.9,False
T002636,Accor,Rio de Janeiro,3,342.95,1028.84,False
T002637,Accor,São Paulo,2,372.46,744.92,False
T002638,Intercity,Rio de Janeiro,1,344.92,344.92,False
T002640,Hotel Local,São Paulo,3,370.33,1110.98,False
T002641,Rede Nacional,Recife,4,349.08,1396.34,True
T002642,Accor,Rio de Janeiro,3,468.59,1405.78,True
T002644,Hotel Local,Recife,2,258.89,517.79,False
T002645,Hotel Local,São Paulo,1,320.18,320.18,False
T002646,Transamerica,São Paulo,1,476.74,476.74,True
T002647,Transamerica,Brasília,1,368.43,368.43,False
T002648,Rede Nacional,Porto Alegre,1,382.07,382.07,False
T002649,Intercity,São Paulo,2,311.33,622.65,False
T002650,Hotel Local,Vitória da Conquista,4,205.08,820.31,False
T002651,Intercity,Rio de Janeiro,2,330.31,660.61,False
T002652,Hotel Local,Brasília,2,372.73,745.45,False
T002653,Intercity,São Paulo,2,452.78,905.55,True
T002654,Hotel Local,Curitiba,1,243.17,243.17,False
T002655,Accor,São Paulo,2,427.58,855.16,True
T002656,Transamerica,São Paulo,3,444.94,1334.83,False
T002657,Hotel Local,Brasília,1,281.63,281.63,False
T002658,Hotel Local,Brasília,4,277.99,1111.97,False
T002660,Rede Nacional,Brasília,4,337.22,1348.87,False
T002662,Rede Nacional,Aracaju,3,229.74,689.22,False
T002663,Accor,São Paulo,1,402.95,402.95,False
T002665,Hotel Local,Brasília,1,395.26,395.26,False
T002666,Hotel Local,Rio de Janeiro,3,392.62,1177.87,True
T002667,Hotel Local,São Paulo,3,354.54,1063.62,False
T002668,Intercity,Belo Horizonte,3,311.66,934.99,False
T002669,Rede Nacional,Rio de Janeiro,3,280.97,842.92,False
T002673,Accor,Brasília,3,332.45,997.36,False
T002674,Hotel Local,Curitiba,2,262.68,525.36,False
T002675,Intercity,Curitiba,1,265.63,265.63,False
T002676,Rede Nacional,Campinas,5,369.82,1849.11,True
T002679,Accor,Rio de Janeiro,4,433.24,1732.95,True
T002680,Intercity,Rio de Janeiro,2,284.35,568.71,False
T002681,Hotel Local,Feira de Santana,4,148.66,594.63,False
T002682,Intercity,São Paulo,1,302.51,302.51,False
T002684,Hotel Local,São Paulo,2,409.36,818.73,False
T002685,Intercity,São Paulo,3,571.88,1715.65,True
T002686,Hotel Local,Vitória da Conquista,2,215.8,431.61,False
T002689,Accor,Porto Alegre,3,313.42,940.25,False
T002690,Rede Nacional,Rio de Janeiro,1,347.18,347.18,False
T002691,Hotel Local,São Paulo,5,417.5,2087.5,False
T002693,Rede Nacional,Campinas,5,413.93,2069.66,True
T002695,Rede Nacional,Porto Alegre,2,361.52,723.04,True
T002696,Hotel Local,Belo Horizonte,3,252.82,758.45,False
T002698,Rede Nacional,Porto Alegre,3,325.07,975.21,False
T002699,Accor,São Paulo,4,397.61,1590.44,False
T002700,Accor,Brasília,2,364.47,728.93,False
T002701,Rede Nacional,Brasília,1,306.37,306.37,False
T002702,Intercity,São Paulo,4,402.7,1610.79,False
T002703,Hotel Local,São Paulo,2,450.19,900.37,False
T002704,Hotel Local,Brasília,3,315.51,946.52,False
T002705,Rede Nacional,Brasília,2,286.17,572.33,False
T002707,Intercity,Vitória da Conquista,3,229.17,687.52,False
T002708,Rede Nacional,Fortaleza,2,231.25,462.5,False
T002709,Accor,Rio de Janeiro,3,333.45,1000.35,False
T002710,Accor,Fortaleza,2,268.26,536.53,False
T002711,Accor,Campinas,2,617.3,1234.61,True
T002712,Intercity,Rio de Janeiro,2,404.57,809.15,True
T002714,Rede Nacional,Rio de Janeiro,4,315.66,1262.65,False
T002715,Rede Nacional,São Paulo,3,588.22,1764.66,True
T002716,Hotel Local,Feira de Santana,3,223.33,670.0,False
T002717,Hotel Local,Belo Horizonte,1,345.74,345.74,True
T002719,Transamerica,Fortaleza,2,314.25,628.49,False
T002720,Hotel Local,Manaus,3,261.3,783.91,False
T002721,Transamerica,Rio de Janeiro,2,329.41,658.81,False
T002722,Hotel Local,Feira de Santana,2,163.02,326.03,False
T002723,Rede Nacional,Fortaleza,1,250.88,250.88,False
T002724,Rede Nacional,São Paulo,2,421.28,842.57,False
T002725,Intercity,Campinas,8,390.62,3124.97,False
T002726,Hotel Local,Campinas,2,280.91,561.81,False
T002728,Hotel Local,Campinas,3,296.37,889.12,False
T002729,Rede Nacional,São Paulo,2,448.29,896.58,False
T002730,Accor,Brasília,2,330.71,661.42,False
T002731,Intercity,Fortaleza,1,279.66,279.66,False
T002733,Rede Nacional,Porto Alegre,2,285.75,571.49,False
T002734,Hotel Local,Campinas,1,250.55,250.55,False
T002735,Intercity,Recife,1,269.13,269.13,False
T002737,Rede Nacional,São Paulo,2,465.74,931.48,False
T002738,Hotel Local,São Paulo,2,418.57,837.14,False
T002740,Rede Nacional,Rio de Janeiro,4,324.05,1296.21,False
T002741,Hotel Local,Rio de Janeiro,1,372.24,372.24,False
T002742,Hotel Local,Feira de Santana,2,205.44,410.87,False
T002743,Accor,São Paulo,1,550.6,550.6,False
T002744,Accor,Rio de Janeiro,1,323.2,323.2,False
T002745,Accor,Rio de Janeiro,3,418.56,1255.68,True
T002746,Hotel Local,Feira de Santana,1,172.89,172.89,False
T002747,Transamerica,Rio de Janeiro,4,407.49,1629.97,True
T002750,Rede Nacional,Manaus,1,276.16,276.16,False
T002751,Hotel Local,Brasília,4,321.12,1284.49,False
T002753,Accor,Vitória da Conquista,2,237.37,474.73,False
T002754,Rede Nacional,Belo Horizonte,1,237.29,237.29,False
T002755,Hotel Local,São Paulo,1,277.27,277.27,False
T002756,Transamerica,São Paulo,2,528.29,1056.58,False
T002757,Rede Nacional,Porto Alegre,1,353.1,353.1,False
T002758,Hotel Local,Curitiba,7,249.08,1743.56,False
T002759,Hotel Local,São Paulo,1,311.46,311.46,False
T002760,Rede Nacional,Campinas,3,241.47,724.42,False
T002761,Transamerica,Brasília,3,348.46,1045.38,False
T002762,Rede Nacional,Vitória da Conquista,1,206.75,206.75,False
T002763,Transamerica,Brasília,1,391.2,391.2,False
T002764,Hotel Local,Vitória da Conquista,3,203.17,609.52,False
T002765,Rede Nacional,Recife,1,255.38,255.38,False
T002766,Accor,Recife,3,306.55,919.66,False
T002767,Accor,Rio de Janeiro,1,408.27,408.27,False
T002768,Accor,Rio de Janeiro,2,467.7,935.4,False
T002769,Rede Nacional,Brasília,1,384.54,384.54,False
T002770,Rede Nacional,Recife,2,196.17,392.34,False
T002773,Accor,São Paulo,6,509.91,3059.48,True
T002774,Hotel Local,Brasília,4,333.87,1335.49,False
T002775,Accor,Feira de Santana,3,256.41,769.23,False
T002776,Accor,São Paulo,2,402.15,804.3,False
T002777,Rede Nacional,Curitiba,2,294.94,589.89,False
T002778,Hotel Local,Rio de Janeiro,1,433.59,433.59,True
T002779,Hotel Local,São Paulo,3,409.88,1229.64,False
T002780,Hotel Local,Brasília,1,300.8,300.8,False
T002781,Rede Nacional,Porto Alegre,3,294.42,883.26,False
T002782,Hotel Local,Curitiba,2,244.91,489.82,False
T002784,Hotel Local,Belo Horizonte,3,268.7,806.1,False
T002787,Intercity,Brasília,1,563.12,563.12,True
T002788,Rede Nacional,Curitiba,1,435.9,435.9,False
T002789,Transamerica,Recife,1,279.33,279.33,False
T002790,Hotel Local,Aracaju,1,209.64,209.64,False
T002791,Hotel Local,Brasília,4,346.27,1385.07,False
T002793,Accor,Brasília,1,363.74,363.74,False
T002794,Accor,Feira de Santana,3,203.68,611.05,False
T002795,Accor,Fortaleza,3,251.18,753.53,False
T002796,Hotel Local,São Paulo,1,338.92,338.92,False
T002797,Hotel Local,Manaus,4,290.2,1160.81,False
T002798,Accor,São Paulo,3,442.37,1327.1,False
T002799,Hotel Local,Curitiba,2,283.5,567.01,False
T002800,Hotel Local,Feira de Santana,2,172.39,344.78,False
T002801,Rede Nacional,Recife,2,218.63,437.25,False
T002802,Accor,Campinas,3,399.47,1198.41,True
T002803,Transamerica,São Paulo,2,335.53,671.07,False
T002805,Transamerica,Feira de Santana,3,202.34,607.02,False
T002806,Intercity,São Paulo,1,467.18,467.18,True
T002808,Hotel Local,Rio de Janeiro,2,255.56,511.12,False
T002811,Hotel Local,Ilhéus,2,232.99,465.98,False
T002812,Rede Nacional,Ilhéus,3,156.75,470.26,False
T002813,Rede Nacional,Ilhéus,1,211.35,211.35,False
T002814,Accor,Recife,2,284.6,569.2,False
T002816,Rede Nacional,Fortaleza,4,317.96,1271.83,False
T002817,Intercity,Fortaleza,2,303.87,607.74,False
T002818,Hotel Local,São Paulo,1,241.95,241.95,False
T002819,Hotel Local,Belo Horizonte,7,204.73,1433.1,False
T002820,Hotel Local,Brasília,3,235.4,706.19,False
T002821,Hotel Local,Curitiba,1,203.34,203.34,False
T002823,Accor,São Paulo,2,454.47,908.95,False
T002824,Rede Nacional,Brasília,2,260.55,521.09,False
T002825,Hotel Local,Brasília,3,305.14,915.41,False
T002826,Rede Nacional,São Paulo,3,333.06,999.17,False
T002827,Accor,Campinas,1,314.5,314.5,False
T002828,Intercity,Feira de Santana,3,240.81,722.44,False
T002829,Intercity,São Paulo,1,487.95,487.95,True
T002830,Rede Nacional,Feira de Santana,3,255.66,766.98,True
T002831,Hotel Local,São Paulo,2,348.28,696.56,False
T002832,Rede Nacional,Campinas,1,276.23,276.23,False
T002833,Accor,São Paulo,1,506.46,506.46,True
T002836,Hotel Local,Porto Alegre,6,258.55,1551.29,False
T002837,Hotel Local,Feira de Santana,5,164.09,820.46,False
T002838,Hotel Local,São Paulo,2,285.42,570.84,False
T002839,Intercity,São Paulo,3,444.36,1333.09,True
T002840,Intercity,São Paulo,1,296.83,296.83,False
T002841,Intercity,Belo Horizonte,2,289.74,579.49,False
T002842,Rede Nacional,Fortaleza,3,234.98,704.95,False
T002843,Accor,Belo Horizonte,2,360.53,721.06,True
T002844,Transamerica,Manaus,3,267.71,803.13,False
T002845,Rede Nacional,Fortaleza,5,274.5,1372.52,False
T002846,Hotel Local,Brasília,3,337.6,1012.79,False
T002847,Rede Nacional,Belo Horizonte,5,263.01,1315.03,False
T002849,Rede Nacional,São Paulo,1,321.27,321.27,False
T002850,Hotel Local,Aracaju,1,202.54,202.54,False
T002851,Hotel Local,Brasília,2,286.46,572.91,False
T002853,Rede Nacional,Curitiba,3,301.63,904.88,False
T002854,Hotel Local,Ilhéus,1,212.05,212.05,False
T002856,Hotel Local,Fortaleza,4,270.82,1083.29,False
T002857,Rede Nacional,Recife,2,246.82,493.65,False
T002859,Accor,Rio de Janeiro,1,425.13,425.13,True
T002860,Hotel Local,Aracaju,4,252.93,1011.71,False
T002861,Intercity,Recife,1,280.8,280.8,False
T002862,Accor,São Paulo,3,511.35,1534.04,True
T002863,Rede Nacional,Ilhéus,1,211.64,211.64,False
T002864,Transamerica,Campinas,6,412.58,2475.51,False
T002866,Hotel Local,Rio de Janeiro,1,309.78,309.78,False
T002867,Rede Nacional,Rio de Janeiro,1,399.81,399.81,False
T002868,Intercity,São Paulo,3,428.68,1286.04,False
T002869,Hotel Local,Curitiba,1,287.84,287.84,False
T002870,Hotel Local,São Paulo,3,464.08,1392.24,False
T002872,Rede Nacional,Brasília,3,303.79,911.37,False
T002873,Hotel Local,Porto Alegre,1,250.46,250.46,False
T002874,Hotel Local,São Paulo,4,530.58,2122.34,False
T002875,Accor,São Paulo,5,487.23,2436.14,True
T002877,Rede Nacional,Feira de Santana,3,202.77,608.31,False
T002878,Intercity,Rio de Janeiro,2,375.2,750.4,False
T002879,Rede Nacional,Recife,2,292.73,585.46,False
T002880,Transamerica,Brasília,1,374.65,374.65,False
T002881,Rede Nacional,Vitória da Conquista,6,263.04,1578.27,False
T002882,Transamerica,Rio de Janeiro,1,420.1,420.1,True
T002883,Hotel Local,SP - São Paulo,4,375.28,1501.13,False
T002886,Rede Nacional,Recife,8,288.51,2308.09,False
T002887,Intercity,Brasília,2,306.29,612.59,False
T002888,Rede Nacional,Recife,3,276.93,830.78,False
T002889,Transamerica,Feira de Santana,3,256.8,770.39,True
T002891,Transamerica,São Paulo,2,293.93,587.86,False
T002893,Hotel Local,São Paulo,2,399.77,799.54,False
T002894,Hotel Local,São Paulo,1,320.76,320.76,False
T002895,Hotel Local,São Paulo,4,265.97,1063.87,False
T002896,Hotel Local,Recife,2,290.69,581.37,False
T002897,Accor,São Paulo,3,442.32,1326.97,False
T002898,Intercity,Belo Horizonte,2,219.07,438.15,False
T002899,Accor,Brasília,1,395.42,395.42,True
T002900,Intercity,São Paulo,4,248.8,995.22,False
T002902,Accor,São Paulo,3,443.57,1330.7,False
T002903,Accor,São Paulo,3,516.85,1550.55,True
T002904,Hotel Local,São Paulo,2,320.5,640.99,False
T002905,Transamerica,Belo Horizonte,3,334.26,1002.77,True
T002906,Rede Nacional,Rio de Janeiro,6,440.85,2645.13,False
T002907,Accor,Fortaleza,2,362.92,725.84,True
T002908,Accor,Campinas,2,300.24,600.47,False
T002909,Hotel Local,Recife,2,344.22,688.45,False
T002910,Transamerica,Curitiba,3,358.96,1076.89,False
T002911,Hotel Local,Feira de Santana,2,179.03,358.07,False
T002912,Accor,São Paulo,3,504.02,1512.07,True
T002913,Transamerica,São Paulo,4,508.63,2034.51,True
T002914,Rede Nacional,São Paulo,3,695.03,2085.08,True
T002915,Rede Nacional,Campinas,3,331.78,995.33,False
T002916,Accor,Vitória da Conquista,1,224.06,224.06,False
T002917,Rede Nacional,Belo Horizonte,1,279.1,279.1,False
T002918,Rede Nacional,Campinas,6,235.13,1410.77,False
T002919,Hotel Local,Rio de Janeiro,4,433.54,1734.15,False
T002920,Accor,Brasília,2,507.08,1014.16,False
T002921,Transamerica,Recife,1,400.17,400.17,True
T002922,Intercity,Brasília,4,464.94,1859.76,True
T002923,Accor,Rio de Janeiro,2,345.29,690.57,False
T002924,Intercity,Porto Alegre,4,483.4,1933.61,True
T002925,Accor,Brasília,2,317.28,634.55,False
T002926,Hotel Local,Manaus,1,286.05,286.05,False
T002927,Intercity,Fortaleza,1,309.7,309.7,False
T002928,Intercity,Brasília,3,411.96,1235.87,True
T002930,Accor,Recife,1,320.14,320.14,False
T002931,Rede Nacional,Manaus,1,304.12,304.12,False
T002932,Rede Nacional,São Paulo,3,422.66,1267.97,False
T002933,Hotel Local,Brasília,2,347.93,695.86,False
T002936,Accor,São Paulo,3,444.07,1332.21,True
T002937,Accor,São Paulo,1,466.96,466.96,False
T002938,Transamerica,Rio de Janeiro,3,418.72,1256.15,False
T002939,Hotel Local,Porto Alegre,2,283.53,567.05,False
T002940,Accor,Curitiba,4,335.06,1340.23,False
T002941,Hotel Local,Curitiba,1,244.43,244.43,False
T002942,Intercity,Belo Horizonte,3,342.38,1027.14,False
T002943,Hotel Local,Campinas,7,262.2,1835.43,False
T002944,Hotel Local,Belo Horizonte,3,285.3,855.91,False
T002945,Accor,Ilhéus,1,286.16,286.16,True
T002947,Intercity,Rio de Janeiro,2,325.82,651.63,False
T002948,Accor,São Paulo,3,459.23,1377.68,False
T002949,Rede Nacional,Belo Horizonte,4,260.52,1042.09,False
T002950,Accor,São Paulo,5,464.91,2324.55,False
T002951,Accor,Rio de Janeiro,3,393.3,1179.89,True
T002952,Hotel Local,Campinas,4,249.52,998.07,False
T002953,Accor,Feira de Santana,2,289.33,578.66,False
T002954,Intercity,Rio de Janeiro,2,362.12,724.24,False
T002955,Intercity,Feira Santana,1,198.64,198.64,False
T002958,Rede Nacional,Rio de Janeiro,4,356.42,1425.69,False
T002959,Accor,São Paulo,3,557.58,1672.74,True
T002960,Hotel Local,Brasília,3,373.14,1119.41,False
T002961,Intercity,Curitiba,2,254.48,508.96,False
T002962,Hotel Local,Manaus,1,432.78,432.78,False
T002963,Hotel Local,Vitória da Conquista,1,282.62,282.62,False
T002964,Hotel Local,São Paulo,1,279.25,279.25,False
T002966,Accor,Brasília,1,339.95,339.95,False
T002967,Rede Nacional,Recife,7,260.22,1821.53,False
T002968,Hotel Local,Belo Horizonte,2,249.83,499.65,False
T002969,Rede Nacional,Porto Alegre,1,259.98,259.98,False
T002970,Transamerica,Feira de Santana,2,239.84,479.67,False
T002972,Hotel Local,Campinas,3,274.74,824.22,False
T002973,Rede Nacional,Belo Horizonte,2,244.89,489.79,False
T002974,Intercity,Fortaleza,2,292.72,585.44,False
T002976,Hotel Local,Brasília,4,365.46,1461.84,False
T002977,Rede Nacional,São Paulo,4,400.69,1602.77,False
T002978,Accor,São Paulo,5,358.15,1790.75,False
T002979,Hotel Local,Vitória da Conquista,1,268.55,268.55,False
T002980,Accor,São Paulo,4,520.78,2083.13,False
T002981,Hotel Local,Brasília,5,281.8,1408.98,False
T002982,Rede Nacional,Campinas,1,321.97,321.97,False
T002983,Rede Nacional,Rio de Janeiro,2,254.22,508.43,False
T002984,Rede Nacional,Rio de Janeiro,3,380.61,1141.82,False
T002985,Accor,Brasília,2,401.34,802.68,True
T002986,Intercity,Sao Paulo,1,548.81,548.81,True
T002987,Accor,Porto Alegre,3,312.85,938.54,False
T002988,Intercity,Vitória da Conquista,3,253.58,760.74,False
T002989,Rede Nacional,Curitiba,2,249.72,499.44,False
T002990,Intercity,Brasília,6,348.1,2088.63,False
T002992,Hotel Local,São Paulo,1,305.88,305.88,False
T002994,Accor,Campinas,1,364.56,364.56,True
T002995,Hotel Local,São Paulo,1,686.03,686.03,True
T002996,Intercity,Manaus,2,269.89,539.77,False
T002997,Accor,Aracaju,1,240.96,240.96,False
T002998,Accor,Curitiba,3,334.23,1002.68,True
T003000,Hotel Local,Campinas,2,276.74,553.48,False
T003001,Accor,São Paulo,1,445.86,445.86,True
T003002,Accor,São Paulo,2,499.45,998.9,True
T003003,Hotel Local,Vitória da Conquista,2,220.05,440.09,False
T003004,Rede Nacional,São Paulo,2,428.44,856.88,False
T003005,Accor,Belo Horizonte,2,263.38,526.76,False
T003006,Hotel Local,Aracaju,3,199.82,599.47,False
T003007,Hotel Local,São Paulo,2,348.17,696.33,False
T003010,Transamerica,Manaus,3,343.78,1031.34,False
T003011,Transamerica,Fortaleza,1,371.94,371.94,False
T003013,Accor,São Paulo,1,359.28,359.28,False
T003014,Hotel Local,Rio de Janeiro,1,351.66,351.66,False
T003015,Hotel Local,Fortaleza,2,360.27,720.53,False
T003016,Rede Nacional,Campinas,3,325.51,976.54,False
T003019,Accor,Rio de Janeiro,1,551.08,551.08,True
T003020,Accor,Belo Horizonte,2,266.25,532.5,False
T003021,Hotel Local,São Paulo,1,342.83,342.83,False
T003022,Rede Nacional,Curitiba,2,233.61,467.21,False
T003023,Rede Nacional,Porto Alegre,2,243.59,487.17,False
T003024,Hotel Local,Rio de Janeiro,1,259.94,259.94,False
T003026,Intercity,São Paulo,1,377.07,377.07,False
T003027,Intercity,Belo Horizonte,3,357.75,1073.25,False
T003028,Transamerica,Feira de Santana,2,243.17,486.34,False
T003029,Accor,Fortaleza,1,253.1,253.1,False
T003030,Transamerica,Brasília,3,393.7,1181.1,False
T003031,Rede Nacional,Manaus,3,372.51,1117.53,False
T003032,Transamerica,Vitória da Conquista,1,271.86,271.86,False
T003033,Accor,Rio de Janeiro,5,387.75,1938.74,False
T003035,Accor,Manaus,5,368.23,1841.16,False
T003036,Rede Nacional,Feira de Santana,2,238.22,476.45,False
T003037,Rede Nacional,São Paulo,3,541.18,1623.53,True
T003038,Hotel Local,São Paulo,1,311.09,311.09,False
T003040,Hotel Local,São Paulo,3,381.8,1145.41,False
T003041,Rede Nacional,Rio de Janeiro,1,334.86,334.86,False
T003043,Rede Nacional,São Paulo,3,453.33,1359.99,False
T003045,Hotel Local,Curitiba,1,259.86,259.86,False
T003048,Hotel Local,São Paulo,1,517.62,517.62,True
T003050,Rede Nacional,Fortaleza,5,357.28,1786.4,False
T003051,Intercity,São Paulo,2,454.99,909.99,True
T003052,Intercity,São Paulo,4,392.29,1569.16,False
T003053,Rede Nacional,Porto Alegre,2,380.77,761.55,True
T003054,Hotel Local,Belo Horizonte,2,292.31,584.62,False
T003055,Hotel Local,Ilhéus,1,215.06,215.06,False
T003056,Rede Nacional,Brasilia,1,306.07,306.07,False
T003057,Hotel Local,Brasília,2,273.68,547.36,False
T003058,Accor,Belo Horizonte,1,320.21,320.21,True
T003059,Accor,Aracaju,1,259.68,259.68,False
T003061,Hotel Local,Rio de Janeiro,3,324.31,972.93,False
T003062,Rede Nacional,Brasília,1,289.24,289.24,False
T003063,Accor,São Paulo,1,367.5,367.5,False
T003065,Transamerica,Curitiba,2,382.49,764.98,True
T003066,Accor,Aracaju,2,238.93,477.87,False
T003067,Intercity,Ilhéus,3,224.49,673.46,False
T003068,Intercity,Belo Horizonte,1,213.66,213.66,False
T003069,Hotel Local,Campinas,1,284.55,284.55,False
T003071,Hotel Local,Brasília,3,260.26,780.79,False
T003073,Transamerica,Curitiba,3,505.25,1515.74,True
T003074,Rede Nacional,Brasília,3,281.85,845.55,False
T003075,Hotel Local,São Paulo,1,314.63,314.63,False
T003076,Hotel Local,Campinas,4,284.6,1138.39,False
T003078,Transamerica,Porto Alegre,3,348.15,1044.46,False
T003079,Accor,Vitória da Conquista,3,186.97,560.9,False
T003080,Transamerica,Fortaleza,2,322.58,645.17,False
T003081,Accor,Rio de Janeiro,3,378.85,1136.56,False
T003082,Accor,Brasília,2,393.72,787.43,False
T003083,Accor,Rio de Janeiro,1,369.27,369.27,False
T003085,Rede Nacional,Feira de Santana,4,232.18,928.72,False
T003086,Hotel Local,Belo Horizonte,2,224.7,449.41,False
T003088,Hotel Local,Recife,1,287.15,287.15,False
T003089,Hotel Local,Brasília,1,330.47,330.47,False
T003090,Accor,Vitória da Conquista,4,238.28,953.12,False
T003091,Hotel Local,Fortaleza,4,270.89,1083.55,False
T003092,Accor,São Paulo,4,456.46,1825.84,False
T003093,Hotel Local,Curitiba,2,284.94,569.89,False
T003094,Rede Nacional,São Paulo,1,438.75,438.75,False
T003096,Intercity,Belo Horizonte,4,316.01,1264.02,False
T003097,Accor,Rio de Janeiro,2,368.73,737.47,False
T003098,Rede Nacional,Curitiba,2,236.18,472.35,False
T003099,Hotel Local,São Paulo,1,258.97,258.97,False
T003100,Rede Nacional,São Paulo,2,394.73,789.46,False
T003101,Hotel Local,Aracaju,2,187.78,375.56,False
T003102,Accor,Belo Horizonte,4,296.1,1184.39,False
T003103,Rede Nacional,Recife,2,236.82,473.65,False
T003104,Intercity,Recife,2,328.89,657.78,False
T003105,Accor,Vitória da Conquista,2,208.57,417.14,False
T003107,Rede Nacional,Rio de Janeiro,3,503.13,1509.39,True
T003109,Transamerica,São Paulo,2,583.12,1166.23,True
T003110,Rede Nacional,Vitória da Conquista,1,242.82,242.82,False
T003111,Hotel Local,São Paulo,1,396.55,396.55,False
T003112,Accor,Recife,2,313.03,626.06,False
T003114,Intercity,São Paulo,2,308.64,617.27,False
T003115,Hotel Local,Campinas,1,239.56,239.56,False
T003118,Accor,Manaus,3,331.99,995.96,False
T003119,Hotel Local,Rio de Janeiro,1,331.05,331.05,False
T003120,Hotel Local,Belo Horizonte,1,226.49,226.49,False
T003122,Hotel Local,Ilhéus,2,286.9,573.8,False
T003123,Accor,Brasília,1,472.56,472.56,True
T003124,Hotel Local,Vitória da Conquista,2,208.4,416.8,False
T003125,Accor,Porto Alegre,2,327.2,654.4,False
T003127,Accor,Curitiba,2,259.57,519.14,False
T003129,Transamerica,Porto Alegre,3,311.32,933.97,False
T003130,Rede Nacional,Belo Horizonte,1,221.61,221.61,False
T003132,Rede Nacional,Vitória da Conquista,2,163.09,326.19,False
T003133,Rede Nacional,Curitiba,3,256.23,768.68,False
T003136,Hotel Local,Brasília,4,466.27,1865.08,True
T003138,Hotel Local,Curitiba,3,242.98,728.94,False
T003140,Rede Nacional,Belo Horizonte,1,226.69,226.69,False
T003141,Rede Nacional,Rio de Janeiro,4,287.75,1151.0,False
T003142,Intercity,Vitória da Conquista,5,220.65,1103.24,False
T003143,Rede Nacional,Manaus,1,288.08,288.08,False
T003144,Accor,Feira de Santana,2,245.02,490.04,True
T003145,Hotel Local,Ilhéus,1,210.36,210.36,False
T003147,Intercity,Brasília,1,241.36,241.36,False
T003149,Rede Nacional,Curitiba,2,318.67,637.34,False
T003150,Hotel Local,São Paulo,1,427.15,427.15,False
T003151,Transamerica,Brasília,5,366.44,1832.22,False
T003152,Intercity,Recife,2,318.82,637.64,False
T003153,Rede Nacional,Brasília,10,346.4,3464.04,False
T003155,Accor,Feira de Santana,3,230.69,692.07,False
T003156,Accor,São Paulo,1,417.55,417.55,False
T003159,Transamerica,Rio de Janeiro,1,598.28,598.28,True
T003160,Hotel Local,Fortaleza,2,288.75,577.5,False
T003162,Intercity,São Paulo,1,358.54,358.54,False
T003163,Transamerica,São Paulo,5,355.4,1777.02,False
T003164,Accor,São Paulo,4,438.28,1753.13,False
T003165,Intercity,Feira de Santana,2,197.83,395.66,False
T003166,Rede Nacional,Rio de Janeiro,7,367.11,2569.75,False
T003167,Intercity,Fortaleza,2,365.01,730.02,False
T003168,Hotel Local,São Paulo,1,386.6,386.6,False
T003169,Rede Nacional,Belo Horizonte,1,288.59,288.59,False
T003170,Intercity,Porto Alegre,2,350.83,701.65,False
T003172,Transamerica,São Paulo,1,444.41,444.41,False
T003173,Accor,São Paulo,1,334.53,334.53,False
T003176,Rede Nacional,Rio de Janeiro,1,279.11,279.11,False
T003179,Intercity,Fortaleza,2,249.62,499.23,False
T003181,Hotel Local,Feira de Santana,1,197.55,197.55,False
T003183,Hotel Local,São Paulo,1,390.25,390.25,False
T003184,Hotel Local,Aracaju,3,311.74,935.23,True
T003185,Rede Nacional,Recife,3,288.86,866.58,False
T003186,Accor,Feira de Santana,3,250.02,750.07,True
T003187,Accor,São Paulo,4,477.72,1910.87,True
T003188,Transamerica,Vitória da Conquista,2,218.66,437.32,False
T003189,Accor,Recife,1,351.76,351.76,False
T003190,Accor,Curitiba,4,254.59,1018.36,False
T003193,Hotel Local,Rio de Janeiro,3,368.07,1104.21,False
T003198,Hotel Local,Porto Alegre,1,252.47,252.47,False
T003199,Transamerica,Campinas,3,527.91,1583.72,True
T003200,Accor,Belo Horizonte,3,306.94,920.81,False
T003201,Accor,Belo Horizonte,2,287.95,575.89,False
T003202,Rede Nacional,Campinas,2,379.85,759.7,False
T003203,Rede Nacional,Aracaju,4,291.05,1164.19,False
T003204,Intercity,SP - São Paulo,2,375.21,750.41,False
T003205,Hotel Local,Fortaleza,3,287.59,862.76,False
T003206,Hotel Local,Campinas,5,288.63,1443.16,False
T003207,Intercity,Belo Horizonte,1,234.17,234.17,False
T003208,Hotel Local,Vitória da Conquista,1,224.78,224.78,False
T003209,Transamerica,Brasília,2,525.96,1051.92,True
T003210,Accor,Fortaleza,3,218.05,654.16,False
T003212,Accor,São Paulo,3,456.32,1368.95,True
T003213,Rede Nacional,Belo Horizonte,1,202.68,202.68,False
T003214,Accor,Rio de Janeiro,1,315.8,315.8,False
T003215,Rede Nacional,Campinas,1,271.03,271.03,False
T003216,Accor,Aracaju,2,213.61,427.22,False
T003217,Intercity,Vitória da Conquista,2,194.56,389.13,False
T003218,Accor,Brasília,3,527.59,1582.78,False
T003219,Hotel Local,Vitória da Conquista,2,183.26,366.53,False
T003220,Hotel Local,Brasília,2,274.82,549.64,False
T003221,Hotel Local,São Paulo,8,344.88,2759.01,False
T003222,Rede Nacional,Belo Horizonte,2,254.79,509.58,False
T003223,Intercity,Brasília,6,294.92,1769.51,False
T003226,Transamerica,Fortaleza,3,272.49,817.48,False
T003227,Intercity,São Paulo,1,435.55,435.55,False
T003229,Hotel Local,Campinas,3,297.74,893.23,False
T003230,Accor,Belo Horizonte,4,315.9,1263.61,False
T003232,Accor,Fortaleza,2,314.47,628.94,False
T003233,Intercity,Recife,5,313.38,1566.89,False
T003234,Hotel Local,Brasilia,1,262.34,262.34,False
T003235,Hotel Local,Rio de Janeiro,2,249.43,498.86,False
T003236,Hotel Local,Recife,2,222.03,444.06,False
T003237,Transamerica,Belo Horizonte,2,278.3,556.6,False
T003238,Accor,Brasília,10,390.3,3903.01,False
T003239,Hotel Local,Curitiba,1,339.78,339.78,False
T003240,Transamerica,Rio de Janeiro,4,484.7,1938.8,True
T003241,Rede Nacional,Fortaleza,2,366.16,732.32,False
T003242,Accor,Fortaleza,1,279.65,279.65,False
T003244,Intercity,Fortaleza,1,257.72,257.72,False
T003245,Transamerica,Recife,5,391.02,1955.12,True
T003246,Rede Nacional,Porto Alegre,1,284.51,284.51,False
T003247,Intercity,São Paulo,2,301.17,602.34,False
T003248,Rede Nacional,São Paulo,3,329.19,987.56,False
T003249,Rede Nacional,São Paulo,6,323.89,1943.32,False
T003250,Rede Nacional,Ilhéus,3,273.23,819.68,False
T003251,Hotel Local,Belo Horizonte,7,259.85,1818.94,False
T003252,Hotel Local,Brasília,2,304.29,608.59,False
T003254,Rede Nacional,Campinas,3,267.03,801.1,False
T003255,Accor,Brasília,1,365.33,365.33,False
T003256,Rede Nacional,São Paulo,3,352.68,1058.05,False
T003257,Hotel Local,Fortaleza,4,339.12,1356.49,False
T003260,Accor,São Paulo,6,396.06,2376.34,False
T003261,Intercity,Recife,3,446.49,1339.46,True
T003262,Hotel Local,Rio de Janeiro,2,427.52,855.03,False
T003264,Rede Nacional,Feira de Santana,3,161.09,483.28,False
T003265,Hotel Local,São Paulo,5,402.63,2013.16,False
T003267,Rede Nacional,Porto Alegre,1,240.45,240.45,False
T003268,Accor,São Paulo,3,675.47,2026.42,True
T003269,Transamerica,São Paulo,3,429.69,1289.08,False
T003271,Rede Nacional,Ilhéus,4,297.63,1190.53,False
T003274,Transamerica,Curitiba,4,430.48,1721.93,True
T003275,Intercity,Recife,2,245.86,491.72,False
T003277,Intercity,São Paulo,7,432.61,3028.24,False
T003278,Intercity,Recife,2,261.92,523.84,False
T003279,Accor,Brasília,3,561.85,1685.54,True
T003280,Transamerica,São Paulo,4,464.43,1857.7,True
T003281,Accor,Ilhéus,6,283.26,1699.54,False
T003282,Hotel Local,Rio de Janeiro,4,333.87,1335.48,False
T003284,Rede Nacional,São Paulo,1,363.32,363.32,False
T003285,Hotel Local,Ilhéus,3,160.35,481.04,False
T003286,Accor,São Paulo,2,449.64,899.28,False
T003288,Hotel Local,São Paulo,2,336.55,673.11,False
T003289,Hotel Local,Manaus,1,239.08,239.08,False
T003293,Rede Nacional,Brasília,2,356.22,712.45,False
T003294,Accor,Belo Horizonte,1,267.6,267.6,False
T003295,Hotel Local,Brasília,3,299.4,898.19,False
T003296,Hotel Local,Curitiba,3,251.88,755.64,False
T003297,Rede Nacional,São Paulo,3,323.55,970.65,False
T003298,Hotel Local,Brasília,4,329.46,1317.85,False
T003300,Intercity,Belo Horizonte,3,234.31,702.92,False
T003301,Accor,Belo Horizonte,2,293.42,586.84,False
T003303,Hotel Local,São Paulo,1,426.51,426.51,False
T003304,Hotel Local,Brasília,1,353.56,353.56,False
T003305,Accor,Recife,2,272.49,544.97,False
T003306,Hotel Local,Manaus,1,322.48,322.48,False
T003307,Hotel Local,são paulo,2,341.05,682.11,False
T003308,Rede Nacional,São Paulo,5,358.37,1791.87,False
T003310,Accor,Recife,1,307.64,307.64,False
T003311,Rede Nacional,São Paulo,2,462.1,924.2,False
T003312,Hotel Local,São Paulo,2,298.94,597.89,False
T003316,Rede Nacional,Feira de Santana,4,185.48,741.92,False
T003318,Intercity,São Paulo,5,498.13,2490.65,True
T003319,Hotel Local,Recife,1,343.49,343.49,False
T003320,Hotel Local,Rio de Janeiro,1,391.54,391.54,False
T003321,Accor,São Paulo,1,490.59,490.59,True
T003322,Hotel Local,Recife,8,289.69,2317.49,False
T003323,Hotel Local,São Paulo,3,378.46,1135.38,False
T003324,Accor,Manaus,4,343.63,1374.54,False
T003325,Accor,Brasília,1,373.4,373.4,False
T003326,Accor,Brasília,5,350.16,1750.8,False
T003327,Intercity,Belo Horizonte,1,342.76,342.76,False
T003329,Accor,Rio de Janeiro,2,388.49,776.98,False
T003330,Hotel Local,Feira de Santana,2,207.85,415.7,False
T003331,Hotel Local,Rio,3,302.75,908.24,False
T003332,Accor,Rio de Janeiro,1,373.88,373.88,False
T003333,Accor,Fortaleza,2,342.02,684.05,False
T003334,Rede Nacional,Feira de Santana,3,140.13,420.38,False
T003335,Rede Nacional,Rio de Janeiro,3,313.29,939.86,False
T003336,Rede Nacional,São Paulo,1,367.07,367.07,False
T003337,Hotel Local,Feira de Santana,1,178.57,178.57,False
T003338,Hotel Local,Recife,3,420.87,1262.62,True
T003339,Hotel Local,Rio de Janeiro,3,281.98,845.94,False
T003340,Intercity,Brasília,3,354.49,1063.46,False
T003341,Transamerica,Belo Horizonte,4,405.69,1622.75,True
T003342,Transamerica,São Paulo,1,397.74,397.74,False
T003343,Hotel Local,Recife,3,216.94,650.83,False
T003344,Hotel Local,Ilhéus,2,269.31,538.61,False
T003345,Rede Nacional,São Paulo,2,343.77,687.54,False
T003346,Rede Nacional,São Paulo,3,328.52,985.56,False
T003347,Transamerica,Brasília,2,347.88,695.75,False
T003349,Rede Nacional,São Paulo,4,359.61,1438.46,False
T003350,Accor,São Paulo,1,590.99,590.99,True
T003352,Hotel Local,Manaus,4,253.23,1012.91,False
T003353,Hotel Local,Fortaleza,4,250.89,1003.56,False
T003354,Hotel Local,Ilhéus,3,222.23,666.7,False
T003355,Accor,São Paulo,3,448.86,1346.59,True
T003356,Hotel Local,Fortaleza,1,316.13,316.13,False
T003357,Hotel Local,São Paulo,1,347.02,347.02,False
T003358,Accor,Campinas,2,379.76,759.51,False
T003359,Hotel Local,Brasília,5,234.42,1172.12,False
T003363,Rede Nacional,Brasília,2,303.79,607.58,False
T003364,Accor,Recife,3,268.95,806.84,False
T003366,Transamerica,Vitória da Conquista,2,238.96,477.92,False
T003367,Hotel Local,São Paulo,3,390.57,1171.7,False
T003369,Hotel Local,São Paulo,2,297.88,595.76,False
T003370,Accor,Brasília,3,372.54,1117.62,False
T003371,Rede Nacional,Fortaleza,1,243.61,243.61,False
T003372,Hotel Local,Aracaju,2,241.79,483.59,False
T003373,Transamerica,Recife,4,233.79,935.18,False
T003375,Rede Nacional,Fortaleza,1,277.6,277.6,False
T003376,Accor,Belo Horizonte,2,291.57,583.14,False
T003377,Hotel Local,São Paulo,2,434.6,869.19,False
T003378,Hotel Local,Recife,2,242.76,485.53,False
T003379,Accor,Fortaleza,4,376.94,1507.77,False
T003381,Accor,Manaus,2,335.26,670.52,False
T003382,Intercity,Vitória da Conquista,3,234.09,702.26,False
T003383,Rede Nacional,Rio de Janeiro,2,449.11,898.22,True
T003384,Rede Nacional,Brasília,4,309.12,1236.49,False
T003385,Hotel Local,Recife,3,256.04,768.11,False
T003386,Hotel Local,Manaus,4,242.21,968.86,False
T003387,Intercity,Porto Alegre,3,323.52,970.57,False
T003388,Accor,Fortaleza,2,378.46,756.92,True
T003389,Rede Nacional,Campinas,2,286.13,572.26,False
T003391,Accor,Recife,5,347.9,1739.48,False
T003392,Rede Nacional,São Paulo,4,484.12,1936.48,False
T003393,Accor,Campinas,2,332.8,665.6,False
T003394,Hotel Local,Porto Alegre,2,314.36,628.71,False
T003395,Hotel Local,Rio de Janeiro,8,352.34,2818.73,False
T003396,Transamerica,São Paulo,4,422.13,1688.52,False
T003397,Hotel Local,Feira de Santana,3,138.6,415.8,False
T003398,Hotel Local,Recife,1,252.19,252.19,False
T003399,Rede Nacional,Rio de Janeiro,3,310.36,931.07,False
T003400,Intercity,Brasilia,2,339.01,678.01,False
T003405,Rede Nacional,Brasília,3,264.24,792.71,False
T003406,Accor,São Paulo,4,438.62,1754.49,False
T003407,Accor,Brasília,8,348.62,2788.94,False
T003408,Hotel Local,Campinas,2,239.44,478.88,False
T003409,Hotel Local,Belo Horizonte,2,327.26,654.53,False
T003410,Transamerica,Feira de Santana,1,218.7,218.7,False
T003411,Hotel Local,São Paulo,5,421.22,2106.1,False
T003412,Transamerica,Vitória da Conquista,1,280.59,280.59,True
T003413,Hotel Local,Recife,1,241.6,241.6,False
T003414,Transamerica,São Paulo,2,365.76,731.52,False
T003416,Hotel Local,São Paulo,2,434.43,868.86,True
T003418,Hotel Local,Recife,3,281.92,845.77,False
T003419,Rede Nacional,Rio de Janeiro,2,348.82,697.64,False
T003420,Accor,Recife,1,334.13,334.13,True
T003421,Rede Nacional,Belo Horizonte,2,302.72,605.45,False
T003422,Rede Nacional,São Paulo,1,347.74,347.74,False
T003423,Rede Nacional,São Paulo,3,295.65,886.95,False
T003425,Transamerica,Manaus,3,374.41,1123.24,False
T003426,Accor,Vitoria da Conquista,2,300.79,601.58,True
T003427,Intercity,Manaus,3,287.72,863.17,False
T003428,Intercity,Curitiba,3,329.68,989.05,False
T003430,Rede Nacional,Curitiba,1,209.56,209.56,False
T003431,Intercity,Belo Horizonte,1,304.93,304.93,False
T003432,Rede Nacional,Brasília,3,284.47,853.41,False
T003433,Rede Nacional,São Paulo,1,404.8,404.8,False
T003435,Rede Nacional,Porto Alegre,2,240.12,480.23,False
T003436,Accor,Recife,2,345.53,691.06,True
T003437,Rede Nacional,Belo Horizonte,4,420.64,1682.56,False
T003438,Hotel Local,Fortaleza,5,226.5,1132.49,False
T003439,Rede Nacional,São Paulo,1,399.1,399.1,False
T003440,Rede Nacional,Rio de Janeiro,4,274.12,1096.48,False
T003442,Hotel Local,Vitória da Conquista,5,295.73,1478.66,False
T003443,Accor,Porto Alegre,3,322.2,966.6,False
T003444,Hotel Local,Vitória da Conquista,5,241.06,1205.32,False
T003445,Accor,São Paulo,4,432.25,1729.02,False
T003447,Accor,Rio de Janeiro,2,439.34,878.68,True
T003448,Intercity,São Paulo,2,429.24,858.49,True
T003449,Accor,São Paulo,2,346.86,693.72,False
T003450,Intercity,Recife,3,279.23,837.69,False
T003451,Hotel Local,São Paulo,4,280.29,1121.17,False
T003452,Accor,Campinas,4,243.32,973.3,False
T003453,Transamerica,Campinas,4,378.63,1514.52,False
T003454,Hotel Local,São Paulo,5,340.41,1702.07,False
T003455,Hotel Local,São Paulo,4,410.32,1641.28,False
T003456,Accor,Sao Paulo,1,648.36,648.36,True
T003457,Hotel Local,Rio de Janeiro,3,370.55,1111.64,False
T003458,Hotel Local,Recife,2,261.34,522.69,False
T003459,Accor,Porto Alegre,3,342.67,1028.01,False
T003460,Intercity,São Paulo,5,516.94,2584.71,True
T003462,Accor,Campinas,3,373.08,1119.24,True
T003463,Accor,Aracaju,2,230.15,460.3,False
T003464,Rede Nacional,Recife,3,263.95,791.86,False
T003465,Intercity,Feira de Santana,2,209.59,419.18,False
T003466,Hotel Local,Rio de Janeiro,2,302.95,605.9,False
T003467,Accor,Brasília,1,376.61,376.61,False
T003468,Hotel Local,São Paulo,1,273.6,273.6,False
T003469,Intercity,Recife,1,352.57,352.57,False
T003471,Rede Nacional,São Paulo,1,319.35,319.35,False
T003472,Accor,Recife,1,286.98,286.98,False
T003473,Hotel Local,São Paulo,2,345.07,690.14,False
T003474,Accor,Vitória da Conquista,1,276.53,276.53,False
T003475,Accor,Campinas,2,318.59,637.17,False
T003476,Accor,são paulo,3,349.33,1047.99,False
T003477,Hotel Local,Rio de Janeiro,1,227.56,227.56,False
T003478,Hotel Local,Fortaleza,3,352.6,1057.79,True
T003479,Hotel Local,Vitória da Conquista,1,230.49,230.49,False
T003480,Hotel Local,São Paulo,4,484.65,1938.58,False
T003482,Hotel Local,São Paulo,5,332.6,1662.99,False
T003483,Intercity,Sao Paulo,1,439.76,439.76,False
T003484,Transamerica,Belo Horizonte,4,245.97,983.87,False
T003486,Hotel Local,Porto Alegre,3,307.77,923.31,False
T003487,Accor,São Paulo,2,316.17,632.34,False
T003488,Rede Nacional,Fortaleza,1,334.79,334.79,False
T003489,Rede Nacional,São Paulo,3,375.05,1125.15,False
T003491,Intercity,São Paulo,3,350.42,1051.27,False
T003492,Hotel Local,Campinas,1,270.4,270.4,False
T003493,Transamerica,Recife,4,309.05,1236.21,False
T003494,Hotel Local,Recife,2,327.0,654.0,True
T003495,Rede Nacional,Brasília,1,287.67,287.67,False
T003496,Accor,Brasília,2,307.88,615.75,False
T003497,Intercity,Vitória da Conquista,2,280.89,561.79,True
T003498,Hotel Local,São Paulo,3,381.23,1143.7,False
T003499,Accor,São Paulo,3,444.8,1334.39,True
T003500,Rede Nacional,Porto Alegre,4,264.22,1056.89,False
T003503,Rede Nacional,Rio de Janeiro,2,353.75,707.51,False
T003505,Intercity,Brasília,1,518.6,518.6,False
T003506,Intercity,Fortaleza,3,219.46,658.38,False
T003509,Accor,São Paulo,1,422.62,422.62,False
T003510,Hotel Local,São Paulo,2,358.92,717.85,False
T003511,Hotel Local,São Paulo,5,416.31,2081.54,False
T003512,Hotel Local,Belo Horizonte,1,230.78,230.78,False
T003513,Accor,Vitória da Conquista,3,232.61,697.83,False
T003514,Accor,Rio de Janeiro,2,555.73,1111.46,True
T003515,Accor,Brasília,5,367.51,1837.57,False
T003516,Intercity,Brasília,4,302.91,1211.65,False
T003517,Rede Nacional,Recife,1,310.7,310.7,False
T003518,Hotel Local,Campinas,3,264.78,794.34,False
T003519,Rede Nacional,Rio de Janeiro,1,291.55,291.55,False
T003521,Accor,São Paulo,4,496.34,1985.38,True
T003522,Accor,São Paulo,3,399.0,1196.99,False
T003523,Rede Nacional,Campinas,1,308.4,308.4,False
T003524,Intercity,Rio de Janeiro,1,375.6,375.6,False
T003525,Rede Nacional,São Paulo,5,454.55,2272.73,False
T003526,Accor,Curitiba,2,270.27,540.55,False
T003527,Hotel Local,Ilhéus,2,188.0,376.01,False
T003528,Rede Nacional,Curitiba,2,309.16,618.33,False
T003529,Hotel Local,Curitiba,1,238.62,238.62,False
T003530,,Curitiba,4,370.91,1483.63,True
T003531,Rede Nacional,São Paulo,2,540.55,1081.1,False
T003532,Rede Nacional,Rio de Janeiro,1,301.54,301.54,False
T003533,Rede Nacional,Brasília,2,399.81,799.62,False
T003534,Accor,Belo Horizonte,3,309.96,929.87,False
T003535,Transamerica,Brasília,3,386.26,1158.78,False
T003536,Transamerica,Brasília,1,268.05,268.05,False
T003539,Accor,São Paulo,3,683.55,2050.66,True
T003541,Rede Nacional,Curitiba,3,249.93,749.78,False
T003542,Rede Nacional,São Paulo,1,465.03,465.03,True
T003543,Transamerica,São Paulo,1,571.38,571.38,True
T003544,Hotel Local,Porto Alegre,5,218.15,1090.74,False
T003547,Hotel Local,Manaus,4,396.08,1584.3,False
T003548,Accor,São Paulo,5,346.69,1733.46,False
T003549,Hotel Local,Recife,4,222.31,889.23,False
T003550,Transamerica,São Paulo,4,579.59,2318.35,True
T003552,Intercity,Recife,2,384.11,768.22,False
T003553,Transamerica,Campinas,2,339.56,679.13,False
T003554,Rede Nacional,São Paulo,1,340.55,340.55,False
T003555,Hotel Local,Curitiba,2,202.29,404.57,False
T003556,Accor,Rio de Janeiro,3,388.56,1165.67,False
T003557,Intercity,Recife,2,382.47,764.94,False
T003558,Accor,Feira de Santana,3,218.04,654.13,False
T003559,Transamerica,São Paulo,2,604.59,1209.18,True
T003560,Accor,Porto Alegre,3,360.75,1082.24,True
T003562,Hotel Local,Fortaleza,2,269.04,538.08,False
T003563,Hotel Local,São Paulo,2,681.46,1362.92,True
T003564,Accor,Curitiba,1,406.66,406.66,True
T003565,Intercity,Aracaju,1,190.32,190.32,False
T003566,Accor,Vitória da Conquista,1,234.17,234.17,False
T003567,Rede Nacional,Brasília,2,471.67,943.34,False
T003569,Accor,Recife,1,418.29,418.29,True
T003570,Rede Nacional,Porto Alegre,2,284.02,568.03,False
T003571,Accor,São Paulo,3,350.81,1052.43,False
T003572,Accor,Porto Alegre,1,302.86,302.86,False
T003573,Hotel Local,Manaus,1,305.48,305.48,False
T003574,Accor,Sao Paulo,1,391.83,391.83,False
T003576,Hotel Local,Fortaleza,3,283.92,851.77,False
T003577,Intercity,Rio de Janeiro,3,341.52,1024.55,False
T003579,Rede Nacional,Feira de Santana,1,193.28,193.28,False
T003580,Rede Nacional,São Paulo,1,407.98,407.98,False
T003581,Accor,Brasília,3,385.04,1155.12,False
T003582,Rede Nacional,Brasília,3,288.2,864.6,False
T003583,Intercity,Recife,3,276.44,829.31,False
T003584,Hotel Local,São Paulo,3,361.42,1084.25,False
T003585,Intercity,Porto Alegre,1,347.85,347.85,False
T003586,Rede Nacional,Rio de Janeiro,4,395.61,1582.42,False
T003587,Hotel Local,Rio de Janeiro,1,303.49,303.49,False
T003588,Hotel Local,São Paulo,3,336.28,1008.83,False
T003589,Hotel Local,São Paulo,1,350.88,350.88,False
T003591,Hotel Local,Curitiba,3,241.58,724.75,False
T003592,Intercity,Brasília,3,481.94,1445.81,False
T003593,Accor,São Paulo,3,548.08,1644.23,True
T003595,Hotel Local,Feira de Santana,4,184.89,739.54,False
T003596,Rede Nacional,Rio de Janeiro,3,311.35,934.06,False
T003597,Hotel Local,Recife,1,206.84,206.84,False
T003598,Transamerica,Brasília,4,467.7,1870.79,True
T003599,Transamerica,Feira de Santana,1,270.33,270.33,True
T003600,Accor,Brasília,2,345.96,691.93,False
T003601,Intercity,Fortaleza,2,255.06,510.12,False
T003603,Hotel Local,Feira de Santana,3,188.2,564.6,False
T003604,Hotel Local,Rio de Janeiro,1,424.8,424.8,True
T003605,Accor,Belo Horizonte,5,243.53,1217.64,False
T003606,Hotel Local,São Paulo,2,330.97,661.93,False
T003607,Intercity,Fortaleza,2,367.63,735.27,True
T003608,Hotel Local,Belo Horizonte,4,247.15,988.58,False
T003609,Hotel Local,São Paulo,2,289.93,579.85,False
T003610,Hotel Local,Rio de Janeiro,1,373.13,373.13,False
T003611,Transamerica,Feira de Santana,2,189.8,379.6,False
T003612,Hotel Local,São Paulo,5,469.02,2345.09,False
T003613,Hotel Local,São Paulo,3,358.86,1076.57,False
T003614,Intercity,RIO DE JANEIRO,4,403.86,1615.43,False
T003615,Rede Nacional,São Paulo,2,405.8,811.59,False
T003616,Transamerica,Feira de Santana,3,245.28,735.83,False
T003617,Rede Nacional,Ilhéus,2,171.08,342.17,False
T003618,Rede Nacional,São Paulo,2,403.34,806.68,False
T003620,Hotel Local,Feira de Santana,1,162.5,162.5,False
T003621,Accor,São Paulo,3,452.23,1356.7,True
T003622,Rede Nacional,São Paulo,3,287.12,861.36,False
T003623,Hotel Local,Brasília,2,290.87,581.73,False
T003624,Rede Nacional,São Paulo,2,431.03,862.05,True
T003625,Hotel Local,Rio de Janeiro,1,328.81,328.81,False
T003626,Hotel Local,Belo Horizonte,2,194.06,388.12,False
T003628,Accor,São Paulo,3,443.1,1329.3,False
T003629,Intercity,Rio de Janeiro,2,441.49,882.99,True
T003630,Rede Nacional,Recife,2,190.97,381.94,False
T003633,Rede Nacional,São Paulo,1,454.37,454.37,False
T003634,Rede Nacional,São Paulo,1,328.2,328.2,False
T003635,Hotel Local,São Paulo,1,412.32,412.32,False
T003636,Hotel Local,Fortaleza,4,303.24,1212.95,False
T003637,Transamerica,Ilhéus,3,220.26,660.79,False
T003638,Hotel Local,Recife,1,282.28,282.28,False
T003639,Hotel Local,São Paulo,2,328.4,656.8,False
T003640,Hotel Local,São Paulo,7,365.35,2557.45,False
T003642,Rede Nacional,Fortaleza,6,285.68,1714.07,False
T003643,Hotel Local,Brasília,8,296.98,2375.82,False
T003645,Hotel Local,Rio de Janeiro,3,379.38,1138.13,False
T003646,Hotel Local,Brasilia,2,284.29,568.58,False
T003647,Transamerica,Rio de Janeiro,3,331.17,993.51,False
T003648,Transamerica,Sao Paulo,2,452.47,904.94,True
T003649,Accor,Campinas,2,283.35,566.7,False
T003650,Rede Nacional,Manaus,2,256.46,512.92,False
T003651,Hotel Local,Brasília,3,341.57,1024.71,False
T003652,Rede Nacional,Campinas,2,291.34,582.67,False
T003653,Intercity,Vitória da Conquista,3,248.17,744.52,False
T003654,Accor,Feira de Santana,6,215.37,1292.22,False
T003656,Hotel Local,Recife,1,242.66,242.66,False
T003658,Transamerica,Vitória da Conquista,4,253.37,1013.49,False
T003659,Rede Nacional,Campinas,2,326.28,652.56,False
T003662,Rede Nacional,Campinas,1,330.71,330.71,False
T003664,Intercity,Belo Horizonte,1,302.97,302.97,False
T003666,Intercity,Rio de Janeiro,1,557.76,557.76,True
T003667,Accor,Vitória da Conquista,2,244.24,488.48,False
T003669,Hotel Local,Curitiba,1,233.02,233.02,False
T003670,Hotel Local,Brasília,4,249.52,998.1,False
T003671,Transamerica,Recife,2,296.41,592.83,False
T003672,Accor,Belo Horizonte,2,342.98,685.97,True
T003673,Intercity,Brasília,1,297.58,297.58,False
T003675,Hotel Local,Brasília,3,427.33,1281.99,True
T003676,Accor,São Paulo,6,462.57,2775.4,False
T003677,Accor,Recife,4,296.09,1184.34,False
T003678,Rede Nacional,Curitiba,3,329.64,988.91,False
T003679,Accor,Rio de Janeiro,4,390.58,1562.32,False
T003681,Rede Nacional,Brasília,4,265.1,1060.39,False
T003683,Transamerica,Porto Alegre,1,277.52,277.52,False
T003684,Transamerica,São Paulo,1,361.63,361.63,False
T003685,Hotel Local,Brasília,2,431.92,863.83,True
T003686,Transamerica,Campinas,3,455.65,1366.94,True
T003687,Accor,Recife,1,321.9,321.9,False
T003689,Transamerica,Fortaleza,1,299.25,299.25,False
T003690,Intercity,São Paulo,1,686.96,686.96,True
T003691,Accor,Feira de Santana,1,203.73,203.73,False
T003692,Hotel Local,Rio de Janeiro,2,336.3,672.59,False
T003693,Rede Nacional,São Paulo,1,376.51,376.51,False
T003695,Hotel Local,Brasília,2,314.74,629.47,False
T003696,Intercity,Fortaleza,2,327.37,654.74,False
T003698,Rede Nacional,Curitiba,3,202.3,606.89,False
T003701,Accor,São Paulo,3,700.41,2101.24,True
T003702,Intercity,Porto Alegre,1,303.94,303.94,False
T003703,Accor,Brasília,4,357.78,1431.11,False
T003704,Transamerica,São Paulo,4,502.37,2009.47,True
T003705,Intercity,Belo Horizonte,1,248.17,248.17,False
T003706,Accor,Campinas,3,405.05,1215.15,False
T003707,Rede Nacional,Curitiba,3,263.83,791.48,False
T003711,Intercity,São Paulo,1,469.93,469.93,True
T003712,Transamerica,Belo Horizonte,3,267.75,803.24,False
T003713,,Vitória da Conquista,1,240.44,240.44,False
T003714,Rede Nacional,Belo Horizonte,1,346.21,346.21,True
T003715,Accor,São Paulo,4,452.86,1811.43,False
T003716,Accor,Recife,3,307.78,923.33,False
T003717,Rede Nacional,Fortaleza,1,294.97,294.97,False
T003719,Hotel Local,São Paulo,1,361.27,361.27,False
T003721,Accor,Porto Alegre,3,439.09,1317.27,False
T003722,Hotel Local,São Paulo,2,421.42,842.83,False
T003723,Accor,Vitória da Conquista,1,252.49,252.49,False
T003724,Rede Nacional,São Paulo,2,419.35,838.71,False
T003725,Accor,Brasília,2,347.41,694.83,False
T003726,Hotel Local,Campinas,3,336.19,1008.58,False
T003727,Accor,São Paulo,3,353.11,1059.34,False
T003728,Accor,São Paulo,2,454.14,908.29,False
T003729,Accor,Belo Horizonte,3,312.7,938.09,False
T003732,Transamerica,São Paulo,3,428.2,1284.6,False
T003733,Intercity,Vitória da Conquista,2,206.39,412.78,False
T003735,Intercity,Recife,2,285.88,571.75,False
T003736,Accor,Recife,1,324.73,324.73,False
T003737,Accor,Manaus,1,391.46,391.46,False
T003738,Accor,Vitória da Conquista,1,209.45,209.45,False
T003739,Rede Nacional,Brasília,4,416.28,1665.13,True
T003740,Hotel Local,São Paulo,5,371.7,1858.51,False
T003742,Intercity,Campinas,5,320.32,1601.61,False
T003743,Transamerica,São Paulo,7,431.95,3023.68,False
T003744,Intercity,São Paulo,3,413.3,1239.9,False
T003746,Intercity,Belo Horizonte,2,248.59,497.19,False
T003747,Hotel Local,Belo Horizonte,2,216.65,433.3,False
T003748,Intercity,Vitória da Conquista,3,192.2,576.6,False
T003749,Intercity,Porto Alegre,1,432.11,432.11,True
T003750,Accor,Brasília,2,525.32,1050.65,False
T003751,Accor,Fortaleza,3,313.02,939.05,False
T003752,Hotel Local,Recife,1,266.37,266.37,False
T003753,Accor,Belo Horizonte,1,331.33,331.33,True
T003754,Intercity,Brasília,9,450.76,4056.83,True
T003755,Hotel Local,Brasília,2,393.82,787.65,False
T003756,Rede Nacional,São Paulo,3,343.51,1030.52,False
T003758,Hotel Local,Curitiba,2,249.95,499.9,False
T003759,Intercity,São Paulo,4,476.55,1906.21,True
T003760,Hotel Local,Fortaleza,1,308.21,308.21,False
T003761,Transamerica,Fortaleza,7,394.75,2763.27,True
T003762,Rede Nacional,Aracaju,2,185.21,370.42,False
T003763,Intercity,Fortaleza,4,313.31,1253.23,False
T003764,Rede Nacional,São Paulo,5,347.42,1737.11,False
T003765,Accor,São Paulo,3,568.02,1704.06,True
T003766,Rede Nacional,São Paulo,1,409.83,409.83,False
T003767,Rede Nacional,Curitiba,4,270.06,1080.26,False
T003768,Intercity,São Paulo,2,410.69,821.39,False
T003769,Intercity,Feira de Santana,2,191.65,383.31,False
T003772,Rede Nacional,Porto Alegre,3,462.59,1387.78,False
T003773,Intercity,Aracaju,3,292.16,876.49,True
T003775,Hotel Local,Recife,1,249.64,249.64,False
T003776,Intercity,Rio de Janeiro,1,631.9,631.9,True
T003777,Accor,Manaus,3,442.9,1328.71,True
T003778,Hotel Local,Porto Alegre,1,214.25,214.25,False
T003779,Accor,Fortaleza,1,340.43,340.43,False
T003780,Rede Nacional,São Paulo,1,450.5,450.5,False
T003781,Accor,Rio de Janeiro,2,389.62,779.25,False
T003782,Accor,Rio de Janeiro,2,505.75,1011.5,True
T003783,Intercity,Vitória da Conquista,3,290.62,871.86,True
T003784,Transamerica,Vitória da Conquista,3,278.72,836.17,False
T003786,Rede Nacional,Campinas,5,230.12,1150.59,False
T003787,Transamerica,São Paulo,1,431.4,431.4,False
T003788,Hotel Local,São Paulo,1,439.01,439.01,False
T003789,Accor,Feira de Santana,3,235.64,706.91,False
T003791,Accor,Brasília,2,513.17,1026.33,True
T003792,Hotel Local,Fortaleza,3,202.9,608.69,False
T003793,Intercity,Fortaleza,1,261.87,261.87,False
T003794,Transamerica,São Paulo,3,451.62,1354.87,True
T003795,Intercity,Vitória da Conquista,2,297.19,594.38,True
T003796,Rede Nacional,Recife,2,277.24,554.48,False
T003797,Transamerica,Recife,1,285.65,285.65,False
T003798,Hotel Local,Rio de Janeiro,4,407.9,1631.62,False
T003799,Accor,Porto Alegre,3,251.45,754.35,False
T003800,Intercity,Recife,1,272.08,272.08,False
T003802,Hotel Local,São Paulo,1,443.5,443.5,True
T003803,Intercity,Rio de Janeiro,2,382.94,765.89,False
T003804,Rede Nacional,Rio de Janeiro,5,357.73,1788.66,False
T003805,Accor,Campinas,2,238.03,476.06,False
T003806,Rede Nacional,Curitiba,4,317.03,1268.14,False
T003807,Accor,São Paulo,7,532.52,3727.65,True
T003808,Rede Nacional,Campinas,5,343.3,1716.5,False
T003811,Rede Nacional,Ilhéus,4,322.39,1289.57,False
T003812,Accor,São Paulo,5,398.36,1991.79,False
T003813,Accor,Porto Alegre,6,370.5,2223.01,False
T003814,Intercity,Belo Horizonte,1,253.01,253.01,False
T003816,Rede Nacional,São Paulo,2,385.37,770.74,False
T003817,Accor,Belo Horizonte,3,374.43,1123.3,False
T003818,Accor,São Paulo,3,518.12,1554.36,False
T003819,Intercity,Belo Horizonte,3,208.04,624.11,False
T003820,Hotel Local,Belo Horizonte,2,293.36,586.72,False
T003821,Accor,Campinas,1,391.52,391.52,True
T003822,Hotel Local,Rio de Janeiro,1,405.41,405.41,False
T003823,Rede Nacional,Fortaleza,5,293.95,1469.77,False
T003824,Transamerica,Recife,6,333.33,1999.98,False
T003830,Rede Nacional,Curitiba,4,342.32,1369.28,False
T003831,Accor,Rio de Janeiro,2,435.36,870.72,True
T003834,Rede Nacional,Recife,3,269.2,807.61,False
T003835,Accor,Feira de Santana,2,241.52,483.04,True
T003836,Rede Nacional,Brasília,2,377.23,754.47,False
T003837,Rede Nacional,São Paulo,1,511.73,511.73,True
T003838,,São Paulo,2,365.35,730.71,False
T003839,Hotel Local,Belo Horizonte,4,229.77,919.07,False
T003840,Rede Nacional,Brasília,2,382.49,764.98,False
T003842,Rede Nacional,Rio de Janeiro,1,290.42,290.42,False
T003843,Rede Nacional,Rio de Janeiro,3,439.13,1317.4,False
T003844,Intercity,Fortaleza,2,293.45,586.89,False
T003845,Accor,Recife,1,300.49,300.49,False
T003847,Accor,Curitiba,5,334.48,1672.42,False
T003848,Transamerica,Fortaleza,1,319.78,319.78,False
T003849,Intercity,São Paulo,1,424.27,424.27,False
T003850,Hotel Local,Brasília,2,469.42,938.85,False
T003852,Hotel Local,Vitória da Conquista,1,197.11,197.11,False
T003853,Accor,Vitória da Conquista,1,239.59,239.59,False
T003854,Accor,São Paulo,4,464.11,1856.44,False
T003855,Accor,Rio,2,482.67,965.35,True
T003856,Hotel Local,Brasília,5,382.89,1914.47,False
T003858,Intercity,Rio de Janeiro,3,467.06,1401.17,False
T003860,Rede Nacional,São Paulo,2,387.01,774.02,False
T003861,Intercity,Belo Horizonte,1,260.48,260.48,False
T003862,Hotel Local,Recife,4,220.6,882.4,False
T003864,Accor,São Paulo,4,535.74,2142.96,True
T003865,Accor,Porto Alegre,2,259.57,519.13,False
T003866,Rede Nacional,Manaus,2,300.29,600.59,False
T003867,Intercity,Vitória da Conquista,2,289.68,579.36,True
T003870,Accor,Feira de Santana,1,174.02,174.02,False
T003871,Accor,São Paulo,3,585.74,1757.21,True
T003872,Hotel Local,Rio de Janeiro,1,332.34,332.34,False
T003874,Accor,Rio de Janeiro,3,407.06,1221.18,False
T003876,Transamerica,Curitiba,3,262.6,787.79,False
T003879,Rede Nacional,Brasília,2,272.54,545.09,False
T003880,Rede Nacional,Fortaleza,3,291.18,873.53,False
T003881,Accor,são paulo,3,340.07,1020.22,False
T003882,Intercity,Rio de Janeiro,1,349.96,349.96,False
T003883,Hotel Local,Rio de Janeiro,1,333.9,333.9,False
T003885,Rede Nacional,Rio de Janeiro,2,323.62,647.24,False
T003886,Rede Nacional,Brasília,3,288.4,865.21,False
T003887,Intercity,Manaus,3,303.58,910.74,False
T003889,Hotel Local,Fortaleza,3,334.28,1002.84,False
T003890,Transamerica,Manaus,1,519.78,519.78,False
T003891,Accor,Fortaleza,5,368.17,1840.83,True
T003892,Intercity,Aracaju,3,192.64,577.91,False
T003893,Intercity,São Paulo,4,573.57,2294.26,False
T003894,Accor,Recife,3,271.36,814.07,False
T003895,Hotel Local,Fortaleza,3,315.98,947.94,False
T003896,Accor,Recife,2,327.8,655.61,False
T003897,Hotel Local,Brasília,4,322.05,1288.2,False
T003898,Rede Nacional,São Paulo,2,314.09,628.18,False
T003899,Rede Nacional,Feira de Santana,2,202.44,404.88,False
T003900,Transamerica,Fortaleza,3,325.12,975.35,False
T003902,Transamerica,São Paulo,1,589.16,589.16,True
T003903,Accor,Recife,2,356.06,712.11,True
T003905,Hotel Local,Vitória da Conquista,2,187.42,374.85,False
T003906,Accor,São Paulo,2,472.48,944.96,True
T003907,Hotel Local,Campinas,2,237.7,475.4,False
T003908,Hotel Local,Fortaleza,1,285.26,285.26,False
T003909,Hotel Local,Vitória da Conquista,1,205.43,205.43,False
T003910,Accor,Belo Horizonte,3,282.49,847.47,False
T003911,Accor,Porto Alegre,6,483.35,2900.11,False
T003912,Hotel Local,Brasília,4,390.01,1560.04,False
T003913,Intercity,São Paulo,3,374.55,1123.66,False
T003914,Hotel Local,São Paulo,4,478.71,1914.86,False
T003915,Hotel Local,DF - Brasília,3,263.61,790.83,False
T003916,Rede Nacional,Brasília,1,321.77,321.77,False
T003917,Accor,Curitiba,3,362.83,1088.48,False
T003918,Rede Nacional,Campinas,2,253.79,507.58,False
T003919,Accor,São Paulo,3,483.07,1449.22,True
T003920,Hotel Local,Feira de Santana,1,174.73,174.73,False
T003921,Intercity,São Paulo,1,468.33,468.33,True
T003922,Rede Nacional,Recife,2,262.41,524.81,False
T003923,Intercity,São Paulo,2,416.63,833.27,False
T003924,Hotel Local,São Paulo,1,407.4,407.4,False
T003925,Rede Nacional,São Paulo,4,296.2,1184.82,False
T003926,Accor,Brasília,4,394.32,1577.27,False
T003927,Hotel Local,Recife,2,253.29,506.58,False
T003928,Hotel Local,Fortaleza,4,196.21,784.84,False
T003929,Hotel Local,Belo Horizonte,2,223.36,446.72,False
T003931,Intercity,São Paulo,2,422.08,844.16,False
T003932,Intercity,Brasília,2,412.21,824.41,True
T003934,Transamerica,São Paulo,1,393.95,393.95,False
T003936,Accor,Curitiba,1,311.53,311.53,False
T003937,Rede Nacional,São Paulo,1,441.62,441.62,False
T003939,Accor,Curitiba,5,277.5,1387.49,False
T003940,Hotel Local,Rio de Janeiro,2,305.0,610.01,False
T003941,Intercity,Ilhéus,2,233.54,467.07,False
T003942,Rede Nacional,Aracaju,4,311.93,1247.71,False
T003943,Rede Nacional,Ilhéus,5,239.52,1197.6,False
T003944,Intercity,Fortaleza,3,283.64,850.93,False
T003946,Transamerica,Vitória da Conquista,3,418.1,1254.3,True
T003947,Transamerica,São Paulo,2,413.46,826.91,False
T003948,Rede Nacional,Brasília,2,335.46,670.91,False
T003949,Hotel Local,Curitiba,2,214.36,428.73,False
T003950,Hotel Local,Campinas,5,297.95,1489.75,False
T003951,Rede Nacional,Belo Horizonte,6,292.82,1756.89,False
T003952,Hotel Local,São Paulo,2,365.47,730.93,False
T003953,Hotel Local,Rio de Janeiro,2,344.89,689.78,False
T003954,Rede Nacional,Brasília,4,287.64,1150.57,False
T003955,Hotel Local,Curitiba,1,204.2,204.2,False
T003956,Hotel Local,Aracaju,2,183.55,367.09,False
T003957,Hotel Local,São Paulo,1,307.66,307.66,False
T003959,Hotel Local,Manaus,5,364.32,1821.59,False
T003960,Transamerica,Curitiba,2,325.57,651.14,False
T003961,Hotel Local,São Paulo,1,415.17,415.17,False
T003962,Hotel Local,Feira de Santana,2,233.36,466.73,False
T003963,Hotel Local,Curitiba,4,307.38,1229.51,False
T003964,Transamerica,Sao Paulo,3,454.23,1362.68,True
T003965,Rede Nacional,Brasília,2,261.21,522.43,False
T003966,Transamerica,Rio de Janeiro,4,351.05,1404.21,False
T003967,Hotel Local,São Paulo,7,337.48,2362.33,False
T003968,Intercity,Campinas,1,335.07,335.07,False
T003969,Rede Nacional,Rio de Janeiro,4,357.29,1429.18,False
T003970,Transamerica,Vitória da Conquista,3,315.79,947.38,True
T003971,Hotel Local,Manaus,2,311.38,622.76,False
T003972,Hotel Local,RIO DE JANEIRO,5,323.14,1615.68,False
T003973,Transamerica,Ilhéus,3,332.26,996.77,False
T003974,Rede Nacional,Vitória da Conquista,2,191.99,383.98,False
T003975,Hotel Local,Rio de Janeiro,3,337.3,1011.9,False
T003976,Hotel Local,Feira de Santana,2,196.26,392.52,False
T003977,Transamerica,Recife,3,347.71,1043.12,True
T003978,Accor,São Paulo,5,522.53,2612.63,True
T003979,Rede Nacional,Fortaleza,5,298.27,1491.34,False
T003980,Transamerica,São Paulo,4,463.81,1855.24,True
T003981,Hotel Local,Feira de Santana,2,197.46,394.91,False
T003982,Rede Nacional,Brasília,2,330.19,660.38,False
T003983,Accor,Porto Alegre,2,331.41,662.81,False
T003984,Transamerica,São Paulo,1,464.39,464.39,True
T003985,Rede Nacional,Brasília,1,304.36,304.36,False
T003986,Intercity,São Paulo,5,508.85,2544.27,True
T003987,Accor,Brasília,4,590.13,2360.53,True
T003988,Accor,Aracaju,3,299.11,897.33,True
T003989,Rede Nacional,São Paulo,1,361.32,361.32,False
T003990,Accor,Recife,1,301.74,301.74,False
T003991,Transamerica,São Paulo,2,479.76,959.52,True
T003992,Hotel Local,Brasilia,3,274.71,824.12,False
T003993,Accor,Feira de Santana,2,218.71,437.42,False
T003995,Rede Nacional,São Paulo,2,384.88,769.75,False
T003996,Intercity,São Paulo,3,499.15,1497.45,True
T003998,Hotel Local,Curitiba,2,266.06,532.11,False
T003999,Hotel Local,Rio de Janeiro,2,341.15,682.31,False
T004000,Hotel Local,Feira de Santana,1,192.37,192.37,False
T004001,Hotel Local,Rio de Janeiro,5,477.15,2385.77,False
T004002,Rede Nacional,Rio de Janeiro,1,330.28,330.28,False
T004004,Rede Nacional,Porto Alegre,1,344.07,344.07,False
T004005,Transamerica,Aracaju,3,278.77,836.32,False
T004006,Accor,Campinas,1,306.6,306.6,False
T004007,Intercity,Campinas,3,257.75,773.25,False
T004008,Transamerica,Curitiba,1,253.81,253.81,False
T004009,Accor,Rio de Janeiro,2,432.47,864.93,True
T004010,Rede Nacional,Fortaleza,3,233.66,700.97,False
T004011,Rede Nacional,Porto Alegre,3,284.31,852.93,False
T004012,Rede Nacional,Rio de Janeiro,2,607.11,1214.21,True
T004013,Hotel Local,Porto Alegre,1,224.01,224.01,False
T004014,Hotel Local,São Paulo,3,411.96,1235.89,False
T004015,Rede Nacional,Recife,5,324.83,1624.13,False
T004016,Hotel Local,Campinas,1,276.39,276.39,False
T004017,Rede Nacional,Brasília,3,252.68,758.03,False
T004018,Rede Nacional,Brasília,7,321.59,2251.11,False
T004021,Hotel Local,São Paulo,1,316.73,316.73,False
T004022,Intercity,Recife,2,303.78,607.55,False
T004023,Rede Nacional,Recife,1,239.28,239.28,False
T004024,Hotel Local,São Paulo,2,333.29,666.57,False
T004025,Accor,Recife,2,335.86,671.73,False
T004027,Rede Nacional,Fortaleza,2,199.03,398.07,False
T004028,Hotel Local,Feira de Santana,3,164.85,494.54,False
T004029,Hotel Local,Campinas,1,318.18,318.18,False
T004030,Rede Nacional,Rio de Janeiro,2,382.62,765.24,False
T004031,Rede Nacional,Vitória da Conquista,4,235.59,942.37,False
T004032,Hotel Local,Vitória da Conquista,1,167.15,167.15,False
T004034,Intercity,Ilhéus,1,276.6,276.6,False
T004035,Rede Nacional,Rio de Janeiro,3,322.48,967.44,False
T004036,Intercity,Fortaleza,3,446.26,1338.79,True
T004038,Hotel Local,Fortaleza,3,267.88,803.64,False
T004039,Hotel Local,Aracaju,3,243.85,731.55,False
T004040,Accor,Recife,3,294.48,883.43,False
T004041,Transamerica,Rio de Janeiro,6,407.41,2444.46,False
T004043,Hotel Local,Vitória da Conquista,3,221.19,663.58,False
T004044,Hotel Local,Vitória da Conquista,3,167.91,503.73,False
T004045,Accor,Recife,2,209.82,419.63,False
T004046,Hotel Local,Rio de Janeiro,1,281.11,281.11,False
T004047,Intercity,Porto Alegre,3,285.48,856.44,False
T004048,Hotel Local,São Paulo,5,349.65,1748.27,False
T004049,Accor,são paulo,3,379.53,1138.6,False
T004050,Transamerica,Recife,2,347.81,695.62,True
T004051,Intercity,São Paulo,4,285.32,1141.29,False
T004052,Accor,Ilhéus,6,240.85,1445.11,False
T004054,Rede Nacional,São Paulo,2,277.44,554.88,False
T004055,Transamerica,Belo Horizonte,3,392.71,1178.12,True
T004056,Rede Nacional,Brasília,3,344.2,1032.6,False
T004057,Hotel Local,Brasília,1,282.03,282.03,False
T004058,Hotel Local,Rio de Janeiro,4,250.16,1000.64,False
T004059,Accor,Vitória da Conquista,2,234.85,469.7,False
T004060,Hotel Local,SP - São Paulo,1,311.98,311.98,False
T004061,Accor,Porto Alegre,3,309.42,928.27,False
T004062,Intercity,Brasília,3,302.08,906.24,False
T004063,Accor,Rio de Janeiro,5,449.1,2245.51,True
T004064,Intercity,Belo Horizonte,1,289.07,289.07,False
T004065,Hotel Local,Brasília,2,328.7,657.41,False
T004066,Hotel Local,Brasília,3,281.33,843.98,False
T004067,Intercity,Belo Horizonte,4,306.09,1224.36,False
T004069,Transamerica,Aracaju,3,241.39,724.17,False
T004070,Hotel Local,Recife,1,270.46,270.46,False
T004071,Hotel Local,Rio de Janeiro,2,452.0,903.99,True
T004072,Hotel Local,Brasília,1,329.55,329.55,False
T004073,Hotel Local,Belo Horizonte,2,243.91,487.83,False
T004074,Hotel Local,Aracaju,1,185.44,185.44,False
T004075,Hotel Local,Belo Horizonte,4,247.03,988.12,False
T004076,Accor,Brasília,3,275.38,826.15,False
T004078,Hotel Local,Brasília,4,279.82,1119.28,False
T004082,Accor,Rio de Janeiro,1,334.08,334.08,False
T004084,Rede Nacional,Feira de Santana,2,193.6,387.2,False
T004085,Hotel Local,São Paulo,3,317.79,953.37,False
T004086,Intercity,São Paulo,6,493.24,2959.44,True
T004088,Rede Nacional,Curitiba,8,323.43,2587.4,False
T004089,Hotel Local,Rio de Janeiro,1,321.23,321.23,False
T004090,Accor,Porto Alegre,3,338.97,1016.9,False
T004091,Intercity,são paulo,1,575.64,575.64,False
T004092,Intercity,Manaus,5,311.48,1557.4,False
T004096,Accor,Curitiba,2,353.61,707.21,True
T004097,Hotel Local,São Paulo,2,405.59,811.17,False
T004098,Hotel Local,Sao Paulo,3,475.79,1427.36,False
T004099,Accor,Vitória da Conquista,1,270.5,270.5,False
T004100,Accor,Brasília,3,417.9,1253.7,True
T004101,Accor,Vitória da Conquista,1,214.86,214.86,False
T004103,Hotel Local,Porto Alegre,4,197.42,789.66,False
T004106,Intercity,São Paulo,4,383.76,1535.02,False
T004107,Accor,Feira de Santana,2,200.01,400.02,False
T004108,Rede Nacional,Belo Horizonte,3,228.21,684.64,False
T004109,Hotel Local,Rio de Janeiro,1,341.16,341.16,False
T004110,Intercity,Campinas,2,391.5,782.99,True
T004111,Accor,Curitiba,1,287.23,287.23,False
T004112,Hotel Local,Feira de Santana,2,240.95,481.9,False
T004114,Hotel Local,São Paulo,3,330.34,991.01,False
T004115,Intercity,São Paulo,3,525.29,1575.87,False
T004116,Hotel Local,Fortaleza,2,188.63,377.25,False
T004117,Accor,Fortaleza,3,292.68,878.05,False
T004118,Accor,São Paulo,1,552.54,552.54,True
T004120,Accor,Ilhéus,2,212.31,424.63,False
T004121,Hotel Local,São Paulo,2,344.04,688.08,False
T004122,Accor,Rio de Janeiro,2,579.37,1158.73,True
T004123,Intercity,São Paulo,3,415.6,1246.81,False
T004125,Accor,Manaus,1,329.14,329.14,False
T004126,Accor,Rio de Janeiro,3,333.19,999.58,False
T004127,Intercity,Fortaleza,2,304.48,608.95,False
T004129,Rede Nacional,Porto Alegre,1,350.77,350.77,True
T004130,Accor,Vitória da Conquista,3,296.37,889.12,True
T004131,Hotel Local,Vitória da Conquista,3,193.0,579.0,False
T004132,Hotel Local,Feira de Santana,2,173.9,347.81,False
T004134,Hotel Local,São Paulo,1,369.94,369.94,False
T004135,Hotel Local,Rio de Janeiro,3,320.98,962.95,False
T004136,Hotel Local,Brasília,1,302.26,302.26,False
T004137,Rede Nacional,São Paulo,2,352.38,704.76,False
T004139,Rede Nacional,São Paulo,2,665.74,1331.49,True
T004140,Rede Nacional,Recife,2,285.3,570.61,False
T004142,Transamerica,Recife,3,317.08,951.24,False
T004143,Hotel Local,Campinas,1,274.6,274.6,False
T004144,Rede Nacional,São Paulo,2,352.07,704.13,False
T004145,Accor,Rio de Janeiro,2,335.23,670.45,False
T004146,Hotel Local,Belo Horizonte,2,261.02,522.03,False
T004148,Accor,Porto Alegre,3,361.23,1083.69,False
T004150,Rede Nacional,São Paulo,4,522.47,2089.89,True
T004151,Transamerica,Recife,4,208.48,833.93,False
T004153,Hotel Local,São Paulo,6,383.55,2301.29,False
T004154,Accor,Belo Horizonte,1,270.02,270.02,False
T004155,Intercity,São Paulo,2,525.64,1051.28,False
T004157,Hotel Local,Curitiba,2,271.06,542.13,False
T004158,Transamerica,São Paulo,1,558.42,558.42,True
T004159,Hotel Local,Campinas,7,304.21,2129.47,False
T004160,Hotel Local,Recife,1,242.61,242.61,False
T004161,Rede Nacional,São Paulo,3,367.81,1103.42,False
T004162,Accor,Brasília,2,328.99,657.99,False
T004163,Transamerica,Curitiba,2,455.74,911.48,False
T004164,Transamerica,Manaus,3,509.53,1528.59,True
T004166,Hotel Local,Feira de Santana,3,239.7,719.11,False
T004167,Intercity,Brasília,2,279.69,559.37,False
T004168,Transamerica,Rio de Janeiro,1,462.61,462.61,True
T004169,Hotel Local,Fortaleza,2,256.85,513.71,False
T004170,Hotel Local,Rio de Janeiro,5,334.62,1673.11,False
T004171,Rede Nacional,Fortaleza,2,244.52,489.03,False
T004172,Hotel Local,Recife,2,247.29,494.58,False
T004173,Accor,São Paulo,2,408.42,816.83,False
T004174,Accor,São Paulo,3,434.69,1304.06,False
T004175,Transamerica,São Paulo,2,469.43,938.87,True
T004177,Accor,Curitiba,1,347.74,347.74,True
T004178,Transamerica,Curitiba,2,315.8,631.6,False
T004179,Rede Nacional,Recife,2,292.17,584.34,False
T004180,Intercity,Vitória da Conquista,1,255.41,255.41,False
T004181,Accor,Recife,2,241.32,482.64,False
T004182,Accor,Feira de Santana,2,236.93,473.87,False
T004183,Rede Nacional,Porto Alegre,2,263.05,526.1,False
T004184,Intercity,Curitiba,1,302.16,302.16,False
T004186,Intercity,São Paulo,3,415.41,1246.22,False
T004187,Accor,Belo Horizonte,3,296.6,889.79,False
T004189,Accor,São Paulo,4,517.03,2068.1,True
T004190,Rede Nacional,Porto Alegre,1,296.39,296.39,False
T004192,Intercity,Belo Horizonte,1,271.37,271.37,False
T004193,Transamerica,Brasília,5,364.28,1821.42,False
T004194,Hotel Local,São Paulo,2,328.95,657.91,False
T004195,Accor,Feira de Santana,3,209.3,627.9,False
T004196,Intercity,Brasília,3,401.95,1205.85,True
T004197,Intercity,São Paulo,1,406.64,406.64,False
T004199,Hotel Local,Rio de Janeiro,1,325.04,325.04,False
T004200,Intercity,Brasília,1,383.2,383.2,False
T004201,Accor,São Paulo,3,363.45,1090.36,False
T004202,Accor,Ilhéus,1,376.28,376.28,False
T004203,Intercity,Curitiba,4,362.11,1448.44,False
T004205,Intercity,Rio de Janeiro,2,392.17,784.34,True
T004206,Rede Nacional,São Paulo,3,599.46,1798.38,True
T004207,Intercity,Rio de Janeiro,2,276.31,552.62,False
T004208,Rede Nacional,Feira de Santana,5,248.07,1240.34,False
T004209,Hotel Local,Aracaju,5,220.78,1103.92,False
T004210,Accor,Curitiba,6,359.63,2157.78,True
T004211,Accor,São Paulo,3,285.16,855.48,False
T004213,Hotel Local,Porto Alegre,2,280.59,561.19,False
T004214,Hotel Local,Rio de Janeiro,2,451.36,902.71,True
T004215,Accor,Feira de Santana,1,203.37,203.37,False
T004217,Accor,Brasília,1,344.02,344.02,False
T004218,Accor,Belo Horizonte,1,321.27,321.27,False
T004221,Intercity,São Paulo,1,373.4,373.4,False
T004222,Accor,Porto Alegre,1,336.29,336.29,False
T004223,Rede Nacional,Rio de Janeiro,2,236.01,472.02,False
T004224,Hotel Local,Brasília,2,314.48,628.97,False
T004225,Hotel Local,Fortaleza,1,300.39,300.39,False
T004227,Transamerica,Fortaleza,3,348.91,1046.73,False
T004228,Intercity,São Paulo,2,425.02,850.03,False
T004229,Transamerica,São Paulo,7,539.04,3773.28,True
T004230,Accor,Rio de Janeiro,2,396.79,793.58,True
T004231,Accor,Rio de Janeiro,5,354.97,1774.86,False
T004232,Rede Nacional,São Paulo,4,348.94,1395.78,False
T004233,Intercity,Recife,2,226.28,452.55,False
T004234,Transamerica,Porto Alegre,2,281.15,562.3,False
T004235,Hotel Local,São Paulo,1,415.91,415.91,False
T004236,Intercity,Fortaleza,1,266.57,266.57,False
T004237,Hotel Local,Recife,5,220.78,1103.89,False
T004239,Accor,Feira de Santana,1,415.04,415.04,True
T004240,Accor,São Paulo,5,385.05,1925.24,False
T004241,Rede Nacional,Brasília,3,397.28,1191.85,False
T004242,Hotel Local,Feira de Santana,5,218.13,1090.65,False
T004243,Hotel Local,São Paulo,4,336.51,1346.03,False
T004244,Rede Nacional,Belo Horizonte,4,261.12,1044.48,False
T004246,Intercity,Aracaju,6,259.73,1558.38,False
T004247,Hotel Local,São Paulo,1,391.32,391.32,False
T004248,Hotel Local,Brasília,5,259.41,1297.03,False
T004249,Rede Nacional,Feira de Santana,2,177.82,355.63,False
T004250,Hotel Local,Campinas,1,307.63,307.63,False
T004251,Hotel Local,Recife,3,340.52,1021.55,True
T004252,Rede Nacional,São Paulo,1,361.2,361.2,False
T004254,Intercity,Porto Alegre,2,444.24,888.48,True
T004255,Transamerica,Vitória da Conquista,1,208.83,208.83,False
T004256,Hotel Local,Rio de Janeiro,5,308.43,1542.14,False
T004258,Hotel Local,São Paulo,2,416.79,833.57,False
T004259,Hotel Local,São Paulo,2,271.3,542.61,False
T004260,Accor,Rio de Janeiro,2,352.57,705.15,False
T004261,Rede Nacional,Brasília,1,294.23,294.23,False
T004262,Hotel Local,Vitória da Conquista,3,174.79,524.36,False
T004263,Hotel Local,São Paulo,2,363.11,726.22,False
T004264,Accor,São Paulo,2,454.32,908.64,False
T004265,Hotel Local,São Paulo,1,309.84,309.84,False
T004266,Accor,Curitiba,1,317.51,317.51,False
T004268,Accor,São Paulo,1,446.11,446.11,False
T004270,Hotel Local,SP - São Paulo,3,386.2,1158.61,False
T004271,Accor,São Paulo,2,449.4,898.79,False
T004272,Rede Nacional,São Paulo,5,392.59,1962.97,False
T004273,Intercity,Brasília,2,341.92,683.85,False
T004274,Accor,São Paulo,4,336.84,1347.34,False
T004275,Rede Nacional,Campinas,4,258.6,1034.39,False
T004276,Accor,Rio de Janeiro,2,439.15,878.29,True
T004278,Rede Nacional,Fortaleza,2,326.98,653.97,False
T004279,Hotel Local,São Paulo,3,369.17,1107.5,False
T004280,Hotel Local,Curitiba,1,236.04,236.04,False
T004281,Rede Nacional,São Paulo,4,433.52,1734.09,False
T004282,Transamerica,Brasília,5,324.93,1624.67,False
T004283,Rede Nacional,Brasília,2,275.3,550.6,False
T004284,Accor,Brasília,5,509.18,2545.91,True
T004285,Intercity,Feira de Santana,1,212.88,212.88,False
T004287,Rede Nacional,São Paulo,2,269.52,539.05,False
T004288,Accor,Fortaleza,1,308.5,308.5,False
T004289,Accor,Curitiba,4,395.23,1580.92,True
T004290,Accor,Rio de Janeiro,1,316.83,316.83,False
T004291,Rede Nacional,São Paulo,2,458.68,917.35,True
T004292,Intercity,Feira de Santana,2,178.97,357.94,False
T004293,Intercity,Curitiba,4,263.19,1052.77,False
T004294,Rede Nacional,Curitiba,3,370.33,1110.99,True
T004295,Rede Nacional,São Paulo,1,414.82,414.82,False
T004296,Accor,Recife,3,272.74,818.23,False
T004297,Accor,Curitiba,3,365.92,1097.76,True
T004298,Hotel Local,São Paulo,3,405.58,1216.73,False
T004300,Accor,Curitiba,2,285.77,571.54,False
T004301,Hotel Local,SP - São Paulo,1,443.41,443.41,False
T004302,Rede Nacional,Rio de Janeiro,6,410.06,2460.37,False
T004303,Accor,São Paulo,2,369.81,739.62,False
T004304,Accor,São Paulo,1,307.17,307.17,False
T004305,Intercity,Brasília,2,326.45,652.91,False
T004306,Hotel Local,Recife,4,321.92,1287.67,False
T004308,Intercity,São Paulo,2,342.66,685.31,False
T004309,Rede Nacional,Fortaleza,2,309.06,618.13,False
T004310,Hotel Local,Curitiba,3,191.39,574.18,False
T004311,Accor,São Paulo,2,407.09,814.17,False
T004312,Accor,Brasília,3,351.08,1053.23,False
T004313,Hotel Local,Rio de Janeiro,2,501.25,1002.5,False
T004314,Transamerica,Brasília,3,391.55,1174.64,False
T004315,Hotel Local,Vitória da Conquista,2,174.84,349.68,False
T004316,Accor,São Paulo,2,413.35,826.71,False
T004317,Transamerica,São Paulo,2,354.93,709.87,False
T004318,Accor,Belo Horizonte,1,350.95,350.95,True
T004319,Accor,Recife,5,269.3,1346.52,False
T004320,Transamerica,São Paulo,1,440.6,440.6,False
T004321,Intercity,São Paulo,4,434.76,1739.03,False
T004322,Hotel Local,Rio de Janeiro,2,387.94,775.87,False
T004324,Hotel Local,Feira de Santana,2,188.7,377.41,False
T004325,Rede Nacional,Campinas,1,315.86,315.86,False
T004327,Accor,São Paulo,1,471.95,471.95,True
T004329,Accor,São Paulo,1,478.16,478.16,True
T004331,Intercity,Feira de Santana,1,271.51,271.51,True
T004332,Transamerica,Belo Horizonte,4,420.17,1680.68,True
T004333,Hotel Local,São Paulo,5,331.39,1656.93,False
T004334,Accor,Aracaju,1,336.06,336.06,False
T004335,Rede Nacional,Brasília,2,249.02,498.05,False
T004336,,Rio de Janeiro,5,383.94,1919.68,False
T004338,Accor,Feira de Santana,1,175.6,175.6,False
T004339,Hotel Local,Aracaju,5,227.52,1137.6,False
T004340,Intercity,Aracaju,2,370.99,741.99,True
T004342,Accor,Aracaju,2,242.57,485.14,False
T004344,Hotel Local,Curitiba,3,205.94,617.81,False
T004345,Rede Nacional,Vitória da Conquista,7,217.61,1523.24,False
T004346,Rede Nacional,Curitiba,3,342.14,1026.43,False
T004348,Rede Nacional,Rio de Janeiro,1,397.09,397.09,True
T004349,Accor,Brasília,3,406.57,1219.71,False
T004351,Rede Nacional,Brasília,4,281.48,1125.9,False
T004352,Hotel Local,Recife,1,323.29,323.29,False
T004354,Intercity,São Paulo,3,357.04,1071.12,False
T004355,Hotel Local,São Paulo,2,258.71,517.42,False
T004356,Accor,Porto Alegre,2,318.67,637.34,False
T004357,Accor,Rio de Janeiro,1,475.7,475.7,True
T004358,Rede Nacional,Recife,4,281.76,1127.03,False
T004359,Hotel Local,São Paulo,4,418.31,1673.24,False
T004361,Rede Nacional,Aracaju,3,193.37,580.1,False
T004362,Hotel Local,Recife,1,328.5,328.5,False
T004363,Transamerica,SP - São Paulo,5,523.52,2617.6,True
T004364,Accor,São Paulo,3,535.34,1606.03,True
T004365,Intercity,Recife,5,309.54,1547.7,False
T004366,Rede Nacional,Recife,2,325.33,650.66,False
T004367,Hotel Local,Brasília,2,345.03,690.05,False
T004369,Transamerica,Curitiba,5,342.76,1713.79,False
T004372,Intercity,Belo Horizonte,2,377.64,755.28,True
T004374,Transamerica,Fortaleza,2,370.08,740.16,True
T004375,Hotel Local,Rio de Janeiro,1,477.61,477.61,False
T004376,Hotel Local,São Paulo,2,351.8,703.59,False
T004377,Hotel Local,Campinas,2,313.89,627.79,False
T004378,Rede Nacional,são paulo,3,324.62,973.87,False
T004379,Hotel Local,Fortaleza,1,254.08,254.08,False
T004381,Hotel Local,Campinas,2,265.82,531.64,False
T004382,Accor,Rio,1,462.19,462.19,True
T004383,Accor,Curitiba,4,503.04,2012.16,True
T004384,Accor,RIO DE JANEIRO,5,471.81,2359.03,True
T004385,Hotel Local,Feira de Santana,2,190.84,381.68,False
T004386,Rede Nacional,Belo Horizonte,3,230.4,691.19,False
T004387,Hotel Local,Vitória da Conquista,3,256.43,769.28,False
T004388,Accor,Brasília,4,286.22,1144.88,False
T004389,Accor,Brasília,5,407.18,2035.92,False
T004391,Accor,Fortaleza,1,394.3,394.3,True
T004392,Transamerica,Rio de Janeiro,3,330.08,990.24,False
T004393,Accor,Recife,2,335.77,671.54,False
T004394,Hotel Local,Rio de Janeiro,4,276.56,1106.24,False
T004395,Accor,Recife,2,293.45,586.91,False
T004397,Rede Nacional,Manaus,3,318.29,954.88,False
T004399,Transamerica,São Paulo,3,502.87,1508.6,True
T004400,Rede Nacional,Brasília,2,415.85,831.7,True
T004402,Accor,São Paulo,1,443.26,443.26,False
T004403,Transamerica,Campinas,4,381.34,1525.34,True
T004404,Accor,São Paulo,3,483.38,1450.15,True
T004406,Rede Nacional,Ilhéus,3,218.41,655.24,False
T004408,Hotel Local,Brasília,3,282.89,848.67,False
T004409,Transamerica,Manaus,1,312.8,312.8,False
T004410,Rede Nacional,Recife,3,233.35,700.05,False
T004412,Hotel Local,Recife,1,266.77,266.77,False
T004413,Rede Nacional,São Paulo,5,445.6,2227.98,False
T004414,Transamerica,Feira de Santana,1,199.42,199.42,False
T004415,Transamerica,Feira de Santana,4,175.78,703.12,False
T004416,Transamerica,São Paulo,5,413.37,2066.83,False
T004417,Hotel Local,Belo Horizonte,6,247.03,1482.2,False
T004418,Hotel Local,São Paulo,2,437.35,874.71,False
T004419,Accor,Recife,3,443.9,1331.69,True
T004420,Intercity,São Paulo,2,354.8,709.6,False
T004422,Transamerica,Belo Horizonte,5,303.17,1515.85,False
T004423,Rede Nacional,São Paulo,6,280.12,1680.73,False
T004424,Hotel Local,São Paulo,4,423.0,1692.0,False
T004425,Rede Nacional,São Paulo,2,428.17,856.34,False
T004426,Accor,Recife,4,349.35,1397.39,False
T004427,Rede Nacional,Recife,4,166.5,666.01,False
T004428,Rede Nacional,Rio de Janeiro,5,386.73,1933.67,False
T004429,Hotel Local,São Paulo,2,278.89,557.77,False
T004430,Intercity,Belo Horizonte,3,261.47,784.4,False
T004431,Intercity,São Paulo,9,474.65,4271.89,False
T004432,Hotel Local,Feira de Santana,2,218.5,437.0,False
T004433,Rede Nacional,Fortaleza,1,234.02,234.02,False
T004434,Rede Nacional,Recife,3,329.97,989.91,False
T004435,Accor,Fortaleza,4,339.52,1358.08,True
T004436,Accor,Brasília,8,429.44,3435.55,False
T004437,Rede Nacional,Brasília,2,321.55,643.09,False
T004439,Intercity,Curitiba,3,268.77,806.32,False
T004440,Rede Nacional,Brasília,1,345.19,345.19,False
T004441,Hotel Local,São Paulo,4,346.29,1385.18,False
T004443,Hotel Local,Manaus,4,260.63,1042.52,False
T004444,Accor,São Paulo,2,436.24,872.48,False
T004445,Accor,São Paulo,4,502.43,2009.73,True
T004447,Rede Nacional,Manaus,4,431.69,1726.75,True
T004450,Intercity,São Paulo,9,393.09,3537.84,False
T004451,Intercity,Brasília,4,335.2,1340.78,False
T004452,Intercity,Recife,1,259.79,259.79,False
T004454,Transamerica,Brasília,3,483.24,1449.73,True
T004455,Rede Nacional,Recife,1,211.76,211.76,False
T004456,Hotel Local,São Paulo,2,427.46,854.92,False
T004459,Accor,Recife,3,309.55,928.64,False
T004460,Hotel Local,São Paulo,2,350.25,700.49,False
T004462,Rede Nacional,Campinas,2,300.47,600.95,False
T004463,Rede Nacional,Feira de Santana,3,183.45,550.35,False
T004464,Hotel Local,Fortaleza,2,312.4,624.81,False
T004465,Hotel Local,São Paulo,7,342.67,2398.7,False
T004466,Rede Nacional,Aracaju,4,258.83,1035.33,False
T004467,Rede Nacional,Recife,4,284.56,1138.25,False
T004468,Accor,Recife,8,359.26,2874.05,False
T004470,Rede Nacional,Belo Horizonte,2,278.38,556.75,False
T004471,Rede Nacional,são paulo,5,338.57,1692.87,False
T004472,Intercity,Rio de Janeiro,1,392.54,392.54,False
T004474,Accor,Manaus,2,380.82,761.64,False
T004475,Rede Nacional,Brasília,7,362.41,2536.89,False
T004476,Hotel Local,Manaus,1,314.82,314.82,False
T004477,Rede Nacional,Brasília,2,350.78,701.56,False
T004478,Intercity,Fortaleza,6,274.35,1646.12,False
T004479,Accor,São Paulo,5,481.98,2409.88,False
T004480,Hotel Local,Recife,1,239.33,239.33,False
T004481,Accor,Brasília,1,252.1,252.1,False
T004482,Hotel Local,Rio de Janeiro,3,332.04,996.12,False
T004483,Intercity,Belo Horizonte,4,248.17,992.68,False
T004484,Intercity,Feira de Santana,3,263.02,789.06,True
T004485,Hotel Local,Rio de Janeiro,2,323.69,647.38,False
T004486,Transamerica,Feira de Santana,5,286.7,1433.52,False
T004487,Intercity,Brasília,3,355.5,1066.51,False
T004488,Rede Nacional,Vitória da Conquista,3,209.06,627.17,False
T004489,Hotel Local,Recife,4,287.31,1149.23,False
T004490,Rede Nacional,Campinas,3,329.61,988.82,False
T004491,Hotel Local,Recife,1,237.38,237.38,False
T004493,Hotel Local,Campinas,4,308.94,1235.77,False
T004494,Intercity,São Paulo,2,356.4,712.8,False
T004496,Hotel Local,Rio de Janeiro,2,286.0,572.0,False
T004497,Hotel Local,Aracaju,2,192.53,385.05,False
T004498,Rede Nacional,Recife,3,265.15,795.46,False
T004499,Rede Nacional,Rio de Janeiro,2,338.48,676.95,False
T004500,Intercity,Brasília,3,347.72,1043.17,False
T004501,Hotel Local,Belo Horizonte,4,267.39,1069.57,False
T004502,Hotel Local,São Paulo,2,379.05,758.1,False
T004503,Hotel Local,Curitiba,1,231.28,231.28,False
T004504,Rede Nacional,Campinas,3,308.11,924.34,False
T004506,Hotel Local,Curitiba,3,266.57,799.71,False
T004507,Rede Nacional,São Paulo,1,373.16,373.16,False
T004508,Hotel Local,Recife,3,274.34,823.02,False
T004509,Hotel Local,São Paulo,2,342.67,685.34,False
T004510,Accor,Rio de Janeiro,2,549.87,1099.74,True
T004511,Transamerica,Recife,1,260.18,260.18,False
T004512,Rede Nacional,Brasília,1,285.61,285.61,False
T004513,Rede Nacional,São Paulo,2,292.92,585.84,False
T004514,Accor,Brasília,2,477.98,955.95,False
T004515,Hotel Local,Fortaleza,2,204.03,408.07,False
T004517,Intercity,Rio,2,435.07,870.14,True
T004518,Accor,Recife,5,349.62,1748.08,False
T004519,Hotel Local,Feira de Santana,4,350.45,1401.8,True
T004520,Intercity,Brasília,2,237.67,475.34,False
T004521,Intercity,Fortaleza,2,294.3,588.59,False
T004523,Accor,Rio de Janeiro,2,308.26,616.53,False
T004524,Hotel Local,Fortaleza,5,347.58,1737.89,False
T004526,Accor,Rio de Janeiro,2,330.5,661.0,False
T004527,Hotel Local,Ilhéus,1,233.74,233.74,False
T004528,Hotel Local,Feira de Santana,2,192.81,385.63,False
T004529,Intercity,Ilhéus,2,213.01,426.03,False
T004530,Rede Nacional,São Paulo,2,400.26,800.53,False
T004531,Intercity,Rio de Janeiro,3,567.0,1701.01,True
T004532,Accor,São Paulo,2,436.03,872.06,False
T004533,Accor,Rio de Janeiro,1,362.99,362.99,False
T004534,Intercity,Sao Paulo,2,476.91,953.83,True
T004535,Accor,São Paulo,3,389.45,1168.34,False
T004536,Accor,Belo Horizonte,1,257.62,257.62,False
T004537,Hotel Local,Fortaleza,2,294.76,589.51,False
T004538,Hotel Local,Feira de Santana,1,187.17,187.17,False
T004539,Rede Nacional,Recife,4,217.4,869.61,False
T004540,Rede Nacional,Fortaleza,5,289.7,1448.49,False
T004541,Hotel Local,Belo Horizonte,2,287.81,575.63,False
T004542,Transamerica,Rio de Janeiro,1,459.56,459.56,True
T004543,Rede Nacional,São Paulo,4,320.1,1280.42,False
T004545,Transamerica,Fortaleza,2,370.8,741.59,True
T004546,Transamerica,Vitória da Conquista,1,230.65,230.65,False
T004547,Hotel Local,Aracaju,5,237.34,1186.72,False
T004548,Rede Nacional,Manaus,2,260.51,521.02,False
T004549,Accor,Manaus,2,409.47,818.94,True
T004550,Hotel Local,Belo Horizonte,2,279.46,558.92,False
T004551,Rede Nacional,Rio de Janeiro,3,489.13,1467.39,False
T004552,Rede Nacional,Fortaleza,1,310.87,310.87,False
T004553,Accor,São Paulo,3,323.03,969.08,False
T004555,Rede Nacional,São Paulo,5,382.9,1914.52,False
T004556,Rede Nacional,Feira de Santana,3,146.55,439.66,False
T004558,Accor,Fortaleza,3,394.19,1182.58,False
T004559,Hotel Local,Recife,1,372.79,372.79,True
T004560,Rede Nacional,Brasília,4,267.26,1069.03,False
T004561,Rede Nacional,Belo Horizonte,4,216.24,864.97,False
T004562,Hotel Local,São Paulo,1,342.88,342.88,False
T004563,Rede Nacional,São Paulo,4,323.41,1293.63,False
T004564,Accor,Recife,2,301.39,602.78,False
T004566,Transamerica,Curitiba,3,346.76,1040.29,False
T004567,Accor,Porto Alegre,5,387.95,1939.77,True
T004568,Accor,Aracaju,1,189.02,189.02,False
T004569,Intercity,Aracaju,7,250.87,1756.12,False
T004571,Rede Nacional,São Paulo,4,352.7,1410.8,False
T004573,Intercity,Rio de Janeiro,4,377.11,1508.44,False
T004574,Accor,Recife,5,301.35,1506.76,False
T004575,Accor,Curitiba,3,379.47,1138.41,True
T004576,Hotel Local,Aracaju,1,212.88,212.88,False
T004578,Hotel Local,São Paulo,1,296.65,296.65,False
T004579,Accor,Fortaleza,4,412.51,1650.04,True
T004581,Intercity,Rio de Janeiro,2,367.08,734.16,False
T004582,Accor,Rio de Janeiro,3,484.28,1452.85,True
T004584,Accor,Rio de Janeiro,2,534.7,1069.4,True
T004585,Accor,Rio de Janeiro,1,436.82,436.82,False
T004586,Hotel Local,Brasília,4,408.72,1634.87,False
T004587,Transamerica,Recife,4,309.67,1238.69,False
T004588,Hotel Local,Fortaleza,2,310.07,620.15,False
T004589,Intercity,Rio de Janeiro,4,340.1,1360.39,False
T004590,Intercity,São Paulo,4,412.46,1649.82,False
T004591,Transamerica,Fortaleza,1,507.15,507.15,True
T004592,Hotel Local,São Paulo,2,421.52,843.03,False
T004593,Hotel Local,Recife,2,240.05,480.1,False
T004594,Accor,Brasília,3,361.81,1085.43,False
T004595,Hotel Local,Brasília,4,299.63,1198.54,False
T004596,Intercity,Curitiba,8,328.21,2625.66,False
T004597,Intercity,Campinas,4,333.53,1334.11,False
T004598,Hotel Local,Ilhéus,2,271.42,542.83,False
T004600,Hotel Local,Vitória da Conquista,4,252.24,1008.96,False
T004601,Transamerica,Fortaleza,2,294.63,589.26,False
T004602,Rede Nacional,Vitória da Conquista,5,248.07,1240.36,False
T004603,Transamerica,Porto Alegre,8,406.65,3253.23,True
T004604,Rede Nacional,Fortaleza,6,256.42,1538.54,False
T004605,Accor,Curitiba,3,297.56,892.67,False
T004607,Hotel Local,São Paulo,2,388.71,777.42,False
T004608,Accor,São Paulo,3,348.61,1045.83,False
T004609,Hotel Local,São Paulo,5,283.49,1417.45,False
T004610,Hotel Local,Campinas,3,321.4,964.2,False
T004611,Transamerica,São Paulo,2,396.57,793.13,False
T004613,Rede Nacional,São Paulo,5,366.87,1834.33,False
T004616,Hotel Local,Brasília,1,265.57,265.57,False
T004619,Rede Nacional,São Paulo,3,279.22,837.65,False
T004621,Hotel Local,São Paulo,4,323.26,1293.04,False
T004622,Accor,Vitória da Conquista,2,223.51,447.02,False
T004623,Intercity,Belo Horizonte,2,318.67,637.35,False
T004625,Hotel Local,Brasília,2,318.09,636.17,False
T004626,Hotel Local,Manaus,4,293.07,1172.26,False
T004627,Accor,São Paulo,1,336.53,336.53,False
T004629,Rede Nacional,São Paulo,3,368.89,1106.67,False
T004631,Intercity,Curitiba,2,395.63,791.26,False
T004633,Transamerica,Brasília,2,325.21,650.41,False
T004634,Accor,Manaus,2,340.88,681.75,False
T004635,Hotel Local,Recife,3,321.03,963.1,False
T004636,Accor,Manaus,2,428.78,857.56,True
T004638,Intercity,Brasília,2,355.62,711.24,False
T004639,Hotel Local,Curitiba,4,259.4,1037.58,False
T004640,Accor,São Paulo,1,611.4,611.4,True
T004644,Hotel Local,Recife,1,277.71,277.71,False
T004645,Hotel Local,Rio de Janeiro,3,257.6,772.81,False
T004646,Rede Nacional,Rio de Janeiro,2,370.03,740.06,False
T004647,Rede Nacional,São Paulo,2,269.07,538.13,False
T004648,Hotel Local,Vitória da Conquista,5,190.4,952.02,False
T004649,Hotel Local,Campinas,2,265.2,530.4,False
T004650,Rede Nacional,Curitiba,1,309.19,309.19,False
T004653,Hotel Local,Brasília,2,497.0,994.0,False
T004656,Hotel Local,São Paulo,2,464.71,929.42,False
T004658,Hotel Local,Brasília,3,293.94,881.83,False
T004659,Hotel Local,Feira de Santana,4,174.18,696.74,False
T004662,Accor,Curitiba,2,421.12,842.23,True
T004664,Hotel Local,Porto Alegre,4,246.28,985.13,False
T004665,Intercity,Brasília,3,553.06,1659.17,True
T004666,Rede Nacional,Curitiba,1,256.24,256.24,False
T004667,Rede Nacional,São Paulo,3,392.06,1176.18,False
T004668,Rede Nacional,São Paulo,2,461.95,923.9,False
T004669,Intercity,Porto Alegre,3,274.3,822.91,False
T004670,Intercity,Belo Horizonte,1,251.37,251.37,False
T004671,Accor,São Paulo,2,422.97,845.94,False
T004672,Accor,Campinas,2,247.69,495.38,False
T004673,Accor,Vitória da Conquista,7,259.1,1813.7,False
T004675,Rede Nacional,São Paulo,3,293.22,879.67,False
T004676,Hotel Local,Recife,2,262.19,524.38,False
T004678,Hotel Local,Rio de Janeiro,4,395.13,1580.52,False
T004679,Accor,Brasília,1,438.68,438.68,True
T004681,Hotel Local,Recife,1,207.38,207.38,False
T004682,Hotel Local,Campinas,2,243.2,486.39,False
T004683,Intercity,Fortaleza,1,278.7,278.7,False
T004686,Intercity,Brasília,2,308.03,616.07,False
T004688,Rede Nacional,Recife,4,336.37,1345.47,False
T004689,Rede Nacional,Curitiba,4,288.22,1152.89,False
T004690,Hotel Local,Feira de Santana,1,138.14,138.14,False
T004691,Transamerica,Curitiba,2,310.91,621.81,False
T004694,Accor,Recife,2,353.98,707.96,True
T004696,Rede Nacional,Belo Horizonte,4,263.41,1053.66,False
T004697,Accor,Brasília,2,436.98,873.97,True
T004698,Hotel Local,Porto Alegre,1,299.33,299.33,False
T004699,Accor,São Paulo,3,427.43,1282.3,False
T004701,Hotel Local,Rio de Janeiro,3,304.05,912.14,False
T004702,Rede Nacional,São Paulo,4,412.26,1649.06,False
T004703,Transamerica,Curitiba,1,525.33,525.33,True
T004704,Intercity,Rio de Janeiro,4,350.18,1400.7,False
T004705,Accor,Brasília,3,359.26,1077.77,False
T004706,Hotel Local,Brasília,6,352.84,2117.03,False
T004707,Intercity,Manaus,1,294.59,294.59,False
T004708,Accor,Recife,1,375.75,375.75,True
T004712,Accor,Aracaju,1,250.13,250.13,False
T004713,Accor,São Paulo,2,530.18,1060.35,True
T004714,Rede Nacional,Fortaleza,1,277.2,277.2,False
T004715,Intercity,Belo Horizonte,4,306.95,1227.8,False
T004716,Rede Nacional,Rio de Janeiro,3,300.83,902.48,False
T004717,Hotel Local,Vitória da Conquista,5,225.55,1127.73,False
T004718,Transamerica,Recife,1,324.32,324.32,False
T004720,Intercity,Aracaju,3,265.2,795.6,False
T004722,Transamerica,São Paulo,1,518.5,518.5,False
T004723,Hotel Local,São Paulo,5,310.94,1554.71,False
T004724,Intercity,São Paulo,5,464.7,2323.48,False
T004725,Rede Nacional,Brasília,3,500.01,1500.04,True
T004726,Accor,São Paulo,3,451.28,1353.84,False
T004729,Accor,Rio de Janeiro,3,380.17,1140.51,False
T004730,Accor,Brasília,2,422.72,845.44,False
T004731,Accor,Fortaleza,3,294.12,882.35,False
T004734,Hotel Local,Vitória da Conquista,6,214.4,1286.42,False
T004735,Hotel Local,São Paulo,1,394.07,394.07,False
T004736,Rede Nacional,Campinas,2,335.7,671.4,False
T004737,Hotel Local,Feira de Santana,2,144.62,289.24,False
T004739,Hotel Local,Campinas,2,279.07,558.14,False
T004740,Transamerica,Vitória da Conquista,4,289.12,1156.47,False
T004741,Accor,Fortaleza,6,301.38,1808.3,False
T004742,Hotel Local,Recife,1,274.48,274.48,False
T004743,Rede Nacional,Rio de Janeiro,2,356.05,712.1,False
T004744,Rede Nacional,Rio de Janeiro,3,329.21,987.62,False
T004746,Rede Nacional,Ilhéus,1,201.62,201.62,False
T004749,Rede Nacional,Campinas,4,301.46,1205.83,False
T004750,Hotel Local,São Paulo,1,368.79,368.79,False
T004751,Transamerica,Fortaleza,3,390.5,1171.51,True
T004752,Rede Nacional,Rio de Janeiro,1,294.06,294.06,False
T004755,Transamerica,Brasília,1,365.13,365.13,False
T004756,Accor,Recife,1,259.34,259.34,False
T004757,Hotel Local,Belo Horizonte,1,268.65,268.65,False
T004758,Accor,Feira de Santana,3,213.54,640.62,False
T004760,Rede Nacional,São Paulo,2,309.63,619.26,False
T004761,Hotel Local,Recife,4,225.32,901.29,False
T004762,Hotel Local,São Paulo,1,343.74,343.74,False
T004764,Accor,Rio,2,504.17,1008.33,False
T004765,Accor,Campinas,4,445.81,1783.22,True
T004766,Rede Nacional,Porto Alegre,2,305.02,610.04,False
T004767,Intercity,Feira de Santana,3,189.28,567.85,False
T004768,Accor,São Paulo,6,499.81,2998.88,True
T004770,Rede Nacional,Fortaleza,2,306.57,613.14,False
T004771,Rede Nacional,São Paulo,2,425.85,851.7,False
T004772,Intercity,São Paulo,1,611.47,611.47,True
T004773,Rede Nacional,Fortaleza,4,268.76,1075.05,False
T004774,Hotel Local,Brasília,2,262.54,525.07,False
T004775,Accor,Porto Alegre,1,417.63,417.63,False
T004776,Hotel Local,Vitória da Conquista,3,242.2,726.59,False
T004777,Intercity,Fortaleza,1,306.34,306.34,False
T004778,Transamerica,Brasília,3,468.01,1404.03,True
T004779,Intercity,Vitória da Conquista,2,194.79,389.58,False
T004781,Hotel Local,Belo Horizonte,2,268.25,536.5,False
T004782,Hotel Local,Rio de Janeiro,2,291.22,582.44,False
T004783,Intercity,Brasília,2,288.0,576.0,False
T004786,Intercity,Porto Alegre,2,378.49,756.98,True
T004788,Intercity,Fortaleza,3,230.9,692.69,False
T004789,Intercity,São Paulo,1,347.45,347.45,False
T004791,Hotel Local,Brasília,2,337.3,674.6,False
T004792,Intercity,DF - Brasília,3,403.6,1210.81,False
T004793,Hotel Local,Porto Alegre,3,303.57,910.7,False
T004795,Accor,Recife,4,282.2,1128.79,False
T004796,Accor,Curitiba,2,291.48,582.96,False
T004797,Accor,Feira de Santana,4,228.53,914.13,False
T004798,Rede Nacional,Rio de Janeiro,2,311.14,622.27,False
T004800,Rede Nacional,Feira de Santana,4,230.68,922.72,False
T004801,Accor,Rio de Janeiro,2,404.31,808.62,False
T004802,Intercity,Feira de Santana,3,214.81,644.42,False
T004803,Hotel Local,Rio de Janeiro,1,261.86,261.86,False
T004804,Hotel Local,Belo Horizonte,2,198.74,397.48,False
T004805,Transamerica,Vitória da Conquista,3,194.91,584.73,False
T004806,Transamerica,Feira de Santana,1,286.57,286.57,True
T004807,Hotel Local,Belo Horizonte,3,229.32,687.97,False
T004809,Hotel Local,São Paulo,3,354.5,1063.51,False
T004810,Intercity,São Paulo,3,436.95,1310.86,False
T004811,Accor,Feira de Santana,2,202.88,405.76,False
T004812,Intercity,Belo Horizonte,3,272.45,817.34,False
T004813,Hotel Local,Rio de Janeiro,2,335.87,671.74,False
T004814,Rede Nacional,Manaus,3,265.91,797.72,False
T004815,Hotel Local,Rio de Janeiro,4,422.83,1691.32,False
T004816,Hotel Local,RIO DE JANEIRO,1,277.97,277.97,False
T004817,Accor,Rio de Janeiro,1,367.17,367.17,False
T004819,Intercity,Vitória da Conquista,3,236.0,708.01,False
T004820,Accor,São Paulo,5,445.87,2229.34,False
T004821,Intercity,Manaus,4,436.92,1747.66,True
T004824,Hotel Local,Vitória da Conquista,4,186.79,747.15,False
T004827,Accor,Porto Alegre,3,234.01,702.03,False
T004828,Hotel Local,Campinas,3,306.8,920.41,False
T004830,Hotel Local,Fortaleza,4,249.19,996.77,False
T004831,Rede Nacional,São Paulo,4,362.49,1449.96,False
T004834,Rede Nacional,Rio de Janeiro,4,337.03,1348.14,False
T004835,Accor,Rio de Janeiro,4,465.2,1860.8,True
T004836,Accor,Ilhéus,2,235.61,471.22,False
T004837,Accor,Rio de Janeiro,2,349.47,698.95,False
T004838,Hotel Local,Fortaleza,4,231.17,924.69,False
T004840,Rede Nacional,Curitiba,4,423.38,1693.52,False
T004842,Intercity,Feira de Santana,5,183.02,915.11,False
T004843,Hotel Local,Porto Alegre,3,310.83,932.48,False
T004845,Intercity,Recife,2,186.7,373.4,False
T004846,Accor,Vitória da Conquista,3,233.7,701.1,False
T004847,Accor,Belo Horizonte,5,342.17,1710.86,True
T004849,Rede Nacional,Brasília,3,302.6,907.79,False
T004850,Accor,Feira de Santana,2,209.05,418.1,False
T004852,Hotel Local,Brasília,2,320.75,641.5,False
T004853,Accor,Recife,1,370.24,370.24,False
T004854,Accor,São Paulo,1,514.01,514.01,True
T004855,Accor,São Paulo,4,424.03,1696.13,False
T004856,Hotel Local,São Paulo,1,260.17,260.17,False
T004857,Accor,São Paulo,3,461.44,1384.33,True
T004858,Accor,Feira de Santana,2,187.56,375.13,False
T004859,Rede Nacional,Brasília,2,320.6,641.19,False
T004860,Hotel Local,Brasília,2,381.4,762.8,False
T004861,Intercity,Ilhéus,2,305.68,611.35,True
T004862,Hotel Local,São Paulo,3,476.74,1430.23,False
T004863,Hotel Local,Brasília,4,342.17,1368.69,False
T004865,Rede Nacional,Porto Alegre,1,265.74,265.74,False
T004866,Hotel Local,Fortaleza,2,309.75,619.5,False
T004867,Intercity,Recife,2,290.12,580.24,False
T004868,Rede Nacional,Porto Alegre,1,306.07,306.07,False
T004869,Hotel Local,Rio de Janeiro,3,293.13,879.4,False
T004870,Accor,São Paulo,2,802.29,1604.57,True
T004871,Rede Nacional,Ilhéus,3,237.33,711.99,False
T004872,Transamerica,Rio de Janeiro,2,437.97,875.93,True
T004873,Hotel Local,Campinas,2,295.24,590.47,False
T004874,Rede Nacional,Recife,6,330.94,1985.65,False
T004875,Hotel Local,Porto Alegre,1,281.02,281.02,False
T004876,Rede Nacional,São Paulo,5,427.99,2139.93,False
T004877,Transamerica,Belo Horizonte,5,345.71,1728.53,True
T004878,Hotel Local,Curitiba,7,251.45,1760.14,False
T004879,Hotel Local,Campinas,3,257.35,772.04,False
T004880,Transamerica,Belo Horizonte,2,199.27,398.53,False
T004881,Transamerica,Recife,2,307.57,615.13,False
T004883,Rede Nacional,Vitória da Conquista,3,239.12,717.36,False
T004884,Transamerica,São Paulo,2,298.22,596.43,False
T004886,Hotel Local,Brasília,2,332.92,665.84,False
T004888,Accor,São Paulo,5,507.03,2535.15,True
T004889,Accor,Rio de Janeiro,2,366.11,732.22,False
T004891,Accor,Porto Alegre,4,369.64,1478.54,False
T004892,Transamerica,São Paulo,1,393.48,393.48,False
T004893,Hotel Local,Brasília,2,317.66,635.33,False
T004895,Hotel Local,São Paulo,4,347.08,1388.34,False
T004897,Hotel Local,Belo Horizonte,2,249.04,498.08,False
T004898,Accor,Vitória da Conquista,8,260.63,2085.02,False
T004900,Rede Nacional,Brasília,1,327.53,327.53,False
T004901,Accor,São Paulo,3,470.95,1412.84,False
T004902,Rede Nacional,Belo Horizonte,3,293.62,880.86,False
T004903,Hotel Local,Brasília,4,263.83,1055.32,False
T004904,Rede Nacional,Brasília,3,297.62,892.85,False
T004905,Accor,Fortaleza,3,329.27,987.8,False
T004906,Hotel Local,Brasília,2,294.6,589.2,False
T004909,Intercity,São Paulo,1,390.65,390.65,False
T004910,Rede Nacional,São Paulo,1,387.78,387.78,False
T004911,Rede Nacional,Curitiba,2,239.97,479.95,False
T004912,Rede Nacional,Feira de Santana,1,180.57,180.57,False
T004913,Accor,São Paulo,3,357.0,1070.99,False
T004915,Intercity,Rio de Janeiro,4,264.18,1056.71,False
T004916,Hotel Local,Brasília,1,323.95,323.95,False
T004917,Accor,Recife,3,317.25,951.76,False
T004918,Hotel Local,Fortaleza,1,352.41,352.41,False
T004919,Transamerica,Brasília,2,522.02,1044.04,False
T004920,Transamerica,Sao Paulo,3,402.0,1205.99,False
T004921,Hotel Local,Ilhéus,2,292.01,584.03,False
T004922,Transamerica,Belo Horizonte,5,355.26,1776.3,True
T004923,Intercity,Curitiba,5,344.53,1722.63,False
T004924,Hotel Local,Ilhéus,5,310.13,1550.65,False
T004925,Rede Nacional,Brasília,2,457.89,915.78,True
T004926,Accor,Rio de Janeiro,6,555.13,3330.81,True
T004927,Intercity,Curitiba,5,342.36,1711.78,False
T004928,Rede Nacional,Feira de Santana,2,177.59,355.17,False
T004929,Intercity,Recife,2,309.51,619.01,False
T004930,Hotel Local,Rio de Janeiro,3,470.38,1411.13,True
T004932,Rede Nacional,Porto Alegre,2,318.82,637.65,False
T004934,Hotel Local,Curitiba,1,249.76,249.76,False
T004936,Intercity,Fortaleza,2,296.14,592.29,False
T004937,Hotel Local,Belo Horizonte,5,220.88,1104.4,False
T004938,Hotel Local,Feira de Santana,2,215.39,430.78,False
T004939,Hotel Local,Fortaleza,1,238.62,238.62,False
T004945,Transamerica,São Paulo,2,465.01,930.03,True
T004946,Transamerica,Rio de Janeiro,2,450.16,900.32,True
T004947,Accor,Porto Alegre,1,394.55,394.55,False
T004948,Accor,Rio de Janeiro,2,323.58,647.16,False
T004949,Transamerica,Vitória da Conquista,1,225.54,225.54,False
T004950,Hotel Local,Fortaleza,2,231.27,462.54,False
T004952,Hotel Local,Curitiba,3,229.57,688.71,False
T004953,Transamerica,Vitória da Conquista,2,261.46,522.93,True
T004954,Hotel Local,Vitória da Conquista,2,203.38,406.75,False
T004955,Intercity,Curitiba,7,241.21,1688.49,False
T004957,Hotel Local,São Paulo,3,333.8,1001.39,False
T004958,Intercity,Aracaju,2,219.24,438.48,False
T004959,Intercity,Brasília,1,484.3,484.3,False
T004960,Rede Nacional,Curitiba,4,223.9,895.62,False
T004962,Accor,Vitória da Conquista,3,278.76,836.27,True
T004963,Transamerica,Brasília,1,486.97,486.97,False
T004965,Transamerica,Brasília,2,440.38,880.76,False
T004966,Intercity,São Paulo,1,338.68,338.68,False
T004967,Intercity,São Paulo,3,303.57,910.71,False
T004968,Intercity,Rio de Janeiro,2,380.4,760.8,False
T004970,Accor,São Paulo,3,443.97,1331.92,False
T004971,Rede Nacional,Porto Alegre,5,300.16,1500.81,False
T004972,Rede Nacional,Feira de Santana,2,217.59,435.18,False
T004973,Accor,Brasília,2,373.48,746.95,False
T004974,Accor,Rio de Janeiro,2,326.39,652.78,False
T004975,Transamerica,São Paulo,1,598.8,598.8,True
T004976,Rede Nacional,Recife,2,342.7,685.4,False
T004978,Accor,São Paulo,1,497.77,497.77,True
T004979,Transamerica,Curitiba,3,403.66,1210.97,True
T004980,Transamerica,Fortaleza,2,277.74,555.49,False
T004982,Accor,Curitiba,3,363.32,1089.95,True
T004984,Rede Nacional,Recife,1,275.6,275.6,False
T004986,Rede Nacional,Rio de Janeiro,1,388.96,388.96,False
T004987,Hotel Local,Porto Alegre,2,278.91,557.82,False
T004988,Hotel Local,Fortaleza,1,232.3,232.3,False
T004989,Hotel Local,Aracaju,2,187.82,375.64,False
T004990,Rede Nacional,Rio de Janeiro,2,300.38,600.75,False
T004991,Rede Nacional,Aracaju,2,155.89,311.78,False
T004992,Rede Nacional,Feira de Santana,2,281.19,562.38,False
T004993,Rede Nacional,Recife,6,204.8,1228.79,False
T004994,Accor,Belo Horizonte,3,358.6,1075.8,False
T004995,Accor,Sao Paulo,1,379.24,379.24,False
T004996,Intercity,Porto Alegre,2,314.19,628.38,False
T004997,Intercity,Aracaju,3,304.99,914.97,True
T004998,Intercity,Recife,2,284.81,569.62,False
T004999,Hotel Local,Brasília,4,354.79,1419.16,False
T005000,Intercity,São Paulo,1,397.01,397.01,False
